<?xml version="1.0" encoding="UTF-8"?>
<gpx creator="StravaGPX" version="1.1" xmlns="http://www.topografix.com/GPX/1/1" xmlns:xsi="http://www.w3.org/2001/XMLSchema-instance" xsi:schemaLocation="http://www.topografix.com/GPX/1/1 http://www.topografix.com/GPX/1/1/gpx.xsd">
 <trk>
  <name>to the statue</name>
  <type>hiking</type>
  <trkseg>
   <trkpt lat="48.3026640" lon="-70.3346030">
    <ele>9.1</ele>
   </trkpt>
   <trkpt lat="48.3026670" lon="-70.3345920">
    <ele>9.1</ele>
   </trkpt>
   <trkpt lat="48.3026670" lon="-70.3345830">
    <ele>9.1</ele>
   </trkpt>
   <trkpt lat="48.3026690" lon="-70.3345820">
    <ele>9.1</ele>
   </trkpt>
   <trkpt lat="48.3026780" lon="-70.3345760">
    <ele>9.1</ele>
   </trkpt>
   <trkpt lat="48.3026870" lon="-70.3345760">
    <ele>9.1</ele>
   </trkpt>
   <trkpt lat="48.3026910" lon="-70.3345700">
    <ele>9.1</ele>
   </trkpt>
   <trkpt lat="48.3026960" lon="-70.3345690">
    <ele>9.1</ele>
   </trkpt>
   <trkpt lat="48.3027100" lon="-70.3345630">
    <ele>9.2</ele>
   </trkpt>
   <trkpt lat="48.3027210" lon="-70.3345570">
    <ele>9.2</ele>
   </trkpt>
   <trkpt lat="48.3027350" lon="-70.3345540">
    <ele>9.2</ele>
   </trkpt>
   <trkpt lat="48.3027500" lon="-70.3345510">
    <ele>9.2</ele>
   </trkpt>
   <trkpt lat="48.3027600" lon="-70.3345520">
    <ele>9.2</ele>
   </trkpt>
   <trkpt lat="48.3027700" lon="-70.3345460">
    <ele>9.3</ele>
   </trkpt>
   <trkpt lat="48.3027680" lon="-70.3345430">
    <ele>9.3</ele>
   </trkpt>
   <trkpt lat="48.3027770" lon="-70.3345420">
    <ele>9.3</ele>
   </trkpt>
   <trkpt lat="48.3027890" lon="-70.3345320">
    <ele>9.3</ele>
   </trkpt>
   <trkpt lat="48.3027920" lon="-70.3345210">
    <ele>9.3</ele>
   </trkpt>
   <trkpt lat="48.3028020" lon="-70.3345170">
    <ele>9.3</ele>
   </trkpt>
   <trkpt lat="48.3028090" lon="-70.3345180">
    <ele>9.3</ele>
   </trkpt>
   <trkpt lat="48.3028180" lon="-70.3345170">
    <ele>9.3</ele>
   </trkpt>
   <trkpt lat="48.3028280" lon="-70.3345170">
    <ele>9.3</ele>
   </trkpt>
   <trkpt lat="48.3028360" lon="-70.3345120">
    <ele>9.4</ele>
   </trkpt>
   <trkpt lat="48.3028470" lon="-70.3345050">
    <ele>9.4</ele>
   </trkpt>
   <trkpt lat="48.3028570" lon="-70.3345010">
    <ele>9.4</ele>
   </trkpt>
   <trkpt lat="48.3028710" lon="-70.3344980">
    <ele>9.4</ele>
   </trkpt>
   <trkpt lat="48.3028760" lon="-70.3344940">
    <ele>9.4</ele>
   </trkpt>
   <trkpt lat="48.3028900" lon="-70.3344920">
    <ele>9.4</ele>
   </trkpt>
   <trkpt lat="48.3029020" lon="-70.3344920">
    <ele>9.4</ele>
   </trkpt>
   <trkpt lat="48.3029120" lon="-70.3344920">
    <ele>9.4</ele>
   </trkpt>
   <trkpt lat="48.3029230" lon="-70.3344920">
    <ele>9.4</ele>
   </trkpt>
   <trkpt lat="48.3029400" lon="-70.3344960">
    <ele>9.5</ele>
   </trkpt>
   <trkpt lat="48.3029510" lon="-70.3344980">
    <ele>9.5</ele>
   </trkpt>
   <trkpt lat="48.3029650" lon="-70.3344990">
    <ele>9.5</ele>
   </trkpt>
   <trkpt lat="48.3029750" lon="-70.3344980">
    <ele>9.5</ele>
   </trkpt>
   <trkpt lat="48.3029890" lon="-70.3344980">
    <ele>9.5</ele>
   </trkpt>
   <trkpt lat="48.3030030" lon="-70.3344980">
    <ele>9.5</ele>
   </trkpt>
   <trkpt lat="48.3030130" lon="-70.3344950">
    <ele>9.5</ele>
   </trkpt>
   <trkpt lat="48.3030210" lon="-70.3344940">
    <ele>9.5</ele>
   </trkpt>
   <trkpt lat="48.3030350" lon="-70.3344930">
    <ele>9.5</ele>
   </trkpt>
   <trkpt lat="48.3030460" lon="-70.3344950">
    <ele>9.5</ele>
   </trkpt>
   <trkpt lat="48.3030470" lon="-70.3344910">
    <ele>9.5</ele>
   </trkpt>
   <trkpt lat="48.3030470" lon="-70.3344960">
    <ele>9.5</ele>
   </trkpt>
   <trkpt lat="48.3030640" lon="-70.3344970">
    <ele>9.5</ele>
   </trkpt>
   <trkpt lat="48.3030730" lon="-70.3344910">
    <ele>9.6</ele>
   </trkpt>
   <trkpt lat="48.3030790" lon="-70.3344830">
    <ele>9.6</ele>
   </trkpt>
   <trkpt lat="48.3030910" lon="-70.3344770">
    <ele>9.6</ele>
   </trkpt>
   <trkpt lat="48.3031010" lon="-70.3344700">
    <ele>9.6</ele>
   </trkpt>
   <trkpt lat="48.3031090" lon="-70.3344640">
    <ele>9.6</ele>
   </trkpt>
   <trkpt lat="48.3031190" lon="-70.3344620">
    <ele>9.6</ele>
   </trkpt>
   <trkpt lat="48.3031280" lon="-70.3344610">
    <ele>9.6</ele>
   </trkpt>
   <trkpt lat="48.3031420" lon="-70.3344580">
    <ele>9.6</ele>
   </trkpt>
   <trkpt lat="48.3031530" lon="-70.3344510">
    <ele>9.6</ele>
   </trkpt>
   <trkpt lat="48.3031650" lon="-70.3344480">
    <ele>9.6</ele>
   </trkpt>
   <trkpt lat="48.3031740" lon="-70.3344390">
    <ele>9.6</ele>
   </trkpt>
   <trkpt lat="48.3031880" lon="-70.3344310">
    <ele>9.6</ele>
   </trkpt>
   <trkpt lat="48.3031990" lon="-70.3344300">
    <ele>9.6</ele>
   </trkpt>
   <trkpt lat="48.3032080" lon="-70.3344300">
    <ele>9.7</ele>
   </trkpt>
   <trkpt lat="48.3032230" lon="-70.3344240">
    <ele>9.7</ele>
   </trkpt>
   <trkpt lat="48.3032310" lon="-70.3344210">
    <ele>9.7</ele>
   </trkpt>
   <trkpt lat="48.3032470" lon="-70.3344200">
    <ele>9.7</ele>
   </trkpt>
   <trkpt lat="48.3032630" lon="-70.3344140">
    <ele>9.7</ele>
   </trkpt>
   <trkpt lat="48.3032770" lon="-70.3344080">
    <ele>9.8</ele>
   </trkpt>
   <trkpt lat="48.3032850" lon="-70.3344080">
    <ele>9.8</ele>
   </trkpt>
   <trkpt lat="48.3032970" lon="-70.3344020">
    <ele>9.8</ele>
   </trkpt>
   <trkpt lat="48.3033090" lon="-70.3343960">
    <ele>9.8</ele>
   </trkpt>
   <trkpt lat="48.3033220" lon="-70.3343910">
    <ele>9.9</ele>
   </trkpt>
   <trkpt lat="48.3033400" lon="-70.3343940">
    <ele>10.0</ele>
   </trkpt>
   <trkpt lat="48.3033510" lon="-70.3343890">
    <ele>10.0</ele>
   </trkpt>
   <trkpt lat="48.3033650" lon="-70.3343880">
    <ele>10.1</ele>
   </trkpt>
   <trkpt lat="48.3033800" lon="-70.3343860">
    <ele>10.1</ele>
   </trkpt>
   <trkpt lat="48.3033870" lon="-70.3343790">
    <ele>10.2</ele>
   </trkpt>
   <trkpt lat="48.3034040" lon="-70.3343740">
    <ele>10.3</ele>
   </trkpt>
   <trkpt lat="48.3034220" lon="-70.3343720">
    <ele>10.4</ele>
   </trkpt>
   <trkpt lat="48.3034370" lon="-70.3343710">
    <ele>10.4</ele>
   </trkpt>
   <trkpt lat="48.3034450" lon="-70.3343680">
    <ele>10.5</ele>
   </trkpt>
   <trkpt lat="48.3034550" lon="-70.3343680">
    <ele>10.5</ele>
   </trkpt>
   <trkpt lat="48.3034640" lon="-70.3343650">
    <ele>10.6</ele>
   </trkpt>
   <trkpt lat="48.3034740" lon="-70.3343560">
    <ele>10.7</ele>
   </trkpt>
   <trkpt lat="48.3034840" lon="-70.3343500">
    <ele>10.7</ele>
   </trkpt>
   <trkpt lat="48.3034910" lon="-70.3343440">
    <ele>10.7</ele>
   </trkpt>
   <trkpt lat="48.3035000" lon="-70.3343410">
    <ele>10.8</ele>
   </trkpt>
   <trkpt lat="48.3035070" lon="-70.3343410">
    <ele>10.8</ele>
   </trkpt>
   <trkpt lat="48.3035190" lon="-70.3343390">
    <ele>10.9</ele>
   </trkpt>
   <trkpt lat="48.3035340" lon="-70.3343330">
    <ele>10.9</ele>
   </trkpt>
   <trkpt lat="48.3035400" lon="-70.3343340">
    <ele>10.9</ele>
   </trkpt>
   <trkpt lat="48.3035500" lon="-70.3343370">
    <ele>10.9</ele>
   </trkpt>
   <trkpt lat="48.3035620" lon="-70.3343360">
    <ele>11.0</ele>
   </trkpt>
   <trkpt lat="48.3035710" lon="-70.3343370">
    <ele>11.0</ele>
   </trkpt>
   <trkpt lat="48.3035890" lon="-70.3343330">
    <ele>11.0</ele>
   </trkpt>
   <trkpt lat="48.3036030" lon="-70.3343340">
    <ele>11.0</ele>
   </trkpt>
   <trkpt lat="48.3036130" lon="-70.3343330">
    <ele>11.1</ele>
   </trkpt>
   <trkpt lat="48.3036230" lon="-70.3343270">
    <ele>11.1</ele>
   </trkpt>
   <trkpt lat="48.3036320" lon="-70.3343240">
    <ele>11.1</ele>
   </trkpt>
   <trkpt lat="48.3036420" lon="-70.3343260">
    <ele>11.1</ele>
   </trkpt>
   <trkpt lat="48.3036510" lon="-70.3343270">
    <ele>11.1</ele>
   </trkpt>
   <trkpt lat="48.3036540" lon="-70.3343230">
    <ele>11.1</ele>
   </trkpt>
   <trkpt lat="48.3036640" lon="-70.3343230">
    <ele>11.1</ele>
   </trkpt>
   <trkpt lat="48.3036720" lon="-70.3343200">
    <ele>11.1</ele>
   </trkpt>
   <trkpt lat="48.3036800" lon="-70.3343180">
    <ele>11.1</ele>
   </trkpt>
   <trkpt lat="48.3036770" lon="-70.3343140">
    <ele>11.1</ele>
   </trkpt>
   <trkpt lat="48.3036920" lon="-70.3343110">
    <ele>11.1</ele>
   </trkpt>
   <trkpt lat="48.3037010" lon="-70.3343080">
    <ele>11.1</ele>
   </trkpt>
   <trkpt lat="48.3037160" lon="-70.3343020">
    <ele>11.1</ele>
   </trkpt>
   <trkpt lat="48.3037270" lon="-70.3342930">
    <ele>11.1</ele>
   </trkpt>
   <trkpt lat="48.3037380" lon="-70.3342890">
    <ele>11.1</ele>
   </trkpt>
   <trkpt lat="48.3037530" lon="-70.3343030">
    <ele>11.2</ele>
   </trkpt>
   <trkpt lat="48.3037610" lon="-70.3343020">
    <ele>11.2</ele>
   </trkpt>
   <trkpt lat="48.3037670" lon="-70.3342950">
    <ele>11.2</ele>
   </trkpt>
   <trkpt lat="48.3037790" lon="-70.3342880">
    <ele>11.2</ele>
   </trkpt>
   <trkpt lat="48.3037970" lon="-70.3342890">
    <ele>11.3</ele>
   </trkpt>
   <trkpt lat="48.3038090" lon="-70.3342760">
    <ele>11.3</ele>
   </trkpt>
   <trkpt lat="48.3038180" lon="-70.3342620">
    <ele>11.3</ele>
   </trkpt>
   <trkpt lat="48.3038210" lon="-70.3342450">
    <ele>11.4</ele>
   </trkpt>
   <trkpt lat="48.3038290" lon="-70.3342360">
    <ele>11.4</ele>
   </trkpt>
   <trkpt lat="48.3038410" lon="-70.3342230">
    <ele>11.5</ele>
   </trkpt>
   <trkpt lat="48.3038560" lon="-70.3342140">
    <ele>11.5</ele>
   </trkpt>
   <trkpt lat="48.3038680" lon="-70.3342120">
    <ele>11.6</ele>
   </trkpt>
   <trkpt lat="48.3038770" lon="-70.3341970">
    <ele>11.7</ele>
   </trkpt>
   <trkpt lat="48.3038870" lon="-70.3341850">
    <ele>11.7</ele>
   </trkpt>
   <trkpt lat="48.3038920" lon="-70.3341820">
    <ele>11.8</ele>
   </trkpt>
   <trkpt lat="48.3038990" lon="-70.3341740">
    <ele>11.8</ele>
   </trkpt>
   <trkpt lat="48.3039020" lon="-70.3341590">
    <ele>11.9</ele>
   </trkpt>
   <trkpt lat="48.3039120" lon="-70.3341510">
    <ele>11.9</ele>
   </trkpt>
   <trkpt lat="48.3039240" lon="-70.3341350">
    <ele>12.0</ele>
   </trkpt>
   <trkpt lat="48.3039340" lon="-70.3341220">
    <ele>12.1</ele>
   </trkpt>
   <trkpt lat="48.3039450" lon="-70.3341140">
    <ele>12.2</ele>
   </trkpt>
   <trkpt lat="48.3039510" lon="-70.3341070">
    <ele>12.3</ele>
   </trkpt>
   <trkpt lat="48.3039610" lon="-70.3340940">
    <ele>12.4</ele>
   </trkpt>
   <trkpt lat="48.3039770" lon="-70.3340810">
    <ele>12.5</ele>
   </trkpt>
   <trkpt lat="48.3039880" lon="-70.3340710">
    <ele>12.6</ele>
   </trkpt>
   <trkpt lat="48.3039960" lon="-70.3340660">
    <ele>12.6</ele>
   </trkpt>
   <trkpt lat="48.3040070" lon="-70.3340540">
    <ele>12.7</ele>
   </trkpt>
   <trkpt lat="48.3040150" lon="-70.3340450">
    <ele>12.8</ele>
   </trkpt>
   <trkpt lat="48.3040270" lon="-70.3340360">
    <ele>12.9</ele>
   </trkpt>
   <trkpt lat="48.3040390" lon="-70.3340270">
    <ele>12.9</ele>
   </trkpt>
   <trkpt lat="48.3040480" lon="-70.3340090">
    <ele>13.0</ele>
   </trkpt>
   <trkpt lat="48.3040610" lon="-70.3339960">
    <ele>13.1</ele>
   </trkpt>
   <trkpt lat="48.3040690" lon="-70.3339770">
    <ele>13.2</ele>
   </trkpt>
   <trkpt lat="48.3040720" lon="-70.3339670">
    <ele>13.2</ele>
   </trkpt>
   <trkpt lat="48.3040820" lon="-70.3339630">
    <ele>13.2</ele>
   </trkpt>
   <trkpt lat="48.3040930" lon="-70.3339590">
    <ele>13.3</ele>
   </trkpt>
   <trkpt lat="48.3041000" lon="-70.3339490">
    <ele>13.3</ele>
   </trkpt>
   <trkpt lat="48.3041080" lon="-70.3339380">
    <ele>13.3</ele>
   </trkpt>
   <trkpt lat="48.3041160" lon="-70.3339260">
    <ele>13.3</ele>
   </trkpt>
   <trkpt lat="48.3041240" lon="-70.3339110">
    <ele>13.4</ele>
   </trkpt>
   <trkpt lat="48.3041300" lon="-70.3338990">
    <ele>13.4</ele>
   </trkpt>
   <trkpt lat="48.3041410" lon="-70.3338820">
    <ele>13.4</ele>
   </trkpt>
   <trkpt lat="48.3041520" lon="-70.3338720">
    <ele>13.4</ele>
   </trkpt>
   <trkpt lat="48.3041630" lon="-70.3338670">
    <ele>13.4</ele>
   </trkpt>
   <trkpt lat="48.3041730" lon="-70.3338590">
    <ele>13.4</ele>
   </trkpt>
   <trkpt lat="48.3041860" lon="-70.3338530">
    <ele>13.4</ele>
   </trkpt>
   <trkpt lat="48.3041980" lon="-70.3338510">
    <ele>13.4</ele>
   </trkpt>
   <trkpt lat="48.3042130" lon="-70.3338370">
    <ele>13.4</ele>
   </trkpt>
   <trkpt lat="48.3042220" lon="-70.3338200">
    <ele>13.4</ele>
   </trkpt>
   <trkpt lat="48.3042320" lon="-70.3338180">
    <ele>13.4</ele>
   </trkpt>
   <trkpt lat="48.3042400" lon="-70.3338150">
    <ele>13.4</ele>
   </trkpt>
   <trkpt lat="48.3042480" lon="-70.3338130">
    <ele>13.4</ele>
   </trkpt>
   <trkpt lat="48.3042530" lon="-70.3338100">
    <ele>13.4</ele>
   </trkpt>
   <trkpt lat="48.3042660" lon="-70.3337970">
    <ele>13.4</ele>
   </trkpt>
   <trkpt lat="48.3042770" lon="-70.3337880">
    <ele>13.4</ele>
   </trkpt>
   <trkpt lat="48.3042850" lon="-70.3337790">
    <ele>13.4</ele>
   </trkpt>
   <trkpt lat="48.3042940" lon="-70.3337680">
    <ele>13.3</ele>
   </trkpt>
   <trkpt lat="48.3043030" lon="-70.3337550">
    <ele>13.3</ele>
   </trkpt>
   <trkpt lat="48.3043100" lon="-70.3337470">
    <ele>13.3</ele>
   </trkpt>
   <trkpt lat="48.3043220" lon="-70.3337310">
    <ele>13.3</ele>
   </trkpt>
   <trkpt lat="48.3043290" lon="-70.3337210">
    <ele>13.3</ele>
   </trkpt>
   <trkpt lat="48.3043360" lon="-70.3337130">
    <ele>13.3</ele>
   </trkpt>
   <trkpt lat="48.3043470" lon="-70.3337030">
    <ele>13.3</ele>
   </trkpt>
   <trkpt lat="48.3043580" lon="-70.3336900">
    <ele>13.3</ele>
   </trkpt>
   <trkpt lat="48.3043660" lon="-70.3336720">
    <ele>13.3</ele>
   </trkpt>
   <trkpt lat="48.3043750" lon="-70.3336580">
    <ele>13.3</ele>
   </trkpt>
   <trkpt lat="48.3043800" lon="-70.3336450">
    <ele>13.2</ele>
   </trkpt>
   <trkpt lat="48.3043860" lon="-70.3336380">
    <ele>13.2</ele>
   </trkpt>
   <trkpt lat="48.3043970" lon="-70.3336290">
    <ele>13.2</ele>
   </trkpt>
   <trkpt lat="48.3044080" lon="-70.3336130">
    <ele>13.2</ele>
   </trkpt>
   <trkpt lat="48.3044120" lon="-70.3336090">
    <ele>13.2</ele>
   </trkpt>
   <trkpt lat="48.3044140" lon="-70.3336040">
    <ele>13.2</ele>
   </trkpt>
   <trkpt lat="48.3044170" lon="-70.3335950">
    <ele>13.2</ele>
   </trkpt>
   <trkpt lat="48.3044260" lon="-70.3335850">
    <ele>13.2</ele>
   </trkpt>
   <trkpt lat="48.3044370" lon="-70.3335740">
    <ele>13.2</ele>
   </trkpt>
   <trkpt lat="48.3044440" lon="-70.3335650">
    <ele>13.2</ele>
   </trkpt>
   <trkpt lat="48.3044530" lon="-70.3335570">
    <ele>13.2</ele>
   </trkpt>
   <trkpt lat="48.3044600" lon="-70.3335460">
    <ele>13.2</ele>
   </trkpt>
   <trkpt lat="48.3044680" lon="-70.3335360">
    <ele>13.1</ele>
   </trkpt>
   <trkpt lat="48.3044790" lon="-70.3335270">
    <ele>13.1</ele>
   </trkpt>
   <trkpt lat="48.3044910" lon="-70.3335170">
    <ele>13.1</ele>
   </trkpt>
   <trkpt lat="48.3044980" lon="-70.3335140">
    <ele>13.1</ele>
   </trkpt>
   <trkpt lat="48.3045090" lon="-70.3335050">
    <ele>13.1</ele>
   </trkpt>
   <trkpt lat="48.3045170" lon="-70.3334930">
    <ele>13.1</ele>
   </trkpt>
   <trkpt lat="48.3045320" lon="-70.3334800">
    <ele>13.0</ele>
   </trkpt>
   <trkpt lat="48.3045420" lon="-70.3334670">
    <ele>13.0</ele>
   </trkpt>
   <trkpt lat="48.3045530" lon="-70.3334620">
    <ele>13.0</ele>
   </trkpt>
   <trkpt lat="48.3045680" lon="-70.3334490">
    <ele>12.9</ele>
   </trkpt>
   <trkpt lat="48.3045750" lon="-70.3334370">
    <ele>12.9</ele>
   </trkpt>
   <trkpt lat="48.3045810" lon="-70.3334340">
    <ele>12.9</ele>
   </trkpt>
   <trkpt lat="48.3045880" lon="-70.3334300">
    <ele>12.9</ele>
   </trkpt>
   <trkpt lat="48.3046040" lon="-70.3334190">
    <ele>12.8</ele>
   </trkpt>
   <trkpt lat="48.3046200" lon="-70.3334070">
    <ele>12.8</ele>
   </trkpt>
   <trkpt lat="48.3046300" lon="-70.3333930">
    <ele>12.8</ele>
   </trkpt>
   <trkpt lat="48.3046370" lon="-70.3333850">
    <ele>12.7</ele>
   </trkpt>
   <trkpt lat="48.3046400" lon="-70.3333780">
    <ele>12.7</ele>
   </trkpt>
   <trkpt lat="48.3046480" lon="-70.3333750">
    <ele>12.7</ele>
   </trkpt>
   <trkpt lat="48.3046600" lon="-70.3333670">
    <ele>12.7</ele>
   </trkpt>
   <trkpt lat="48.3046740" lon="-70.3333560">
    <ele>12.7</ele>
   </trkpt>
   <trkpt lat="48.3046830" lon="-70.3333550">
    <ele>12.7</ele>
   </trkpt>
   <trkpt lat="48.3046920" lon="-70.3333490">
    <ele>12.6</ele>
   </trkpt>
   <trkpt lat="48.3047050" lon="-70.3333410">
    <ele>12.6</ele>
   </trkpt>
   <trkpt lat="48.3047150" lon="-70.3333290">
    <ele>12.6</ele>
   </trkpt>
   <trkpt lat="48.3047200" lon="-70.3333270">
    <ele>12.6</ele>
   </trkpt>
   <trkpt lat="48.3047280" lon="-70.3333190">
    <ele>12.6</ele>
   </trkpt>
   <trkpt lat="48.3047400" lon="-70.3333030">
    <ele>12.6</ele>
   </trkpt>
   <trkpt lat="48.3047540" lon="-70.3332950">
    <ele>12.6</ele>
   </trkpt>
   <trkpt lat="48.3047700" lon="-70.3332870">
    <ele>12.6</ele>
   </trkpt>
   <trkpt lat="48.3047810" lon="-70.3332740">
    <ele>12.6</ele>
   </trkpt>
   <trkpt lat="48.3047900" lon="-70.3332640">
    <ele>12.6</ele>
   </trkpt>
   <trkpt lat="48.3048020" lon="-70.3332600">
    <ele>12.6</ele>
   </trkpt>
   <trkpt lat="48.3048110" lon="-70.3332530">
    <ele>12.6</ele>
   </trkpt>
   <trkpt lat="48.3048200" lon="-70.3332530">
    <ele>12.6</ele>
   </trkpt>
   <trkpt lat="48.3048300" lon="-70.3332440">
    <ele>12.6</ele>
   </trkpt>
   <trkpt lat="48.3048300" lon="-70.3332440">
    <ele>12.6</ele>
   </trkpt>
   <trkpt lat="48.3048300" lon="-70.3332440">
    <ele>12.6</ele>
   </trkpt>
   <trkpt lat="48.3048300" lon="-70.3332440">
    <ele>12.6</ele>
   </trkpt>
   <trkpt lat="48.3048300" lon="-70.3332440">
    <ele>12.6</ele>
   </trkpt>
   <trkpt lat="48.3048300" lon="-70.3332440">
    <ele>12.6</ele>
   </trkpt>
   <trkpt lat="48.3048290" lon="-70.3332340">
    <ele>12.6</ele>
   </trkpt>
   <trkpt lat="48.3048390" lon="-70.3332290">
    <ele>12.7</ele>
   </trkpt>
   <trkpt lat="48.3048460" lon="-70.3332310">
    <ele>12.7</ele>
   </trkpt>
   <trkpt lat="48.3048470" lon="-70.3332330">
    <ele>12.7</ele>
   </trkpt>
   <trkpt lat="48.3048450" lon="-70.3332290">
    <ele>12.7</ele>
   </trkpt>
   <trkpt lat="48.3048510" lon="-70.3332210">
    <ele>12.7</ele>
   </trkpt>
   <trkpt lat="48.3048550" lon="-70.3332150">
    <ele>12.8</ele>
   </trkpt>
   <trkpt lat="48.3048610" lon="-70.3332130">
    <ele>12.8</ele>
   </trkpt>
   <trkpt lat="48.3048710" lon="-70.3332080">
    <ele>12.8</ele>
   </trkpt>
   <trkpt lat="48.3048840" lon="-70.3332050">
    <ele>12.9</ele>
   </trkpt>
   <trkpt lat="48.3048910" lon="-70.3332080">
    <ele>13.0</ele>
   </trkpt>
   <trkpt lat="48.3048960" lon="-70.3332040">
    <ele>13.0</ele>
   </trkpt>
   <trkpt lat="48.3048980" lon="-70.3331960">
    <ele>13.0</ele>
   </trkpt>
   <trkpt lat="48.3049020" lon="-70.3331910">
    <ele>13.1</ele>
   </trkpt>
   <trkpt lat="48.3049100" lon="-70.3331880">
    <ele>13.1</ele>
   </trkpt>
   <trkpt lat="48.3049230" lon="-70.3331870">
    <ele>13.2</ele>
   </trkpt>
   <trkpt lat="48.3049340" lon="-70.3331850">
    <ele>13.3</ele>
   </trkpt>
   <trkpt lat="48.3049460" lon="-70.3331780">
    <ele>13.5</ele>
   </trkpt>
   <trkpt lat="48.3049550" lon="-70.3331760">
    <ele>13.6</ele>
   </trkpt>
   <trkpt lat="48.3049660" lon="-70.3331710">
    <ele>13.7</ele>
   </trkpt>
   <trkpt lat="48.3049770" lon="-70.3331660">
    <ele>13.8</ele>
   </trkpt>
   <trkpt lat="48.3049890" lon="-70.3331630">
    <ele>14.0</ele>
   </trkpt>
   <trkpt lat="48.3050020" lon="-70.3331600">
    <ele>14.1</ele>
   </trkpt>
   <trkpt lat="48.3050160" lon="-70.3331550">
    <ele>14.3</ele>
   </trkpt>
   <trkpt lat="48.3050240" lon="-70.3331520">
    <ele>14.4</ele>
   </trkpt>
   <trkpt lat="48.3050370" lon="-70.3331550">
    <ele>14.7</ele>
   </trkpt>
   <trkpt lat="48.3050480" lon="-70.3331620">
    <ele>15.0</ele>
   </trkpt>
   <trkpt lat="48.3050540" lon="-70.3331600">
    <ele>15.2</ele>
   </trkpt>
   <trkpt lat="48.3050590" lon="-70.3331610">
    <ele>15.3</ele>
   </trkpt>
   <trkpt lat="48.3050690" lon="-70.3331650">
    <ele>15.5</ele>
   </trkpt>
   <trkpt lat="48.3050810" lon="-70.3331780">
    <ele>15.9</ele>
   </trkpt>
   <trkpt lat="48.3050920" lon="-70.3331820">
    <ele>16.2</ele>
   </trkpt>
   <trkpt lat="48.3051060" lon="-70.3331840">
    <ele>16.5</ele>
   </trkpt>
   <trkpt lat="48.3051130" lon="-70.3331880">
    <ele>16.7</ele>
   </trkpt>
   <trkpt lat="48.3051210" lon="-70.3331930">
    <ele>16.9</ele>
   </trkpt>
   <trkpt lat="48.3051270" lon="-70.3331910">
    <ele>17.1</ele>
   </trkpt>
   <trkpt lat="48.3051360" lon="-70.3331950">
    <ele>17.3</ele>
   </trkpt>
   <trkpt lat="48.3051470" lon="-70.3332020">
    <ele>17.6</ele>
   </trkpt>
   <trkpt lat="48.3051530" lon="-70.3332020">
    <ele>17.7</ele>
   </trkpt>
   <trkpt lat="48.3051600" lon="-70.3331970">
    <ele>17.9</ele>
   </trkpt>
   <trkpt lat="48.3051670" lon="-70.3331950">
    <ele>18.1</ele>
   </trkpt>
   <trkpt lat="48.3051710" lon="-70.3331910">
    <ele>18.2</ele>
   </trkpt>
   <trkpt lat="48.3051800" lon="-70.3331900">
    <ele>18.5</ele>
   </trkpt>
   <trkpt lat="48.3051810" lon="-70.3331870">
    <ele>18.5</ele>
   </trkpt>
   <trkpt lat="48.3051810" lon="-70.3331870">
    <ele>18.5</ele>
   </trkpt>
   <trkpt lat="48.3051810" lon="-70.3331870">
    <ele>18.5</ele>
   </trkpt>
   <trkpt lat="48.3051830" lon="-70.3331890">
    <ele>18.6</ele>
   </trkpt>
   <trkpt lat="48.3051880" lon="-70.3331900">
    <ele>18.7</ele>
   </trkpt>
   <trkpt lat="48.3051950" lon="-70.3331890">
    <ele>18.9</ele>
   </trkpt>
   <trkpt lat="48.3051980" lon="-70.3331830">
    <ele>19.0</ele>
   </trkpt>
   <trkpt lat="48.3052000" lon="-70.3331790">
    <ele>19.1</ele>
   </trkpt>
   <trkpt lat="48.3052000" lon="-70.3331790">
    <ele>19.1</ele>
   </trkpt>
   <trkpt lat="48.3052000" lon="-70.3331790">
    <ele>19.1</ele>
   </trkpt>
   <trkpt lat="48.3052140" lon="-70.3331740">
    <ele>19.4</ele>
   </trkpt>
   <trkpt lat="48.3052220" lon="-70.3331910">
    <ele>19.8</ele>
   </trkpt>
   <trkpt lat="48.3052260" lon="-70.3331950">
    <ele>19.9</ele>
   </trkpt>
   <trkpt lat="48.3052340" lon="-70.3331920">
    <ele>20.1</ele>
   </trkpt>
   <trkpt lat="48.3052420" lon="-70.3331930">
    <ele>20.3</ele>
   </trkpt>
   <trkpt lat="48.3052460" lon="-70.3331910">
    <ele>20.4</ele>
   </trkpt>
   <trkpt lat="48.3052510" lon="-70.3331930">
    <ele>20.5</ele>
   </trkpt>
   <trkpt lat="48.3052580" lon="-70.3331920">
    <ele>20.7</ele>
   </trkpt>
   <trkpt lat="48.3052650" lon="-70.3331930">
    <ele>20.9</ele>
   </trkpt>
   <trkpt lat="48.3052650" lon="-70.3331930">
    <ele>20.9</ele>
   </trkpt>
   <trkpt lat="48.3052720" lon="-70.3331950">
    <ele>21.1</ele>
   </trkpt>
   <trkpt lat="48.3052790" lon="-70.3331940">
    <ele>21.2</ele>
   </trkpt>
   <trkpt lat="48.3052840" lon="-70.3331960">
    <ele>21.3</ele>
   </trkpt>
   <trkpt lat="48.3052910" lon="-70.3331990">
    <ele>21.5</ele>
   </trkpt>
   <trkpt lat="48.3052960" lon="-70.3332000">
    <ele>21.6</ele>
   </trkpt>
   <trkpt lat="48.3053000" lon="-70.3331940">
    <ele>21.8</ele>
   </trkpt>
   <trkpt lat="48.3053050" lon="-70.3331900">
    <ele>21.9</ele>
   </trkpt>
   <trkpt lat="48.3053180" lon="-70.3331880">
    <ele>22.2</ele>
   </trkpt>
   <trkpt lat="48.3053250" lon="-70.3331850">
    <ele>22.3</ele>
   </trkpt>
   <trkpt lat="48.3053420" lon="-70.3331720">
    <ele>22.8</ele>
   </trkpt>
   <trkpt lat="48.3053600" lon="-70.3331660">
    <ele>23.2</ele>
   </trkpt>
   <trkpt lat="48.3053750" lon="-70.3331610">
    <ele>23.5</ele>
   </trkpt>
   <trkpt lat="48.3053790" lon="-70.3331480">
    <ele>23.6</ele>
   </trkpt>
   <trkpt lat="48.3053880" lon="-70.3331410">
    <ele>23.6</ele>
   </trkpt>
   <trkpt lat="48.3053940" lon="-70.3331280">
    <ele>23.6</ele>
   </trkpt>
   <trkpt lat="48.3053940" lon="-70.3331150">
    <ele>23.6</ele>
   </trkpt>
   <trkpt lat="48.3053890" lon="-70.3331160">
    <ele>23.7</ele>
   </trkpt>
   <trkpt lat="48.3053880" lon="-70.3331150">
    <ele>23.7</ele>
   </trkpt>
   <trkpt lat="48.3053880" lon="-70.3331150">
    <ele>23.7</ele>
   </trkpt>
   <trkpt lat="48.3053900" lon="-70.3331240">
    <ele>23.7</ele>
   </trkpt>
   <trkpt lat="48.3054020" lon="-70.3331180">
    <ele>23.7</ele>
   </trkpt>
   <trkpt lat="48.3054200" lon="-70.3331190">
    <ele>23.7</ele>
   </trkpt>
   <trkpt lat="48.3054300" lon="-70.3331170">
    <ele>23.7</ele>
   </trkpt>
   <trkpt lat="48.3054400" lon="-70.3331170">
    <ele>23.7</ele>
   </trkpt>
   <trkpt lat="48.3054560" lon="-70.3331120">
    <ele>23.8</ele>
   </trkpt>
   <trkpt lat="48.3054660" lon="-70.3331080">
    <ele>23.8</ele>
   </trkpt>
   <trkpt lat="48.3054790" lon="-70.3331070">
    <ele>23.8</ele>
   </trkpt>
   <trkpt lat="48.3054910" lon="-70.3331110">
    <ele>23.8</ele>
   </trkpt>
   <trkpt lat="48.3055050" lon="-70.3331070">
    <ele>23.8</ele>
   </trkpt>
   <trkpt lat="48.3055150" lon="-70.3331040">
    <ele>23.8</ele>
   </trkpt>
   <trkpt lat="48.3055210" lon="-70.3331090">
    <ele>23.8</ele>
   </trkpt>
   <trkpt lat="48.3055280" lon="-70.3331110">
    <ele>23.8</ele>
   </trkpt>
   <trkpt lat="48.3055370" lon="-70.3331090">
    <ele>23.8</ele>
   </trkpt>
   <trkpt lat="48.3055440" lon="-70.3331150">
    <ele>23.8</ele>
   </trkpt>
   <trkpt lat="48.3055460" lon="-70.3331190">
    <ele>23.8</ele>
   </trkpt>
   <trkpt lat="48.3055650" lon="-70.3331240">
    <ele>23.8</ele>
   </trkpt>
   <trkpt lat="48.3055740" lon="-70.3331220">
    <ele>23.8</ele>
   </trkpt>
   <trkpt lat="48.3055690" lon="-70.3331190">
    <ele>23.8</ele>
   </trkpt>
   <trkpt lat="48.3055670" lon="-70.3331200">
    <ele>23.8</ele>
   </trkpt>
   <trkpt lat="48.3055600" lon="-70.3331160">
    <ele>23.9</ele>
   </trkpt>
   <trkpt lat="48.3055580" lon="-70.3331120">
    <ele>23.9</ele>
   </trkpt>
   <trkpt lat="48.3055600" lon="-70.3331110">
    <ele>23.9</ele>
   </trkpt>
   <trkpt lat="48.3055690" lon="-70.3331160">
    <ele>23.9</ele>
   </trkpt>
   <trkpt lat="48.3055840" lon="-70.3331100">
    <ele>23.9</ele>
   </trkpt>
   <trkpt lat="48.3055950" lon="-70.3331020">
    <ele>23.9</ele>
   </trkpt>
   <trkpt lat="48.3056080" lon="-70.3330910">
    <ele>23.9</ele>
   </trkpt>
   <trkpt lat="48.3056120" lon="-70.3330790">
    <ele>23.9</ele>
   </trkpt>
   <trkpt lat="48.3056220" lon="-70.3330690">
    <ele>23.9</ele>
   </trkpt>
   <trkpt lat="48.3056320" lon="-70.3330630">
    <ele>24.0</ele>
   </trkpt>
   <trkpt lat="48.3056370" lon="-70.3330570">
    <ele>24.0</ele>
   </trkpt>
   <trkpt lat="48.3056320" lon="-70.3330510">
    <ele>24.0</ele>
   </trkpt>
   <trkpt lat="48.3056310" lon="-70.3330390">
    <ele>24.0</ele>
   </trkpt>
   <trkpt lat="48.3056400" lon="-70.3330280">
    <ele>24.0</ele>
   </trkpt>
   <trkpt lat="48.3056520" lon="-70.3330270">
    <ele>24.1</ele>
   </trkpt>
   <trkpt lat="48.3056630" lon="-70.3330270">
    <ele>24.1</ele>
   </trkpt>
   <trkpt lat="48.3056660" lon="-70.3330220">
    <ele>24.1</ele>
   </trkpt>
   <trkpt lat="48.3056670" lon="-70.3330070">
    <ele>24.2</ele>
   </trkpt>
   <trkpt lat="48.3056770" lon="-70.3329960">
    <ele>24.2</ele>
   </trkpt>
   <trkpt lat="48.3056840" lon="-70.3329890">
    <ele>24.2</ele>
   </trkpt>
   <trkpt lat="48.3056920" lon="-70.3329800">
    <ele>24.3</ele>
   </trkpt>
   <trkpt lat="48.3057040" lon="-70.3329810">
    <ele>24.4</ele>
   </trkpt>
   <trkpt lat="48.3057140" lon="-70.3329810">
    <ele>24.4</ele>
   </trkpt>
   <trkpt lat="48.3057290" lon="-70.3329810">
    <ele>24.5</ele>
   </trkpt>
   <trkpt lat="48.3057420" lon="-70.3329740">
    <ele>24.6</ele>
   </trkpt>
   <trkpt lat="48.3057520" lon="-70.3329730">
    <ele>24.6</ele>
   </trkpt>
   <trkpt lat="48.3057580" lon="-70.3329710">
    <ele>24.7</ele>
   </trkpt>
   <trkpt lat="48.3057650" lon="-70.3329650">
    <ele>24.7</ele>
   </trkpt>
   <trkpt lat="48.3057760" lon="-70.3329680">
    <ele>24.8</ele>
   </trkpt>
   <trkpt lat="48.3057850" lon="-70.3329650">
    <ele>24.8</ele>
   </trkpt>
   <trkpt lat="48.3057890" lon="-70.3329610">
    <ele>24.9</ele>
   </trkpt>
   <trkpt lat="48.3057990" lon="-70.3329580">
    <ele>24.9</ele>
   </trkpt>
   <trkpt lat="48.3058120" lon="-70.3329530">
    <ele>25.0</ele>
   </trkpt>
   <trkpt lat="48.3058270" lon="-70.3329500">
    <ele>25.1</ele>
   </trkpt>
   <trkpt lat="48.3058350" lon="-70.3329510">
    <ele>25.2</ele>
   </trkpt>
   <trkpt lat="48.3058440" lon="-70.3329540">
    <ele>25.3</ele>
   </trkpt>
   <trkpt lat="48.3058560" lon="-70.3329440">
    <ele>25.4</ele>
   </trkpt>
   <trkpt lat="48.3058680" lon="-70.3329420">
    <ele>25.5</ele>
   </trkpt>
   <trkpt lat="48.3058800" lon="-70.3329380">
    <ele>25.6</ele>
   </trkpt>
   <trkpt lat="48.3058950" lon="-70.3329310">
    <ele>25.7</ele>
   </trkpt>
   <trkpt lat="48.3059100" lon="-70.3329270">
    <ele>25.8</ele>
   </trkpt>
   <trkpt lat="48.3059180" lon="-70.3329190">
    <ele>25.9</ele>
   </trkpt>
   <trkpt lat="48.3059310" lon="-70.3329190">
    <ele>26.0</ele>
   </trkpt>
   <trkpt lat="48.3059400" lon="-70.3329190">
    <ele>26.1</ele>
   </trkpt>
   <trkpt lat="48.3059570" lon="-70.3329170">
    <ele>26.2</ele>
   </trkpt>
   <trkpt lat="48.3059650" lon="-70.3329190">
    <ele>26.3</ele>
   </trkpt>
   <trkpt lat="48.3059770" lon="-70.3329190">
    <ele>26.4</ele>
   </trkpt>
   <trkpt lat="48.3059940" lon="-70.3329170">
    <ele>26.6</ele>
   </trkpt>
   <trkpt lat="48.3060060" lon="-70.3329110">
    <ele>26.7</ele>
   </trkpt>
   <trkpt lat="48.3060110" lon="-70.3329080">
    <ele>26.8</ele>
   </trkpt>
   <trkpt lat="48.3060170" lon="-70.3329050">
    <ele>26.8</ele>
   </trkpt>
   <trkpt lat="48.3060300" lon="-70.3328970">
    <ele>26.9</ele>
   </trkpt>
   <trkpt lat="48.3060470" lon="-70.3328970">
    <ele>27.1</ele>
   </trkpt>
   <trkpt lat="48.3060540" lon="-70.3329090">
    <ele>27.2</ele>
   </trkpt>
   <trkpt lat="48.3060610" lon="-70.3329080">
    <ele>27.3</ele>
   </trkpt>
   <trkpt lat="48.3060710" lon="-70.3329070">
    <ele>27.4</ele>
   </trkpt>
   <trkpt lat="48.3060820" lon="-70.3329060">
    <ele>27.5</ele>
   </trkpt>
   <trkpt lat="48.3060860" lon="-70.3329040">
    <ele>27.5</ele>
   </trkpt>
   <trkpt lat="48.3060840" lon="-70.3328950">
    <ele>27.6</ele>
   </trkpt>
   <trkpt lat="48.3060880" lon="-70.3328840">
    <ele>27.6</ele>
   </trkpt>
   <trkpt lat="48.3060890" lon="-70.3328760">
    <ele>27.7</ele>
   </trkpt>
   <trkpt lat="48.3060960" lon="-70.3328710">
    <ele>27.8</ele>
   </trkpt>
   <trkpt lat="48.3061120" lon="-70.3328670">
    <ele>27.9</ele>
   </trkpt>
   <trkpt lat="48.3061300" lon="-70.3328620">
    <ele>28.1</ele>
   </trkpt>
   <trkpt lat="48.3061450" lon="-70.3328690">
    <ele>28.2</ele>
   </trkpt>
   <trkpt lat="48.3061570" lon="-70.3328670">
    <ele>28.3</ele>
   </trkpt>
   <trkpt lat="48.3061590" lon="-70.3328610">
    <ele>28.3</ele>
   </trkpt>
   <trkpt lat="48.3061650" lon="-70.3328530">
    <ele>28.4</ele>
   </trkpt>
   <trkpt lat="48.3061810" lon="-70.3328500">
    <ele>28.5</ele>
   </trkpt>
   <trkpt lat="48.3061890" lon="-70.3328410">
    <ele>28.6</ele>
   </trkpt>
   <trkpt lat="48.3061980" lon="-70.3328370">
    <ele>28.7</ele>
   </trkpt>
   <trkpt lat="48.3062010" lon="-70.3328310">
    <ele>28.7</ele>
   </trkpt>
   <trkpt lat="48.3062070" lon="-70.3328300">
    <ele>28.8</ele>
   </trkpt>
   <trkpt lat="48.3062180" lon="-70.3328270">
    <ele>28.8</ele>
   </trkpt>
   <trkpt lat="48.3062240" lon="-70.3328170">
    <ele>28.9</ele>
   </trkpt>
   <trkpt lat="48.3062250" lon="-70.3328160">
    <ele>28.9</ele>
   </trkpt>
   <trkpt lat="48.3062280" lon="-70.3328090">
    <ele>28.9</ele>
   </trkpt>
   <trkpt lat="48.3062320" lon="-70.3328050">
    <ele>29.0</ele>
   </trkpt>
   <trkpt lat="48.3062300" lon="-70.3327930">
    <ele>29.0</ele>
   </trkpt>
   <trkpt lat="48.3062370" lon="-70.3327740">
    <ele>29.1</ele>
   </trkpt>
   <trkpt lat="48.3062410" lon="-70.3327610">
    <ele>29.2</ele>
   </trkpt>
   <trkpt lat="48.3062440" lon="-70.3327530">
    <ele>29.2</ele>
   </trkpt>
   <trkpt lat="48.3062470" lon="-70.3327460">
    <ele>29.3</ele>
   </trkpt>
   <trkpt lat="48.3062580" lon="-70.3327440">
    <ele>29.4</ele>
   </trkpt>
   <trkpt lat="48.3062710" lon="-70.3327290">
    <ele>29.5</ele>
   </trkpt>
   <trkpt lat="48.3062860" lon="-70.3327220">
    <ele>29.6</ele>
   </trkpt>
   <trkpt lat="48.3062950" lon="-70.3327070">
    <ele>29.6</ele>
   </trkpt>
   <trkpt lat="48.3063040" lon="-70.3327010">
    <ele>29.7</ele>
   </trkpt>
   <trkpt lat="48.3063130" lon="-70.3326850">
    <ele>29.8</ele>
   </trkpt>
   <trkpt lat="48.3063260" lon="-70.3326790">
    <ele>29.9</ele>
   </trkpt>
   <trkpt lat="48.3063390" lon="-70.3326760">
    <ele>30.0</ele>
   </trkpt>
   <trkpt lat="48.3063560" lon="-70.3326710">
    <ele>30.1</ele>
   </trkpt>
   <trkpt lat="48.3063620" lon="-70.3326740">
    <ele>30.1</ele>
   </trkpt>
   <trkpt lat="48.3063700" lon="-70.3326660">
    <ele>30.2</ele>
   </trkpt>
   <trkpt lat="48.3063730" lon="-70.3326580">
    <ele>30.2</ele>
   </trkpt>
   <trkpt lat="48.3063760" lon="-70.3326510">
    <ele>30.2</ele>
   </trkpt>
   <trkpt lat="48.3063760" lon="-70.3326420">
    <ele>30.3</ele>
   </trkpt>
   <trkpt lat="48.3063790" lon="-70.3326390">
    <ele>30.3</ele>
   </trkpt>
   <trkpt lat="48.3063780" lon="-70.3326320">
    <ele>30.3</ele>
   </trkpt>
   <trkpt lat="48.3063840" lon="-70.3326220">
    <ele>30.4</ele>
   </trkpt>
   <trkpt lat="48.3063980" lon="-70.3326170">
    <ele>30.4</ele>
   </trkpt>
   <trkpt lat="48.3064140" lon="-70.3326190">
    <ele>30.5</ele>
   </trkpt>
   <trkpt lat="48.3064300" lon="-70.3325980">
    <ele>30.6</ele>
   </trkpt>
   <trkpt lat="48.3064250" lon="-70.3325880">
    <ele>30.7</ele>
   </trkpt>
   <trkpt lat="48.3064320" lon="-70.3325780">
    <ele>30.7</ele>
   </trkpt>
   <trkpt lat="48.3064420" lon="-70.3325640">
    <ele>30.8</ele>
   </trkpt>
   <trkpt lat="48.3064570" lon="-70.3325550">
    <ele>30.8</ele>
   </trkpt>
   <trkpt lat="48.3064700" lon="-70.3325460">
    <ele>30.9</ele>
   </trkpt>
   <trkpt lat="48.3064800" lon="-70.3325340">
    <ele>30.9</ele>
   </trkpt>
   <trkpt lat="48.3064930" lon="-70.3325400">
    <ele>31.0</ele>
   </trkpt>
   <trkpt lat="48.3065100" lon="-70.3325330">
    <ele>31.0</ele>
   </trkpt>
   <trkpt lat="48.3065270" lon="-70.3325210">
    <ele>31.0</ele>
   </trkpt>
   <trkpt lat="48.3065380" lon="-70.3325090">
    <ele>31.1</ele>
   </trkpt>
   <trkpt lat="48.3065550" lon="-70.3324970">
    <ele>31.1</ele>
   </trkpt>
   <trkpt lat="48.3065690" lon="-70.3324890">
    <ele>31.1</ele>
   </trkpt>
   <trkpt lat="48.3065820" lon="-70.3324830">
    <ele>31.1</ele>
   </trkpt>
   <trkpt lat="48.3065970" lon="-70.3324810">
    <ele>31.2</ele>
   </trkpt>
   <trkpt lat="48.3066120" lon="-70.3324700">
    <ele>31.2</ele>
   </trkpt>
   <trkpt lat="48.3066240" lon="-70.3324570">
    <ele>31.2</ele>
   </trkpt>
   <trkpt lat="48.3066290" lon="-70.3324440">
    <ele>31.2</ele>
   </trkpt>
   <trkpt lat="48.3066380" lon="-70.3324340">
    <ele>31.2</ele>
   </trkpt>
   <trkpt lat="48.3066480" lon="-70.3324270">
    <ele>31.2</ele>
   </trkpt>
   <trkpt lat="48.3066520" lon="-70.3324130">
    <ele>31.3</ele>
   </trkpt>
   <trkpt lat="48.3066510" lon="-70.3324060">
    <ele>31.3</ele>
   </trkpt>
   <trkpt lat="48.3066520" lon="-70.3324000">
    <ele>31.3</ele>
   </trkpt>
   <trkpt lat="48.3066610" lon="-70.3323930">
    <ele>31.3</ele>
   </trkpt>
   <trkpt lat="48.3066630" lon="-70.3323890">
    <ele>31.3</ele>
   </trkpt>
   <trkpt lat="48.3066670" lon="-70.3323910">
    <ele>31.3</ele>
   </trkpt>
   <trkpt lat="48.3066710" lon="-70.3323830">
    <ele>31.3</ele>
   </trkpt>
   <trkpt lat="48.3066850" lon="-70.3323840">
    <ele>31.3</ele>
   </trkpt>
   <trkpt lat="48.3066920" lon="-70.3323790">
    <ele>31.3</ele>
   </trkpt>
   <trkpt lat="48.3066910" lon="-70.3323630">
    <ele>31.4</ele>
   </trkpt>
   <trkpt lat="48.3066940" lon="-70.3323560">
    <ele>31.4</ele>
   </trkpt>
   <trkpt lat="48.3066980" lon="-70.3323480">
    <ele>31.4</ele>
   </trkpt>
   <trkpt lat="48.3067020" lon="-70.3323360">
    <ele>31.4</ele>
   </trkpt>
   <trkpt lat="48.3067080" lon="-70.3323360">
    <ele>31.4</ele>
   </trkpt>
   <trkpt lat="48.3067110" lon="-70.3323310">
    <ele>31.4</ele>
   </trkpt>
   <trkpt lat="48.3067110" lon="-70.3323240">
    <ele>31.4</ele>
   </trkpt>
   <trkpt lat="48.3067220" lon="-70.3322980">
    <ele>31.5</ele>
   </trkpt>
   <trkpt lat="48.3067300" lon="-70.3322740">
    <ele>31.5</ele>
   </trkpt>
   <trkpt lat="48.3067320" lon="-70.3322550">
    <ele>31.5</ele>
   </trkpt>
   <trkpt lat="48.3067250" lon="-70.3322370">
    <ele>31.5</ele>
   </trkpt>
   <trkpt lat="48.3067280" lon="-70.3322400">
    <ele>31.5</ele>
   </trkpt>
   <trkpt lat="48.3067290" lon="-70.3322210">
    <ele>31.5</ele>
   </trkpt>
   <trkpt lat="48.3067340" lon="-70.3322210">
    <ele>31.5</ele>
   </trkpt>
   <trkpt lat="48.3067350" lon="-70.3322180">
    <ele>31.5</ele>
   </trkpt>
   <trkpt lat="48.3067350" lon="-70.3322080">
    <ele>31.5</ele>
   </trkpt>
   <trkpt lat="48.3067310" lon="-70.3321980">
    <ele>31.5</ele>
   </trkpt>
   <trkpt lat="48.3067260" lon="-70.3321820">
    <ele>31.5</ele>
   </trkpt>
   <trkpt lat="48.3067250" lon="-70.3321630">
    <ele>31.6</ele>
   </trkpt>
   <trkpt lat="48.3067270" lon="-70.3321470">
    <ele>31.6</ele>
   </trkpt>
   <trkpt lat="48.3067190" lon="-70.3321330">
    <ele>31.6</ele>
   </trkpt>
   <trkpt lat="48.3067100" lon="-70.3321190">
    <ele>31.6</ele>
   </trkpt>
   <trkpt lat="48.3067130" lon="-70.3321020">
    <ele>31.6</ele>
   </trkpt>
   <trkpt lat="48.3067180" lon="-70.3320830">
    <ele>31.6</ele>
   </trkpt>
   <trkpt lat="48.3067200" lon="-70.3320720">
    <ele>31.6</ele>
   </trkpt>
   <trkpt lat="48.3067260" lon="-70.3320520">
    <ele>31.6</ele>
   </trkpt>
   <trkpt lat="48.3067270" lon="-70.3320320">
    <ele>31.6</ele>
   </trkpt>
   <trkpt lat="48.3067360" lon="-70.3320130">
    <ele>31.6</ele>
   </trkpt>
   <trkpt lat="48.3067420" lon="-70.3320020">
    <ele>31.6</ele>
   </trkpt>
   <trkpt lat="48.3067450" lon="-70.3319870">
    <ele>31.6</ele>
   </trkpt>
   <trkpt lat="48.3067480" lon="-70.3319700">
    <ele>31.6</ele>
   </trkpt>
   <trkpt lat="48.3067570" lon="-70.3319590">
    <ele>31.6</ele>
   </trkpt>
   <trkpt lat="48.3067580" lon="-70.3319500">
    <ele>31.6</ele>
   </trkpt>
   <trkpt lat="48.3067640" lon="-70.3319390">
    <ele>31.6</ele>
   </trkpt>
   <trkpt lat="48.3067630" lon="-70.3319270">
    <ele>31.6</ele>
   </trkpt>
   <trkpt lat="48.3067650" lon="-70.3319110">
    <ele>31.6</ele>
   </trkpt>
   <trkpt lat="48.3067730" lon="-70.3318900">
    <ele>31.6</ele>
   </trkpt>
   <trkpt lat="48.3067830" lon="-70.3318840">
    <ele>31.6</ele>
   </trkpt>
   <trkpt lat="48.3067880" lon="-70.3318710">
    <ele>31.6</ele>
   </trkpt>
   <trkpt lat="48.3067940" lon="-70.3318580">
    <ele>31.6</ele>
   </trkpt>
   <trkpt lat="48.3067960" lon="-70.3318530">
    <ele>31.6</ele>
   </trkpt>
   <trkpt lat="48.3068090" lon="-70.3318350">
    <ele>31.7</ele>
   </trkpt>
   <trkpt lat="48.3068180" lon="-70.3318050">
    <ele>31.7</ele>
   </trkpt>
   <trkpt lat="48.3068330" lon="-70.3317970">
    <ele>31.8</ele>
   </trkpt>
   <trkpt lat="48.3068430" lon="-70.3317850">
    <ele>31.8</ele>
   </trkpt>
   <trkpt lat="48.3068470" lon="-70.3317910">
    <ele>31.8</ele>
   </trkpt>
   <trkpt lat="48.3068530" lon="-70.3317670">
    <ele>31.9</ele>
   </trkpt>
   <trkpt lat="48.3068590" lon="-70.3317530">
    <ele>32.0</ele>
   </trkpt>
   <trkpt lat="48.3068590" lon="-70.3317460">
    <ele>32.0</ele>
   </trkpt>
   <trkpt lat="48.3068640" lon="-70.3317280">
    <ele>32.1</ele>
   </trkpt>
   <trkpt lat="48.3068690" lon="-70.3317110">
    <ele>32.2</ele>
   </trkpt>
   <trkpt lat="48.3068740" lon="-70.3317010">
    <ele>32.2</ele>
   </trkpt>
   <trkpt lat="48.3068770" lon="-70.3316880">
    <ele>32.3</ele>
   </trkpt>
   <trkpt lat="48.3068860" lon="-70.3316790">
    <ele>32.3</ele>
   </trkpt>
   <trkpt lat="48.3068980" lon="-70.3316660">
    <ele>32.5</ele>
   </trkpt>
   <trkpt lat="48.3069030" lon="-70.3316600">
    <ele>32.5</ele>
   </trkpt>
   <trkpt lat="48.3069050" lon="-70.3316500">
    <ele>32.6</ele>
   </trkpt>
   <trkpt lat="48.3069130" lon="-70.3316400">
    <ele>32.6</ele>
   </trkpt>
   <trkpt lat="48.3069180" lon="-70.3316320">
    <ele>32.7</ele>
   </trkpt>
   <trkpt lat="48.3069280" lon="-70.3316240">
    <ele>32.8</ele>
   </trkpt>
   <trkpt lat="48.3069350" lon="-70.3316160">
    <ele>32.9</ele>
   </trkpt>
   <trkpt lat="48.3069350" lon="-70.3316000">
    <ele>33.0</ele>
   </trkpt>
   <trkpt lat="48.3069330" lon="-70.3315940">
    <ele>33.1</ele>
   </trkpt>
   <trkpt lat="48.3069350" lon="-70.3315840">
    <ele>33.1</ele>
   </trkpt>
   <trkpt lat="48.3069410" lon="-70.3315750">
    <ele>33.2</ele>
   </trkpt>
   <trkpt lat="48.3069490" lon="-70.3315710">
    <ele>33.3</ele>
   </trkpt>
   <trkpt lat="48.3069520" lon="-70.3315610">
    <ele>33.4</ele>
   </trkpt>
   <trkpt lat="48.3069500" lon="-70.3315540">
    <ele>33.4</ele>
   </trkpt>
   <trkpt lat="48.3069500" lon="-70.3315380">
    <ele>33.6</ele>
   </trkpt>
   <trkpt lat="48.3069540" lon="-70.3315310">
    <ele>33.6</ele>
   </trkpt>
   <trkpt lat="48.3069600" lon="-70.3315250">
    <ele>33.7</ele>
   </trkpt>
   <trkpt lat="48.3069710" lon="-70.3315130">
    <ele>33.9</ele>
   </trkpt>
   <trkpt lat="48.3069870" lon="-70.3315010">
    <ele>34.1</ele>
   </trkpt>
   <trkpt lat="48.3069910" lon="-70.3314950">
    <ele>34.2</ele>
   </trkpt>
   <trkpt lat="48.3070020" lon="-70.3314820">
    <ele>34.3</ele>
   </trkpt>
   <trkpt lat="48.3070130" lon="-70.3314760">
    <ele>34.5</ele>
   </trkpt>
   <trkpt lat="48.3070180" lon="-70.3314440">
    <ele>34.7</ele>
   </trkpt>
   <trkpt lat="48.3070230" lon="-70.3314200">
    <ele>35.0</ele>
   </trkpt>
   <trkpt lat="48.3070230" lon="-70.3314090">
    <ele>35.1</ele>
   </trkpt>
   <trkpt lat="48.3070270" lon="-70.3313940">
    <ele>35.2</ele>
   </trkpt>
   <trkpt lat="48.3070320" lon="-70.3313850">
    <ele>35.3</ele>
   </trkpt>
   <trkpt lat="48.3070370" lon="-70.3313610">
    <ele>35.5</ele>
   </trkpt>
   <trkpt lat="48.3070440" lon="-70.3313520">
    <ele>35.6</ele>
   </trkpt>
   <trkpt lat="48.3070460" lon="-70.3313420">
    <ele>35.7</ele>
   </trkpt>
   <trkpt lat="48.3070490" lon="-70.3313320">
    <ele>35.8</ele>
   </trkpt>
   <trkpt lat="48.3070550" lon="-70.3313240">
    <ele>35.9</ele>
   </trkpt>
   <trkpt lat="48.3070620" lon="-70.3313100">
    <ele>36.1</ele>
   </trkpt>
   <trkpt lat="48.3070700" lon="-70.3313010">
    <ele>36.2</ele>
   </trkpt>
   <trkpt lat="48.3070750" lon="-70.3312940">
    <ele>36.3</ele>
   </trkpt>
   <trkpt lat="48.3070840" lon="-70.3312770">
    <ele>36.5</ele>
   </trkpt>
   <trkpt lat="48.3070970" lon="-70.3312710">
    <ele>36.7</ele>
   </trkpt>
   <trkpt lat="48.3070990" lon="-70.3312700">
    <ele>36.8</ele>
   </trkpt>
   <trkpt lat="48.3071030" lon="-70.3312660">
    <ele>36.8</ele>
   </trkpt>
   <trkpt lat="48.3071140" lon="-70.3312590">
    <ele>37.0</ele>
   </trkpt>
   <trkpt lat="48.3071250" lon="-70.3312530">
    <ele>37.2</ele>
   </trkpt>
   <trkpt lat="48.3071330" lon="-70.3312510">
    <ele>37.3</ele>
   </trkpt>
   <trkpt lat="48.3071470" lon="-70.3312540">
    <ele>37.5</ele>
   </trkpt>
   <trkpt lat="48.3071570" lon="-70.3312510">
    <ele>37.7</ele>
   </trkpt>
   <trkpt lat="48.3071640" lon="-70.3312410">
    <ele>37.8</ele>
   </trkpt>
   <trkpt lat="48.3071740" lon="-70.3312330">
    <ele>38.0</ele>
   </trkpt>
   <trkpt lat="48.3071830" lon="-70.3312310">
    <ele>38.2</ele>
   </trkpt>
   <trkpt lat="48.3071960" lon="-70.3312260">
    <ele>38.4</ele>
   </trkpt>
   <trkpt lat="48.3072030" lon="-70.3312260">
    <ele>38.5</ele>
   </trkpt>
   <trkpt lat="48.3072080" lon="-70.3312240">
    <ele>38.6</ele>
   </trkpt>
   <trkpt lat="48.3072120" lon="-70.3312140">
    <ele>38.7</ele>
   </trkpt>
   <trkpt lat="48.3072270" lon="-70.3312120">
    <ele>39.0</ele>
   </trkpt>
   <trkpt lat="48.3072260" lon="-70.3312150">
    <ele>39.1</ele>
   </trkpt>
   <trkpt lat="48.3072320" lon="-70.3312160">
    <ele>39.2</ele>
   </trkpt>
   <trkpt lat="48.3072440" lon="-70.3312270">
    <ele>39.4</ele>
   </trkpt>
   <trkpt lat="48.3072490" lon="-70.3312220">
    <ele>39.5</ele>
   </trkpt>
   <trkpt lat="48.3072520" lon="-70.3312270">
    <ele>39.6</ele>
   </trkpt>
   <trkpt lat="48.3072610" lon="-70.3312300">
    <ele>39.8</ele>
   </trkpt>
   <trkpt lat="48.3072650" lon="-70.3312270">
    <ele>39.9</ele>
   </trkpt>
   <trkpt lat="48.3072690" lon="-70.3312240">
    <ele>40.0</ele>
   </trkpt>
   <trkpt lat="48.3072770" lon="-70.3312270">
    <ele>40.1</ele>
   </trkpt>
   <trkpt lat="48.3072770" lon="-70.3312300">
    <ele>40.2</ele>
   </trkpt>
   <trkpt lat="48.3072840" lon="-70.3312290">
    <ele>40.3</ele>
   </trkpt>
   <trkpt lat="48.3072890" lon="-70.3312280">
    <ele>40.4</ele>
   </trkpt>
   <trkpt lat="48.3072890" lon="-70.3312230">
    <ele>40.5</ele>
   </trkpt>
   <trkpt lat="48.3072890" lon="-70.3312140">
    <ele>40.6</ele>
   </trkpt>
   <trkpt lat="48.3072970" lon="-70.3312110">
    <ele>40.8</ele>
   </trkpt>
   <trkpt lat="48.3073070" lon="-70.3312230">
    <ele>41.1</ele>
   </trkpt>
   <trkpt lat="48.3073180" lon="-70.3312200">
    <ele>41.3</ele>
   </trkpt>
   <trkpt lat="48.3073270" lon="-70.3312270">
    <ele>41.5</ele>
   </trkpt>
   <trkpt lat="48.3073400" lon="-70.3312350">
    <ele>41.8</ele>
   </trkpt>
   <trkpt lat="48.3073380" lon="-70.3312340">
    <ele>41.9</ele>
   </trkpt>
   <trkpt lat="48.3073510" lon="-70.3312390">
    <ele>42.2</ele>
   </trkpt>
   <trkpt lat="48.3073620" lon="-70.3312350">
    <ele>42.4</ele>
   </trkpt>
   <trkpt lat="48.3073700" lon="-70.3312380">
    <ele>42.6</ele>
   </trkpt>
   <trkpt lat="48.3073770" lon="-70.3312390">
    <ele>42.8</ele>
   </trkpt>
   <trkpt lat="48.3073830" lon="-70.3312430">
    <ele>42.9</ele>
   </trkpt>
   <trkpt lat="48.3073910" lon="-70.3312400">
    <ele>43.1</ele>
   </trkpt>
   <trkpt lat="48.3073900" lon="-70.3312250">
    <ele>43.3</ele>
   </trkpt>
   <trkpt lat="48.3073970" lon="-70.3312300">
    <ele>43.5</ele>
   </trkpt>
   <trkpt lat="48.3074030" lon="-70.3312330">
    <ele>43.7</ele>
   </trkpt>
   <trkpt lat="48.3074050" lon="-70.3312370">
    <ele>43.8</ele>
   </trkpt>
   <trkpt lat="48.3074170" lon="-70.3312370">
    <ele>44.0</ele>
   </trkpt>
   <trkpt lat="48.3074240" lon="-70.3312390">
    <ele>44.2</ele>
   </trkpt>
   <trkpt lat="48.3074290" lon="-70.3312400">
    <ele>44.3</ele>
   </trkpt>
   <trkpt lat="48.3074340" lon="-70.3312350">
    <ele>44.5</ele>
   </trkpt>
   <trkpt lat="48.3074450" lon="-70.3312350">
    <ele>44.7</ele>
   </trkpt>
   <trkpt lat="48.3074590" lon="-70.3312310">
    <ele>45.1</ele>
   </trkpt>
   <trkpt lat="48.3074650" lon="-70.3312360">
    <ele>45.2</ele>
   </trkpt>
   <trkpt lat="48.3074730" lon="-70.3312410">
    <ele>45.4</ele>
   </trkpt>
   <trkpt lat="48.3074740" lon="-70.3312310">
    <ele>45.6</ele>
   </trkpt>
   <trkpt lat="48.3074830" lon="-70.3312310">
    <ele>45.8</ele>
   </trkpt>
   <trkpt lat="48.3074890" lon="-70.3312330">
    <ele>45.9</ele>
   </trkpt>
   <trkpt lat="48.3074930" lon="-70.3312340">
    <ele>46.0</ele>
   </trkpt>
   <trkpt lat="48.3074960" lon="-70.3312360">
    <ele>46.1</ele>
   </trkpt>
   <trkpt lat="48.3075010" lon="-70.3312380">
    <ele>46.2</ele>
   </trkpt>
   <trkpt lat="48.3075060" lon="-70.3312410">
    <ele>46.4</ele>
   </trkpt>
   <trkpt lat="48.3075130" lon="-70.3312460">
    <ele>46.6</ele>
   </trkpt>
   <trkpt lat="48.3075160" lon="-70.3312470">
    <ele>46.6</ele>
   </trkpt>
   <trkpt lat="48.3075250" lon="-70.3312570">
    <ele>46.9</ele>
   </trkpt>
   <trkpt lat="48.3075380" lon="-70.3312690">
    <ele>47.2</ele>
   </trkpt>
   <trkpt lat="48.3075480" lon="-70.3312850">
    <ele>47.6</ele>
   </trkpt>
   <trkpt lat="48.3075540" lon="-70.3312950">
    <ele>47.8</ele>
   </trkpt>
   <trkpt lat="48.3075560" lon="-70.3312930">
    <ele>47.8</ele>
   </trkpt>
   <trkpt lat="48.3075710" lon="-70.3313000">
    <ele>48.2</ele>
   </trkpt>
   <trkpt lat="48.3075780" lon="-70.3313010">
    <ele>48.4</ele>
   </trkpt>
   <trkpt lat="48.3075810" lon="-70.3313110">
    <ele>48.5</ele>
   </trkpt>
   <trkpt lat="48.3075940" lon="-70.3313260">
    <ele>48.9</ele>
   </trkpt>
   <trkpt lat="48.3076010" lon="-70.3313280">
    <ele>49.0</ele>
   </trkpt>
   <trkpt lat="48.3076000" lon="-70.3313310">
    <ele>49.1</ele>
   </trkpt>
   <trkpt lat="48.3076100" lon="-70.3313420">
    <ele>49.3</ele>
   </trkpt>
   <trkpt lat="48.3076160" lon="-70.3313430">
    <ele>49.5</ele>
   </trkpt>
   <trkpt lat="48.3076250" lon="-70.3313460">
    <ele>49.7</ele>
   </trkpt>
   <trkpt lat="48.3076280" lon="-70.3313510">
    <ele>49.8</ele>
   </trkpt>
   <trkpt lat="48.3076330" lon="-70.3313570">
    <ele>49.9</ele>
   </trkpt>
   <trkpt lat="48.3076400" lon="-70.3313620">
    <ele>50.1</ele>
   </trkpt>
   <trkpt lat="48.3076430" lon="-70.3313660">
    <ele>50.2</ele>
   </trkpt>
   <trkpt lat="48.3076450" lon="-70.3313650">
    <ele>50.2</ele>
   </trkpt>
   <trkpt lat="48.3076490" lon="-70.3313640">
    <ele>50.3</ele>
   </trkpt>
   <trkpt lat="48.3076610" lon="-70.3313590">
    <ele>50.5</ele>
   </trkpt>
   <trkpt lat="48.3076660" lon="-70.3313620">
    <ele>50.7</ele>
   </trkpt>
   <trkpt lat="48.3076720" lon="-70.3313770">
    <ele>50.9</ele>
   </trkpt>
   <trkpt lat="48.3076770" lon="-70.3313840">
    <ele>51.1</ele>
   </trkpt>
   <trkpt lat="48.3076820" lon="-70.3313830">
    <ele>51.2</ele>
   </trkpt>
   <trkpt lat="48.3076850" lon="-70.3313870">
    <ele>51.2</ele>
   </trkpt>
   <trkpt lat="48.3076860" lon="-70.3313870">
    <ele>51.3</ele>
   </trkpt>
   <trkpt lat="48.3077020" lon="-70.3313850">
    <ele>51.6</ele>
   </trkpt>
   <trkpt lat="48.3077070" lon="-70.3313920">
    <ele>51.8</ele>
   </trkpt>
   <trkpt lat="48.3077140" lon="-70.3314080">
    <ele>52.0</ele>
   </trkpt>
   <trkpt lat="48.3077140" lon="-70.3314140">
    <ele>52.1</ele>
   </trkpt>
   <trkpt lat="48.3077220" lon="-70.3314180">
    <ele>52.3</ele>
   </trkpt>
   <trkpt lat="48.3077280" lon="-70.3314300">
    <ele>52.5</ele>
   </trkpt>
   <trkpt lat="48.3077350" lon="-70.3314310">
    <ele>52.6</ele>
   </trkpt>
   <trkpt lat="48.3077430" lon="-70.3314410">
    <ele>52.9</ele>
   </trkpt>
   <trkpt lat="48.3077500" lon="-70.3314430">
    <ele>53.0</ele>
   </trkpt>
   <trkpt lat="48.3077500" lon="-70.3314460">
    <ele>53.1</ele>
   </trkpt>
   <trkpt lat="48.3077620" lon="-70.3314500">
    <ele>53.3</ele>
   </trkpt>
   <trkpt lat="48.3077760" lon="-70.3314550">
    <ele>53.6</ele>
   </trkpt>
   <trkpt lat="48.3077950" lon="-70.3314530">
    <ele>54.0</ele>
   </trkpt>
   <trkpt lat="48.3078000" lon="-70.3314530">
    <ele>54.1</ele>
   </trkpt>
   <trkpt lat="48.3078180" lon="-70.3314740">
    <ele>54.6</ele>
   </trkpt>
   <trkpt lat="48.3078190" lon="-70.3314780">
    <ele>54.7</ele>
   </trkpt>
   <trkpt lat="48.3078310" lon="-70.3314820">
    <ele>54.9</ele>
   </trkpt>
   <trkpt lat="48.3078430" lon="-70.3314820">
    <ele>55.2</ele>
   </trkpt>
   <trkpt lat="48.3078530" lon="-70.3314820">
    <ele>55.4</ele>
   </trkpt>
   <trkpt lat="48.3078560" lon="-70.3314790">
    <ele>55.5</ele>
   </trkpt>
   <trkpt lat="48.3078580" lon="-70.3314830">
    <ele>55.6</ele>
   </trkpt>
   <trkpt lat="48.3078640" lon="-70.3314930">
    <ele>55.7</ele>
   </trkpt>
   <trkpt lat="48.3078750" lon="-70.3314860">
    <ele>56.0</ele>
   </trkpt>
   <trkpt lat="48.3078780" lon="-70.3314870">
    <ele>56.1</ele>
   </trkpt>
   <trkpt lat="48.3078790" lon="-70.3314850">
    <ele>56.1</ele>
   </trkpt>
   <trkpt lat="48.3078790" lon="-70.3314850">
    <ele>56.1</ele>
   </trkpt>
   <trkpt lat="48.3078790" lon="-70.3314850">
    <ele>56.1</ele>
   </trkpt>
   <trkpt lat="48.3078790" lon="-70.3314850">
    <ele>56.1</ele>
   </trkpt>
   <trkpt lat="48.3078790" lon="-70.3314850">
    <ele>56.1</ele>
   </trkpt>
   <trkpt lat="48.3078790" lon="-70.3314850">
    <ele>56.1</ele>
   </trkpt>
   <trkpt lat="48.3078790" lon="-70.3314850">
    <ele>56.1</ele>
   </trkpt>
   <trkpt lat="48.3078790" lon="-70.3314850">
    <ele>56.1</ele>
   </trkpt>
   <trkpt lat="48.3078960" lon="-70.3314860">
    <ele>56.5</ele>
   </trkpt>
   <trkpt lat="48.3079000" lon="-70.3314840">
    <ele>56.5</ele>
   </trkpt>
   <trkpt lat="48.3079040" lon="-70.3314820">
    <ele>56.6</ele>
   </trkpt>
   <trkpt lat="48.3079110" lon="-70.3314790">
    <ele>56.8</ele>
   </trkpt>
   <trkpt lat="48.3079230" lon="-70.3314800">
    <ele>57.0</ele>
   </trkpt>
   <trkpt lat="48.3079260" lon="-70.3314820">
    <ele>57.1</ele>
   </trkpt>
   <trkpt lat="48.3079320" lon="-70.3314800">
    <ele>57.2</ele>
   </trkpt>
   <trkpt lat="48.3079370" lon="-70.3314790">
    <ele>57.4</ele>
   </trkpt>
   <trkpt lat="48.3079400" lon="-70.3314850">
    <ele>57.5</ele>
   </trkpt>
   <trkpt lat="48.3079440" lon="-70.3314920">
    <ele>57.6</ele>
   </trkpt>
   <trkpt lat="48.3079470" lon="-70.3314950">
    <ele>57.7</ele>
   </trkpt>
   <trkpt lat="48.3079490" lon="-70.3314950">
    <ele>57.7</ele>
   </trkpt>
   <trkpt lat="48.3079540" lon="-70.3315020">
    <ele>57.8</ele>
   </trkpt>
   <trkpt lat="48.3079440" lon="-70.3315120">
    <ele>58.1</ele>
   </trkpt>
   <trkpt lat="48.3079460" lon="-70.3315200">
    <ele>58.2</ele>
   </trkpt>
   <trkpt lat="48.3079450" lon="-70.3315330">
    <ele>58.4</ele>
   </trkpt>
   <trkpt lat="48.3079510" lon="-70.3315360">
    <ele>58.5</ele>
   </trkpt>
   <trkpt lat="48.3079520" lon="-70.3315430">
    <ele>58.6</ele>
   </trkpt>
   <trkpt lat="48.3079500" lon="-70.3315540">
    <ele>58.8</ele>
   </trkpt>
   <trkpt lat="48.3079480" lon="-70.3315570">
    <ele>58.8</ele>
   </trkpt>
   <trkpt lat="48.3079520" lon="-70.3315660">
    <ele>59.0</ele>
   </trkpt>
   <trkpt lat="48.3079520" lon="-70.3315650">
    <ele>59.0</ele>
   </trkpt>
   <trkpt lat="48.3079520" lon="-70.3315650">
    <ele>59.0</ele>
   </trkpt>
   <trkpt lat="48.3079520" lon="-70.3315650">
    <ele>59.0</ele>
   </trkpt>
   <trkpt lat="48.3079560" lon="-70.3315730">
    <ele>59.1</ele>
   </trkpt>
   <trkpt lat="48.3079530" lon="-70.3315770">
    <ele>59.2</ele>
   </trkpt>
   <trkpt lat="48.3079520" lon="-70.3315780">
    <ele>59.2</ele>
   </trkpt>
   <trkpt lat="48.3079520" lon="-70.3315810">
    <ele>59.3</ele>
   </trkpt>
   <trkpt lat="48.3079540" lon="-70.3315810">
    <ele>59.3</ele>
   </trkpt>
   <trkpt lat="48.3079500" lon="-70.3315830">
    <ele>59.4</ele>
   </trkpt>
   <trkpt lat="48.3079480" lon="-70.3315870">
    <ele>59.5</ele>
   </trkpt>
   <trkpt lat="48.3079450" lon="-70.3315880">
    <ele>59.5</ele>
   </trkpt>
   <trkpt lat="48.3079420" lon="-70.3315920">
    <ele>59.6</ele>
   </trkpt>
   <trkpt lat="48.3079420" lon="-70.3315920">
    <ele>59.6</ele>
   </trkpt>
   <trkpt lat="48.3079400" lon="-70.3315930">
    <ele>59.7</ele>
   </trkpt>
   <trkpt lat="48.3079390" lon="-70.3315940">
    <ele>59.7</ele>
   </trkpt>
   <trkpt lat="48.3079370" lon="-70.3315960">
    <ele>59.7</ele>
   </trkpt>
   <trkpt lat="48.3079360" lon="-70.3315990">
    <ele>59.8</ele>
   </trkpt>
   <trkpt lat="48.3079300" lon="-70.3316020">
    <ele>59.9</ele>
   </trkpt>
   <trkpt lat="48.3079320" lon="-70.3316110">
    <ele>60.0</ele>
   </trkpt>
   <trkpt lat="48.3079320" lon="-70.3316080">
    <ele>60.1</ele>
   </trkpt>
   <trkpt lat="48.3079330" lon="-70.3316010">
    <ele>60.2</ele>
   </trkpt>
   <trkpt lat="48.3079270" lon="-70.3316090">
    <ele>60.3</ele>
   </trkpt>
   <trkpt lat="48.3079340" lon="-70.3316020">
    <ele>60.5</ele>
   </trkpt>
   <trkpt lat="48.3079360" lon="-70.3316030">
    <ele>60.5</ele>
   </trkpt>
   <trkpt lat="48.3079390" lon="-70.3316000">
    <ele>60.6</ele>
   </trkpt>
   <trkpt lat="48.3079410" lon="-70.3315950">
    <ele>60.7</ele>
   </trkpt>
   <trkpt lat="48.3079350" lon="-70.3315910">
    <ele>60.8</ele>
   </trkpt>
   <trkpt lat="48.3079320" lon="-70.3315900">
    <ele>60.8</ele>
   </trkpt>
   <trkpt lat="48.3079290" lon="-70.3315930">
    <ele>60.9</ele>
   </trkpt>
   <trkpt lat="48.3079300" lon="-70.3315930">
    <ele>60.9</ele>
   </trkpt>
   <trkpt lat="48.3079240" lon="-70.3316000">
    <ele>61.1</ele>
   </trkpt>
   <trkpt lat="48.3079240" lon="-70.3315970">
    <ele>61.1</ele>
   </trkpt>
   <trkpt lat="48.3079270" lon="-70.3316040">
    <ele>61.2</ele>
   </trkpt>
   <trkpt lat="48.3079260" lon="-70.3316040">
    <ele>61.2</ele>
   </trkpt>
   <trkpt lat="48.3079270" lon="-70.3316020">
    <ele>61.3</ele>
   </trkpt>
   <trkpt lat="48.3079250" lon="-70.3316030">
    <ele>61.3</ele>
   </trkpt>
   <trkpt lat="48.3079220" lon="-70.3315970">
    <ele>61.4</ele>
   </trkpt>
   <trkpt lat="48.3079220" lon="-70.3315950">
    <ele>61.4</ele>
   </trkpt>
   <trkpt lat="48.3079220" lon="-70.3316020">
    <ele>61.5</ele>
   </trkpt>
   <trkpt lat="48.3079250" lon="-70.3316000">
    <ele>61.6</ele>
   </trkpt>
   <trkpt lat="48.3079230" lon="-70.3315990">
    <ele>61.6</ele>
   </trkpt>
   <trkpt lat="48.3079190" lon="-70.3316030">
    <ele>61.7</ele>
   </trkpt>
   <trkpt lat="48.3079210" lon="-70.3316080">
    <ele>61.8</ele>
   </trkpt>
   <trkpt lat="48.3079190" lon="-70.3316000">
    <ele>61.9</ele>
   </trkpt>
   <trkpt lat="48.3079230" lon="-70.3316010">
    <ele>62.0</ele>
   </trkpt>
   <trkpt lat="48.3079260" lon="-70.3316040">
    <ele>62.0</ele>
   </trkpt>
   <trkpt lat="48.3079270" lon="-70.3316060">
    <ele>62.1</ele>
   </trkpt>
   <trkpt lat="48.3079240" lon="-70.3316090">
    <ele>62.1</ele>
   </trkpt>
   <trkpt lat="48.3079240" lon="-70.3316160">
    <ele>62.2</ele>
   </trkpt>
   <trkpt lat="48.3079210" lon="-70.3316180">
    <ele>62.3</ele>
   </trkpt>
   <trkpt lat="48.3079280" lon="-70.3316220">
    <ele>62.4</ele>
   </trkpt>
   <trkpt lat="48.3079320" lon="-70.3316220">
    <ele>62.5</ele>
   </trkpt>
   <trkpt lat="48.3079400" lon="-70.3316270">
    <ele>62.7</ele>
   </trkpt>
   <trkpt lat="48.3079450" lon="-70.3316290">
    <ele>62.8</ele>
   </trkpt>
   <trkpt lat="48.3079520" lon="-70.3316360">
    <ele>62.9</ele>
   </trkpt>
   <trkpt lat="48.3079540" lon="-70.3316400">
    <ele>63.0</ele>
   </trkpt>
   <trkpt lat="48.3079550" lon="-70.3316410">
    <ele>63.0</ele>
   </trkpt>
   <trkpt lat="48.3079600" lon="-70.3316430">
    <ele>63.1</ele>
   </trkpt>
   <trkpt lat="48.3079660" lon="-70.3316480">
    <ele>63.2</ele>
   </trkpt>
   <trkpt lat="48.3079680" lon="-70.3316480">
    <ele>63.3</ele>
   </trkpt>
   <trkpt lat="48.3079700" lon="-70.3316480">
    <ele>63.3</ele>
   </trkpt>
   <trkpt lat="48.3079740" lon="-70.3316530">
    <ele>63.4</ele>
   </trkpt>
   <trkpt lat="48.3079780" lon="-70.3316500">
    <ele>63.5</ele>
   </trkpt>
   <trkpt lat="48.3079800" lon="-70.3316410">
    <ele>63.6</ele>
   </trkpt>
   <trkpt lat="48.3079880" lon="-70.3316380">
    <ele>63.8</ele>
   </trkpt>
   <trkpt lat="48.3079910" lon="-70.3316350">
    <ele>63.9</ele>
   </trkpt>
   <trkpt lat="48.3079980" lon="-70.3316310">
    <ele>64.0</ele>
   </trkpt>
   <trkpt lat="48.3080070" lon="-70.3316300">
    <ele>64.2</ele>
   </trkpt>
   <trkpt lat="48.3080130" lon="-70.3316290">
    <ele>64.3</ele>
   </trkpt>
   <trkpt lat="48.3080170" lon="-70.3316250">
    <ele>64.4</ele>
   </trkpt>
   <trkpt lat="48.3080210" lon="-70.3316260">
    <ele>64.5</ele>
   </trkpt>
   <trkpt lat="48.3080310" lon="-70.3316310">
    <ele>64.7</ele>
   </trkpt>
   <trkpt lat="48.3080370" lon="-70.3316340">
    <ele>64.8</ele>
   </trkpt>
   <trkpt lat="48.3080380" lon="-70.3316340">
    <ele>64.8</ele>
   </trkpt>
   <trkpt lat="48.3080390" lon="-70.3316430">
    <ele>65.0</ele>
   </trkpt>
   <trkpt lat="48.3080540" lon="-70.3316470">
    <ele>65.3</ele>
   </trkpt>
   <trkpt lat="48.3080630" lon="-70.3316520">
    <ele>65.5</ele>
   </trkpt>
   <trkpt lat="48.3080720" lon="-70.3316600">
    <ele>65.7</ele>
   </trkpt>
   <trkpt lat="48.3080820" lon="-70.3316620">
    <ele>65.9</ele>
   </trkpt>
   <trkpt lat="48.3080930" lon="-70.3316610">
    <ele>66.1</ele>
   </trkpt>
   <trkpt lat="48.3081030" lon="-70.3316630">
    <ele>66.3</ele>
   </trkpt>
   <trkpt lat="48.3081170" lon="-70.3316650">
    <ele>66.7</ele>
   </trkpt>
   <trkpt lat="48.3081210" lon="-70.3316660">
    <ele>66.7</ele>
   </trkpt>
   <trkpt lat="48.3081240" lon="-70.3316670">
    <ele>66.8</ele>
   </trkpt>
   <trkpt lat="48.3081300" lon="-70.3316670">
    <ele>66.9</ele>
   </trkpt>
   <trkpt lat="48.3081410" lon="-70.3316720">
    <ele>67.2</ele>
   </trkpt>
   <trkpt lat="48.3081490" lon="-70.3316730">
    <ele>67.4</ele>
   </trkpt>
   <trkpt lat="48.3081550" lon="-70.3316830">
    <ele>67.6</ele>
   </trkpt>
   <trkpt lat="48.3081600" lon="-70.3316890">
    <ele>67.7</ele>
   </trkpt>
   <trkpt lat="48.3081650" lon="-70.3316900">
    <ele>67.8</ele>
   </trkpt>
   <trkpt lat="48.3081640" lon="-70.3316930">
    <ele>67.9</ele>
   </trkpt>
   <trkpt lat="48.3081620" lon="-70.3316960">
    <ele>67.9</ele>
   </trkpt>
   <trkpt lat="48.3081660" lon="-70.3317000">
    <ele>68.1</ele>
   </trkpt>
   <trkpt lat="48.3081690" lon="-70.3317060">
    <ele>68.2</ele>
   </trkpt>
   <trkpt lat="48.3081700" lon="-70.3317120">
    <ele>68.3</ele>
   </trkpt>
   <trkpt lat="48.3081670" lon="-70.3317100">
    <ele>68.3</ele>
   </trkpt>
   <trkpt lat="48.3081660" lon="-70.3317160">
    <ele>68.4</ele>
   </trkpt>
   <trkpt lat="48.3081670" lon="-70.3317290">
    <ele>68.6</ele>
   </trkpt>
   <trkpt lat="48.3081720" lon="-70.3317360">
    <ele>68.8</ele>
   </trkpt>
   <trkpt lat="48.3081710" lon="-70.3317370">
    <ele>68.8</ele>
   </trkpt>
   <trkpt lat="48.3081690" lon="-70.3317430">
    <ele>68.9</ele>
   </trkpt>
   <trkpt lat="48.3081680" lon="-70.3317450">
    <ele>69.0</ele>
   </trkpt>
   <trkpt lat="48.3081680" lon="-70.3317490">
    <ele>69.0</ele>
   </trkpt>
   <trkpt lat="48.3081680" lon="-70.3317500">
    <ele>69.0</ele>
   </trkpt>
   <trkpt lat="48.3081690" lon="-70.3317530">
    <ele>69.1</ele>
   </trkpt>
   <trkpt lat="48.3081750" lon="-70.3317610">
    <ele>69.3</ele>
   </trkpt>
   <trkpt lat="48.3081740" lon="-70.3317630">
    <ele>69.3</ele>
   </trkpt>
   <trkpt lat="48.3081720" lon="-70.3317640">
    <ele>69.4</ele>
   </trkpt>
   <trkpt lat="48.3081760" lon="-70.3317620">
    <ele>69.5</ele>
   </trkpt>
   <trkpt lat="48.3081800" lon="-70.3317640">
    <ele>69.6</ele>
   </trkpt>
   <trkpt lat="48.3081810" lon="-70.3317680">
    <ele>69.6</ele>
   </trkpt>
   <trkpt lat="48.3081850" lon="-70.3317710">
    <ele>69.8</ele>
   </trkpt>
   <trkpt lat="48.3081980" lon="-70.3317770">
    <ele>70.1</ele>
   </trkpt>
   <trkpt lat="48.3082010" lon="-70.3317750">
    <ele>70.2</ele>
   </trkpt>
   <trkpt lat="48.3082040" lon="-70.3317760">
    <ele>70.2</ele>
   </trkpt>
   <trkpt lat="48.3082070" lon="-70.3317730">
    <ele>70.3</ele>
   </trkpt>
   <trkpt lat="48.3082140" lon="-70.3317770">
    <ele>70.5</ele>
   </trkpt>
   <trkpt lat="48.3082220" lon="-70.3317840">
    <ele>70.7</ele>
   </trkpt>
   <trkpt lat="48.3082360" lon="-70.3317870">
    <ele>71.1</ele>
   </trkpt>
   <trkpt lat="48.3082390" lon="-70.3317830">
    <ele>71.2</ele>
   </trkpt>
   <trkpt lat="48.3082450" lon="-70.3317880">
    <ele>71.4</ele>
   </trkpt>
   <trkpt lat="48.3082490" lon="-70.3317880">
    <ele>71.5</ele>
   </trkpt>
   <trkpt lat="48.3082560" lon="-70.3317880">
    <ele>71.6</ele>
   </trkpt>
   <trkpt lat="48.3082600" lon="-70.3317950">
    <ele>71.8</ele>
   </trkpt>
   <trkpt lat="48.3082590" lon="-70.3318000">
    <ele>71.9</ele>
   </trkpt>
   <trkpt lat="48.3082620" lon="-70.3318050">
    <ele>72.0</ele>
   </trkpt>
   <trkpt lat="48.3082690" lon="-70.3318040">
    <ele>72.2</ele>
   </trkpt>
   <trkpt lat="48.3082720" lon="-70.3318090">
    <ele>72.3</ele>
   </trkpt>
   <trkpt lat="48.3082750" lon="-70.3318100">
    <ele>72.3</ele>
   </trkpt>
   <trkpt lat="48.3082800" lon="-70.3318090">
    <ele>72.5</ele>
   </trkpt>
   <trkpt lat="48.3082850" lon="-70.3318040">
    <ele>72.6</ele>
   </trkpt>
   <trkpt lat="48.3082900" lon="-70.3318110">
    <ele>72.8</ele>
   </trkpt>
   <trkpt lat="48.3083020" lon="-70.3318100">
    <ele>73.1</ele>
   </trkpt>
   <trkpt lat="48.3083070" lon="-70.3318100">
    <ele>73.2</ele>
   </trkpt>
   <trkpt lat="48.3083120" lon="-70.3318070">
    <ele>73.4</ele>
   </trkpt>
   <trkpt lat="48.3083180" lon="-70.3318120">
    <ele>73.5</ele>
   </trkpt>
   <trkpt lat="48.3083210" lon="-70.3318190">
    <ele>73.7</ele>
   </trkpt>
   <trkpt lat="48.3083260" lon="-70.3318260">
    <ele>73.8</ele>
   </trkpt>
   <trkpt lat="48.3083270" lon="-70.3318340">
    <ele>74.0</ele>
   </trkpt>
   <trkpt lat="48.3083260" lon="-70.3318400">
    <ele>74.1</ele>
   </trkpt>
   <trkpt lat="48.3083280" lon="-70.3318470">
    <ele>74.2</ele>
   </trkpt>
   <trkpt lat="48.3083280" lon="-70.3318470">
    <ele>74.2</ele>
   </trkpt>
   <trkpt lat="48.3083280" lon="-70.3318470">
    <ele>74.2</ele>
   </trkpt>
   <trkpt lat="48.3083280" lon="-70.3318470">
    <ele>74.2</ele>
   </trkpt>
   <trkpt lat="48.3083280" lon="-70.3318470">
    <ele>74.2</ele>
   </trkpt>
   <trkpt lat="48.3083280" lon="-70.3318740">
    <ele>74.7</ele>
   </trkpt>
   <trkpt lat="48.3083160" lon="-70.3318780">
    <ele>75.0</ele>
   </trkpt>
   <trkpt lat="48.3083210" lon="-70.3318770">
    <ele>75.1</ele>
   </trkpt>
   <trkpt lat="48.3083240" lon="-70.3318800">
    <ele>75.2</ele>
   </trkpt>
   <trkpt lat="48.3083270" lon="-70.3318740">
    <ele>75.3</ele>
   </trkpt>
   <trkpt lat="48.3083280" lon="-70.3318740">
    <ele>75.4</ele>
   </trkpt>
   <trkpt lat="48.3083400" lon="-70.3318760">
    <ele>75.7</ele>
   </trkpt>
   <trkpt lat="48.3083400" lon="-70.3318690">
    <ele>75.8</ele>
   </trkpt>
   <trkpt lat="48.3083450" lon="-70.3318650">
    <ele>75.9</ele>
   </trkpt>
   <trkpt lat="48.3083550" lon="-70.3318640">
    <ele>76.2</ele>
   </trkpt>
   <trkpt lat="48.3083590" lon="-70.3318620">
    <ele>76.3</ele>
   </trkpt>
   <trkpt lat="48.3083640" lon="-70.3318590">
    <ele>76.4</ele>
   </trkpt>
   <trkpt lat="48.3083760" lon="-70.3318550">
    <ele>76.7</ele>
   </trkpt>
   <trkpt lat="48.3083850" lon="-70.3318470">
    <ele>77.0</ele>
   </trkpt>
   <trkpt lat="48.3083890" lon="-70.3318380">
    <ele>77.2</ele>
   </trkpt>
   <trkpt lat="48.3083950" lon="-70.3318360">
    <ele>77.3</ele>
   </trkpt>
   <trkpt lat="48.3084040" lon="-70.3318310">
    <ele>77.6</ele>
   </trkpt>
   <trkpt lat="48.3084190" lon="-70.3318320">
    <ele>78.0</ele>
   </trkpt>
   <trkpt lat="48.3084290" lon="-70.3318330">
    <ele>78.2</ele>
   </trkpt>
   <trkpt lat="48.3084410" lon="-70.3318360">
    <ele>78.5</ele>
   </trkpt>
   <trkpt lat="48.3084410" lon="-70.3318320">
    <ele>78.6</ele>
   </trkpt>
   <trkpt lat="48.3084450" lon="-70.3318290">
    <ele>78.7</ele>
   </trkpt>
   <trkpt lat="48.3084520" lon="-70.3318320">
    <ele>78.9</ele>
   </trkpt>
   <trkpt lat="48.3084600" lon="-70.3318330">
    <ele>79.1</ele>
   </trkpt>
   <trkpt lat="48.3084640" lon="-70.3318320">
    <ele>79.2</ele>
   </trkpt>
   <trkpt lat="48.3084730" lon="-70.3318220">
    <ele>79.5</ele>
   </trkpt>
   <trkpt lat="48.3084810" lon="-70.3318240">
    <ele>79.7</ele>
   </trkpt>
   <trkpt lat="48.3084880" lon="-70.3318290">
    <ele>79.9</ele>
   </trkpt>
   <trkpt lat="48.3084980" lon="-70.3318350">
    <ele>80.2</ele>
   </trkpt>
   <trkpt lat="48.3085090" lon="-70.3318330">
    <ele>80.4</ele>
   </trkpt>
   <trkpt lat="48.3085140" lon="-70.3318360">
    <ele>80.6</ele>
   </trkpt>
   <trkpt lat="48.3085210" lon="-70.3318380">
    <ele>80.8</ele>
   </trkpt>
   <trkpt lat="48.3085280" lon="-70.3318390">
    <ele>80.9</ele>
   </trkpt>
   <trkpt lat="48.3085320" lon="-70.3318400">
    <ele>81.0</ele>
   </trkpt>
   <trkpt lat="48.3085330" lon="-70.3318370">
    <ele>81.1</ele>
   </trkpt>
   <trkpt lat="48.3085360" lon="-70.3318430">
    <ele>81.2</ele>
   </trkpt>
   <trkpt lat="48.3085490" lon="-70.3318450">
    <ele>81.5</ele>
   </trkpt>
   <trkpt lat="48.3085540" lon="-70.3318500">
    <ele>81.7</ele>
   </trkpt>
   <trkpt lat="48.3085540" lon="-70.3318470">
    <ele>81.8</ele>
   </trkpt>
   <trkpt lat="48.3085590" lon="-70.3318470">
    <ele>81.9</ele>
   </trkpt>
   <trkpt lat="48.3085650" lon="-70.3318500">
    <ele>82.0</ele>
   </trkpt>
   <trkpt lat="48.3085740" lon="-70.3318550">
    <ele>82.3</ele>
   </trkpt>
   <trkpt lat="48.3085770" lon="-70.3318660">
    <ele>82.5</ele>
   </trkpt>
   <trkpt lat="48.3085790" lon="-70.3318690">
    <ele>82.6</ele>
   </trkpt>
   <trkpt lat="48.3085810" lon="-70.3318740">
    <ele>82.7</ele>
   </trkpt>
   <trkpt lat="48.3085870" lon="-70.3318900">
    <ele>83.0</ele>
   </trkpt>
   <trkpt lat="48.3085890" lon="-70.3318970">
    <ele>83.1</ele>
   </trkpt>
   <trkpt lat="48.3085880" lon="-70.3319030">
    <ele>83.2</ele>
   </trkpt>
   <trkpt lat="48.3085890" lon="-70.3319140">
    <ele>83.4</ele>
   </trkpt>
   <trkpt lat="48.3085840" lon="-70.3319270">
    <ele>83.6</ele>
   </trkpt>
   <trkpt lat="48.3085820" lon="-70.3319250">
    <ele>83.7</ele>
   </trkpt>
   <trkpt lat="48.3085840" lon="-70.3319290">
    <ele>83.8</ele>
   </trkpt>
   <trkpt lat="48.3085900" lon="-70.3319370">
    <ele>84.0</ele>
   </trkpt>
   <trkpt lat="48.3085910" lon="-70.3319200">
    <ele>84.3</ele>
   </trkpt>
   <trkpt lat="48.3085910" lon="-70.3319370">
    <ele>84.5</ele>
   </trkpt>
   <trkpt lat="48.3085870" lon="-70.3319460">
    <ele>84.7</ele>
   </trkpt>
   <trkpt lat="48.3085830" lon="-70.3319510">
    <ele>84.8</ele>
   </trkpt>
   <trkpt lat="48.3085830" lon="-70.3319510">
    <ele>84.8</ele>
   </trkpt>
   <trkpt lat="48.3085840" lon="-70.3319520">
    <ele>84.9</ele>
   </trkpt>
   <trkpt lat="48.3085840" lon="-70.3319610">
    <ele>85.0</ele>
   </trkpt>
   <trkpt lat="48.3085880" lon="-70.3319570">
    <ele>85.1</ele>
   </trkpt>
   <trkpt lat="48.3085980" lon="-70.3319550">
    <ele>85.4</ele>
   </trkpt>
   <trkpt lat="48.3086070" lon="-70.3319570">
    <ele>85.6</ele>
   </trkpt>
   <trkpt lat="48.3086180" lon="-70.3319520">
    <ele>85.9</ele>
   </trkpt>
   <trkpt lat="48.3086250" lon="-70.3319460">
    <ele>86.1</ele>
   </trkpt>
   <trkpt lat="48.3086330" lon="-70.3319430">
    <ele>86.3</ele>
   </trkpt>
   <trkpt lat="48.3086320" lon="-70.3319390">
    <ele>86.3</ele>
   </trkpt>
   <trkpt lat="48.3086350" lon="-70.3319350">
    <ele>86.4</ele>
   </trkpt>
   <trkpt lat="48.3086320" lon="-70.3319270">
    <ele>86.6</ele>
   </trkpt>
   <trkpt lat="48.3086310" lon="-70.3319270">
    <ele>86.6</ele>
   </trkpt>
   <trkpt lat="48.3086260" lon="-70.3319200">
    <ele>86.8</ele>
   </trkpt>
   <trkpt lat="48.3086300" lon="-70.3319220">
    <ele>86.9</ele>
   </trkpt>
   <trkpt lat="48.3086370" lon="-70.3319230">
    <ele>87.0</ele>
   </trkpt>
   <trkpt lat="48.3086360" lon="-70.3319260">
    <ele>87.1</ele>
   </trkpt>
   <trkpt lat="48.3086380" lon="-70.3319310">
    <ele>87.2</ele>
   </trkpt>
   <trkpt lat="48.3086380" lon="-70.3319310">
    <ele>87.2</ele>
   </trkpt>
   <trkpt lat="48.3086380" lon="-70.3319310">
    <ele>87.2</ele>
   </trkpt>
   <trkpt lat="48.3086420" lon="-70.3319320">
    <ele>87.3</ele>
   </trkpt>
   <trkpt lat="48.3086390" lon="-70.3319330">
    <ele>87.3</ele>
   </trkpt>
   <trkpt lat="48.3086390" lon="-70.3319330">
    <ele>87.3</ele>
   </trkpt>
   <trkpt lat="48.3086390" lon="-70.3319330">
    <ele>87.3</ele>
   </trkpt>
   <trkpt lat="48.3086370" lon="-70.3319370">
    <ele>87.4</ele>
   </trkpt>
   <trkpt lat="48.3086380" lon="-70.3319370">
    <ele>87.4</ele>
   </trkpt>
   <trkpt lat="48.3086380" lon="-70.3319360">
    <ele>87.5</ele>
   </trkpt>
   <trkpt lat="48.3086400" lon="-70.3319380">
    <ele>87.5</ele>
   </trkpt>
   <trkpt lat="48.3086420" lon="-70.3319410">
    <ele>87.6</ele>
   </trkpt>
   <trkpt lat="48.3086420" lon="-70.3319410">
    <ele>87.6</ele>
   </trkpt>
   <trkpt lat="48.3086420" lon="-70.3319410">
    <ele>87.6</ele>
   </trkpt>
   <trkpt lat="48.3086420" lon="-70.3319410">
    <ele>87.6</ele>
   </trkpt>
   <trkpt lat="48.3086420" lon="-70.3319410">
    <ele>87.6</ele>
   </trkpt>
   <trkpt lat="48.3086420" lon="-70.3319410">
    <ele>87.6</ele>
   </trkpt>
   <trkpt lat="48.3086480" lon="-70.3319510">
    <ele>87.8</ele>
   </trkpt>
   <trkpt lat="48.3086480" lon="-70.3319510">
    <ele>87.8</ele>
   </trkpt>
   <trkpt lat="48.3086480" lon="-70.3319510">
    <ele>87.8</ele>
   </trkpt>
   <trkpt lat="48.3086480" lon="-70.3319510">
    <ele>87.8</ele>
   </trkpt>
   <trkpt lat="48.3086480" lon="-70.3319510">
    <ele>87.8</ele>
   </trkpt>
   <trkpt lat="48.3086480" lon="-70.3319510">
    <ele>87.8</ele>
   </trkpt>
   <trkpt lat="48.3086480" lon="-70.3319510">
    <ele>87.8</ele>
   </trkpt>
   <trkpt lat="48.3086480" lon="-70.3319510">
    <ele>87.8</ele>
   </trkpt>
   <trkpt lat="48.3086480" lon="-70.3319510">
    <ele>87.8</ele>
   </trkpt>
   <trkpt lat="48.3086480" lon="-70.3319510">
    <ele>87.8</ele>
   </trkpt>
   <trkpt lat="48.3086480" lon="-70.3319510">
    <ele>87.8</ele>
   </trkpt>
   <trkpt lat="48.3086480" lon="-70.3319510">
    <ele>87.8</ele>
   </trkpt>
   <trkpt lat="48.3086480" lon="-70.3319510">
    <ele>87.8</ele>
   </trkpt>
   <trkpt lat="48.3086480" lon="-70.3319510">
    <ele>87.8</ele>
   </trkpt>
   <trkpt lat="48.3086480" lon="-70.3319510">
    <ele>87.8</ele>
   </trkpt>
   <trkpt lat="48.3086480" lon="-70.3319510">
    <ele>87.8</ele>
   </trkpt>
   <trkpt lat="48.3086480" lon="-70.3319510">
    <ele>87.8</ele>
   </trkpt>
   <trkpt lat="48.3086480" lon="-70.3319510">
    <ele>87.8</ele>
   </trkpt>
   <trkpt lat="48.3086520" lon="-70.3319900">
    <ele>88.4</ele>
   </trkpt>
   <trkpt lat="48.3086520" lon="-70.3319900">
    <ele>88.4</ele>
   </trkpt>
   <trkpt lat="48.3086520" lon="-70.3319900">
    <ele>88.4</ele>
   </trkpt>
   <trkpt lat="48.3086520" lon="-70.3319900">
    <ele>88.4</ele>
   </trkpt>
   <trkpt lat="48.3086520" lon="-70.3319900">
    <ele>88.4</ele>
   </trkpt>
   <trkpt lat="48.3086520" lon="-70.3319940">
    <ele>88.4</ele>
   </trkpt>
   <trkpt lat="48.3086520" lon="-70.3319960">
    <ele>88.5</ele>
   </trkpt>
   <trkpt lat="48.3086540" lon="-70.3319950">
    <ele>88.5</ele>
   </trkpt>
   <trkpt lat="48.3086560" lon="-70.3319790">
    <ele>88.8</ele>
   </trkpt>
   <trkpt lat="48.3086480" lon="-70.3319840">
    <ele>88.9</ele>
   </trkpt>
   <trkpt lat="48.3086560" lon="-70.3319820">
    <ele>89.1</ele>
   </trkpt>
   <trkpt lat="48.3086600" lon="-70.3319800">
    <ele>89.2</ele>
   </trkpt>
   <trkpt lat="48.3086600" lon="-70.3319800">
    <ele>89.2</ele>
   </trkpt>
   <trkpt lat="48.3086600" lon="-70.3319800">
    <ele>89.2</ele>
   </trkpt>
   <trkpt lat="48.3086680" lon="-70.3319730">
    <ele>89.4</ele>
   </trkpt>
   <trkpt lat="48.3086700" lon="-70.3319710">
    <ele>89.4</ele>
   </trkpt>
   <trkpt lat="48.3086700" lon="-70.3319710">
    <ele>89.4</ele>
   </trkpt>
   <trkpt lat="48.3086700" lon="-70.3319710">
    <ele>89.4</ele>
   </trkpt>
   <trkpt lat="48.3086700" lon="-70.3319710">
    <ele>89.4</ele>
   </trkpt>
   <trkpt lat="48.3086700" lon="-70.3319710">
    <ele>89.4</ele>
   </trkpt>
   <trkpt lat="48.3086700" lon="-70.3319710">
    <ele>89.4</ele>
   </trkpt>
   <trkpt lat="48.3086700" lon="-70.3319710">
    <ele>89.4</ele>
   </trkpt>
   <trkpt lat="48.3086700" lon="-70.3319710">
    <ele>89.4</ele>
   </trkpt>
   <trkpt lat="48.3086920" lon="-70.3319560">
    <ele>89.9</ele>
   </trkpt>
   <trkpt lat="48.3086950" lon="-70.3319550">
    <ele>90.0</ele>
   </trkpt>
   <trkpt lat="48.3086980" lon="-70.3319540">
    <ele>90.1</ele>
   </trkpt>
   <trkpt lat="48.3087000" lon="-70.3319520">
    <ele>90.1</ele>
   </trkpt>
   <trkpt lat="48.3087030" lon="-70.3319510">
    <ele>90.2</ele>
   </trkpt>
   <trkpt lat="48.3087060" lon="-70.3319500">
    <ele>90.2</ele>
   </trkpt>
   <trkpt lat="48.3087090" lon="-70.3319490">
    <ele>90.3</ele>
   </trkpt>
   <trkpt lat="48.3087120" lon="-70.3319480">
    <ele>90.4</ele>
   </trkpt>
   <trkpt lat="48.3087140" lon="-70.3319460">
    <ele>90.4</ele>
   </trkpt>
   <trkpt lat="48.3087170" lon="-70.3319450">
    <ele>90.5</ele>
   </trkpt>
   <trkpt lat="48.3087200" lon="-70.3319440">
    <ele>90.5</ele>
   </trkpt>
   <trkpt lat="48.3087230" lon="-70.3319430">
    <ele>90.6</ele>
   </trkpt>
   <trkpt lat="48.3087260" lon="-70.3319420">
    <ele>90.6</ele>
   </trkpt>
   <trkpt lat="48.3087280" lon="-70.3319400">
    <ele>90.7</ele>
   </trkpt>
   <trkpt lat="48.3087310" lon="-70.3319390">
    <ele>90.8</ele>
   </trkpt>
   <trkpt lat="48.3087340" lon="-70.3319380">
    <ele>90.8</ele>
   </trkpt>
   <trkpt lat="48.3087370" lon="-70.3319380">
    <ele>90.9</ele>
   </trkpt>
   <trkpt lat="48.3087370" lon="-70.3319360">
    <ele>90.9</ele>
   </trkpt>
   <trkpt lat="48.3087390" lon="-70.3319360">
    <ele>90.9</ele>
   </trkpt>
   <trkpt lat="48.3087390" lon="-70.3319370">
    <ele>90.9</ele>
   </trkpt>
   <trkpt lat="48.3087390" lon="-70.3319370">
    <ele>90.9</ele>
   </trkpt>
   <trkpt lat="48.3087390" lon="-70.3319370">
    <ele>90.9</ele>
   </trkpt>
   <trkpt lat="48.3087380" lon="-70.3319330">
    <ele>91.0</ele>
   </trkpt>
   <trkpt lat="48.3087380" lon="-70.3319330">
    <ele>91.0</ele>
   </trkpt>
   <trkpt lat="48.3087380" lon="-70.3319330">
    <ele>91.0</ele>
   </trkpt>
   <trkpt lat="48.3087380" lon="-70.3319330">
    <ele>91.0</ele>
   </trkpt>
   <trkpt lat="48.3087380" lon="-70.3319330">
    <ele>91.0</ele>
   </trkpt>
   <trkpt lat="48.3087380" lon="-70.3319330">
    <ele>91.0</ele>
   </trkpt>
   <trkpt lat="48.3087380" lon="-70.3319330">
    <ele>91.0</ele>
   </trkpt>
   <trkpt lat="48.3087380" lon="-70.3319330">
    <ele>91.0</ele>
   </trkpt>
   <trkpt lat="48.3087380" lon="-70.3319330">
    <ele>91.0</ele>
   </trkpt>
   <trkpt lat="48.3087540" lon="-70.3319300">
    <ele>91.3</ele>
   </trkpt>
   <trkpt lat="48.3087540" lon="-70.3319300">
    <ele>91.3</ele>
   </trkpt>
   <trkpt lat="48.3087540" lon="-70.3319300">
    <ele>91.3</ele>
   </trkpt>
   <trkpt lat="48.3087540" lon="-70.3319300">
    <ele>91.3</ele>
   </trkpt>
   <trkpt lat="48.3087540" lon="-70.3319300">
    <ele>91.3</ele>
   </trkpt>
   <trkpt lat="48.3087540" lon="-70.3319300">
    <ele>91.3</ele>
   </trkpt>
   <trkpt lat="48.3087640" lon="-70.3319260">
    <ele>91.5</ele>
   </trkpt>
   <trkpt lat="48.3087610" lon="-70.3319240">
    <ele>91.6</ele>
   </trkpt>
   <trkpt lat="48.3087530" lon="-70.3319200">
    <ele>91.7</ele>
   </trkpt>
   <trkpt lat="48.3087510" lon="-70.3319100">
    <ele>91.8</ele>
   </trkpt>
   <trkpt lat="48.3087540" lon="-70.3319110">
    <ele>91.9</ele>
   </trkpt>
   <trkpt lat="48.3087570" lon="-70.3318890">
    <ele>92.1</ele>
   </trkpt>
   <trkpt lat="48.3087630" lon="-70.3318860">
    <ele>92.2</ele>
   </trkpt>
   <trkpt lat="48.3087620" lon="-70.3318790">
    <ele>92.3</ele>
   </trkpt>
   <trkpt lat="48.3087680" lon="-70.3318760">
    <ele>92.4</ele>
   </trkpt>
   <trkpt lat="48.3087690" lon="-70.3318650">
    <ele>92.5</ele>
   </trkpt>
   <trkpt lat="48.3087710" lon="-70.3318530">
    <ele>92.7</ele>
   </trkpt>
   <trkpt lat="48.3087770" lon="-70.3318460">
    <ele>92.8</ele>
   </trkpt>
   <trkpt lat="48.3087740" lon="-70.3318400">
    <ele>92.9</ele>
   </trkpt>
   <trkpt lat="48.3087810" lon="-70.3318180">
    <ele>93.1</ele>
   </trkpt>
   <trkpt lat="48.3087830" lon="-70.3318120">
    <ele>93.2</ele>
   </trkpt>
   <trkpt lat="48.3087880" lon="-70.3318080">
    <ele>93.2</ele>
   </trkpt>
   <trkpt lat="48.3087880" lon="-70.3317960">
    <ele>93.4</ele>
   </trkpt>
   <trkpt lat="48.3087830" lon="-70.3317900">
    <ele>93.5</ele>
   </trkpt>
   <trkpt lat="48.3087800" lon="-70.3317930">
    <ele>93.5</ele>
   </trkpt>
   <trkpt lat="48.3087840" lon="-70.3317910">
    <ele>93.6</ele>
   </trkpt>
   <trkpt lat="48.3087870" lon="-70.3317880">
    <ele>93.6</ele>
   </trkpt>
   <trkpt lat="48.3087950" lon="-70.3317840">
    <ele>93.7</ele>
   </trkpt>
   <trkpt lat="48.3087990" lon="-70.3317820">
    <ele>93.8</ele>
   </trkpt>
   <trkpt lat="48.3088000" lon="-70.3317790">
    <ele>93.8</ele>
   </trkpt>
   <trkpt lat="48.3088030" lon="-70.3317840">
    <ele>93.9</ele>
   </trkpt>
   <trkpt lat="48.3088010" lon="-70.3317830">
    <ele>93.9</ele>
   </trkpt>
   <trkpt lat="48.3088060" lon="-70.3317870">
    <ele>94.0</ele>
   </trkpt>
   <trkpt lat="48.3088140" lon="-70.3317850">
    <ele>94.1</ele>
   </trkpt>
   <trkpt lat="48.3088200" lon="-70.3317790">
    <ele>94.2</ele>
   </trkpt>
   <trkpt lat="48.3088270" lon="-70.3317760">
    <ele>94.3</ele>
   </trkpt>
   <trkpt lat="48.3088340" lon="-70.3317850">
    <ele>94.4</ele>
   </trkpt>
   <trkpt lat="48.3088350" lon="-70.3317780">
    <ele>94.5</ele>
   </trkpt>
   <trkpt lat="48.3088360" lon="-70.3317720">
    <ele>94.5</ele>
   </trkpt>
   <trkpt lat="48.3088430" lon="-70.3317750">
    <ele>94.6</ele>
   </trkpt>
   <trkpt lat="48.3088460" lon="-70.3317820">
    <ele>94.7</ele>
   </trkpt>
   <trkpt lat="48.3088500" lon="-70.3317840">
    <ele>94.7</ele>
   </trkpt>
   <trkpt lat="48.3088470" lon="-70.3317860">
    <ele>94.8</ele>
   </trkpt>
   <trkpt lat="48.3088460" lon="-70.3317990">
    <ele>94.9</ele>
   </trkpt>
   <trkpt lat="48.3088450" lon="-70.3318010">
    <ele>94.9</ele>
   </trkpt>
   <trkpt lat="48.3088460" lon="-70.3318040">
    <ele>95.0</ele>
   </trkpt>
   <trkpt lat="48.3088480" lon="-70.3318110">
    <ele>95.0</ele>
   </trkpt>
   <trkpt lat="48.3088550" lon="-70.3318200">
    <ele>95.1</ele>
   </trkpt>
   <trkpt lat="48.3088540" lon="-70.3318280">
    <ele>95.2</ele>
   </trkpt>
   <trkpt lat="48.3088600" lon="-70.3318310">
    <ele>95.3</ele>
   </trkpt>
   <trkpt lat="48.3088670" lon="-70.3318270">
    <ele>95.4</ele>
   </trkpt>
   <trkpt lat="48.3088730" lon="-70.3318280">
    <ele>95.5</ele>
   </trkpt>
   <trkpt lat="48.3088730" lon="-70.3318220">
    <ele>95.5</ele>
   </trkpt>
   <trkpt lat="48.3088730" lon="-70.3318180">
    <ele>95.6</ele>
   </trkpt>
   <trkpt lat="48.3088740" lon="-70.3318080">
    <ele>95.7</ele>
   </trkpt>
   <trkpt lat="48.3088880" lon="-70.3318030">
    <ele>95.9</ele>
   </trkpt>
   <trkpt lat="48.3088940" lon="-70.3318040">
    <ele>95.9</ele>
   </trkpt>
   <trkpt lat="48.3088970" lon="-70.3317990">
    <ele>96.0</ele>
   </trkpt>
   <trkpt lat="48.3089000" lon="-70.3317950">
    <ele>96.1</ele>
   </trkpt>
   <trkpt lat="48.3089010" lon="-70.3317910">
    <ele>96.1</ele>
   </trkpt>
   <trkpt lat="48.3089050" lon="-70.3317880">
    <ele>96.2</ele>
   </trkpt>
   <trkpt lat="48.3089060" lon="-70.3317720">
    <ele>96.3</ele>
   </trkpt>
   <trkpt lat="48.3089080" lon="-70.3317800">
    <ele>96.4</ele>
   </trkpt>
   <trkpt lat="48.3089140" lon="-70.3317750">
    <ele>96.5</ele>
   </trkpt>
   <trkpt lat="48.3089160" lon="-70.3317800">
    <ele>96.6</ele>
   </trkpt>
   <trkpt lat="48.3089170" lon="-70.3317880">
    <ele>96.7</ele>
   </trkpt>
   <trkpt lat="48.3089210" lon="-70.3317880">
    <ele>96.7</ele>
   </trkpt>
   <trkpt lat="48.3089310" lon="-70.3317880">
    <ele>96.9</ele>
   </trkpt>
   <trkpt lat="48.3089390" lon="-70.3317830">
    <ele>97.0</ele>
   </trkpt>
   <trkpt lat="48.3089360" lon="-70.3317780">
    <ele>97.1</ele>
   </trkpt>
   <trkpt lat="48.3089340" lon="-70.3317740">
    <ele>97.2</ele>
   </trkpt>
   <trkpt lat="48.3089360" lon="-70.3317720">
    <ele>97.2</ele>
   </trkpt>
   <trkpt lat="48.3089330" lon="-70.3317690">
    <ele>97.3</ele>
   </trkpt>
   <trkpt lat="48.3089380" lon="-70.3317660">
    <ele>97.4</ele>
   </trkpt>
   <trkpt lat="48.3089400" lon="-70.3317660">
    <ele>97.4</ele>
   </trkpt>
   <trkpt lat="48.3089490" lon="-70.3317650">
    <ele>97.6</ele>
   </trkpt>
   <trkpt lat="48.3089510" lon="-70.3317660">
    <ele>97.6</ele>
   </trkpt>
   <trkpt lat="48.3089560" lon="-70.3317600">
    <ele>97.7</ele>
   </trkpt>
   <trkpt lat="48.3089610" lon="-70.3317560">
    <ele>97.8</ele>
   </trkpt>
   <trkpt lat="48.3089670" lon="-70.3317500">
    <ele>97.9</ele>
   </trkpt>
   <trkpt lat="48.3089750" lon="-70.3317500">
    <ele>98.1</ele>
   </trkpt>
   <trkpt lat="48.3089780" lon="-70.3317470">
    <ele>98.2</ele>
   </trkpt>
   <trkpt lat="48.3089870" lon="-70.3317450">
    <ele>98.3</ele>
   </trkpt>
   <trkpt lat="48.3089910" lon="-70.3317430">
    <ele>98.4</ele>
   </trkpt>
   <trkpt lat="48.3089940" lon="-70.3317360">
    <ele>98.5</ele>
   </trkpt>
   <trkpt lat="48.3090000" lon="-70.3317330">
    <ele>98.6</ele>
   </trkpt>
   <trkpt lat="48.3090070" lon="-70.3317290">
    <ele>98.8</ele>
   </trkpt>
   <trkpt lat="48.3090080" lon="-70.3317220">
    <ele>98.9</ele>
   </trkpt>
   <trkpt lat="48.3090130" lon="-70.3317130">
    <ele>99.0</ele>
   </trkpt>
   <trkpt lat="48.3090270" lon="-70.3317130">
    <ele>99.3</ele>
   </trkpt>
   <trkpt lat="48.3090360" lon="-70.3317200">
    <ele>99.5</ele>
   </trkpt>
   <trkpt lat="48.3090430" lon="-70.3317190">
    <ele>99.6</ele>
   </trkpt>
   <trkpt lat="48.3090450" lon="-70.3317180">
    <ele>99.7</ele>
   </trkpt>
   <trkpt lat="48.3090510" lon="-70.3317200">
    <ele>99.8</ele>
   </trkpt>
   <trkpt lat="48.3090600" lon="-70.3317220">
    <ele>100.0</ele>
   </trkpt>
   <trkpt lat="48.3090640" lon="-70.3317210">
    <ele>100.1</ele>
   </trkpt>
   <trkpt lat="48.3090720" lon="-70.3317220">
    <ele>100.2</ele>
   </trkpt>
   <trkpt lat="48.3090700" lon="-70.3317190">
    <ele>100.3</ele>
   </trkpt>
   <trkpt lat="48.3090640" lon="-70.3317180">
    <ele>100.4</ele>
   </trkpt>
   <trkpt lat="48.3090670" lon="-70.3317120">
    <ele>100.5</ele>
   </trkpt>
   <trkpt lat="48.3090790" lon="-70.3317160">
    <ele>100.8</ele>
   </trkpt>
   <trkpt lat="48.3090840" lon="-70.3317130">
    <ele>100.9</ele>
   </trkpt>
   <trkpt lat="48.3090830" lon="-70.3317070">
    <ele>101.0</ele>
   </trkpt>
   <trkpt lat="48.3090850" lon="-70.3317050">
    <ele>101.0</ele>
   </trkpt>
   <trkpt lat="48.3090870" lon="-70.3317040">
    <ele>101.1</ele>
   </trkpt>
   <trkpt lat="48.3090910" lon="-70.3317000">
    <ele>101.2</ele>
   </trkpt>
   <trkpt lat="48.3090950" lon="-70.3317050">
    <ele>101.3</ele>
   </trkpt>
   <trkpt lat="48.3090970" lon="-70.3316990">
    <ele>101.4</ele>
   </trkpt>
   <trkpt lat="48.3090980" lon="-70.3317030">
    <ele>101.4</ele>
   </trkpt>
   <trkpt lat="48.3091000" lon="-70.3317010">
    <ele>101.5</ele>
   </trkpt>
   <trkpt lat="48.3091130" lon="-70.3316940">
    <ele>101.8</ele>
   </trkpt>
   <trkpt lat="48.3091180" lon="-70.3316930">
    <ele>101.9</ele>
   </trkpt>
   <trkpt lat="48.3091210" lon="-70.3316920">
    <ele>102.0</ele>
   </trkpt>
   <trkpt lat="48.3091270" lon="-70.3316840">
    <ele>102.1</ele>
   </trkpt>
   <trkpt lat="48.3091230" lon="-70.3316830">
    <ele>102.2</ele>
   </trkpt>
   <trkpt lat="48.3091230" lon="-70.3316800">
    <ele>102.3</ele>
   </trkpt>
   <trkpt lat="48.3091280" lon="-70.3316770">
    <ele>102.4</ele>
   </trkpt>
   <trkpt lat="48.3091320" lon="-70.3316750">
    <ele>102.5</ele>
   </trkpt>
   <trkpt lat="48.3091340" lon="-70.3316750">
    <ele>102.5</ele>
   </trkpt>
   <trkpt lat="48.3091370" lon="-70.3316750">
    <ele>102.6</ele>
   </trkpt>
   <trkpt lat="48.3091400" lon="-70.3316700">
    <ele>102.7</ele>
   </trkpt>
   <trkpt lat="48.3091410" lon="-70.3316570">
    <ele>102.9</ele>
   </trkpt>
   <trkpt lat="48.3091420" lon="-70.3316490">
    <ele>103.0</ele>
   </trkpt>
   <trkpt lat="48.3091440" lon="-70.3316480">
    <ele>103.1</ele>
   </trkpt>
   <trkpt lat="48.3091450" lon="-70.3316400">
    <ele>103.2</ele>
   </trkpt>
   <trkpt lat="48.3091450" lon="-70.3316270">
    <ele>103.4</ele>
   </trkpt>
   <trkpt lat="48.3091520" lon="-70.3316250">
    <ele>103.5</ele>
   </trkpt>
   <trkpt lat="48.3091560" lon="-70.3316270">
    <ele>103.6</ele>
   </trkpt>
   <trkpt lat="48.3091570" lon="-70.3316070">
    <ele>103.9</ele>
   </trkpt>
   <trkpt lat="48.3091620" lon="-70.3315920">
    <ele>104.2</ele>
   </trkpt>
   <trkpt lat="48.3091700" lon="-70.3315860">
    <ele>104.4</ele>
   </trkpt>
   <trkpt lat="48.3091710" lon="-70.3315810">
    <ele>104.5</ele>
   </trkpt>
   <trkpt lat="48.3091730" lon="-70.3315680">
    <ele>104.7</ele>
   </trkpt>
   <trkpt lat="48.3091720" lon="-70.3315700">
    <ele>104.8</ele>
   </trkpt>
   <trkpt lat="48.3091730" lon="-70.3315570">
    <ele>105.0</ele>
   </trkpt>
   <trkpt lat="48.3091790" lon="-70.3315440">
    <ele>105.3</ele>
   </trkpt>
   <trkpt lat="48.3091800" lon="-70.3315410">
    <ele>105.3</ele>
   </trkpt>
   <trkpt lat="48.3091790" lon="-70.3315230">
    <ele>105.6</ele>
   </trkpt>
   <trkpt lat="48.3091700" lon="-70.3315150">
    <ele>105.9</ele>
   </trkpt>
   <trkpt lat="48.3091680" lon="-70.3314970">
    <ele>106.2</ele>
   </trkpt>
   <trkpt lat="48.3091670" lon="-70.3314840">
    <ele>106.4</ele>
   </trkpt>
   <trkpt lat="48.3091640" lon="-70.3314810">
    <ele>106.5</ele>
   </trkpt>
   <trkpt lat="48.3091720" lon="-70.3314690">
    <ele>106.8</ele>
   </trkpt>
   <trkpt lat="48.3091650" lon="-70.3314610">
    <ele>107.0</ele>
   </trkpt>
   <trkpt lat="48.3091650" lon="-70.3314510">
    <ele>107.2</ele>
   </trkpt>
   <trkpt lat="48.3091660" lon="-70.3314460">
    <ele>107.3</ele>
   </trkpt>
   <trkpt lat="48.3091670" lon="-70.3314370">
    <ele>107.5</ele>
   </trkpt>
   <trkpt lat="48.3091670" lon="-70.3314350">
    <ele>107.5</ele>
   </trkpt>
   <trkpt lat="48.3091690" lon="-70.3314310">
    <ele>107.6</ele>
   </trkpt>
   <trkpt lat="48.3091670" lon="-70.3314260">
    <ele>107.7</ele>
   </trkpt>
   <trkpt lat="48.3091660" lon="-70.3314070">
    <ele>108.0</ele>
   </trkpt>
   <trkpt lat="48.3091650" lon="-70.3313970">
    <ele>108.2</ele>
   </trkpt>
   <trkpt lat="48.3091620" lon="-70.3313790">
    <ele>108.5</ele>
   </trkpt>
   <trkpt lat="48.3091620" lon="-70.3313780">
    <ele>108.5</ele>
   </trkpt>
   <trkpt lat="48.3091600" lon="-70.3313640">
    <ele>108.8</ele>
   </trkpt>
   <trkpt lat="48.3091570" lon="-70.3313640">
    <ele>108.9</ele>
   </trkpt>
   <trkpt lat="48.3091540" lon="-70.3313640">
    <ele>109.0</ele>
   </trkpt>
   <trkpt lat="48.3091520" lon="-70.3313550">
    <ele>109.1</ele>
   </trkpt>
   <trkpt lat="48.3091550" lon="-70.3313480">
    <ele>109.3</ele>
   </trkpt>
   <trkpt lat="48.3091550" lon="-70.3313420">
    <ele>109.4</ele>
   </trkpt>
   <trkpt lat="48.3091570" lon="-70.3313330">
    <ele>109.5</ele>
   </trkpt>
   <trkpt lat="48.3091640" lon="-70.3313190">
    <ele>109.9</ele>
   </trkpt>
   <trkpt lat="48.3091630" lon="-70.3313140">
    <ele>110.0</ele>
   </trkpt>
   <trkpt lat="48.3091710" lon="-70.3312990">
    <ele>110.3</ele>
   </trkpt>
   <trkpt lat="48.3091800" lon="-70.3312960">
    <ele>110.5</ele>
   </trkpt>
   <trkpt lat="48.3091920" lon="-70.3312720">
    <ele>111.0</ele>
   </trkpt>
   <trkpt lat="48.3091920" lon="-70.3312650">
    <ele>111.2</ele>
   </trkpt>
   <trkpt lat="48.3091920" lon="-70.3312590">
    <ele>111.3</ele>
   </trkpt>
   <trkpt lat="48.3091970" lon="-70.3312470">
    <ele>111.5</ele>
   </trkpt>
   <trkpt lat="48.3091940" lon="-70.3312440">
    <ele>111.6</ele>
   </trkpt>
   <trkpt lat="48.3091940" lon="-70.3312400">
    <ele>111.7</ele>
   </trkpt>
   <trkpt lat="48.3091910" lon="-70.3312420">
    <ele>111.7</ele>
   </trkpt>
   <trkpt lat="48.3091970" lon="-70.3312350">
    <ele>111.9</ele>
   </trkpt>
   <trkpt lat="48.3091980" lon="-70.3312310">
    <ele>112.0</ele>
   </trkpt>
   <trkpt lat="48.3092090" lon="-70.3312100">
    <ele>112.4</ele>
   </trkpt>
   <trkpt lat="48.3092060" lon="-70.3312080">
    <ele>112.5</ele>
   </trkpt>
   <trkpt lat="48.3092110" lon="-70.3311990">
    <ele>112.7</ele>
   </trkpt>
   <trkpt lat="48.3092110" lon="-70.3311880">
    <ele>112.9</ele>
   </trkpt>
   <trkpt lat="48.3092110" lon="-70.3311860">
    <ele>112.9</ele>
   </trkpt>
   <trkpt lat="48.3092150" lon="-70.3311770">
    <ele>113.1</ele>
   </trkpt>
   <trkpt lat="48.3092150" lon="-70.3311630">
    <ele>113.3</ele>
   </trkpt>
   <trkpt lat="48.3092110" lon="-70.3311540">
    <ele>113.5</ele>
   </trkpt>
   <trkpt lat="48.3092130" lon="-70.3311410">
    <ele>113.7</ele>
   </trkpt>
   <trkpt lat="48.3092120" lon="-70.3311360">
    <ele>113.8</ele>
   </trkpt>
   <trkpt lat="48.3092110" lon="-70.3311250">
    <ele>113.9</ele>
   </trkpt>
   <trkpt lat="48.3092090" lon="-70.3311190">
    <ele>114.0</ele>
   </trkpt>
   <trkpt lat="48.3092050" lon="-70.3311130">
    <ele>114.1</ele>
   </trkpt>
   <trkpt lat="48.3092160" lon="-70.3311030">
    <ele>114.4</ele>
   </trkpt>
   <trkpt lat="48.3092170" lon="-70.3311070">
    <ele>114.5</ele>
   </trkpt>
   <trkpt lat="48.3092190" lon="-70.3311110">
    <ele>114.5</ele>
   </trkpt>
   <trkpt lat="48.3092210" lon="-70.3311130">
    <ele>114.6</ele>
   </trkpt>
   <trkpt lat="48.3092310" lon="-70.3311060">
    <ele>114.8</ele>
   </trkpt>
   <trkpt lat="48.3092300" lon="-70.3311140">
    <ele>114.9</ele>
   </trkpt>
   <trkpt lat="48.3092290" lon="-70.3311150">
    <ele>114.9</ele>
   </trkpt>
   <trkpt lat="48.3092350" lon="-70.3311140">
    <ele>115.1</ele>
   </trkpt>
   <trkpt lat="48.3092350" lon="-70.3311140">
    <ele>115.1</ele>
   </trkpt>
   <trkpt lat="48.3092350" lon="-70.3311140">
    <ele>115.1</ele>
   </trkpt>
   <trkpt lat="48.3092350" lon="-70.3311140">
    <ele>115.1</ele>
   </trkpt>
   <trkpt lat="48.3092350" lon="-70.3311140">
    <ele>115.1</ele>
   </trkpt>
   <trkpt lat="48.3092350" lon="-70.3311140">
    <ele>115.1</ele>
   </trkpt>
   <trkpt lat="48.3092350" lon="-70.3311140">
    <ele>115.1</ele>
   </trkpt>
   <trkpt lat="48.3092350" lon="-70.3311140">
    <ele>115.1</ele>
   </trkpt>
   <trkpt lat="48.3092570" lon="-70.3311050">
    <ele>115.5</ele>
   </trkpt>
   <trkpt lat="48.3092610" lon="-70.3311010">
    <ele>115.6</ele>
   </trkpt>
   <trkpt lat="48.3092650" lon="-70.3310980">
    <ele>115.7</ele>
   </trkpt>
   <trkpt lat="48.3092690" lon="-70.3310940">
    <ele>115.8</ele>
   </trkpt>
   <trkpt lat="48.3092730" lon="-70.3310910">
    <ele>115.9</ele>
   </trkpt>
   <trkpt lat="48.3092770" lon="-70.3310880">
    <ele>116.0</ele>
   </trkpt>
   <trkpt lat="48.3092810" lon="-70.3310840">
    <ele>116.1</ele>
   </trkpt>
   <trkpt lat="48.3092850" lon="-70.3310810">
    <ele>116.2</ele>
   </trkpt>
   <trkpt lat="48.3092890" lon="-70.3310770">
    <ele>116.3</ele>
   </trkpt>
   <trkpt lat="48.3092930" lon="-70.3310740">
    <ele>116.3</ele>
   </trkpt>
   <trkpt lat="48.3092970" lon="-70.3310700">
    <ele>116.4</ele>
   </trkpt>
   <trkpt lat="48.3093010" lon="-70.3310670">
    <ele>116.5</ele>
   </trkpt>
   <trkpt lat="48.3093050" lon="-70.3310630">
    <ele>116.6</ele>
   </trkpt>
   <trkpt lat="48.3093080" lon="-70.3310610">
    <ele>116.7</ele>
   </trkpt>
   <trkpt lat="48.3093100" lon="-70.3310600">
    <ele>116.7</ele>
   </trkpt>
   <trkpt lat="48.3093130" lon="-70.3310560">
    <ele>116.8</ele>
   </trkpt>
   <trkpt lat="48.3093120" lon="-70.3310460">
    <ele>116.9</ele>
   </trkpt>
   <trkpt lat="48.3093090" lon="-70.3310460">
    <ele>117.0</ele>
   </trkpt>
   <trkpt lat="48.3093080" lon="-70.3310480">
    <ele>117.0</ele>
   </trkpt>
   <trkpt lat="48.3093060" lon="-70.3310390">
    <ele>117.1</ele>
   </trkpt>
   <trkpt lat="48.3093020" lon="-70.3310400">
    <ele>117.2</ele>
   </trkpt>
   <trkpt lat="48.3092970" lon="-70.3310380">
    <ele>117.3</ele>
   </trkpt>
   <trkpt lat="48.3092940" lon="-70.3310360">
    <ele>117.4</ele>
   </trkpt>
   <trkpt lat="48.3092910" lon="-70.3310370">
    <ele>117.5</ele>
   </trkpt>
   <trkpt lat="48.3092890" lon="-70.3310360">
    <ele>117.5</ele>
   </trkpt>
   <trkpt lat="48.3092910" lon="-70.3310320">
    <ele>117.6</ele>
   </trkpt>
   <trkpt lat="48.3092890" lon="-70.3310300">
    <ele>117.6</ele>
   </trkpt>
   <trkpt lat="48.3092890" lon="-70.3310260">
    <ele>117.7</ele>
   </trkpt>
   <trkpt lat="48.3092860" lon="-70.3310250">
    <ele>117.7</ele>
   </trkpt>
   <trkpt lat="48.3092870" lon="-70.3310210">
    <ele>117.8</ele>
   </trkpt>
   <trkpt lat="48.3092860" lon="-70.3310230">
    <ele>117.8</ele>
   </trkpt>
   <trkpt lat="48.3092830" lon="-70.3310250">
    <ele>117.9</ele>
   </trkpt>
   <trkpt lat="48.3092770" lon="-70.3310300">
    <ele>118.0</ele>
   </trkpt>
   <trkpt lat="48.3092720" lon="-70.3310310">
    <ele>118.1</ele>
   </trkpt>
   <trkpt lat="48.3092710" lon="-70.3310290">
    <ele>118.1</ele>
   </trkpt>
   <trkpt lat="48.3092710" lon="-70.3310290">
    <ele>118.1</ele>
   </trkpt>
   <trkpt lat="48.3092700" lon="-70.3310270">
    <ele>118.2</ele>
   </trkpt>
   <trkpt lat="48.3092630" lon="-70.3310310">
    <ele>118.3</ele>
   </trkpt>
   <trkpt lat="48.3092620" lon="-70.3310280">
    <ele>118.3</ele>
   </trkpt>
   <trkpt lat="48.3092590" lon="-70.3310240">
    <ele>118.4</ele>
   </trkpt>
   <trkpt lat="48.3092590" lon="-70.3310230">
    <ele>118.4</ele>
   </trkpt>
   <trkpt lat="48.3092600" lon="-70.3310190">
    <ele>118.5</ele>
   </trkpt>
   <trkpt lat="48.3092570" lon="-70.3310190">
    <ele>118.5</ele>
   </trkpt>
   <trkpt lat="48.3092500" lon="-70.3310200">
    <ele>118.7</ele>
   </trkpt>
   <trkpt lat="48.3092480" lon="-70.3310180">
    <ele>118.7</ele>
   </trkpt>
   <trkpt lat="48.3092320" lon="-70.3310120">
    <ele>119.0</ele>
   </trkpt>
   <trkpt lat="48.3092280" lon="-70.3310110">
    <ele>119.1</ele>
   </trkpt>
   <trkpt lat="48.3092230" lon="-70.3310140">
    <ele>119.2</ele>
   </trkpt>
   <trkpt lat="48.3092140" lon="-70.3310080">
    <ele>119.4</ele>
   </trkpt>
   <trkpt lat="48.3092150" lon="-70.3310100">
    <ele>119.4</ele>
   </trkpt>
   <trkpt lat="48.3092100" lon="-70.3310090">
    <ele>119.5</ele>
   </trkpt>
   <trkpt lat="48.3092080" lon="-70.3310060">
    <ele>119.6</ele>
   </trkpt>
   <trkpt lat="48.3092080" lon="-70.3310050">
    <ele>119.6</ele>
   </trkpt>
   <trkpt lat="48.3092020" lon="-70.3310070">
    <ele>119.7</ele>
   </trkpt>
   <trkpt lat="48.3091990" lon="-70.3310100">
    <ele>119.8</ele>
   </trkpt>
   <trkpt lat="48.3091940" lon="-70.3310100">
    <ele>119.9</ele>
   </trkpt>
   <trkpt lat="48.3091930" lon="-70.3310080">
    <ele>119.9</ele>
   </trkpt>
   <trkpt lat="48.3091890" lon="-70.3310040">
    <ele>120.0</ele>
   </trkpt>
   <trkpt lat="48.3091900" lon="-70.3310040">
    <ele>120.0</ele>
   </trkpt>
   <trkpt lat="48.3091920" lon="-70.3310010">
    <ele>120.1</ele>
   </trkpt>
   <trkpt lat="48.3091850" lon="-70.3309930">
    <ele>120.2</ele>
   </trkpt>
   <trkpt lat="48.3091850" lon="-70.3309930">
    <ele>120.2</ele>
   </trkpt>
   <trkpt lat="48.3091850" lon="-70.3309930">
    <ele>120.2</ele>
   </trkpt>
   <trkpt lat="48.3091850" lon="-70.3309930">
    <ele>120.2</ele>
   </trkpt>
   <trkpt lat="48.3091850" lon="-70.3309930">
    <ele>120.2</ele>
   </trkpt>
   <trkpt lat="48.3091750" lon="-70.3309870">
    <ele>120.4</ele>
   </trkpt>
   <trkpt lat="48.3091700" lon="-70.3309900">
    <ele>120.5</ele>
   </trkpt>
   <trkpt lat="48.3091770" lon="-70.3309900">
    <ele>120.7</ele>
   </trkpt>
   <trkpt lat="48.3091760" lon="-70.3309870">
    <ele>120.7</ele>
   </trkpt>
   <trkpt lat="48.3091760" lon="-70.3309860">
    <ele>120.7</ele>
   </trkpt>
   <trkpt lat="48.3091740" lon="-70.3309790">
    <ele>120.8</ele>
   </trkpt>
   <trkpt lat="48.3091770" lon="-70.3309760">
    <ele>120.9</ele>
   </trkpt>
   <trkpt lat="48.3091740" lon="-70.3309780">
    <ele>121.0</ele>
   </trkpt>
   <trkpt lat="48.3091740" lon="-70.3309780">
    <ele>121.0</ele>
   </trkpt>
   <trkpt lat="48.3091650" lon="-70.3309760">
    <ele>121.1</ele>
   </trkpt>
   <trkpt lat="48.3091650" lon="-70.3309750">
    <ele>121.1</ele>
   </trkpt>
   <trkpt lat="48.3091680" lon="-70.3309730">
    <ele>121.2</ele>
   </trkpt>
   <trkpt lat="48.3091710" lon="-70.3309740">
    <ele>121.3</ele>
   </trkpt>
   <trkpt lat="48.3091660" lon="-70.3309720">
    <ele>121.4</ele>
   </trkpt>
   <trkpt lat="48.3091670" lon="-70.3309700">
    <ele>121.4</ele>
   </trkpt>
   <trkpt lat="48.3091660" lon="-70.3309750">
    <ele>121.5</ele>
   </trkpt>
   <trkpt lat="48.3091650" lon="-70.3309790">
    <ele>121.5</ele>
   </trkpt>
   <trkpt lat="48.3091650" lon="-70.3309780">
    <ele>121.5</ele>
   </trkpt>
   <trkpt lat="48.3091630" lon="-70.3309780">
    <ele>121.6</ele>
   </trkpt>
   <trkpt lat="48.3091670" lon="-70.3309810">
    <ele>121.6</ele>
   </trkpt>
   <trkpt lat="48.3091670" lon="-70.3309810">
    <ele>121.6</ele>
   </trkpt>
   <trkpt lat="48.3091670" lon="-70.3309810">
    <ele>121.6</ele>
   </trkpt>
   <trkpt lat="48.3091710" lon="-70.3309880">
    <ele>121.8</ele>
   </trkpt>
   <trkpt lat="48.3091740" lon="-70.3309890">
    <ele>121.8</ele>
   </trkpt>
   <trkpt lat="48.3091760" lon="-70.3309900">
    <ele>121.9</ele>
   </trkpt>
   <trkpt lat="48.3091770" lon="-70.3309920">
    <ele>121.9</ele>
   </trkpt>
   <trkpt lat="48.3091780" lon="-70.3309950">
    <ele>121.9</ele>
   </trkpt>
   <trkpt lat="48.3091780" lon="-70.3309950">
    <ele>121.9</ele>
   </trkpt>
   <trkpt lat="48.3091810" lon="-70.3309980">
    <ele>122.0</ele>
   </trkpt>
   <trkpt lat="48.3091820" lon="-70.3310000">
    <ele>122.0</ele>
   </trkpt>
   <trkpt lat="48.3091820" lon="-70.3310000">
    <ele>122.0</ele>
   </trkpt>
   <trkpt lat="48.3091820" lon="-70.3310000">
    <ele>122.0</ele>
   </trkpt>
   <trkpt lat="48.3091830" lon="-70.3310040">
    <ele>122.1</ele>
   </trkpt>
   <trkpt lat="48.3091820" lon="-70.3310040">
    <ele>122.1</ele>
   </trkpt>
   <trkpt lat="48.3091770" lon="-70.3310000">
    <ele>122.2</ele>
   </trkpt>
   <trkpt lat="48.3091770" lon="-70.3310040">
    <ele>122.3</ele>
   </trkpt>
   <trkpt lat="48.3091760" lon="-70.3310050">
    <ele>122.3</ele>
   </trkpt>
   <trkpt lat="48.3091790" lon="-70.3310090">
    <ele>122.4</ele>
   </trkpt>
   <trkpt lat="48.3091850" lon="-70.3310100">
    <ele>122.5</ele>
   </trkpt>
   <trkpt lat="48.3091880" lon="-70.3310100">
    <ele>122.5</ele>
   </trkpt>
   <trkpt lat="48.3091900" lon="-70.3310250">
    <ele>122.7</ele>
   </trkpt>
   <trkpt lat="48.3091930" lon="-70.3310210">
    <ele>122.8</ele>
   </trkpt>
   <trkpt lat="48.3091850" lon="-70.3310190">
    <ele>122.9</ele>
   </trkpt>
   <trkpt lat="48.3091860" lon="-70.3310120">
    <ele>123.0</ele>
   </trkpt>
   <trkpt lat="48.3091880" lon="-70.3310090">
    <ele>123.1</ele>
   </trkpt>
   <trkpt lat="48.3091850" lon="-70.3310060">
    <ele>123.2</ele>
   </trkpt>
   <trkpt lat="48.3091840" lon="-70.3310060">
    <ele>123.2</ele>
   </trkpt>
   <trkpt lat="48.3091860" lon="-70.3310090">
    <ele>123.2</ele>
   </trkpt>
   <trkpt lat="48.3091910" lon="-70.3309990">
    <ele>123.4</ele>
   </trkpt>
   <trkpt lat="48.3091880" lon="-70.3309980">
    <ele>123.4</ele>
   </trkpt>
   <trkpt lat="48.3091900" lon="-70.3309920">
    <ele>123.5</ele>
   </trkpt>
   <trkpt lat="48.3091910" lon="-70.3309910">
    <ele>123.5</ele>
   </trkpt>
   <trkpt lat="48.3091900" lon="-70.3309900">
    <ele>123.6</ele>
   </trkpt>
   <trkpt lat="48.3091890" lon="-70.3309910">
    <ele>123.6</ele>
   </trkpt>
   <trkpt lat="48.3091910" lon="-70.3309880">
    <ele>123.6</ele>
   </trkpt>
   <trkpt lat="48.3091920" lon="-70.3309870">
    <ele>123.7</ele>
   </trkpt>
   <trkpt lat="48.3091870" lon="-70.3309910">
    <ele>123.8</ele>
   </trkpt>
   <trkpt lat="48.3091860" lon="-70.3309920">
    <ele>123.8</ele>
   </trkpt>
   <trkpt lat="48.3091860" lon="-70.3309920">
    <ele>123.8</ele>
   </trkpt>
   <trkpt lat="48.3091860" lon="-70.3309920">
    <ele>123.8</ele>
   </trkpt>
   <trkpt lat="48.3091860" lon="-70.3309890">
    <ele>123.8</ele>
   </trkpt>
   <trkpt lat="48.3091870" lon="-70.3309830">
    <ele>123.9</ele>
   </trkpt>
   <trkpt lat="48.3091840" lon="-70.3309810">
    <ele>124.0</ele>
   </trkpt>
   <trkpt lat="48.3091850" lon="-70.3309770">
    <ele>124.0</ele>
   </trkpt>
   <trkpt lat="48.3091840" lon="-70.3309780">
    <ele>124.0</ele>
   </trkpt>
   <trkpt lat="48.3091800" lon="-70.3309800">
    <ele>124.1</ele>
   </trkpt>
   <trkpt lat="48.3091810" lon="-70.3309800">
    <ele>124.1</ele>
   </trkpt>
   <trkpt lat="48.3091810" lon="-70.3309800">
    <ele>124.1</ele>
   </trkpt>
   <trkpt lat="48.3091810" lon="-70.3309800">
    <ele>124.1</ele>
   </trkpt>
   <trkpt lat="48.3091740" lon="-70.3309850">
    <ele>124.3</ele>
   </trkpt>
   <trkpt lat="48.3091700" lon="-70.3309910">
    <ele>124.4</ele>
   </trkpt>
   <trkpt lat="48.3091680" lon="-70.3309830">
    <ele>124.5</ele>
   </trkpt>
   <trkpt lat="48.3091630" lon="-70.3309850">
    <ele>124.6</ele>
   </trkpt>
   <trkpt lat="48.3091690" lon="-70.3309820">
    <ele>124.7</ele>
   </trkpt>
   <trkpt lat="48.3091690" lon="-70.3309820">
    <ele>124.7</ele>
   </trkpt>
   <trkpt lat="48.3091710" lon="-70.3309830">
    <ele>124.8</ele>
   </trkpt>
   <trkpt lat="48.3091730" lon="-70.3309840">
    <ele>124.8</ele>
   </trkpt>
   <trkpt lat="48.3091740" lon="-70.3309830">
    <ele>124.8</ele>
   </trkpt>
   <trkpt lat="48.3091750" lon="-70.3309830">
    <ele>124.8</ele>
   </trkpt>
   <trkpt lat="48.3091750" lon="-70.3309820">
    <ele>124.8</ele>
   </trkpt>
   <trkpt lat="48.3091780" lon="-70.3309820">
    <ele>124.9</ele>
   </trkpt>
   <trkpt lat="48.3091780" lon="-70.3309670">
    <ele>125.1</ele>
   </trkpt>
   <trkpt lat="48.3091820" lon="-70.3309730">
    <ele>125.2</ele>
   </trkpt>
   <trkpt lat="48.3091830" lon="-70.3309760">
    <ele>125.2</ele>
   </trkpt>
   <trkpt lat="48.3091790" lon="-70.3309750">
    <ele>125.3</ele>
   </trkpt>
   <trkpt lat="48.3091800" lon="-70.3309750">
    <ele>125.3</ele>
   </trkpt>
   <trkpt lat="48.3091750" lon="-70.3309750">
    <ele>125.4</ele>
   </trkpt>
   <trkpt lat="48.3091760" lon="-70.3309770">
    <ele>125.5</ele>
   </trkpt>
   <trkpt lat="48.3091780" lon="-70.3309740">
    <ele>125.5</ele>
   </trkpt>
   <trkpt lat="48.3091770" lon="-70.3309750">
    <ele>125.5</ele>
   </trkpt>
   <trkpt lat="48.3091800" lon="-70.3309790">
    <ele>125.6</ele>
   </trkpt>
   <trkpt lat="48.3091780" lon="-70.3309790">
    <ele>125.6</ele>
   </trkpt>
   <trkpt lat="48.3091800" lon="-70.3309760">
    <ele>125.7</ele>
   </trkpt>
   <trkpt lat="48.3091810" lon="-70.3309670">
    <ele>125.8</ele>
   </trkpt>
   <trkpt lat="48.3091820" lon="-70.3309670">
    <ele>125.8</ele>
   </trkpt>
   <trkpt lat="48.3091830" lon="-70.3309670">
    <ele>125.8</ele>
   </trkpt>
   <trkpt lat="48.3091830" lon="-70.3309690">
    <ele>125.9</ele>
   </trkpt>
   <trkpt lat="48.3091850" lon="-70.3309690">
    <ele>125.9</ele>
   </trkpt>
   <trkpt lat="48.3091850" lon="-70.3309670">
    <ele>125.9</ele>
   </trkpt>
   <trkpt lat="48.3091860" lon="-70.3309680">
    <ele>126.0</ele>
   </trkpt>
   <trkpt lat="48.3091870" lon="-70.3309680">
    <ele>126.0</ele>
   </trkpt>
   <trkpt lat="48.3091870" lon="-70.3309680">
    <ele>126.0</ele>
   </trkpt>
   <trkpt lat="48.3091870" lon="-70.3309680">
    <ele>126.0</ele>
   </trkpt>
   <trkpt lat="48.3091870" lon="-70.3309680">
    <ele>126.0</ele>
   </trkpt>
   <trkpt lat="48.3091870" lon="-70.3309680">
    <ele>126.0</ele>
   </trkpt>
   <trkpt lat="48.3091920" lon="-70.3309680">
    <ele>126.1</ele>
   </trkpt>
   <trkpt lat="48.3091920" lon="-70.3309690">
    <ele>126.1</ele>
   </trkpt>
   <trkpt lat="48.3091910" lon="-70.3309700">
    <ele>126.1</ele>
   </trkpt>
   <trkpt lat="48.3091920" lon="-70.3309700">
    <ele>126.1</ele>
   </trkpt>
   <trkpt lat="48.3091940" lon="-70.3309700">
    <ele>126.2</ele>
   </trkpt>
   <trkpt lat="48.3091940" lon="-70.3309710">
    <ele>126.2</ele>
   </trkpt>
   <trkpt lat="48.3091960" lon="-70.3309720">
    <ele>126.2</ele>
   </trkpt>
   <trkpt lat="48.3091960" lon="-70.3309730">
    <ele>126.2</ele>
   </trkpt>
   <trkpt lat="48.3091950" lon="-70.3309730">
    <ele>126.2</ele>
   </trkpt>
   <trkpt lat="48.3091950" lon="-70.3309740">
    <ele>126.3</ele>
   </trkpt>
   <trkpt lat="48.3091930" lon="-70.3309760">
    <ele>126.3</ele>
   </trkpt>
   <trkpt lat="48.3091850" lon="-70.3309790">
    <ele>126.5</ele>
   </trkpt>
   <trkpt lat="48.3091920" lon="-70.3309810">
    <ele>126.6</ele>
   </trkpt>
   <trkpt lat="48.3091940" lon="-70.3309880">
    <ele>126.7</ele>
   </trkpt>
   <trkpt lat="48.3092030" lon="-70.3309960">
    <ele>126.9</ele>
   </trkpt>
   <trkpt lat="48.3092040" lon="-70.3309990">
    <ele>127.0</ele>
   </trkpt>
   <trkpt lat="48.3092050" lon="-70.3309950">
    <ele>127.0</ele>
   </trkpt>
   <trkpt lat="48.3092090" lon="-70.3310040">
    <ele>127.2</ele>
   </trkpt>
   <trkpt lat="48.3092090" lon="-70.3309880">
    <ele>127.4</ele>
   </trkpt>
   <trkpt lat="48.3092110" lon="-70.3309900">
    <ele>127.4</ele>
   </trkpt>
   <trkpt lat="48.3092120" lon="-70.3309960">
    <ele>127.5</ele>
   </trkpt>
   <trkpt lat="48.3092130" lon="-70.3309890">
    <ele>127.6</ele>
   </trkpt>
   <trkpt lat="48.3092140" lon="-70.3309940">
    <ele>127.7</ele>
   </trkpt>
   <trkpt lat="48.3092180" lon="-70.3309990">
    <ele>127.8</ele>
   </trkpt>
   <trkpt lat="48.3092190" lon="-70.3309940">
    <ele>127.9</ele>
   </trkpt>
   <trkpt lat="48.3092190" lon="-70.3309980">
    <ele>127.9</ele>
   </trkpt>
   <trkpt lat="48.3092170" lon="-70.3309960">
    <ele>128.0</ele>
   </trkpt>
   <trkpt lat="48.3092150" lon="-70.3309960">
    <ele>128.0</ele>
   </trkpt>
   <trkpt lat="48.3092170" lon="-70.3309910">
    <ele>128.1</ele>
   </trkpt>
   <trkpt lat="48.3092190" lon="-70.3309920">
    <ele>128.1</ele>
   </trkpt>
   <trkpt lat="48.3092190" lon="-70.3309980">
    <ele>128.2</ele>
   </trkpt>
   <trkpt lat="48.3092170" lon="-70.3310010">
    <ele>128.3</ele>
   </trkpt>
   <trkpt lat="48.3092130" lon="-70.3309990">
    <ele>128.4</ele>
   </trkpt>
   <trkpt lat="48.3092230" lon="-70.3310010">
    <ele>128.6</ele>
   </trkpt>
   <trkpt lat="48.3092220" lon="-70.3310040">
    <ele>128.6</ele>
   </trkpt>
   <trkpt lat="48.3092280" lon="-70.3310070">
    <ele>128.8</ele>
   </trkpt>
   <trkpt lat="48.3092340" lon="-70.3310060">
    <ele>128.9</ele>
   </trkpt>
   <trkpt lat="48.3092380" lon="-70.3310040">
    <ele>129.0</ele>
   </trkpt>
   <trkpt lat="48.3092410" lon="-70.3310050">
    <ele>129.1</ele>
   </trkpt>
   <trkpt lat="48.3092470" lon="-70.3310050">
    <ele>129.2</ele>
   </trkpt>
   <trkpt lat="48.3092560" lon="-70.3310080">
    <ele>129.4</ele>
   </trkpt>
   <trkpt lat="48.3092640" lon="-70.3310190">
    <ele>129.7</ele>
   </trkpt>
   <trkpt lat="48.3092700" lon="-70.3310160">
    <ele>129.8</ele>
   </trkpt>
   <trkpt lat="48.3092690" lon="-70.3310180">
    <ele>129.8</ele>
   </trkpt>
   <trkpt lat="48.3092770" lon="-70.3310290">
    <ele>130.1</ele>
   </trkpt>
   <trkpt lat="48.3092790" lon="-70.3310240">
    <ele>130.2</ele>
   </trkpt>
   <trkpt lat="48.3092830" lon="-70.3310290">
    <ele>130.3</ele>
   </trkpt>
   <trkpt lat="48.3092870" lon="-70.3310300">
    <ele>130.4</ele>
   </trkpt>
   <trkpt lat="48.3092900" lon="-70.3310350">
    <ele>130.5</ele>
   </trkpt>
   <trkpt lat="48.3092920" lon="-70.3310370">
    <ele>130.5</ele>
   </trkpt>
   <trkpt lat="48.3092970" lon="-70.3310410">
    <ele>130.7</ele>
   </trkpt>
   <trkpt lat="48.3093050" lon="-70.3310390">
    <ele>130.9</ele>
   </trkpt>
   <trkpt lat="48.3093100" lon="-70.3310310">
    <ele>131.1</ele>
   </trkpt>
   <trkpt lat="48.3093150" lon="-70.3310290">
    <ele>131.2</ele>
   </trkpt>
   <trkpt lat="48.3093240" lon="-70.3310310">
    <ele>131.4</ele>
   </trkpt>
   <trkpt lat="48.3093330" lon="-70.3310260">
    <ele>131.6</ele>
   </trkpt>
   <trkpt lat="48.3093310" lon="-70.3310290">
    <ele>131.7</ele>
   </trkpt>
   <trkpt lat="48.3093310" lon="-70.3310290">
    <ele>131.7</ele>
   </trkpt>
   <trkpt lat="48.3093360" lon="-70.3310310">
    <ele>131.8</ele>
   </trkpt>
   <trkpt lat="48.3093380" lon="-70.3310300">
    <ele>131.9</ele>
   </trkpt>
   <trkpt lat="48.3093400" lon="-70.3310360">
    <ele>132.0</ele>
   </trkpt>
   <trkpt lat="48.3093390" lon="-70.3310340">
    <ele>132.0</ele>
   </trkpt>
   <trkpt lat="48.3093420" lon="-70.3310370">
    <ele>132.1</ele>
   </trkpt>
   <trkpt lat="48.3093460" lon="-70.3310330">
    <ele>132.2</ele>
   </trkpt>
   <trkpt lat="48.3093490" lon="-70.3310070">
    <ele>132.7</ele>
   </trkpt>
   <trkpt lat="48.3093510" lon="-70.3310120">
    <ele>132.8</ele>
   </trkpt>
   <trkpt lat="48.3093550" lon="-70.3310080">
    <ele>132.9</ele>
   </trkpt>
   <trkpt lat="48.3093620" lon="-70.3310010">
    <ele>133.1</ele>
   </trkpt>
   <trkpt lat="48.3093630" lon="-70.3309980">
    <ele>133.1</ele>
   </trkpt>
   <trkpt lat="48.3093610" lon="-70.3309920">
    <ele>133.3</ele>
   </trkpt>
   <trkpt lat="48.3093680" lon="-70.3309840">
    <ele>133.5</ele>
   </trkpt>
   <trkpt lat="48.3093660" lon="-70.3309650">
    <ele>133.8</ele>
   </trkpt>
   <trkpt lat="48.3093720" lon="-70.3309580">
    <ele>134.0</ele>
   </trkpt>
   <trkpt lat="48.3093780" lon="-70.3309580">
    <ele>134.1</ele>
   </trkpt>
   <trkpt lat="48.3093850" lon="-70.3309520">
    <ele>134.3</ele>
   </trkpt>
   <trkpt lat="48.3093950" lon="-70.3309430">
    <ele>134.6</ele>
   </trkpt>
   <trkpt lat="48.3093990" lon="-70.3309380">
    <ele>134.8</ele>
   </trkpt>
   <trkpt lat="48.3094000" lon="-70.3309310">
    <ele>134.9</ele>
   </trkpt>
   <trkpt lat="48.3094050" lon="-70.3309300">
    <ele>135.0</ele>
   </trkpt>
   <trkpt lat="48.3094090" lon="-70.3309330">
    <ele>135.1</ele>
   </trkpt>
   <trkpt lat="48.3094040" lon="-70.3309300">
    <ele>135.2</ele>
   </trkpt>
   <trkpt lat="48.3094090" lon="-70.3309270">
    <ele>135.4</ele>
   </trkpt>
   <trkpt lat="48.3094110" lon="-70.3309360">
    <ele>135.5</ele>
   </trkpt>
   <trkpt lat="48.3094140" lon="-70.3309340">
    <ele>135.6</ele>
   </trkpt>
   <trkpt lat="48.3094170" lon="-70.3309360">
    <ele>135.7</ele>
   </trkpt>
   <trkpt lat="48.3094160" lon="-70.3309380">
    <ele>135.7</ele>
   </trkpt>
   <trkpt lat="48.3094140" lon="-70.3309420">
    <ele>135.8</ele>
   </trkpt>
   <trkpt lat="48.3094120" lon="-70.3309350">
    <ele>136.0</ele>
   </trkpt>
   <trkpt lat="48.3094160" lon="-70.3309140">
    <ele>136.3</ele>
   </trkpt>
   <trkpt lat="48.3094150" lon="-70.3309050">
    <ele>136.5</ele>
   </trkpt>
   <trkpt lat="48.3094230" lon="-70.3308970">
    <ele>136.7</ele>
   </trkpt>
   <trkpt lat="48.3094220" lon="-70.3308860">
    <ele>136.9</ele>
   </trkpt>
   <trkpt lat="48.3094230" lon="-70.3308810">
    <ele>137.0</ele>
   </trkpt>
   <trkpt lat="48.3094310" lon="-70.3308690">
    <ele>137.3</ele>
   </trkpt>
   <trkpt lat="48.3094290" lon="-70.3308690">
    <ele>137.3</ele>
   </trkpt>
   <trkpt lat="48.3094410" lon="-70.3308620">
    <ele>137.6</ele>
   </trkpt>
   <trkpt lat="48.3094470" lon="-70.3308510">
    <ele>137.9</ele>
   </trkpt>
   <trkpt lat="48.3094480" lon="-70.3308490">
    <ele>137.9</ele>
   </trkpt>
   <trkpt lat="48.3094430" lon="-70.3308400">
    <ele>138.1</ele>
   </trkpt>
   <trkpt lat="48.3094390" lon="-70.3308200">
    <ele>138.5</ele>
   </trkpt>
   <trkpt lat="48.3094410" lon="-70.3308030">
    <ele>138.8</ele>
   </trkpt>
   <trkpt lat="48.3094550" lon="-70.3307920">
    <ele>139.2</ele>
   </trkpt>
   <trkpt lat="48.3094630" lon="-70.3307810">
    <ele>139.4</ele>
   </trkpt>
   <trkpt lat="48.3094610" lon="-70.3307700">
    <ele>139.6</ele>
   </trkpt>
   <trkpt lat="48.3094690" lon="-70.3307690">
    <ele>139.8</ele>
   </trkpt>
   <trkpt lat="48.3094700" lon="-70.3307700">
    <ele>139.9</ele>
   </trkpt>
   <trkpt lat="48.3094740" lon="-70.3307780">
    <ele>140.0</ele>
   </trkpt>
   <trkpt lat="48.3094830" lon="-70.3307760">
    <ele>140.2</ele>
   </trkpt>
   <trkpt lat="48.3094840" lon="-70.3307800">
    <ele>140.3</ele>
   </trkpt>
   <trkpt lat="48.3094860" lon="-70.3307870">
    <ele>140.4</ele>
   </trkpt>
   <trkpt lat="48.3094860" lon="-70.3307850">
    <ele>140.5</ele>
   </trkpt>
   <trkpt lat="48.3094930" lon="-70.3307880">
    <ele>140.7</ele>
   </trkpt>
   <trkpt lat="48.3094970" lon="-70.3307930">
    <ele>140.8</ele>
   </trkpt>
   <trkpt lat="48.3095080" lon="-70.3307920">
    <ele>141.1</ele>
   </trkpt>
   <trkpt lat="48.3095100" lon="-70.3307980">
    <ele>141.2</ele>
   </trkpt>
   <trkpt lat="48.3095130" lon="-70.3308060">
    <ele>141.3</ele>
   </trkpt>
   <trkpt lat="48.3095020" lon="-70.3308030">
    <ele>141.6</ele>
   </trkpt>
   <trkpt lat="48.3095050" lon="-70.3308000">
    <ele>141.7</ele>
   </trkpt>
   <trkpt lat="48.3095070" lon="-70.3307990">
    <ele>141.8</ele>
   </trkpt>
   <trkpt lat="48.3095090" lon="-70.3308020">
    <ele>141.8</ele>
   </trkpt>
   <trkpt lat="48.3095080" lon="-70.3308070">
    <ele>141.9</ele>
   </trkpt>
   <trkpt lat="48.3095080" lon="-70.3308060">
    <ele>141.9</ele>
   </trkpt>
   <trkpt lat="48.3095080" lon="-70.3308020">
    <ele>142.0</ele>
   </trkpt>
   <trkpt lat="48.3095080" lon="-70.3308090">
    <ele>142.1</ele>
   </trkpt>
   <trkpt lat="48.3095100" lon="-70.3308070">
    <ele>142.2</ele>
   </trkpt>
   <trkpt lat="48.3094970" lon="-70.3308030">
    <ele>142.5</ele>
   </trkpt>
   <trkpt lat="48.3095000" lon="-70.3307970">
    <ele>142.6</ele>
   </trkpt>
   <trkpt lat="48.3095000" lon="-70.3307810">
    <ele>142.9</ele>
   </trkpt>
   <trkpt lat="48.3094940" lon="-70.3307750">
    <ele>143.1</ele>
   </trkpt>
   <trkpt lat="48.3094920" lon="-70.3307710">
    <ele>143.2</ele>
   </trkpt>
   <trkpt lat="48.3094890" lon="-70.3307630">
    <ele>143.3</ele>
   </trkpt>
   <trkpt lat="48.3094910" lon="-70.3307600">
    <ele>143.4</ele>
   </trkpt>
   <trkpt lat="48.3094880" lon="-70.3307540">
    <ele>143.5</ele>
   </trkpt>
   <trkpt lat="48.3094880" lon="-70.3307490">
    <ele>143.6</ele>
   </trkpt>
   <trkpt lat="48.3094860" lon="-70.3307400">
    <ele>143.8</ele>
   </trkpt>
   <trkpt lat="48.3094890" lon="-70.3307380">
    <ele>143.8</ele>
   </trkpt>
   <trkpt lat="48.3094840" lon="-70.3307170">
    <ele>144.2</ele>
   </trkpt>
   <trkpt lat="48.3094880" lon="-70.3306960">
    <ele>144.5</ele>
   </trkpt>
   <trkpt lat="48.3094820" lon="-70.3306830">
    <ele>144.7</ele>
   </trkpt>
   <trkpt lat="48.3094830" lon="-70.3306730">
    <ele>144.9</ele>
   </trkpt>
   <trkpt lat="48.3094820" lon="-70.3306640">
    <ele>145.0</ele>
   </trkpt>
   <trkpt lat="48.3094800" lon="-70.3306530">
    <ele>145.2</ele>
   </trkpt>
   <trkpt lat="48.3094810" lon="-70.3306480">
    <ele>145.3</ele>
   </trkpt>
   <trkpt lat="48.3094810" lon="-70.3306480">
    <ele>145.3</ele>
   </trkpt>
   <trkpt lat="48.3094850" lon="-70.3306450">
    <ele>145.4</ele>
   </trkpt>
   <trkpt lat="48.3094840" lon="-70.3306470">
    <ele>145.4</ele>
   </trkpt>
   <trkpt lat="48.3094850" lon="-70.3306380">
    <ele>145.5</ele>
   </trkpt>
   <trkpt lat="48.3094920" lon="-70.3306390">
    <ele>145.7</ele>
   </trkpt>
   <trkpt lat="48.3094990" lon="-70.3306350">
    <ele>145.8</ele>
   </trkpt>
   <trkpt lat="48.3094980" lon="-70.3306230">
    <ele>146.0</ele>
   </trkpt>
   <trkpt lat="48.3095020" lon="-70.3306150">
    <ele>146.1</ele>
   </trkpt>
   <trkpt lat="48.3095010" lon="-70.3306120">
    <ele>146.2</ele>
   </trkpt>
   <trkpt lat="48.3095050" lon="-70.3306050">
    <ele>146.3</ele>
   </trkpt>
   <trkpt lat="48.3095000" lon="-70.3305980">
    <ele>146.5</ele>
   </trkpt>
   <trkpt lat="48.3095000" lon="-70.3305990">
    <ele>146.5</ele>
   </trkpt>
   <trkpt lat="48.3095000" lon="-70.3305990">
    <ele>146.5</ele>
   </trkpt>
   <trkpt lat="48.3095010" lon="-70.3305800">
    <ele>146.7</ele>
   </trkpt>
   <trkpt lat="48.3095020" lon="-70.3305760">
    <ele>146.8</ele>
   </trkpt>
   <trkpt lat="48.3095010" lon="-70.3305730">
    <ele>146.8</ele>
   </trkpt>
   <trkpt lat="48.3095050" lon="-70.3305790">
    <ele>146.9</ele>
   </trkpt>
   <trkpt lat="48.3095030" lon="-70.3305820">
    <ele>147.0</ele>
   </trkpt>
   <trkpt lat="48.3095070" lon="-70.3305900">
    <ele>147.1</ele>
   </trkpt>
   <trkpt lat="48.3095080" lon="-70.3305920">
    <ele>147.1</ele>
   </trkpt>
   <trkpt lat="48.3095090" lon="-70.3305950">
    <ele>147.2</ele>
   </trkpt>
   <trkpt lat="48.3095110" lon="-70.3305900">
    <ele>147.2</ele>
   </trkpt>
   <trkpt lat="48.3095100" lon="-70.3305960">
    <ele>147.3</ele>
   </trkpt>
   <trkpt lat="48.3095130" lon="-70.3305950">
    <ele>147.4</ele>
   </trkpt>
   <trkpt lat="48.3095140" lon="-70.3305900">
    <ele>147.4</ele>
   </trkpt>
   <trkpt lat="48.3095180" lon="-70.3305890">
    <ele>147.5</ele>
   </trkpt>
   <trkpt lat="48.3095290" lon="-70.3305930">
    <ele>147.7</ele>
   </trkpt>
   <trkpt lat="48.3095300" lon="-70.3305920">
    <ele>147.7</ele>
   </trkpt>
   <trkpt lat="48.3095390" lon="-70.3305950">
    <ele>147.9</ele>
   </trkpt>
   <trkpt lat="48.3095460" lon="-70.3305990">
    <ele>148.0</ele>
   </trkpt>
   <trkpt lat="48.3095510" lon="-70.3306010">
    <ele>148.1</ele>
   </trkpt>
   <trkpt lat="48.3095560" lon="-70.3306050">
    <ele>148.2</ele>
   </trkpt>
   <trkpt lat="48.3095590" lon="-70.3306140">
    <ele>148.3</ele>
   </trkpt>
   <trkpt lat="48.3095650" lon="-70.3306160">
    <ele>148.4</ele>
   </trkpt>
   <trkpt lat="48.3095700" lon="-70.3306140">
    <ele>148.5</ele>
   </trkpt>
   <trkpt lat="48.3095680" lon="-70.3306210">
    <ele>148.6</ele>
   </trkpt>
   <trkpt lat="48.3095730" lon="-70.3306250">
    <ele>148.7</ele>
   </trkpt>
   <trkpt lat="48.3095810" lon="-70.3306390">
    <ele>148.9</ele>
   </trkpt>
   <trkpt lat="48.3095740" lon="-70.3306350">
    <ele>149.0</ele>
   </trkpt>
   <trkpt lat="48.3095780" lon="-70.3306450">
    <ele>149.2</ele>
   </trkpt>
   <trkpt lat="48.3095820" lon="-70.3306490">
    <ele>149.2</ele>
   </trkpt>
   <trkpt lat="48.3095870" lon="-70.3306490">
    <ele>149.3</ele>
   </trkpt>
   <trkpt lat="48.3095920" lon="-70.3306480">
    <ele>149.4</ele>
   </trkpt>
   <trkpt lat="48.3095950" lon="-70.3306510">
    <ele>149.5</ele>
   </trkpt>
   <trkpt lat="48.3095990" lon="-70.3306510">
    <ele>149.5</ele>
   </trkpt>
   <trkpt lat="48.3096020" lon="-70.3306500">
    <ele>149.6</ele>
   </trkpt>
   <trkpt lat="48.3096060" lon="-70.3306520">
    <ele>149.6</ele>
   </trkpt>
   <trkpt lat="48.3096070" lon="-70.3306540">
    <ele>149.7</ele>
   </trkpt>
   <trkpt lat="48.3096100" lon="-70.3306510">
    <ele>149.7</ele>
   </trkpt>
   <trkpt lat="48.3096090" lon="-70.3306520">
    <ele>149.7</ele>
   </trkpt>
   <trkpt lat="48.3096180" lon="-70.3306610">
    <ele>149.9</ele>
   </trkpt>
   <trkpt lat="48.3096190" lon="-70.3306700">
    <ele>150.0</ele>
   </trkpt>
   <trkpt lat="48.3096180" lon="-70.3306890">
    <ele>150.2</ele>
   </trkpt>
   <trkpt lat="48.3096200" lon="-70.3306890">
    <ele>150.2</ele>
   </trkpt>
   <trkpt lat="48.3096200" lon="-70.3307020">
    <ele>150.3</ele>
   </trkpt>
   <trkpt lat="48.3096240" lon="-70.3307060">
    <ele>150.4</ele>
   </trkpt>
   <trkpt lat="48.3096190" lon="-70.3307090">
    <ele>150.5</ele>
   </trkpt>
   <trkpt lat="48.3096180" lon="-70.3307120">
    <ele>150.5</ele>
   </trkpt>
   <trkpt lat="48.3096180" lon="-70.3307120">
    <ele>150.5</ele>
   </trkpt>
   <trkpt lat="48.3096160" lon="-70.3307150">
    <ele>150.6</ele>
   </trkpt>
   <trkpt lat="48.3096170" lon="-70.3307170">
    <ele>150.6</ele>
   </trkpt>
   <trkpt lat="48.3096250" lon="-70.3307170">
    <ele>150.7</ele>
   </trkpt>
   <trkpt lat="48.3096350" lon="-70.3307200">
    <ele>150.9</ele>
   </trkpt>
   <trkpt lat="48.3096460" lon="-70.3307260">
    <ele>151.0</ele>
   </trkpt>
   <trkpt lat="48.3096590" lon="-70.3307230">
    <ele>151.2</ele>
   </trkpt>
   <trkpt lat="48.3096510" lon="-70.3307160">
    <ele>151.3</ele>
   </trkpt>
   <trkpt lat="48.3096540" lon="-70.3307110">
    <ele>151.4</ele>
   </trkpt>
   <trkpt lat="48.3096580" lon="-70.3306990">
    <ele>151.5</ele>
   </trkpt>
   <trkpt lat="48.3096630" lon="-70.3306890">
    <ele>151.6</ele>
   </trkpt>
   <trkpt lat="48.3096750" lon="-70.3306810">
    <ele>151.8</ele>
   </trkpt>
   <trkpt lat="48.3096820" lon="-70.3306730">
    <ele>151.9</ele>
   </trkpt>
   <trkpt lat="48.3096850" lon="-70.3306690">
    <ele>152.0</ele>
   </trkpt>
   <trkpt lat="48.3096800" lon="-70.3306800">
    <ele>152.1</ele>
   </trkpt>
   <trkpt lat="48.3096840" lon="-70.3306790">
    <ele>152.2</ele>
   </trkpt>
   <trkpt lat="48.3096880" lon="-70.3306800">
    <ele>152.2</ele>
   </trkpt>
   <trkpt lat="48.3096890" lon="-70.3306850">
    <ele>152.3</ele>
   </trkpt>
   <trkpt lat="48.3096850" lon="-70.3306860">
    <ele>152.3</ele>
   </trkpt>
   <trkpt lat="48.3096850" lon="-70.3306870">
    <ele>152.3</ele>
   </trkpt>
   <trkpt lat="48.3096880" lon="-70.3306940">
    <ele>152.4</ele>
   </trkpt>
   <trkpt lat="48.3096960" lon="-70.3307050">
    <ele>152.5</ele>
   </trkpt>
   <trkpt lat="48.3096980" lon="-70.3307100">
    <ele>152.6</ele>
   </trkpt>
   <trkpt lat="48.3096990" lon="-70.3307260">
    <ele>152.7</ele>
   </trkpt>
   <trkpt lat="48.3096990" lon="-70.3307330">
    <ele>152.8</ele>
   </trkpt>
   <trkpt lat="48.3096910" lon="-70.3307340">
    <ele>152.9</ele>
   </trkpt>
   <trkpt lat="48.3096910" lon="-70.3307420">
    <ele>153.0</ele>
   </trkpt>
   <trkpt lat="48.3096920" lon="-70.3307570">
    <ele>153.1</ele>
   </trkpt>
   <trkpt lat="48.3096960" lon="-70.3307700">
    <ele>153.2</ele>
   </trkpt>
   <trkpt lat="48.3097060" lon="-70.3307780">
    <ele>153.4</ele>
   </trkpt>
   <trkpt lat="48.3097060" lon="-70.3307810">
    <ele>153.4</ele>
   </trkpt>
   <trkpt lat="48.3097020" lon="-70.3307850">
    <ele>153.5</ele>
   </trkpt>
   <trkpt lat="48.3097040" lon="-70.3307940">
    <ele>153.5</ele>
   </trkpt>
   <trkpt lat="48.3097030" lon="-70.3308030">
    <ele>153.6</ele>
   </trkpt>
   <trkpt lat="48.3097070" lon="-70.3308060">
    <ele>153.7</ele>
   </trkpt>
   <trkpt lat="48.3097090" lon="-70.3308160">
    <ele>153.8</ele>
   </trkpt>
   <trkpt lat="48.3097130" lon="-70.3308240">
    <ele>153.9</ele>
   </trkpt>
   <trkpt lat="48.3097170" lon="-70.3308340">
    <ele>154.0</ele>
   </trkpt>
   <trkpt lat="48.3097200" lon="-70.3308450">
    <ele>154.1</ele>
   </trkpt>
   <trkpt lat="48.3097210" lon="-70.3308480">
    <ele>154.1</ele>
   </trkpt>
   <trkpt lat="48.3097260" lon="-70.3308560">
    <ele>154.2</ele>
   </trkpt>
   <trkpt lat="48.3097290" lon="-70.3308580">
    <ele>154.2</ele>
   </trkpt>
   <trkpt lat="48.3097290" lon="-70.3308540">
    <ele>154.3</ele>
   </trkpt>
   <trkpt lat="48.3097290" lon="-70.3308490">
    <ele>154.3</ele>
   </trkpt>
   <trkpt lat="48.3097320" lon="-70.3308490">
    <ele>154.4</ele>
   </trkpt>
   <trkpt lat="48.3097340" lon="-70.3308560">
    <ele>154.4</ele>
   </trkpt>
   <trkpt lat="48.3097400" lon="-70.3308530">
    <ele>154.5</ele>
   </trkpt>
   <trkpt lat="48.3097350" lon="-70.3308510">
    <ele>154.6</ele>
   </trkpt>
   <trkpt lat="48.3097390" lon="-70.3308420">
    <ele>154.7</ele>
   </trkpt>
   <trkpt lat="48.3097380" lon="-70.3308380">
    <ele>154.7</ele>
   </trkpt>
   <trkpt lat="48.3097500" lon="-70.3308220">
    <ele>155.0</ele>
   </trkpt>
   <trkpt lat="48.3097500" lon="-70.3308170">
    <ele>155.0</ele>
   </trkpt>
   <trkpt lat="48.3097480" lon="-70.3308140">
    <ele>155.1</ele>
   </trkpt>
   <trkpt lat="48.3097510" lon="-70.3307950">
    <ele>155.2</ele>
   </trkpt>
   <trkpt lat="48.3097600" lon="-70.3307950">
    <ele>155.4</ele>
   </trkpt>
   <trkpt lat="48.3097580" lon="-70.3307970">
    <ele>155.4</ele>
   </trkpt>
   <trkpt lat="48.3097650" lon="-70.3307930">
    <ele>155.5</ele>
   </trkpt>
   <trkpt lat="48.3097700" lon="-70.3307900">
    <ele>155.6</ele>
   </trkpt>
   <trkpt lat="48.3097720" lon="-70.3307830">
    <ele>155.7</ele>
   </trkpt>
   <trkpt lat="48.3097740" lon="-70.3307810">
    <ele>155.7</ele>
   </trkpt>
   <trkpt lat="48.3097760" lon="-70.3307860">
    <ele>155.8</ele>
   </trkpt>
   <trkpt lat="48.3097750" lon="-70.3307840">
    <ele>155.8</ele>
   </trkpt>
   <trkpt lat="48.3097710" lon="-70.3307830">
    <ele>155.9</ele>
   </trkpt>
   <trkpt lat="48.3097700" lon="-70.3307890">
    <ele>155.9</ele>
   </trkpt>
   <trkpt lat="48.3097720" lon="-70.3307730">
    <ele>156.1</ele>
   </trkpt>
   <trkpt lat="48.3097680" lon="-70.3307630">
    <ele>156.2</ele>
   </trkpt>
   <trkpt lat="48.3097670" lon="-70.3307500">
    <ele>156.4</ele>
   </trkpt>
   <trkpt lat="48.3097690" lon="-70.3307420">
    <ele>156.5</ele>
   </trkpt>
   <trkpt lat="48.3097670" lon="-70.3307300">
    <ele>156.6</ele>
   </trkpt>
   <trkpt lat="48.3097620" lon="-70.3307200">
    <ele>156.8</ele>
   </trkpt>
   <trkpt lat="48.3097620" lon="-70.3307050">
    <ele>156.9</ele>
   </trkpt>
   <trkpt lat="48.3097590" lon="-70.3306970">
    <ele>157.0</ele>
   </trkpt>
   <trkpt lat="48.3097500" lon="-70.3306890">
    <ele>157.2</ele>
   </trkpt>
   <trkpt lat="48.3097460" lon="-70.3306760">
    <ele>157.4</ele>
   </trkpt>
   <trkpt lat="48.3097480" lon="-70.3306660">
    <ele>157.5</ele>
   </trkpt>
   <trkpt lat="48.3097500" lon="-70.3306570">
    <ele>157.6</ele>
   </trkpt>
   <trkpt lat="48.3097470" lon="-70.3306520">
    <ele>157.7</ele>
   </trkpt>
   <trkpt lat="48.3097470" lon="-70.3306400">
    <ele>157.8</ele>
   </trkpt>
   <trkpt lat="48.3097450" lon="-70.3306350">
    <ele>157.9</ele>
   </trkpt>
   <trkpt lat="48.3097430" lon="-70.3306240">
    <ele>158.1</ele>
   </trkpt>
   <trkpt lat="48.3097410" lon="-70.3306150">
    <ele>158.2</ele>
   </trkpt>
   <trkpt lat="48.3097450" lon="-70.3306040">
    <ele>158.3</ele>
   </trkpt>
   <trkpt lat="48.3097470" lon="-70.3305830">
    <ele>158.6</ele>
   </trkpt>
   <trkpt lat="48.3097380" lon="-70.3305760">
    <ele>158.8</ele>
   </trkpt>
   <trkpt lat="48.3097390" lon="-70.3305610">
    <ele>159.0</ele>
   </trkpt>
   <trkpt lat="48.3097370" lon="-70.3305450">
    <ele>159.2</ele>
   </trkpt>
   <trkpt lat="48.3097380" lon="-70.3305330">
    <ele>159.3</ele>
   </trkpt>
   <trkpt lat="48.3097370" lon="-70.3305250">
    <ele>159.4</ele>
   </trkpt>
   <trkpt lat="48.3097320" lon="-70.3305170">
    <ele>159.6</ele>
   </trkpt>
   <trkpt lat="48.3097270" lon="-70.3305110">
    <ele>159.7</ele>
   </trkpt>
   <trkpt lat="48.3097200" lon="-70.3304990">
    <ele>159.9</ele>
   </trkpt>
   <trkpt lat="48.3097230" lon="-70.3304840">
    <ele>160.1</ele>
   </trkpt>
   <trkpt lat="48.3097220" lon="-70.3304660">
    <ele>160.3</ele>
   </trkpt>
   <trkpt lat="48.3097190" lon="-70.3304480">
    <ele>160.6</ele>
   </trkpt>
   <trkpt lat="48.3097200" lon="-70.3304250">
    <ele>160.9</ele>
   </trkpt>
   <trkpt lat="48.3097220" lon="-70.3304010">
    <ele>161.2</ele>
   </trkpt>
   <trkpt lat="48.3097240" lon="-70.3303820">
    <ele>161.4</ele>
   </trkpt>
   <trkpt lat="48.3097250" lon="-70.3303680">
    <ele>161.6</ele>
   </trkpt>
   <trkpt lat="48.3097220" lon="-70.3303560">
    <ele>161.8</ele>
   </trkpt>
   <trkpt lat="48.3097260" lon="-70.3303420">
    <ele>162.0</ele>
   </trkpt>
   <trkpt lat="48.3097240" lon="-70.3303280">
    <ele>162.2</ele>
   </trkpt>
   <trkpt lat="48.3097230" lon="-70.3303170">
    <ele>162.3</ele>
   </trkpt>
   <trkpt lat="48.3097210" lon="-70.3303080">
    <ele>162.4</ele>
   </trkpt>
   <trkpt lat="48.3097220" lon="-70.3302940">
    <ele>162.6</ele>
   </trkpt>
   <trkpt lat="48.3097190" lon="-70.3302910">
    <ele>162.7</ele>
   </trkpt>
   <trkpt lat="48.3097210" lon="-70.3302780">
    <ele>162.9</ele>
   </trkpt>
   <trkpt lat="48.3097170" lon="-70.3302680">
    <ele>163.0</ele>
   </trkpt>
   <trkpt lat="48.3097160" lon="-70.3302620">
    <ele>163.1</ele>
   </trkpt>
   <trkpt lat="48.3097100" lon="-70.3302610">
    <ele>163.2</ele>
   </trkpt>
   <trkpt lat="48.3097090" lon="-70.3302510">
    <ele>163.4</ele>
   </trkpt>
   <trkpt lat="48.3097130" lon="-70.3302340">
    <ele>163.6</ele>
   </trkpt>
   <trkpt lat="48.3097140" lon="-70.3302230">
    <ele>163.8</ele>
   </trkpt>
   <trkpt lat="48.3097130" lon="-70.3302100">
    <ele>164.0</ele>
   </trkpt>
   <trkpt lat="48.3097130" lon="-70.3302070">
    <ele>164.0</ele>
   </trkpt>
   <trkpt lat="48.3097180" lon="-70.3301920">
    <ele>164.2</ele>
   </trkpt>
   <trkpt lat="48.3097120" lon="-70.3301810">
    <ele>164.4</ele>
   </trkpt>
   <trkpt lat="48.3097110" lon="-70.3301780">
    <ele>164.5</ele>
   </trkpt>
   <trkpt lat="48.3097110" lon="-70.3301650">
    <ele>164.6</ele>
   </trkpt>
   <trkpt lat="48.3097130" lon="-70.3301530">
    <ele>164.8</ele>
   </trkpt>
   <trkpt lat="48.3097180" lon="-70.3301370">
    <ele>165.0</ele>
   </trkpt>
   <trkpt lat="48.3097150" lon="-70.3301250">
    <ele>165.2</ele>
   </trkpt>
   <trkpt lat="48.3097210" lon="-70.3301150">
    <ele>165.4</ele>
   </trkpt>
   <trkpt lat="48.3097200" lon="-70.3300950">
    <ele>165.7</ele>
   </trkpt>
   <trkpt lat="48.3097220" lon="-70.3300830">
    <ele>165.9</ele>
   </trkpt>
   <trkpt lat="48.3097220" lon="-70.3300730">
    <ele>166.0</ele>
   </trkpt>
   <trkpt lat="48.3097230" lon="-70.3300590">
    <ele>166.2</ele>
   </trkpt>
   <trkpt lat="48.3097180" lon="-70.3300460">
    <ele>166.4</ele>
   </trkpt>
   <trkpt lat="48.3097200" lon="-70.3300360">
    <ele>166.6</ele>
   </trkpt>
   <trkpt lat="48.3097240" lon="-70.3300310">
    <ele>166.7</ele>
   </trkpt>
   <trkpt lat="48.3097260" lon="-70.3300170">
    <ele>166.9</ele>
   </trkpt>
   <trkpt lat="48.3097280" lon="-70.3300020">
    <ele>167.1</ele>
   </trkpt>
   <trkpt lat="48.3097310" lon="-70.3299970">
    <ele>167.2</ele>
   </trkpt>
   <trkpt lat="48.3097300" lon="-70.3299820">
    <ele>167.5</ele>
   </trkpt>
   <trkpt lat="48.3097290" lon="-70.3299730">
    <ele>167.6</ele>
   </trkpt>
   <trkpt lat="48.3097280" lon="-70.3299580">
    <ele>167.8</ele>
   </trkpt>
   <trkpt lat="48.3097280" lon="-70.3299450">
    <ele>168.0</ele>
   </trkpt>
   <trkpt lat="48.3097330" lon="-70.3299350">
    <ele>168.2</ele>
   </trkpt>
   <trkpt lat="48.3097380" lon="-70.3299230">
    <ele>168.4</ele>
   </trkpt>
   <trkpt lat="48.3097440" lon="-70.3299070">
    <ele>168.7</ele>
   </trkpt>
   <trkpt lat="48.3097440" lon="-70.3299010">
    <ele>168.8</ele>
   </trkpt>
   <trkpt lat="48.3097440" lon="-70.3298930">
    <ele>168.9</ele>
   </trkpt>
   <trkpt lat="48.3097420" lon="-70.3298880">
    <ele>169.0</ele>
   </trkpt>
   <trkpt lat="48.3097460" lon="-70.3298770">
    <ele>169.2</ele>
   </trkpt>
   <trkpt lat="48.3097470" lon="-70.3298640">
    <ele>169.3</ele>
   </trkpt>
   <trkpt lat="48.3097460" lon="-70.3298520">
    <ele>169.5</ele>
   </trkpt>
   <trkpt lat="48.3097470" lon="-70.3298370">
    <ele>169.7</ele>
   </trkpt>
   <trkpt lat="48.3097500" lon="-70.3298280">
    <ele>169.9</ele>
   </trkpt>
   <trkpt lat="48.3097490" lon="-70.3298220">
    <ele>170.0</ele>
   </trkpt>
   <trkpt lat="48.3097570" lon="-70.3298220">
    <ele>170.2</ele>
   </trkpt>
   <trkpt lat="48.3097600" lon="-70.3298170">
    <ele>170.3</ele>
   </trkpt>
   <trkpt lat="48.3097630" lon="-70.3298090">
    <ele>170.4</ele>
   </trkpt>
   <trkpt lat="48.3097660" lon="-70.3297920">
    <ele>170.7</ele>
   </trkpt>
   <trkpt lat="48.3097760" lon="-70.3297780">
    <ele>171.0</ele>
   </trkpt>
   <trkpt lat="48.3097800" lon="-70.3297660">
    <ele>171.2</ele>
   </trkpt>
   <trkpt lat="48.3097850" lon="-70.3297540">
    <ele>171.4</ele>
   </trkpt>
   <trkpt lat="48.3097770" lon="-70.3297470">
    <ele>171.6</ele>
   </trkpt>
   <trkpt lat="48.3097850" lon="-70.3297410">
    <ele>171.8</ele>
   </trkpt>
   <trkpt lat="48.3097910" lon="-70.3297270">
    <ele>172.0</ele>
   </trkpt>
   <trkpt lat="48.3097910" lon="-70.3297250">
    <ele>172.1</ele>
   </trkpt>
   <trkpt lat="48.3097950" lon="-70.3297130">
    <ele>172.3</ele>
   </trkpt>
   <trkpt lat="48.3097980" lon="-70.3297040">
    <ele>172.4</ele>
   </trkpt>
   <trkpt lat="48.3098000" lon="-70.3296950">
    <ele>172.5</ele>
   </trkpt>
   <trkpt lat="48.3098030" lon="-70.3296810">
    <ele>172.8</ele>
   </trkpt>
   <trkpt lat="48.3097980" lon="-70.3296880">
    <ele>172.9</ele>
   </trkpt>
   <trkpt lat="48.3098020" lon="-70.3296800">
    <ele>173.1</ele>
   </trkpt>
   <trkpt lat="48.3098020" lon="-70.3296690">
    <ele>173.2</ele>
   </trkpt>
   <trkpt lat="48.3098050" lon="-70.3296580">
    <ele>173.4</ele>
   </trkpt>
   <trkpt lat="48.3098110" lon="-70.3296430">
    <ele>173.7</ele>
   </trkpt>
   <trkpt lat="48.3098120" lon="-70.3296370">
    <ele>173.8</ele>
   </trkpt>
   <trkpt lat="48.3098140" lon="-70.3296280">
    <ele>173.9</ele>
   </trkpt>
   <trkpt lat="48.3098160" lon="-70.3296210">
    <ele>174.0</ele>
   </trkpt>
   <trkpt lat="48.3098150" lon="-70.3296130">
    <ele>174.1</ele>
   </trkpt>
   <trkpt lat="48.3098180" lon="-70.3296030">
    <ele>174.3</ele>
   </trkpt>
   <trkpt lat="48.3098210" lon="-70.3295940">
    <ele>174.4</ele>
   </trkpt>
   <trkpt lat="48.3098180" lon="-70.3295770">
    <ele>174.7</ele>
   </trkpt>
   <trkpt lat="48.3098160" lon="-70.3295630">
    <ele>174.9</ele>
   </trkpt>
   <trkpt lat="48.3098200" lon="-70.3295600">
    <ele>175.0</ele>
   </trkpt>
   <trkpt lat="48.3098210" lon="-70.3295550">
    <ele>175.1</ele>
   </trkpt>
   <trkpt lat="48.3098210" lon="-70.3295550">
    <ele>175.1</ele>
   </trkpt>
   <trkpt lat="48.3098210" lon="-70.3295550">
    <ele>175.1</ele>
   </trkpt>
   <trkpt lat="48.3098210" lon="-70.3295550">
    <ele>175.1</ele>
   </trkpt>
   <trkpt lat="48.3098210" lon="-70.3295550">
    <ele>175.1</ele>
   </trkpt>
   <trkpt lat="48.3098210" lon="-70.3295550">
    <ele>175.1</ele>
   </trkpt>
   <trkpt lat="48.3098210" lon="-70.3295550">
    <ele>175.1</ele>
   </trkpt>
   <trkpt lat="48.3098310" lon="-70.3295370">
    <ele>175.4</ele>
   </trkpt>
   <trkpt lat="48.3098310" lon="-70.3295370">
    <ele>175.4</ele>
   </trkpt>
   <trkpt lat="48.3098310" lon="-70.3295370">
    <ele>175.4</ele>
   </trkpt>
   <trkpt lat="48.3098310" lon="-70.3295370">
    <ele>175.4</ele>
   </trkpt>
   <trkpt lat="48.3098310" lon="-70.3295370">
    <ele>175.4</ele>
   </trkpt>
   <trkpt lat="48.3098310" lon="-70.3295370">
    <ele>175.4</ele>
   </trkpt>
   <trkpt lat="48.3098310" lon="-70.3295370">
    <ele>175.4</ele>
   </trkpt>
   <trkpt lat="48.3098310" lon="-70.3295370">
    <ele>175.4</ele>
   </trkpt>
   <trkpt lat="48.3098310" lon="-70.3295370">
    <ele>175.4</ele>
   </trkpt>
   <trkpt lat="48.3098310" lon="-70.3295370">
    <ele>175.4</ele>
   </trkpt>
   <trkpt lat="48.3098590" lon="-70.3295090">
    <ele>176.2</ele>
   </trkpt>
   <trkpt lat="48.3098600" lon="-70.3295060">
    <ele>176.2</ele>
   </trkpt>
   <trkpt lat="48.3098630" lon="-70.3295040">
    <ele>176.3</ele>
   </trkpt>
   <trkpt lat="48.3098630" lon="-70.3295040">
    <ele>176.3</ele>
   </trkpt>
   <trkpt lat="48.3098630" lon="-70.3295040">
    <ele>176.3</ele>
   </trkpt>
   <trkpt lat="48.3098630" lon="-70.3295040">
    <ele>176.3</ele>
   </trkpt>
   <trkpt lat="48.3098630" lon="-70.3295040">
    <ele>176.3</ele>
   </trkpt>
   <trkpt lat="48.3098630" lon="-70.3295040">
    <ele>176.3</ele>
   </trkpt>
   <trkpt lat="48.3098630" lon="-70.3295040">
    <ele>176.3</ele>
   </trkpt>
   <trkpt lat="48.3098630" lon="-70.3295040">
    <ele>176.3</ele>
   </trkpt>
   <trkpt lat="48.3098630" lon="-70.3295040">
    <ele>176.3</ele>
   </trkpt>
   <trkpt lat="48.3098740" lon="-70.3294890">
    <ele>176.6</ele>
   </trkpt>
   <trkpt lat="48.3098740" lon="-70.3294890">
    <ele>176.6</ele>
   </trkpt>
   <trkpt lat="48.3098760" lon="-70.3294880">
    <ele>176.7</ele>
   </trkpt>
   <trkpt lat="48.3098750" lon="-70.3294890">
    <ele>176.7</ele>
   </trkpt>
   <trkpt lat="48.3098760" lon="-70.3294910">
    <ele>176.7</ele>
   </trkpt>
   <trkpt lat="48.3098760" lon="-70.3294910">
    <ele>176.7</ele>
   </trkpt>
   <trkpt lat="48.3098760" lon="-70.3294910">
    <ele>176.7</ele>
   </trkpt>
   <trkpt lat="48.3098760" lon="-70.3294910">
    <ele>176.7</ele>
   </trkpt>
   <trkpt lat="48.3098760" lon="-70.3294910">
    <ele>176.7</ele>
   </trkpt>
   <trkpt lat="48.3098760" lon="-70.3294910">
    <ele>176.7</ele>
   </trkpt>
   <trkpt lat="48.3098780" lon="-70.3294920">
    <ele>176.8</ele>
   </trkpt>
   <trkpt lat="48.3098780" lon="-70.3294920">
    <ele>176.8</ele>
   </trkpt>
   <trkpt lat="48.3098780" lon="-70.3294920">
    <ele>176.8</ele>
   </trkpt>
   <trkpt lat="48.3098780" lon="-70.3294920">
    <ele>176.8</ele>
   </trkpt>
   <trkpt lat="48.3098810" lon="-70.3294910">
    <ele>176.8</ele>
   </trkpt>
   <trkpt lat="48.3098810" lon="-70.3294910">
    <ele>176.8</ele>
   </trkpt>
   <trkpt lat="48.3098810" lon="-70.3294910">
    <ele>176.8</ele>
   </trkpt>
   <trkpt lat="48.3098810" lon="-70.3294910">
    <ele>176.8</ele>
   </trkpt>
   <trkpt lat="48.3098810" lon="-70.3294940">
    <ele>176.9</ele>
   </trkpt>
   <trkpt lat="48.3098810" lon="-70.3294920">
    <ele>176.9</ele>
   </trkpt>
   <trkpt lat="48.3098810" lon="-70.3294920">
    <ele>176.9</ele>
   </trkpt>
   <trkpt lat="48.3098810" lon="-70.3294920">
    <ele>176.9</ele>
   </trkpt>
   <trkpt lat="48.3098830" lon="-70.3294910">
    <ele>177.0</ele>
   </trkpt>
   <trkpt lat="48.3098830" lon="-70.3294910">
    <ele>177.0</ele>
   </trkpt>
   <trkpt lat="48.3098830" lon="-70.3294910">
    <ele>177.0</ele>
   </trkpt>
   <trkpt lat="48.3098830" lon="-70.3294910">
    <ele>177.0</ele>
   </trkpt>
   <trkpt lat="48.3098830" lon="-70.3294910">
    <ele>177.0</ele>
   </trkpt>
   <trkpt lat="48.3098830" lon="-70.3294910">
    <ele>177.0</ele>
   </trkpt>
   <trkpt lat="48.3098830" lon="-70.3294910">
    <ele>177.0</ele>
   </trkpt>
   <trkpt lat="48.3098830" lon="-70.3294910">
    <ele>177.0</ele>
   </trkpt>
   <trkpt lat="48.3098830" lon="-70.3294910">
    <ele>177.0</ele>
   </trkpt>
   <trkpt lat="48.3098840" lon="-70.3294850">
    <ele>177.0</ele>
   </trkpt>
   <trkpt lat="48.3098860" lon="-70.3294850">
    <ele>177.1</ele>
   </trkpt>
   <trkpt lat="48.3098860" lon="-70.3294800">
    <ele>177.2</ele>
   </trkpt>
   <trkpt lat="48.3098850" lon="-70.3294800">
    <ele>177.2</ele>
   </trkpt>
   <trkpt lat="48.3098860" lon="-70.3294800">
    <ele>177.2</ele>
   </trkpt>
   <trkpt lat="48.3098820" lon="-70.3294780">
    <ele>177.3</ele>
   </trkpt>
   <trkpt lat="48.3098820" lon="-70.3294790">
    <ele>177.3</ele>
   </trkpt>
   <trkpt lat="48.3098800" lon="-70.3294730">
    <ele>177.4</ele>
   </trkpt>
   <trkpt lat="48.3098800" lon="-70.3294740">
    <ele>177.4</ele>
   </trkpt>
   <trkpt lat="48.3098800" lon="-70.3294740">
    <ele>177.4</ele>
   </trkpt>
   <trkpt lat="48.3098800" lon="-70.3294740">
    <ele>177.4</ele>
   </trkpt>
   <trkpt lat="48.3098800" lon="-70.3294740">
    <ele>177.4</ele>
   </trkpt>
   <trkpt lat="48.3098800" lon="-70.3294740">
    <ele>177.4</ele>
   </trkpt>
   <trkpt lat="48.3098800" lon="-70.3294740">
    <ele>177.4</ele>
   </trkpt>
   <trkpt lat="48.3098800" lon="-70.3294740">
    <ele>177.4</ele>
   </trkpt>
   <trkpt lat="48.3098800" lon="-70.3294740">
    <ele>177.4</ele>
   </trkpt>
   <trkpt lat="48.3098800" lon="-70.3294740">
    <ele>177.4</ele>
   </trkpt>
   <trkpt lat="48.3098800" lon="-70.3294740">
    <ele>177.4</ele>
   </trkpt>
   <trkpt lat="48.3098800" lon="-70.3294740">
    <ele>177.4</ele>
   </trkpt>
   <trkpt lat="48.3098800" lon="-70.3294740">
    <ele>177.4</ele>
   </trkpt>
   <trkpt lat="48.3098800" lon="-70.3294740">
    <ele>177.4</ele>
   </trkpt>
   <trkpt lat="48.3098720" lon="-70.3294820">
    <ele>177.6</ele>
   </trkpt>
   <trkpt lat="48.3098720" lon="-70.3294770">
    <ele>177.7</ele>
   </trkpt>
   <trkpt lat="48.3098710" lon="-70.3294850">
    <ele>177.8</ele>
   </trkpt>
   <trkpt lat="48.3098750" lon="-70.3294750">
    <ele>178.0</ele>
   </trkpt>
   <trkpt lat="48.3098770" lon="-70.3294680">
    <ele>178.1</ele>
   </trkpt>
   <trkpt lat="48.3098780" lon="-70.3294660">
    <ele>178.2</ele>
   </trkpt>
   <trkpt lat="48.3098770" lon="-70.3294590">
    <ele>178.3</ele>
   </trkpt>
   <trkpt lat="48.3098780" lon="-70.3294430">
    <ele>178.5</ele>
   </trkpt>
   <trkpt lat="48.3098740" lon="-70.3294410">
    <ele>178.6</ele>
   </trkpt>
   <trkpt lat="48.3098730" lon="-70.3294390">
    <ele>178.6</ele>
   </trkpt>
   <trkpt lat="48.3098750" lon="-70.3294250">
    <ele>178.9</ele>
   </trkpt>
   <trkpt lat="48.3098720" lon="-70.3294130">
    <ele>179.0</ele>
   </trkpt>
   <trkpt lat="48.3098750" lon="-70.3294080">
    <ele>179.1</ele>
   </trkpt>
   <trkpt lat="48.3098750" lon="-70.3293990">
    <ele>179.3</ele>
   </trkpt>
   <trkpt lat="48.3098780" lon="-70.3293890">
    <ele>179.4</ele>
   </trkpt>
   <trkpt lat="48.3098790" lon="-70.3293790">
    <ele>179.6</ele>
   </trkpt>
   <trkpt lat="48.3098790" lon="-70.3293740">
    <ele>179.7</ele>
   </trkpt>
   <trkpt lat="48.3098830" lon="-70.3293690">
    <ele>179.8</ele>
   </trkpt>
   <trkpt lat="48.3098840" lon="-70.3293560">
    <ele>180.0</ele>
   </trkpt>
   <trkpt lat="48.3098840" lon="-70.3293540">
    <ele>180.0</ele>
   </trkpt>
   <trkpt lat="48.3098880" lon="-70.3293510">
    <ele>180.2</ele>
   </trkpt>
   <trkpt lat="48.3098940" lon="-70.3293430">
    <ele>180.3</ele>
   </trkpt>
   <trkpt lat="48.3098940" lon="-70.3293280">
    <ele>180.6</ele>
   </trkpt>
   <trkpt lat="48.3098960" lon="-70.3293250">
    <ele>180.6</ele>
   </trkpt>
   <trkpt lat="48.3099010" lon="-70.3293180">
    <ele>180.8</ele>
   </trkpt>
   <trkpt lat="48.3099030" lon="-70.3293140">
    <ele>180.9</ele>
   </trkpt>
   <trkpt lat="48.3099090" lon="-70.3293040">
    <ele>181.1</ele>
   </trkpt>
   <trkpt lat="48.3099150" lon="-70.3292970">
    <ele>181.3</ele>
   </trkpt>
   <trkpt lat="48.3099220" lon="-70.3292870">
    <ele>181.5</ele>
   </trkpt>
   <trkpt lat="48.3099380" lon="-70.3292750">
    <ele>181.9</ele>
   </trkpt>
   <trkpt lat="48.3099410" lon="-70.3292690">
    <ele>182.1</ele>
   </trkpt>
   <trkpt lat="48.3099480" lon="-70.3292590">
    <ele>182.3</ele>
   </trkpt>
   <trkpt lat="48.3099570" lon="-70.3292480">
    <ele>182.6</ele>
   </trkpt>
   <trkpt lat="48.3099640" lon="-70.3292360">
    <ele>182.8</ele>
   </trkpt>
   <trkpt lat="48.3099740" lon="-70.3292180">
    <ele>183.2</ele>
   </trkpt>
   <trkpt lat="48.3099820" lon="-70.3292040">
    <ele>183.5</ele>
   </trkpt>
   <trkpt lat="48.3099970" lon="-70.3291960">
    <ele>183.9</ele>
   </trkpt>
   <trkpt lat="48.3100040" lon="-70.3291880">
    <ele>184.1</ele>
   </trkpt>
   <trkpt lat="48.3100080" lon="-70.3291800">
    <ele>184.2</ele>
   </trkpt>
   <trkpt lat="48.3100150" lon="-70.3291720">
    <ele>184.4</ele>
   </trkpt>
   <trkpt lat="48.3100250" lon="-70.3291620">
    <ele>184.7</ele>
   </trkpt>
   <trkpt lat="48.3100340" lon="-70.3291550">
    <ele>184.9</ele>
   </trkpt>
   <trkpt lat="48.3100380" lon="-70.3291510">
    <ele>185.0</ele>
   </trkpt>
   <trkpt lat="48.3100470" lon="-70.3291480">
    <ele>185.2</ele>
   </trkpt>
   <trkpt lat="48.3100600" lon="-70.3291440">
    <ele>185.5</ele>
   </trkpt>
   <trkpt lat="48.3100680" lon="-70.3291380">
    <ele>185.7</ele>
   </trkpt>
   <trkpt lat="48.3100750" lon="-70.3291380">
    <ele>185.9</ele>
   </trkpt>
   <trkpt lat="48.3100790" lon="-70.3291340">
    <ele>186.0</ele>
   </trkpt>
   <trkpt lat="48.3100840" lon="-70.3291320">
    <ele>186.1</ele>
   </trkpt>
   <trkpt lat="48.3100910" lon="-70.3291310">
    <ele>186.2</ele>
   </trkpt>
   <trkpt lat="48.3100940" lon="-70.3291240">
    <ele>186.3</ele>
   </trkpt>
   <trkpt lat="48.3101030" lon="-70.3291200">
    <ele>186.5</ele>
   </trkpt>
   <trkpt lat="48.3101020" lon="-70.3291180">
    <ele>186.5</ele>
   </trkpt>
   <trkpt lat="48.3101110" lon="-70.3291180">
    <ele>186.7</ele>
   </trkpt>
   <trkpt lat="48.3101170" lon="-70.3291170">
    <ele>186.8</ele>
   </trkpt>
   <trkpt lat="48.3101170" lon="-70.3291190">
    <ele>186.9</ele>
   </trkpt>
   <trkpt lat="48.3101250" lon="-70.3291160">
    <ele>187.0</ele>
   </trkpt>
   <trkpt lat="48.3101240" lon="-70.3291170">
    <ele>187.1</ele>
   </trkpt>
   <trkpt lat="48.3101300" lon="-70.3291080">
    <ele>187.2</ele>
   </trkpt>
   <trkpt lat="48.3101350" lon="-70.3291010">
    <ele>187.3</ele>
   </trkpt>
   <trkpt lat="48.3101410" lon="-70.3290940">
    <ele>187.4</ele>
   </trkpt>
   <trkpt lat="48.3101450" lon="-70.3290980">
    <ele>187.5</ele>
   </trkpt>
   <trkpt lat="48.3101520" lon="-70.3290980">
    <ele>187.7</ele>
   </trkpt>
   <trkpt lat="48.3101660" lon="-70.3291020">
    <ele>187.9</ele>
   </trkpt>
   <trkpt lat="48.3101730" lon="-70.3291050">
    <ele>188.0</ele>
   </trkpt>
   <trkpt lat="48.3101810" lon="-70.3291030">
    <ele>188.2</ele>
   </trkpt>
   <trkpt lat="48.3101900" lon="-70.3291000">
    <ele>188.3</ele>
   </trkpt>
   <trkpt lat="48.3101930" lon="-70.3290990">
    <ele>188.3</ele>
   </trkpt>
   <trkpt lat="48.3101970" lon="-70.3291090">
    <ele>188.5</ele>
   </trkpt>
   <trkpt lat="48.3102010" lon="-70.3291070">
    <ele>188.5</ele>
   </trkpt>
   <trkpt lat="48.3102110" lon="-70.3291220">
    <ele>188.7</ele>
   </trkpt>
   <trkpt lat="48.3102130" lon="-70.3291150">
    <ele>188.8</ele>
   </trkpt>
   <trkpt lat="48.3102190" lon="-70.3291190">
    <ele>188.9</ele>
   </trkpt>
   <trkpt lat="48.3102170" lon="-70.3291190">
    <ele>188.9</ele>
   </trkpt>
   <trkpt lat="48.3102170" lon="-70.3291160">
    <ele>189.0</ele>
   </trkpt>
   <trkpt lat="48.3102180" lon="-70.3291040">
    <ele>189.1</ele>
   </trkpt>
   <trkpt lat="48.3102120" lon="-70.3291100">
    <ele>189.2</ele>
   </trkpt>
   <trkpt lat="48.3102080" lon="-70.3291140">
    <ele>189.3</ele>
   </trkpt>
   <trkpt lat="48.3102140" lon="-70.3291120">
    <ele>189.3</ele>
   </trkpt>
   <trkpt lat="48.3102180" lon="-70.3291120">
    <ele>189.4</ele>
   </trkpt>
   <trkpt lat="48.3102220" lon="-70.3291230">
    <ele>189.5</ele>
   </trkpt>
   <trkpt lat="48.3102280" lon="-70.3291310">
    <ele>189.6</ele>
   </trkpt>
   <trkpt lat="48.3102240" lon="-70.3291360">
    <ele>189.7</ele>
   </trkpt>
   <trkpt lat="48.3102270" lon="-70.3291400">
    <ele>189.7</ele>
   </trkpt>
   <trkpt lat="48.3102270" lon="-70.3291400">
    <ele>189.7</ele>
   </trkpt>
   <trkpt lat="48.3102330" lon="-70.3291490">
    <ele>189.9</ele>
   </trkpt>
   <trkpt lat="48.3102400" lon="-70.3291550">
    <ele>190.0</ele>
   </trkpt>
   <trkpt lat="48.3102440" lon="-70.3291590">
    <ele>190.0</ele>
   </trkpt>
   <trkpt lat="48.3102470" lon="-70.3291650">
    <ele>190.1</ele>
   </trkpt>
   <trkpt lat="48.3102520" lon="-70.3291790">
    <ele>190.2</ele>
   </trkpt>
   <trkpt lat="48.3102550" lon="-70.3291820">
    <ele>190.3</ele>
   </trkpt>
   <trkpt lat="48.3102580" lon="-70.3291910">
    <ele>190.4</ele>
   </trkpt>
   <trkpt lat="48.3102590" lon="-70.3292160">
    <ele>190.6</ele>
   </trkpt>
   <trkpt lat="48.3102580" lon="-70.3292230">
    <ele>190.7</ele>
   </trkpt>
   <trkpt lat="48.3102570" lon="-70.3292300">
    <ele>190.7</ele>
   </trkpt>
   <trkpt lat="48.3102580" lon="-70.3292380">
    <ele>190.8</ele>
   </trkpt>
   <trkpt lat="48.3102560" lon="-70.3292340">
    <ele>190.9</ele>
   </trkpt>
   <trkpt lat="48.3102590" lon="-70.3292430">
    <ele>191.0</ele>
   </trkpt>
   <trkpt lat="48.3102610" lon="-70.3292540">
    <ele>191.1</ele>
   </trkpt>
   <trkpt lat="48.3102580" lon="-70.3292630">
    <ele>191.1</ele>
   </trkpt>
   <trkpt lat="48.3102640" lon="-70.3292670">
    <ele>191.2</ele>
   </trkpt>
   <trkpt lat="48.3102670" lon="-70.3292700">
    <ele>191.3</ele>
   </trkpt>
   <trkpt lat="48.3102700" lon="-70.3292800">
    <ele>191.4</ele>
   </trkpt>
   <trkpt lat="48.3102700" lon="-70.3292850">
    <ele>191.4</ele>
   </trkpt>
   <trkpt lat="48.3102740" lon="-70.3293040">
    <ele>191.6</ele>
   </trkpt>
   <trkpt lat="48.3102690" lon="-70.3293090">
    <ele>191.7</ele>
   </trkpt>
   <trkpt lat="48.3102750" lon="-70.3293240">
    <ele>191.9</ele>
   </trkpt>
   <trkpt lat="48.3102760" lon="-70.3293330">
    <ele>191.9</ele>
   </trkpt>
   <trkpt lat="48.3102870" lon="-70.3293660">
    <ele>192.3</ele>
   </trkpt>
   <trkpt lat="48.3102960" lon="-70.3293770">
    <ele>192.5</ele>
   </trkpt>
   <trkpt lat="48.3102970" lon="-70.3293790">
    <ele>192.5</ele>
   </trkpt>
   <trkpt lat="48.3102960" lon="-70.3293800">
    <ele>192.5</ele>
   </trkpt>
   <trkpt lat="48.3102980" lon="-70.3293900">
    <ele>192.7</ele>
   </trkpt>
   <trkpt lat="48.3103000" lon="-70.3294070">
    <ele>192.8</ele>
   </trkpt>
   <trkpt lat="48.3103010" lon="-70.3294220">
    <ele>193.0</ele>
   </trkpt>
   <trkpt lat="48.3102960" lon="-70.3294360">
    <ele>193.2</ele>
   </trkpt>
   <trkpt lat="48.3102980" lon="-70.3294580">
    <ele>193.4</ele>
   </trkpt>
   <trkpt lat="48.3102990" lon="-70.3294690">
    <ele>193.6</ele>
   </trkpt>
   <trkpt lat="48.3103060" lon="-70.3294800">
    <ele>193.7</ele>
   </trkpt>
   <trkpt lat="48.3103120" lon="-70.3294950">
    <ele>193.9</ele>
   </trkpt>
   <trkpt lat="48.3103150" lon="-70.3295060">
    <ele>194.1</ele>
   </trkpt>
   <trkpt lat="48.3103190" lon="-70.3295240">
    <ele>194.3</ele>
   </trkpt>
   <trkpt lat="48.3103260" lon="-70.3295410">
    <ele>194.6</ele>
   </trkpt>
   <trkpt lat="48.3103260" lon="-70.3295470">
    <ele>194.7</ele>
   </trkpt>
   <trkpt lat="48.3103320" lon="-70.3295630">
    <ele>194.9</ele>
   </trkpt>
   <trkpt lat="48.3103340" lon="-70.3295750">
    <ele>195.0</ele>
   </trkpt>
   <trkpt lat="48.3103410" lon="-70.3295800">
    <ele>195.2</ele>
   </trkpt>
   <trkpt lat="48.3103470" lon="-70.3295980">
    <ele>195.5</ele>
   </trkpt>
   <trkpt lat="48.3103600" lon="-70.3296060">
    <ele>195.8</ele>
   </trkpt>
   <trkpt lat="48.3103660" lon="-70.3296160">
    <ele>196.0</ele>
   </trkpt>
   <trkpt lat="48.3103830" lon="-70.3296280">
    <ele>196.3</ele>
   </trkpt>
   <trkpt lat="48.3103930" lon="-70.3296300">
    <ele>196.5</ele>
   </trkpt>
   <trkpt lat="48.3103980" lon="-70.3296300">
    <ele>196.7</ele>
   </trkpt>
   <trkpt lat="48.3104000" lon="-70.3296360">
    <ele>196.7</ele>
   </trkpt>
   <trkpt lat="48.3103990" lon="-70.3296390">
    <ele>196.8</ele>
   </trkpt>
   <trkpt lat="48.3104030" lon="-70.3296350">
    <ele>196.9</ele>
   </trkpt>
   <trkpt lat="48.3104080" lon="-70.3296320">
    <ele>197.0</ele>
   </trkpt>
   <trkpt lat="48.3104080" lon="-70.3296340">
    <ele>197.0</ele>
   </trkpt>
   <trkpt lat="48.3104080" lon="-70.3296440">
    <ele>197.2</ele>
   </trkpt>
   <trkpt lat="48.3104180" lon="-70.3296540">
    <ele>197.4</ele>
   </trkpt>
   <trkpt lat="48.3104230" lon="-70.3296550">
    <ele>197.5</ele>
   </trkpt>
   <trkpt lat="48.3104340" lon="-70.3296530">
    <ele>197.8</ele>
   </trkpt>
   <trkpt lat="48.3104390" lon="-70.3296670">
    <ele>198.0</ele>
   </trkpt>
   <trkpt lat="48.3104460" lon="-70.3296640">
    <ele>198.1</ele>
   </trkpt>
   <trkpt lat="48.3104540" lon="-70.3296600">
    <ele>198.3</ele>
   </trkpt>
   <trkpt lat="48.3104610" lon="-70.3296560">
    <ele>198.5</ele>
   </trkpt>
   <trkpt lat="48.3104640" lon="-70.3296530">
    <ele>198.6</ele>
   </trkpt>
   <trkpt lat="48.3104730" lon="-70.3296460">
    <ele>198.8</ele>
   </trkpt>
   <trkpt lat="48.3104780" lon="-70.3296380">
    <ele>199.0</ele>
   </trkpt>
   <trkpt lat="48.3104810" lon="-70.3296340">
    <ele>199.0</ele>
   </trkpt>
   <trkpt lat="48.3104830" lon="-70.3296250">
    <ele>199.2</ele>
   </trkpt>
   <trkpt lat="48.3104870" lon="-70.3296140">
    <ele>199.4</ele>
   </trkpt>
   <trkpt lat="48.3104880" lon="-70.3296060">
    <ele>199.5</ele>
   </trkpt>
   <trkpt lat="48.3104950" lon="-70.3295900">
    <ele>199.8</ele>
   </trkpt>
   <trkpt lat="48.3105000" lon="-70.3295750">
    <ele>200.0</ele>
   </trkpt>
   <trkpt lat="48.3105040" lon="-70.3295630">
    <ele>200.3</ele>
   </trkpt>
   <trkpt lat="48.3105030" lon="-70.3295540">
    <ele>200.4</ele>
   </trkpt>
   <trkpt lat="48.3105030" lon="-70.3295490">
    <ele>200.5</ele>
   </trkpt>
   <trkpt lat="48.3105060" lon="-70.3295390">
    <ele>200.6</ele>
   </trkpt>
   <trkpt lat="48.3105010" lon="-70.3295480">
    <ele>200.8</ele>
   </trkpt>
   <trkpt lat="48.3105050" lon="-70.3295400">
    <ele>201.0</ele>
   </trkpt>
   <trkpt lat="48.3105040" lon="-70.3295330">
    <ele>201.1</ele>
   </trkpt>
   <trkpt lat="48.3105060" lon="-70.3295150">
    <ele>201.4</ele>
   </trkpt>
   <trkpt lat="48.3105110" lon="-70.3295040">
    <ele>201.6</ele>
   </trkpt>
   <trkpt lat="48.3105080" lon="-70.3294990">
    <ele>201.7</ele>
   </trkpt>
   <trkpt lat="48.3105110" lon="-70.3294900">
    <ele>201.9</ele>
   </trkpt>
   <trkpt lat="48.3105120" lon="-70.3294860">
    <ele>202.0</ele>
   </trkpt>
   <trkpt lat="48.3105100" lon="-70.3294800">
    <ele>202.1</ele>
   </trkpt>
   <trkpt lat="48.3105130" lon="-70.3294620">
    <ele>202.4</ele>
   </trkpt>
   <trkpt lat="48.3105080" lon="-70.3294540">
    <ele>202.5</ele>
   </trkpt>
   <trkpt lat="48.3105110" lon="-70.3294510">
    <ele>202.6</ele>
   </trkpt>
   <trkpt lat="48.3105110" lon="-70.3294480">
    <ele>202.7</ele>
   </trkpt>
   <trkpt lat="48.3105060" lon="-70.3294370">
    <ele>202.9</ele>
   </trkpt>
   <trkpt lat="48.3105080" lon="-70.3294160">
    <ele>203.2</ele>
   </trkpt>
   <trkpt lat="48.3105070" lon="-70.3294050">
    <ele>203.4</ele>
   </trkpt>
   <trkpt lat="48.3105110" lon="-70.3293880">
    <ele>203.7</ele>
   </trkpt>
   <trkpt lat="48.3105080" lon="-70.3293760">
    <ele>203.9</ele>
   </trkpt>
   <trkpt lat="48.3105080" lon="-70.3293620">
    <ele>204.1</ele>
   </trkpt>
   <trkpt lat="48.3105080" lon="-70.3293460">
    <ele>204.4</ele>
   </trkpt>
   <trkpt lat="48.3105070" lon="-70.3293300">
    <ele>204.6</ele>
   </trkpt>
   <trkpt lat="48.3105100" lon="-70.3293290">
    <ele>204.7</ele>
   </trkpt>
   <trkpt lat="48.3105110" lon="-70.3293170">
    <ele>204.9</ele>
   </trkpt>
   <trkpt lat="48.3105130" lon="-70.3293130">
    <ele>204.9</ele>
   </trkpt>
   <trkpt lat="48.3105220" lon="-70.3292970">
    <ele>205.3</ele>
   </trkpt>
   <trkpt lat="48.3105210" lon="-70.3292870">
    <ele>205.4</ele>
   </trkpt>
   <trkpt lat="48.3105190" lon="-70.3292850">
    <ele>205.5</ele>
   </trkpt>
   <trkpt lat="48.3105150" lon="-70.3292790">
    <ele>205.6</ele>
   </trkpt>
   <trkpt lat="48.3105120" lon="-70.3292760">
    <ele>205.6</ele>
   </trkpt>
   <trkpt lat="48.3105110" lon="-70.3292580">
    <ele>205.9</ele>
   </trkpt>
   <trkpt lat="48.3105080" lon="-70.3292500">
    <ele>206.0</ele>
   </trkpt>
   <trkpt lat="48.3105040" lon="-70.3292370">
    <ele>206.2</ele>
   </trkpt>
   <trkpt lat="48.3105040" lon="-70.3292180">
    <ele>206.4</ele>
   </trkpt>
   <trkpt lat="48.3105120" lon="-70.3292140">
    <ele>206.6</ele>
   </trkpt>
   <trkpt lat="48.3105160" lon="-70.3292050">
    <ele>206.7</ele>
   </trkpt>
   <trkpt lat="48.3105110" lon="-70.3291940">
    <ele>206.9</ele>
   </trkpt>
   <trkpt lat="48.3105080" lon="-70.3291850">
    <ele>207.0</ele>
   </trkpt>
   <trkpt lat="48.3105090" lon="-70.3291790">
    <ele>207.1</ele>
   </trkpt>
   <trkpt lat="48.3105180" lon="-70.3291650">
    <ele>207.3</ele>
   </trkpt>
   <trkpt lat="48.3105230" lon="-70.3291560">
    <ele>207.4</ele>
   </trkpt>
   <trkpt lat="48.3105240" lon="-70.3291390">
    <ele>207.6</ele>
   </trkpt>
   <trkpt lat="48.3105280" lon="-70.3291280">
    <ele>207.7</ele>
   </trkpt>
   <trkpt lat="48.3105280" lon="-70.3291340">
    <ele>207.8</ele>
   </trkpt>
   <trkpt lat="48.3105320" lon="-70.3291300">
    <ele>207.9</ele>
   </trkpt>
   <trkpt lat="48.3105330" lon="-70.3291300">
    <ele>207.9</ele>
   </trkpt>
   <trkpt lat="48.3105330" lon="-70.3291280">
    <ele>207.9</ele>
   </trkpt>
   <trkpt lat="48.3105300" lon="-70.3291250">
    <ele>207.9</ele>
   </trkpt>
   <trkpt lat="48.3105360" lon="-70.3291150">
    <ele>208.0</ele>
   </trkpt>
   <trkpt lat="48.3105300" lon="-70.3291150">
    <ele>208.1</ele>
   </trkpt>
   <trkpt lat="48.3105340" lon="-70.3291050">
    <ele>208.2</ele>
   </trkpt>
   <trkpt lat="48.3105470" lon="-70.3290870">
    <ele>208.4</ele>
   </trkpt>
   <trkpt lat="48.3105620" lon="-70.3290690">
    <ele>208.7</ele>
   </trkpt>
   <trkpt lat="48.3105620" lon="-70.3290580">
    <ele>208.8</ele>
   </trkpt>
   <trkpt lat="48.3105580" lon="-70.3290570">
    <ele>208.8</ele>
   </trkpt>
   <trkpt lat="48.3105420" lon="-70.3290420">
    <ele>209.0</ele>
   </trkpt>
   <trkpt lat="48.3105360" lon="-70.3290350">
    <ele>209.1</ele>
   </trkpt>
   <trkpt lat="48.3105270" lon="-70.3290190">
    <ele>209.2</ele>
   </trkpt>
   <trkpt lat="48.3105230" lon="-70.3290110">
    <ele>209.3</ele>
   </trkpt>
   <trkpt lat="48.3105190" lon="-70.3290100">
    <ele>209.3</ele>
   </trkpt>
   <trkpt lat="48.3105050" lon="-70.3290100">
    <ele>209.5</ele>
   </trkpt>
   <trkpt lat="48.3105020" lon="-70.3289980">
    <ele>209.5</ele>
   </trkpt>
   <trkpt lat="48.3104990" lon="-70.3289930">
    <ele>209.6</ele>
   </trkpt>
   <trkpt lat="48.3104980" lon="-70.3289830">
    <ele>209.6</ele>
   </trkpt>
   <trkpt lat="48.3104870" lon="-70.3289720">
    <ele>209.8</ele>
   </trkpt>
   <trkpt lat="48.3104850" lon="-70.3289580">
    <ele>209.9</ele>
   </trkpt>
   <trkpt lat="48.3104820" lon="-70.3289430">
    <ele>210.0</ele>
   </trkpt>
   <trkpt lat="48.3104790" lon="-70.3289230">
    <ele>210.1</ele>
   </trkpt>
   <trkpt lat="48.3104740" lon="-70.3289050">
    <ele>210.3</ele>
   </trkpt>
   <trkpt lat="48.3104700" lon="-70.3288960">
    <ele>210.4</ele>
   </trkpt>
   <trkpt lat="48.3104690" lon="-70.3288730">
    <ele>210.6</ele>
   </trkpt>
   <trkpt lat="48.3104700" lon="-70.3288640">
    <ele>210.6</ele>
   </trkpt>
   <trkpt lat="48.3104620" lon="-70.3288600">
    <ele>210.7</ele>
   </trkpt>
   <trkpt lat="48.3104640" lon="-70.3288490">
    <ele>210.8</ele>
   </trkpt>
   <trkpt lat="48.3104640" lon="-70.3288500">
    <ele>210.8</ele>
   </trkpt>
   <trkpt lat="48.3104650" lon="-70.3288460">
    <ele>210.9</ele>
   </trkpt>
   <trkpt lat="48.3104640" lon="-70.3288430">
    <ele>210.9</ele>
   </trkpt>
   <trkpt lat="48.3104660" lon="-70.3288400">
    <ele>210.9</ele>
   </trkpt>
   <trkpt lat="48.3104690" lon="-70.3288330">
    <ele>211.0</ele>
   </trkpt>
   <trkpt lat="48.3104720" lon="-70.3288270">
    <ele>211.1</ele>
   </trkpt>
   <trkpt lat="48.3104730" lon="-70.3288220">
    <ele>211.1</ele>
   </trkpt>
   <trkpt lat="48.3104730" lon="-70.3288230">
    <ele>211.2</ele>
   </trkpt>
   <trkpt lat="48.3104730" lon="-70.3288230">
    <ele>211.2</ele>
   </trkpt>
   <trkpt lat="48.3104800" lon="-70.3288070">
    <ele>211.3</ele>
   </trkpt>
   <trkpt lat="48.3104800" lon="-70.3288070">
    <ele>211.3</ele>
   </trkpt>
   <trkpt lat="48.3104820" lon="-70.3288030">
    <ele>211.4</ele>
   </trkpt>
   <trkpt lat="48.3104830" lon="-70.3288030">
    <ele>211.4</ele>
   </trkpt>
   <trkpt lat="48.3104830" lon="-70.3288030">
    <ele>211.4</ele>
   </trkpt>
   <trkpt lat="48.3104830" lon="-70.3288030">
    <ele>211.4</ele>
   </trkpt>
   <trkpt lat="48.3104830" lon="-70.3288030">
    <ele>211.4</ele>
   </trkpt>
   <trkpt lat="48.3104900" lon="-70.3287970">
    <ele>211.5</ele>
   </trkpt>
   <trkpt lat="48.3104900" lon="-70.3287950">
    <ele>211.5</ele>
   </trkpt>
   <trkpt lat="48.3104910" lon="-70.3287940">
    <ele>211.6</ele>
   </trkpt>
   <trkpt lat="48.3104910" lon="-70.3287930">
    <ele>211.6</ele>
   </trkpt>
   <trkpt lat="48.3104920" lon="-70.3287930">
    <ele>211.6</ele>
   </trkpt>
   <trkpt lat="48.3104920" lon="-70.3287930">
    <ele>211.6</ele>
   </trkpt>
   <trkpt lat="48.3104920" lon="-70.3287930">
    <ele>211.6</ele>
   </trkpt>
   <trkpt lat="48.3104920" lon="-70.3287930">
    <ele>211.6</ele>
   </trkpt>
   <trkpt lat="48.3104920" lon="-70.3287930">
    <ele>211.6</ele>
   </trkpt>
   <trkpt lat="48.3104940" lon="-70.3287880">
    <ele>211.6</ele>
   </trkpt>
   <trkpt lat="48.3104940" lon="-70.3287880">
    <ele>211.6</ele>
   </trkpt>
   <trkpt lat="48.3104940" lon="-70.3287880">
    <ele>211.6</ele>
   </trkpt>
   <trkpt lat="48.3104960" lon="-70.3287850">
    <ele>211.7</ele>
   </trkpt>
   <trkpt lat="48.3104960" lon="-70.3287850">
    <ele>211.7</ele>
   </trkpt>
   <trkpt lat="48.3104960" lon="-70.3287840">
    <ele>211.7</ele>
   </trkpt>
   <trkpt lat="48.3104960" lon="-70.3287830">
    <ele>211.7</ele>
   </trkpt>
   <trkpt lat="48.3104960" lon="-70.3287830">
    <ele>211.7</ele>
   </trkpt>
   <trkpt lat="48.3104960" lon="-70.3287830">
    <ele>211.7</ele>
   </trkpt>
   <trkpt lat="48.3104950" lon="-70.3287820">
    <ele>211.7</ele>
   </trkpt>
   <trkpt lat="48.3104950" lon="-70.3287820">
    <ele>211.7</ele>
   </trkpt>
   <trkpt lat="48.3104950" lon="-70.3287820">
    <ele>211.7</ele>
   </trkpt>
   <trkpt lat="48.3104950" lon="-70.3287820">
    <ele>211.7</ele>
   </trkpt>
   <trkpt lat="48.3104960" lon="-70.3287800">
    <ele>211.7</ele>
   </trkpt>
   <trkpt lat="48.3104970" lon="-70.3287810">
    <ele>211.8</ele>
   </trkpt>
   <trkpt lat="48.3104970" lon="-70.3287810">
    <ele>211.8</ele>
   </trkpt>
   <trkpt lat="48.3104970" lon="-70.3287810">
    <ele>211.8</ele>
   </trkpt>
   <trkpt lat="48.3104970" lon="-70.3287810">
    <ele>211.8</ele>
   </trkpt>
   <trkpt lat="48.3104970" lon="-70.3287810">
    <ele>211.8</ele>
   </trkpt>
   <trkpt lat="48.3104970" lon="-70.3287810">
    <ele>211.8</ele>
   </trkpt>
   <trkpt lat="48.3104970" lon="-70.3287810">
    <ele>211.8</ele>
   </trkpt>
   <trkpt lat="48.3104970" lon="-70.3287810">
    <ele>211.8</ele>
   </trkpt>
   <trkpt lat="48.3104970" lon="-70.3287810">
    <ele>211.8</ele>
   </trkpt>
   <trkpt lat="48.3105050" lon="-70.3287850">
    <ele>211.9</ele>
   </trkpt>
   <trkpt lat="48.3105050" lon="-70.3287850">
    <ele>211.9</ele>
   </trkpt>
   <trkpt lat="48.3105050" lon="-70.3287850">
    <ele>211.9</ele>
   </trkpt>
   <trkpt lat="48.3105050" lon="-70.3287850">
    <ele>211.9</ele>
   </trkpt>
   <trkpt lat="48.3105050" lon="-70.3287850">
    <ele>211.9</ele>
   </trkpt>
   <trkpt lat="48.3105040" lon="-70.3287840">
    <ele>211.9</ele>
   </trkpt>
   <trkpt lat="48.3105030" lon="-70.3287830">
    <ele>212.0</ele>
   </trkpt>
   <trkpt lat="48.3105030" lon="-70.3287810">
    <ele>212.0</ele>
   </trkpt>
   <trkpt lat="48.3105030" lon="-70.3287800">
    <ele>212.0</ele>
   </trkpt>
   <trkpt lat="48.3105030" lon="-70.3287800">
    <ele>212.0</ele>
   </trkpt>
   <trkpt lat="48.3105030" lon="-70.3287800">
    <ele>212.0</ele>
   </trkpt>
   <trkpt lat="48.3105010" lon="-70.3287750">
    <ele>212.1</ele>
   </trkpt>
   <trkpt lat="48.3105000" lon="-70.3287730">
    <ele>212.1</ele>
   </trkpt>
   <trkpt lat="48.3104990" lon="-70.3287710">
    <ele>212.1</ele>
   </trkpt>
   <trkpt lat="48.3105000" lon="-70.3287720">
    <ele>212.1</ele>
   </trkpt>
   <trkpt lat="48.3105000" lon="-70.3287720">
    <ele>212.1</ele>
   </trkpt>
   <trkpt lat="48.3104980" lon="-70.3287710">
    <ele>212.2</ele>
   </trkpt>
   <trkpt lat="48.3104980" lon="-70.3287720">
    <ele>212.2</ele>
   </trkpt>
   <trkpt lat="48.3104980" lon="-70.3287720">
    <ele>212.2</ele>
   </trkpt>
   <trkpt lat="48.3104980" lon="-70.3287720">
    <ele>212.2</ele>
   </trkpt>
   <trkpt lat="48.3104980" lon="-70.3287720">
    <ele>212.2</ele>
   </trkpt>
   <trkpt lat="48.3104980" lon="-70.3287720">
    <ele>212.2</ele>
   </trkpt>
   <trkpt lat="48.3104950" lon="-70.3287670">
    <ele>212.3</ele>
   </trkpt>
   <trkpt lat="48.3104940" lon="-70.3287660">
    <ele>212.3</ele>
   </trkpt>
   <trkpt lat="48.3104940" lon="-70.3287650">
    <ele>212.3</ele>
   </trkpt>
   <trkpt lat="48.3104940" lon="-70.3287660">
    <ele>212.3</ele>
   </trkpt>
   <trkpt lat="48.3104940" lon="-70.3287660">
    <ele>212.3</ele>
   </trkpt>
   <trkpt lat="48.3104960" lon="-70.3287670">
    <ele>212.3</ele>
   </trkpt>
   <trkpt lat="48.3104950" lon="-70.3287630">
    <ele>212.4</ele>
   </trkpt>
   <trkpt lat="48.3104960" lon="-70.3287650">
    <ele>212.4</ele>
   </trkpt>
   <trkpt lat="48.3104960" lon="-70.3287650">
    <ele>212.4</ele>
   </trkpt>
   <trkpt lat="48.3104960" lon="-70.3287650">
    <ele>212.4</ele>
   </trkpt>
   <trkpt lat="48.3104960" lon="-70.3287650">
    <ele>212.4</ele>
   </trkpt>
   <trkpt lat="48.3104960" lon="-70.3287650">
    <ele>212.4</ele>
   </trkpt>
   <trkpt lat="48.3104960" lon="-70.3287650">
    <ele>212.4</ele>
   </trkpt>
   <trkpt lat="48.3104960" lon="-70.3287650">
    <ele>212.4</ele>
   </trkpt>
   <trkpt lat="48.3104960" lon="-70.3287650">
    <ele>212.4</ele>
   </trkpt>
   <trkpt lat="48.3104960" lon="-70.3287650">
    <ele>212.4</ele>
   </trkpt>
   <trkpt lat="48.3104960" lon="-70.3287650">
    <ele>212.4</ele>
   </trkpt>
   <trkpt lat="48.3104920" lon="-70.3287660">
    <ele>212.5</ele>
   </trkpt>
   <trkpt lat="48.3104920" lon="-70.3287660">
    <ele>212.5</ele>
   </trkpt>
   <trkpt lat="48.3104920" lon="-70.3287660">
    <ele>212.5</ele>
   </trkpt>
   <trkpt lat="48.3104920" lon="-70.3287660">
    <ele>212.5</ele>
   </trkpt>
   <trkpt lat="48.3104890" lon="-70.3287690">
    <ele>212.6</ele>
   </trkpt>
   <trkpt lat="48.3104890" lon="-70.3287640">
    <ele>212.6</ele>
   </trkpt>
   <trkpt lat="48.3104880" lon="-70.3287600">
    <ele>212.7</ele>
   </trkpt>
   <trkpt lat="48.3104790" lon="-70.3287480">
    <ele>212.9</ele>
   </trkpt>
   <trkpt lat="48.3104670" lon="-70.3287420">
    <ele>213.1</ele>
   </trkpt>
   <trkpt lat="48.3104700" lon="-70.3287360">
    <ele>213.2</ele>
   </trkpt>
   <trkpt lat="48.3104720" lon="-70.3287300">
    <ele>213.3</ele>
   </trkpt>
   <trkpt lat="48.3104700" lon="-70.3287190">
    <ele>213.4</ele>
   </trkpt>
   <trkpt lat="48.3104650" lon="-70.3287170">
    <ele>213.5</ele>
   </trkpt>
   <trkpt lat="48.3104640" lon="-70.3287100">
    <ele>213.6</ele>
   </trkpt>
   <trkpt lat="48.3104590" lon="-70.3287080">
    <ele>213.7</ele>
   </trkpt>
   <trkpt lat="48.3104600" lon="-70.3287050">
    <ele>213.8</ele>
   </trkpt>
   <trkpt lat="48.3104610" lon="-70.3286910">
    <ele>213.9</ele>
   </trkpt>
   <trkpt lat="48.3104590" lon="-70.3286840">
    <ele>214.0</ele>
   </trkpt>
   <trkpt lat="48.3104620" lon="-70.3286680">
    <ele>214.2</ele>
   </trkpt>
   <trkpt lat="48.3104620" lon="-70.3286650">
    <ele>214.3</ele>
   </trkpt>
   <trkpt lat="48.3104660" lon="-70.3286580">
    <ele>214.4</ele>
   </trkpt>
   <trkpt lat="48.3104660" lon="-70.3286440">
    <ele>214.6</ele>
   </trkpt>
   <trkpt lat="48.3104640" lon="-70.3286430">
    <ele>214.6</ele>
   </trkpt>
   <trkpt lat="48.3104620" lon="-70.3286350">
    <ele>214.7</ele>
   </trkpt>
   <trkpt lat="48.3104650" lon="-70.3286280">
    <ele>214.8</ele>
   </trkpt>
   <trkpt lat="48.3104680" lon="-70.3286200">
    <ele>214.9</ele>
   </trkpt>
   <trkpt lat="48.3104670" lon="-70.3286090">
    <ele>215.1</ele>
   </trkpt>
   <trkpt lat="48.3104670" lon="-70.3285960">
    <ele>215.2</ele>
   </trkpt>
   <trkpt lat="48.3104650" lon="-70.3285930">
    <ele>215.3</ele>
   </trkpt>
   <trkpt lat="48.3104630" lon="-70.3285810">
    <ele>215.4</ele>
   </trkpt>
   <trkpt lat="48.3104660" lon="-70.3285660">
    <ele>215.6</ele>
   </trkpt>
   <trkpt lat="48.3104650" lon="-70.3285610">
    <ele>215.7</ele>
   </trkpt>
   <trkpt lat="48.3104650" lon="-70.3285640">
    <ele>215.7</ele>
   </trkpt>
   <trkpt lat="48.3104660" lon="-70.3285610">
    <ele>215.7</ele>
   </trkpt>
   <trkpt lat="48.3104600" lon="-70.3285510">
    <ele>215.9</ele>
   </trkpt>
   <trkpt lat="48.3104560" lon="-70.3285410">
    <ele>216.0</ele>
   </trkpt>
   <trkpt lat="48.3104590" lon="-70.3285310">
    <ele>216.2</ele>
   </trkpt>
   <trkpt lat="48.3104630" lon="-70.3285220">
    <ele>216.3</ele>
   </trkpt>
   <trkpt lat="48.3104620" lon="-70.3285230">
    <ele>216.3</ele>
   </trkpt>
   <trkpt lat="48.3104680" lon="-70.3284960">
    <ele>216.6</ele>
   </trkpt>
   <trkpt lat="48.3104650" lon="-70.3284920">
    <ele>216.7</ele>
   </trkpt>
   <trkpt lat="48.3104600" lon="-70.3284780">
    <ele>216.9</ele>
   </trkpt>
   <trkpt lat="48.3104630" lon="-70.3284640">
    <ele>217.1</ele>
   </trkpt>
   <trkpt lat="48.3104590" lon="-70.3284520">
    <ele>217.2</ele>
   </trkpt>
   <trkpt lat="48.3104650" lon="-70.3284370">
    <ele>217.4</ele>
   </trkpt>
   <trkpt lat="48.3104650" lon="-70.3284190">
    <ele>217.6</ele>
   </trkpt>
   <trkpt lat="48.3104680" lon="-70.3284030">
    <ele>217.8</ele>
   </trkpt>
   <trkpt lat="48.3104680" lon="-70.3283970">
    <ele>217.9</ele>
   </trkpt>
   <trkpt lat="48.3104710" lon="-70.3283790">
    <ele>218.1</ele>
   </trkpt>
   <trkpt lat="48.3104710" lon="-70.3283580">
    <ele>218.4</ele>
   </trkpt>
   <trkpt lat="48.3104750" lon="-70.3283340">
    <ele>218.6</ele>
   </trkpt>
   <trkpt lat="48.3104730" lon="-70.3283180">
    <ele>218.9</ele>
   </trkpt>
   <trkpt lat="48.3104710" lon="-70.3283030">
    <ele>219.1</ele>
   </trkpt>
   <trkpt lat="48.3104680" lon="-70.3282910">
    <ele>219.2</ele>
   </trkpt>
   <trkpt lat="48.3104620" lon="-70.3282760">
    <ele>219.5</ele>
   </trkpt>
   <trkpt lat="48.3104640" lon="-70.3282640">
    <ele>219.6</ele>
   </trkpt>
   <trkpt lat="48.3104650" lon="-70.3282550">
    <ele>219.8</ele>
   </trkpt>
   <trkpt lat="48.3104700" lon="-70.3282370">
    <ele>220.0</ele>
   </trkpt>
   <trkpt lat="48.3104610" lon="-70.3282100">
    <ele>220.5</ele>
   </trkpt>
   <trkpt lat="48.3104590" lon="-70.3281920">
    <ele>220.8</ele>
   </trkpt>
   <trkpt lat="48.3104560" lon="-70.3281900">
    <ele>220.9</ele>
   </trkpt>
   <trkpt lat="48.3104590" lon="-70.3281870">
    <ele>220.9</ele>
   </trkpt>
   <trkpt lat="48.3104560" lon="-70.3281780">
    <ele>221.1</ele>
   </trkpt>
   <trkpt lat="48.3104620" lon="-70.3281640">
    <ele>221.4</ele>
   </trkpt>
   <trkpt lat="48.3104660" lon="-70.3281480">
    <ele>221.7</ele>
   </trkpt>
   <trkpt lat="48.3104690" lon="-70.3281300">
    <ele>222.0</ele>
   </trkpt>
   <trkpt lat="48.3104660" lon="-70.3281190">
    <ele>222.2</ele>
   </trkpt>
   <trkpt lat="48.3104690" lon="-70.3281080">
    <ele>222.4</ele>
   </trkpt>
   <trkpt lat="48.3104710" lon="-70.3280940">
    <ele>222.7</ele>
   </trkpt>
   <trkpt lat="48.3104720" lon="-70.3280860">
    <ele>222.8</ele>
   </trkpt>
   <trkpt lat="48.3104710" lon="-70.3280820">
    <ele>222.9</ele>
   </trkpt>
   <trkpt lat="48.3104750" lon="-70.3280740">
    <ele>223.1</ele>
   </trkpt>
   <trkpt lat="48.3104750" lon="-70.3280580">
    <ele>223.4</ele>
   </trkpt>
   <trkpt lat="48.3104790" lon="-70.3280490">
    <ele>223.6</ele>
   </trkpt>
   <trkpt lat="48.3104810" lon="-70.3280320">
    <ele>223.9</ele>
   </trkpt>
   <trkpt lat="48.3104850" lon="-70.3280210">
    <ele>224.2</ele>
   </trkpt>
   <trkpt lat="48.3104880" lon="-70.3280110">
    <ele>224.4</ele>
   </trkpt>
   <trkpt lat="48.3104900" lon="-70.3280070">
    <ele>224.4</ele>
   </trkpt>
   <trkpt lat="48.3104900" lon="-70.3280030">
    <ele>224.5</ele>
   </trkpt>
   <trkpt lat="48.3104930" lon="-70.3279870">
    <ele>224.8</ele>
   </trkpt>
   <trkpt lat="48.3104960" lon="-70.3279800">
    <ele>225.0</ele>
   </trkpt>
   <trkpt lat="48.3104950" lon="-70.3279720">
    <ele>225.1</ele>
   </trkpt>
   <trkpt lat="48.3104980" lon="-70.3279650">
    <ele>225.3</ele>
   </trkpt>
   <trkpt lat="48.3105010" lon="-70.3279580">
    <ele>225.4</ele>
   </trkpt>
   <trkpt lat="48.3104990" lon="-70.3279540">
    <ele>225.5</ele>
   </trkpt>
   <trkpt lat="48.3105000" lon="-70.3279500">
    <ele>225.6</ele>
   </trkpt>
   <trkpt lat="48.3105010" lon="-70.3279440">
    <ele>225.7</ele>
   </trkpt>
   <trkpt lat="48.3105050" lon="-70.3279360">
    <ele>225.9</ele>
   </trkpt>
   <trkpt lat="48.3105020" lon="-70.3279260">
    <ele>226.1</ele>
   </trkpt>
   <trkpt lat="48.3105050" lon="-70.3279180">
    <ele>226.3</ele>
   </trkpt>
   <trkpt lat="48.3105070" lon="-70.3279100">
    <ele>226.4</ele>
   </trkpt>
   <trkpt lat="48.3105060" lon="-70.3279110">
    <ele>226.5</ele>
   </trkpt>
   <trkpt lat="48.3105040" lon="-70.3279060">
    <ele>226.6</ele>
   </trkpt>
   <trkpt lat="48.3105030" lon="-70.3279040">
    <ele>226.6</ele>
   </trkpt>
   <trkpt lat="48.3105000" lon="-70.3279070">
    <ele>226.7</ele>
   </trkpt>
   <trkpt lat="48.3105030" lon="-70.3278980">
    <ele>226.9</ele>
   </trkpt>
   <trkpt lat="48.3105020" lon="-70.3278990">
    <ele>226.9</ele>
   </trkpt>
   <trkpt lat="48.3105020" lon="-70.3278940">
    <ele>227.0</ele>
   </trkpt>
   <trkpt lat="48.3105020" lon="-70.3278880">
    <ele>227.1</ele>
   </trkpt>
   <trkpt lat="48.3105020" lon="-70.3278850">
    <ele>227.2</ele>
   </trkpt>
   <trkpt lat="48.3105020" lon="-70.3278800">
    <ele>227.3</ele>
   </trkpt>
   <trkpt lat="48.3105030" lon="-70.3278760">
    <ele>227.3</ele>
   </trkpt>
   <trkpt lat="48.3105060" lon="-70.3278720">
    <ele>227.4</ele>
   </trkpt>
   <trkpt lat="48.3105050" lon="-70.3278670">
    <ele>227.5</ele>
   </trkpt>
   <trkpt lat="48.3105070" lon="-70.3278600">
    <ele>227.6</ele>
   </trkpt>
   <trkpt lat="48.3105050" lon="-70.3278610">
    <ele>227.7</ele>
   </trkpt>
   <trkpt lat="48.3105080" lon="-70.3278570">
    <ele>227.8</ele>
   </trkpt>
   <trkpt lat="48.3105090" lon="-70.3278500">
    <ele>227.9</ele>
   </trkpt>
   <trkpt lat="48.3105090" lon="-70.3278430">
    <ele>228.0</ele>
   </trkpt>
   <trkpt lat="48.3105130" lon="-70.3278360">
    <ele>228.1</ele>
   </trkpt>
   <trkpt lat="48.3105120" lon="-70.3278330">
    <ele>228.2</ele>
   </trkpt>
   <trkpt lat="48.3105130" lon="-70.3278290">
    <ele>228.3</ele>
   </trkpt>
   <trkpt lat="48.3105140" lon="-70.3278250">
    <ele>228.3</ele>
   </trkpt>
   <trkpt lat="48.3105140" lon="-70.3278220">
    <ele>228.4</ele>
   </trkpt>
   <trkpt lat="48.3105150" lon="-70.3278180">
    <ele>228.4</ele>
   </trkpt>
   <trkpt lat="48.3105150" lon="-70.3278190">
    <ele>228.5</ele>
   </trkpt>
   <trkpt lat="48.3105180" lon="-70.3278130">
    <ele>228.6</ele>
   </trkpt>
   <trkpt lat="48.3105200" lon="-70.3278100">
    <ele>228.6</ele>
   </trkpt>
   <trkpt lat="48.3105230" lon="-70.3278090">
    <ele>228.7</ele>
   </trkpt>
   <trkpt lat="48.3105260" lon="-70.3278070">
    <ele>228.7</ele>
   </trkpt>
   <trkpt lat="48.3105280" lon="-70.3278040">
    <ele>228.8</ele>
   </trkpt>
   <trkpt lat="48.3105290" lon="-70.3278000">
    <ele>228.9</ele>
   </trkpt>
   <trkpt lat="48.3105310" lon="-70.3277950">
    <ele>228.9</ele>
   </trkpt>
   <trkpt lat="48.3105370" lon="-70.3277900">
    <ele>229.1</ele>
   </trkpt>
   <trkpt lat="48.3105400" lon="-70.3277880">
    <ele>229.1</ele>
   </trkpt>
   <trkpt lat="48.3105400" lon="-70.3277880">
    <ele>229.1</ele>
   </trkpt>
   <trkpt lat="48.3105410" lon="-70.3277770">
    <ele>229.3</ele>
   </trkpt>
   <trkpt lat="48.3105450" lon="-70.3277710">
    <ele>229.4</ele>
   </trkpt>
   <trkpt lat="48.3105470" lon="-70.3277680">
    <ele>229.4</ele>
   </trkpt>
   <trkpt lat="48.3105480" lon="-70.3277680">
    <ele>229.5</ele>
   </trkpt>
   <trkpt lat="48.3105510" lon="-70.3277640">
    <ele>229.5</ele>
   </trkpt>
   <trkpt lat="48.3105510" lon="-70.3277650">
    <ele>229.5</ele>
   </trkpt>
   <trkpt lat="48.3105540" lon="-70.3277590">
    <ele>229.6</ele>
   </trkpt>
   <trkpt lat="48.3105480" lon="-70.3277570">
    <ele>229.8</ele>
   </trkpt>
   <trkpt lat="48.3105510" lon="-70.3277550">
    <ele>229.8</ele>
   </trkpt>
   <trkpt lat="48.3105510" lon="-70.3277570">
    <ele>229.8</ele>
   </trkpt>
   <trkpt lat="48.3105560" lon="-70.3277470">
    <ele>230.0</ele>
   </trkpt>
   <trkpt lat="48.3105560" lon="-70.3277470">
    <ele>230.0</ele>
   </trkpt>
   <trkpt lat="48.3105600" lon="-70.3277390">
    <ele>230.1</ele>
   </trkpt>
   <trkpt lat="48.3105640" lon="-70.3277310">
    <ele>230.2</ele>
   </trkpt>
   <trkpt lat="48.3105690" lon="-70.3277210">
    <ele>230.3</ele>
   </trkpt>
   <trkpt lat="48.3105720" lon="-70.3277120">
    <ele>230.4</ele>
   </trkpt>
   <trkpt lat="48.3105720" lon="-70.3277070">
    <ele>230.5</ele>
   </trkpt>
   <trkpt lat="48.3105680" lon="-70.3277000">
    <ele>230.6</ele>
   </trkpt>
   <trkpt lat="48.3105680" lon="-70.3276910">
    <ele>230.7</ele>
   </trkpt>
   <trkpt lat="48.3105710" lon="-70.3276790">
    <ele>230.8</ele>
   </trkpt>
   <trkpt lat="48.3105820" lon="-70.3276790">
    <ele>230.9</ele>
   </trkpt>
   <trkpt lat="48.3105850" lon="-70.3276700">
    <ele>231.0</ele>
   </trkpt>
   <trkpt lat="48.3105900" lon="-70.3276600">
    <ele>231.1</ele>
   </trkpt>
   <trkpt lat="48.3105890" lon="-70.3276510">
    <ele>231.2</ele>
   </trkpt>
   <trkpt lat="48.3105910" lon="-70.3276470">
    <ele>231.2</ele>
   </trkpt>
   <trkpt lat="48.3105930" lon="-70.3276400">
    <ele>231.3</ele>
   </trkpt>
   <trkpt lat="48.3106000" lon="-70.3276330">
    <ele>231.4</ele>
   </trkpt>
   <trkpt lat="48.3106010" lon="-70.3276250">
    <ele>231.5</ele>
   </trkpt>
   <trkpt lat="48.3106010" lon="-70.3276220">
    <ele>231.5</ele>
   </trkpt>
   <trkpt lat="48.3106010" lon="-70.3276140">
    <ele>231.6</ele>
   </trkpt>
   <trkpt lat="48.3106020" lon="-70.3275990">
    <ele>231.7</ele>
   </trkpt>
   <trkpt lat="48.3106050" lon="-70.3275800">
    <ele>231.8</ele>
   </trkpt>
   <trkpt lat="48.3106070" lon="-70.3275740">
    <ele>231.9</ele>
   </trkpt>
   <trkpt lat="48.3106150" lon="-70.3275610">
    <ele>232.0</ele>
   </trkpt>
   <trkpt lat="48.3106150" lon="-70.3275530">
    <ele>232.1</ele>
   </trkpt>
   <trkpt lat="48.3106160" lon="-70.3275420">
    <ele>232.2</ele>
   </trkpt>
   <trkpt lat="48.3106180" lon="-70.3275310">
    <ele>232.2</ele>
   </trkpt>
   <trkpt lat="48.3106230" lon="-70.3275160">
    <ele>232.4</ele>
   </trkpt>
   <trkpt lat="48.3106270" lon="-70.3274990">
    <ele>232.5</ele>
   </trkpt>
   <trkpt lat="48.3106300" lon="-70.3274820">
    <ele>232.6</ele>
   </trkpt>
   <trkpt lat="48.3106350" lon="-70.3274650">
    <ele>232.7</ele>
   </trkpt>
   <trkpt lat="48.3106370" lon="-70.3274530">
    <ele>232.8</ele>
   </trkpt>
   <trkpt lat="48.3106360" lon="-70.3274360">
    <ele>232.9</ele>
   </trkpt>
   <trkpt lat="48.3106420" lon="-70.3274200">
    <ele>233.1</ele>
   </trkpt>
   <trkpt lat="48.3106510" lon="-70.3273990">
    <ele>233.2</ele>
   </trkpt>
   <trkpt lat="48.3106530" lon="-70.3273840">
    <ele>233.3</ele>
   </trkpt>
   <trkpt lat="48.3106490" lon="-70.3273710">
    <ele>233.4</ele>
   </trkpt>
   <trkpt lat="48.3106490" lon="-70.3273550">
    <ele>233.5</ele>
   </trkpt>
   <trkpt lat="48.3106460" lon="-70.3273420">
    <ele>233.6</ele>
   </trkpt>
   <trkpt lat="48.3106450" lon="-70.3273310">
    <ele>233.7</ele>
   </trkpt>
   <trkpt lat="48.3106470" lon="-70.3273200">
    <ele>233.8</ele>
   </trkpt>
   <trkpt lat="48.3106480" lon="-70.3273030">
    <ele>233.9</ele>
   </trkpt>
   <trkpt lat="48.3106540" lon="-70.3272820">
    <ele>234.0</ele>
   </trkpt>
   <trkpt lat="48.3106590" lon="-70.3272660">
    <ele>234.2</ele>
   </trkpt>
   <trkpt lat="48.3106590" lon="-70.3272470">
    <ele>234.3</ele>
   </trkpt>
   <trkpt lat="48.3106660" lon="-70.3272260">
    <ele>234.4</ele>
   </trkpt>
   <trkpt lat="48.3106660" lon="-70.3272170">
    <ele>234.5</ele>
   </trkpt>
   <trkpt lat="48.3106660" lon="-70.3271990">
    <ele>234.6</ele>
   </trkpt>
   <trkpt lat="48.3106640" lon="-70.3271850">
    <ele>234.7</ele>
   </trkpt>
   <trkpt lat="48.3106620" lon="-70.3271790">
    <ele>234.8</ele>
   </trkpt>
   <trkpt lat="48.3106610" lon="-70.3271620">
    <ele>234.9</ele>
   </trkpt>
   <trkpt lat="48.3106640" lon="-70.3271370">
    <ele>235.0</ele>
   </trkpt>
   <trkpt lat="48.3106680" lon="-70.3271170">
    <ele>235.2</ele>
   </trkpt>
   <trkpt lat="48.3106680" lon="-70.3271050">
    <ele>235.3</ele>
   </trkpt>
   <trkpt lat="48.3106730" lon="-70.3270890">
    <ele>235.4</ele>
   </trkpt>
   <trkpt lat="48.3106790" lon="-70.3270690">
    <ele>235.6</ele>
   </trkpt>
   <trkpt lat="48.3106870" lon="-70.3270520">
    <ele>235.7</ele>
   </trkpt>
   <trkpt lat="48.3106940" lon="-70.3270430">
    <ele>235.8</ele>
   </trkpt>
   <trkpt lat="48.3107000" lon="-70.3270290">
    <ele>235.9</ele>
   </trkpt>
   <trkpt lat="48.3107110" lon="-70.3270160">
    <ele>236.1</ele>
   </trkpt>
   <trkpt lat="48.3107140" lon="-70.3269980">
    <ele>236.2</ele>
   </trkpt>
   <trkpt lat="48.3107140" lon="-70.3269800">
    <ele>236.4</ele>
   </trkpt>
   <trkpt lat="48.3107230" lon="-70.3269770">
    <ele>236.5</ele>
   </trkpt>
   <trkpt lat="48.3107330" lon="-70.3269690">
    <ele>236.6</ele>
   </trkpt>
   <trkpt lat="48.3107340" lon="-70.3269460">
    <ele>236.8</ele>
   </trkpt>
   <trkpt lat="48.3107390" lon="-70.3269270">
    <ele>236.9</ele>
   </trkpt>
   <trkpt lat="48.3107440" lon="-70.3268990">
    <ele>237.1</ele>
   </trkpt>
   <trkpt lat="48.3107480" lon="-70.3268850">
    <ele>237.2</ele>
   </trkpt>
   <trkpt lat="48.3107530" lon="-70.3268710">
    <ele>237.3</ele>
   </trkpt>
   <trkpt lat="48.3107590" lon="-70.3268630">
    <ele>237.4</ele>
   </trkpt>
   <trkpt lat="48.3107660" lon="-70.3268580">
    <ele>237.5</ele>
   </trkpt>
   <trkpt lat="48.3107730" lon="-70.3268470">
    <ele>237.6</ele>
   </trkpt>
   <trkpt lat="48.3107710" lon="-70.3268260">
    <ele>237.7</ele>
   </trkpt>
   <trkpt lat="48.3107700" lon="-70.3268100">
    <ele>237.8</ele>
   </trkpt>
   <trkpt lat="48.3107780" lon="-70.3267980">
    <ele>237.9</ele>
   </trkpt>
   <trkpt lat="48.3107790" lon="-70.3267880">
    <ele>238.0</ele>
   </trkpt>
   <trkpt lat="48.3107840" lon="-70.3267780">
    <ele>238.1</ele>
   </trkpt>
   <trkpt lat="48.3107880" lon="-70.3267660">
    <ele>238.2</ele>
   </trkpt>
   <trkpt lat="48.3107910" lon="-70.3267520">
    <ele>238.2</ele>
   </trkpt>
   <trkpt lat="48.3107890" lon="-70.3267400">
    <ele>238.3</ele>
   </trkpt>
   <trkpt lat="48.3107890" lon="-70.3267160">
    <ele>238.5</ele>
   </trkpt>
   <trkpt lat="48.3107930" lon="-70.3267000">
    <ele>238.5</ele>
   </trkpt>
   <trkpt lat="48.3107940" lon="-70.3266890">
    <ele>238.6</ele>
   </trkpt>
   <trkpt lat="48.3107980" lon="-70.3266650">
    <ele>238.7</ele>
   </trkpt>
   <trkpt lat="48.3108010" lon="-70.3266380">
    <ele>238.9</ele>
   </trkpt>
   <trkpt lat="48.3108020" lon="-70.3266200">
    <ele>239.0</ele>
   </trkpt>
   <trkpt lat="48.3108120" lon="-70.3266190">
    <ele>239.0</ele>
   </trkpt>
   <trkpt lat="48.3108160" lon="-70.3266070">
    <ele>239.1</ele>
   </trkpt>
   <trkpt lat="48.3108230" lon="-70.3265940">
    <ele>239.2</ele>
   </trkpt>
   <trkpt lat="48.3108340" lon="-70.3265780">
    <ele>239.3</ele>
   </trkpt>
   <trkpt lat="48.3108460" lon="-70.3265630">
    <ele>239.4</ele>
   </trkpt>
   <trkpt lat="48.3108530" lon="-70.3265590">
    <ele>239.4</ele>
   </trkpt>
   <trkpt lat="48.3108560" lon="-70.3265520">
    <ele>239.5</ele>
   </trkpt>
   <trkpt lat="48.3108590" lon="-70.3265430">
    <ele>239.5</ele>
   </trkpt>
   <trkpt lat="48.3108630" lon="-70.3265330">
    <ele>239.5</ele>
   </trkpt>
   <trkpt lat="48.3108620" lon="-70.3265270">
    <ele>239.6</ele>
   </trkpt>
   <trkpt lat="48.3108640" lon="-70.3265210">
    <ele>239.6</ele>
   </trkpt>
   <trkpt lat="48.3108670" lon="-70.3265130">
    <ele>239.6</ele>
   </trkpt>
   <trkpt lat="48.3108710" lon="-70.3265030">
    <ele>239.6</ele>
   </trkpt>
   <trkpt lat="48.3108700" lon="-70.3264990">
    <ele>239.7</ele>
   </trkpt>
   <trkpt lat="48.3108730" lon="-70.3264960">
    <ele>239.7</ele>
   </trkpt>
   <trkpt lat="48.3108730" lon="-70.3264880">
    <ele>239.7</ele>
   </trkpt>
   <trkpt lat="48.3108700" lon="-70.3264900">
    <ele>239.7</ele>
   </trkpt>
   <trkpt lat="48.3108720" lon="-70.3264870">
    <ele>239.7</ele>
   </trkpt>
   <trkpt lat="48.3108730" lon="-70.3264850">
    <ele>239.7</ele>
   </trkpt>
   <trkpt lat="48.3108750" lon="-70.3264860">
    <ele>239.7</ele>
   </trkpt>
   <trkpt lat="48.3108750" lon="-70.3264860">
    <ele>239.7</ele>
   </trkpt>
   <trkpt lat="48.3108750" lon="-70.3264860">
    <ele>239.7</ele>
   </trkpt>
   <trkpt lat="48.3108750" lon="-70.3264860">
    <ele>239.7</ele>
   </trkpt>
   <trkpt lat="48.3108750" lon="-70.3264860">
    <ele>239.7</ele>
   </trkpt>
   <trkpt lat="48.3108830" lon="-70.3264870">
    <ele>239.8</ele>
   </trkpt>
   <trkpt lat="48.3108830" lon="-70.3264870">
    <ele>239.8</ele>
   </trkpt>
   <trkpt lat="48.3108830" lon="-70.3264870">
    <ele>239.8</ele>
   </trkpt>
   <trkpt lat="48.3108870" lon="-70.3264900">
    <ele>239.8</ele>
   </trkpt>
   <trkpt lat="48.3108880" lon="-70.3264890">
    <ele>239.8</ele>
   </trkpt>
   <trkpt lat="48.3108920" lon="-70.3264890">
    <ele>239.8</ele>
   </trkpt>
   <trkpt lat="48.3108880" lon="-70.3264820">
    <ele>239.8</ele>
   </trkpt>
   <trkpt lat="48.3108810" lon="-70.3264800">
    <ele>239.9</ele>
   </trkpt>
   <trkpt lat="48.3108770" lon="-70.3264800">
    <ele>239.9</ele>
   </trkpt>
   <trkpt lat="48.3108740" lon="-70.3264760">
    <ele>239.9</ele>
   </trkpt>
   <trkpt lat="48.3108720" lon="-70.3264690">
    <ele>239.9</ele>
   </trkpt>
   <trkpt lat="48.3108730" lon="-70.3264630">
    <ele>239.9</ele>
   </trkpt>
   <trkpt lat="48.3108730" lon="-70.3264610">
    <ele>239.9</ele>
   </trkpt>
   <trkpt lat="48.3108740" lon="-70.3264610">
    <ele>239.9</ele>
   </trkpt>
   <trkpt lat="48.3108740" lon="-70.3264610">
    <ele>239.9</ele>
   </trkpt>
   <trkpt lat="48.3108740" lon="-70.3264610">
    <ele>239.9</ele>
   </trkpt>
   <trkpt lat="48.3108740" lon="-70.3264610">
    <ele>239.9</ele>
   </trkpt>
   <trkpt lat="48.3108740" lon="-70.3264610">
    <ele>239.9</ele>
   </trkpt>
   <trkpt lat="48.3108740" lon="-70.3264610">
    <ele>239.9</ele>
   </trkpt>
   <trkpt lat="48.3108740" lon="-70.3264420">
    <ele>240.0</ele>
   </trkpt>
   <trkpt lat="48.3108740" lon="-70.3264420">
    <ele>240.0</ele>
   </trkpt>
   <trkpt lat="48.3108740" lon="-70.3264420">
    <ele>240.0</ele>
   </trkpt>
   <trkpt lat="48.3108740" lon="-70.3264420">
    <ele>240.0</ele>
   </trkpt>
   <trkpt lat="48.3108740" lon="-70.3264420">
    <ele>240.0</ele>
   </trkpt>
   <trkpt lat="48.3108740" lon="-70.3264420">
    <ele>240.0</ele>
   </trkpt>
   <trkpt lat="48.3108740" lon="-70.3264420">
    <ele>240.0</ele>
   </trkpt>
   <trkpt lat="48.3108740" lon="-70.3264420">
    <ele>240.0</ele>
   </trkpt>
   <trkpt lat="48.3108750" lon="-70.3264230">
    <ele>240.0</ele>
   </trkpt>
   <trkpt lat="48.3108760" lon="-70.3264200">
    <ele>240.0</ele>
   </trkpt>
   <trkpt lat="48.3108760" lon="-70.3264160">
    <ele>240.0</ele>
   </trkpt>
   <trkpt lat="48.3108730" lon="-70.3264130">
    <ele>240.0</ele>
   </trkpt>
   <trkpt lat="48.3108740" lon="-70.3264090">
    <ele>240.0</ele>
   </trkpt>
   <trkpt lat="48.3108720" lon="-70.3264100">
    <ele>240.0</ele>
   </trkpt>
   <trkpt lat="48.3108730" lon="-70.3264110">
    <ele>240.0</ele>
   </trkpt>
   <trkpt lat="48.3108730" lon="-70.3264090">
    <ele>240.0</ele>
   </trkpt>
   <trkpt lat="48.3108700" lon="-70.3263950">
    <ele>240.1</ele>
   </trkpt>
   <trkpt lat="48.3108710" lon="-70.3264020">
    <ele>240.1</ele>
   </trkpt>
   <trkpt lat="48.3108710" lon="-70.3264040">
    <ele>240.1</ele>
   </trkpt>
   <trkpt lat="48.3108690" lon="-70.3264010">
    <ele>240.1</ele>
   </trkpt>
   <trkpt lat="48.3108690" lon="-70.3264020">
    <ele>240.1</ele>
   </trkpt>
   <trkpt lat="48.3108680" lon="-70.3264030">
    <ele>240.1</ele>
   </trkpt>
   <trkpt lat="48.3108660" lon="-70.3264060">
    <ele>240.1</ele>
   </trkpt>
   <trkpt lat="48.3108660" lon="-70.3264060">
    <ele>240.1</ele>
   </trkpt>
   <trkpt lat="48.3108680" lon="-70.3264070">
    <ele>240.1</ele>
   </trkpt>
   <trkpt lat="48.3108680" lon="-70.3264050">
    <ele>240.1</ele>
   </trkpt>
   <trkpt lat="48.3108680" lon="-70.3264050">
    <ele>240.1</ele>
   </trkpt>
   <trkpt lat="48.3108670" lon="-70.3264030">
    <ele>240.1</ele>
   </trkpt>
   <trkpt lat="48.3108650" lon="-70.3264030">
    <ele>240.1</ele>
   </trkpt>
   <trkpt lat="48.3108640" lon="-70.3264020">
    <ele>240.1</ele>
   </trkpt>
   <trkpt lat="48.3108630" lon="-70.3264030">
    <ele>240.1</ele>
   </trkpt>
   <trkpt lat="48.3108610" lon="-70.3264010">
    <ele>240.1</ele>
   </trkpt>
   <trkpt lat="48.3108610" lon="-70.3264000">
    <ele>240.1</ele>
   </trkpt>
   <trkpt lat="48.3108600" lon="-70.3264020">
    <ele>240.1</ele>
   </trkpt>
   <trkpt lat="48.3108610" lon="-70.3264010">
    <ele>240.1</ele>
   </trkpt>
   <trkpt lat="48.3108610" lon="-70.3264020">
    <ele>240.1</ele>
   </trkpt>
   <trkpt lat="48.3108610" lon="-70.3264000">
    <ele>240.1</ele>
   </trkpt>
   <trkpt lat="48.3108620" lon="-70.3264000">
    <ele>240.1</ele>
   </trkpt>
   <trkpt lat="48.3108650" lon="-70.3264020">
    <ele>240.1</ele>
   </trkpt>
   <trkpt lat="48.3108640" lon="-70.3264000">
    <ele>240.1</ele>
   </trkpt>
   <trkpt lat="48.3108640" lon="-70.3264010">
    <ele>240.1</ele>
   </trkpt>
   <trkpt lat="48.3108630" lon="-70.3264060">
    <ele>240.2</ele>
   </trkpt>
   <trkpt lat="48.3108630" lon="-70.3264060">
    <ele>240.2</ele>
   </trkpt>
   <trkpt lat="48.3108650" lon="-70.3264090">
    <ele>240.2</ele>
   </trkpt>
   <trkpt lat="48.3108650" lon="-70.3264100">
    <ele>240.2</ele>
   </trkpt>
   <trkpt lat="48.3108650" lon="-70.3264050">
    <ele>240.2</ele>
   </trkpt>
   <trkpt lat="48.3108660" lon="-70.3264100">
    <ele>240.2</ele>
   </trkpt>
   <trkpt lat="48.3108670" lon="-70.3264080">
    <ele>240.2</ele>
   </trkpt>
   <trkpt lat="48.3108690" lon="-70.3264070">
    <ele>240.2</ele>
   </trkpt>
   <trkpt lat="48.3108690" lon="-70.3264030">
    <ele>240.2</ele>
   </trkpt>
   <trkpt lat="48.3108690" lon="-70.3264030">
    <ele>240.2</ele>
   </trkpt>
   <trkpt lat="48.3108690" lon="-70.3264030">
    <ele>240.2</ele>
   </trkpt>
   <trkpt lat="48.3108690" lon="-70.3264030">
    <ele>240.2</ele>
   </trkpt>
   <trkpt lat="48.3108690" lon="-70.3264030">
    <ele>240.2</ele>
   </trkpt>
   <trkpt lat="48.3108690" lon="-70.3264030">
    <ele>240.2</ele>
   </trkpt>
   <trkpt lat="48.3108690" lon="-70.3264030">
    <ele>240.2</ele>
   </trkpt>
   <trkpt lat="48.3108690" lon="-70.3264030">
    <ele>240.2</ele>
   </trkpt>
   <trkpt lat="48.3108690" lon="-70.3264030">
    <ele>240.2</ele>
   </trkpt>
   <trkpt lat="48.3108690" lon="-70.3264030">
    <ele>240.2</ele>
   </trkpt>
   <trkpt lat="48.3108690" lon="-70.3264030">
    <ele>240.2</ele>
   </trkpt>
   <trkpt lat="48.3108690" lon="-70.3264030">
    <ele>240.2</ele>
   </trkpt>
   <trkpt lat="48.3108740" lon="-70.3263960">
    <ele>240.2</ele>
   </trkpt>
   <trkpt lat="48.3108730" lon="-70.3263960">
    <ele>240.2</ele>
   </trkpt>
   <trkpt lat="48.3108720" lon="-70.3263920">
    <ele>240.2</ele>
   </trkpt>
   <trkpt lat="48.3108730" lon="-70.3263920">
    <ele>240.2</ele>
   </trkpt>
   <trkpt lat="48.3108730" lon="-70.3263920">
    <ele>240.2</ele>
   </trkpt>
   <trkpt lat="48.3108730" lon="-70.3263920">
    <ele>240.2</ele>
   </trkpt>
   <trkpt lat="48.3108730" lon="-70.3263920">
    <ele>240.2</ele>
   </trkpt>
   <trkpt lat="48.3108730" lon="-70.3263920">
    <ele>240.2</ele>
   </trkpt>
   <trkpt lat="48.3108730" lon="-70.3263920">
    <ele>240.2</ele>
   </trkpt>
   <trkpt lat="48.3108700" lon="-70.3263850">
    <ele>240.2</ele>
   </trkpt>
   <trkpt lat="48.3108720" lon="-70.3263820">
    <ele>240.2</ele>
   </trkpt>
   <trkpt lat="48.3108720" lon="-70.3263830">
    <ele>240.2</ele>
   </trkpt>
   <trkpt lat="48.3108750" lon="-70.3263860">
    <ele>240.2</ele>
   </trkpt>
   <trkpt lat="48.3108790" lon="-70.3263950">
    <ele>240.2</ele>
   </trkpt>
   <trkpt lat="48.3108810" lon="-70.3264080">
    <ele>240.2</ele>
   </trkpt>
   <trkpt lat="48.3108830" lon="-70.3264200">
    <ele>240.2</ele>
   </trkpt>
   <trkpt lat="48.3108840" lon="-70.3264320">
    <ele>240.2</ele>
   </trkpt>
   <trkpt lat="48.3108860" lon="-70.3264440">
    <ele>240.2</ele>
   </trkpt>
   <trkpt lat="48.3108900" lon="-70.3264560">
    <ele>240.2</ele>
   </trkpt>
   <trkpt lat="48.3109040" lon="-70.3264790">
    <ele>240.1</ele>
   </trkpt>
   <trkpt lat="48.3109090" lon="-70.3264870">
    <ele>240.0</ele>
   </trkpt>
   <trkpt lat="48.3109090" lon="-70.3264890">
    <ele>240.0</ele>
   </trkpt>
   <trkpt lat="48.3109100" lon="-70.3264940">
    <ele>240.0</ele>
   </trkpt>
   <trkpt lat="48.3109130" lon="-70.3264950">
    <ele>240.0</ele>
   </trkpt>
   <trkpt lat="48.3109180" lon="-70.3264960">
    <ele>240.0</ele>
   </trkpt>
   <trkpt lat="48.3109310" lon="-70.3265040">
    <ele>239.9</ele>
   </trkpt>
   <trkpt lat="48.3109310" lon="-70.3265000">
    <ele>239.9</ele>
   </trkpt>
   <trkpt lat="48.3109360" lon="-70.3264950">
    <ele>239.9</ele>
   </trkpt>
   <trkpt lat="48.3109440" lon="-70.3265000">
    <ele>239.8</ele>
   </trkpt>
   <trkpt lat="48.3109490" lon="-70.3265060">
    <ele>239.7</ele>
   </trkpt>
   <trkpt lat="48.3109520" lon="-70.3265080">
    <ele>239.7</ele>
   </trkpt>
   <trkpt lat="48.3109590" lon="-70.3265090">
    <ele>239.7</ele>
   </trkpt>
   <trkpt lat="48.3109640" lon="-70.3265060">
    <ele>239.6</ele>
   </trkpt>
   <trkpt lat="48.3109740" lon="-70.3265090">
    <ele>239.5</ele>
   </trkpt>
   <trkpt lat="48.3109810" lon="-70.3265020">
    <ele>239.4</ele>
   </trkpt>
   <trkpt lat="48.3109850" lon="-70.3265020">
    <ele>239.4</ele>
   </trkpt>
   <trkpt lat="48.3109930" lon="-70.3265070">
    <ele>239.3</ele>
   </trkpt>
   <trkpt lat="48.3109990" lon="-70.3265090">
    <ele>239.3</ele>
   </trkpt>
   <trkpt lat="48.3110070" lon="-70.3265080">
    <ele>239.2</ele>
   </trkpt>
   <trkpt lat="48.3110150" lon="-70.3265090">
    <ele>239.1</ele>
   </trkpt>
   <trkpt lat="48.3110210" lon="-70.3265090">
    <ele>239.0</ele>
   </trkpt>
   <trkpt lat="48.3110270" lon="-70.3265080">
    <ele>239.0</ele>
   </trkpt>
   <trkpt lat="48.3110380" lon="-70.3265130">
    <ele>238.8</ele>
   </trkpt>
   <trkpt lat="48.3110470" lon="-70.3265140">
    <ele>238.7</ele>
   </trkpt>
   <trkpt lat="48.3110590" lon="-70.3265200">
    <ele>238.6</ele>
   </trkpt>
   <trkpt lat="48.3110650" lon="-70.3265190">
    <ele>238.5</ele>
   </trkpt>
   <trkpt lat="48.3110730" lon="-70.3265170">
    <ele>238.4</ele>
   </trkpt>
   <trkpt lat="48.3110820" lon="-70.3265120">
    <ele>238.3</ele>
   </trkpt>
   <trkpt lat="48.3110880" lon="-70.3265040">
    <ele>238.3</ele>
   </trkpt>
   <trkpt lat="48.3110950" lon="-70.3265010">
    <ele>238.2</ele>
   </trkpt>
   <trkpt lat="48.3111050" lon="-70.3264970">
    <ele>238.1</ele>
   </trkpt>
   <trkpt lat="48.3111100" lon="-70.3264960">
    <ele>238.0</ele>
   </trkpt>
   <trkpt lat="48.3111200" lon="-70.3264950">
    <ele>237.9</ele>
   </trkpt>
   <trkpt lat="48.3111320" lon="-70.3264990">
    <ele>237.8</ele>
   </trkpt>
   <trkpt lat="48.3111410" lon="-70.3265000">
    <ele>237.8</ele>
   </trkpt>
   <trkpt lat="48.3111480" lon="-70.3264930">
    <ele>237.7</ele>
   </trkpt>
   <trkpt lat="48.3111540" lon="-70.3264910">
    <ele>237.7</ele>
   </trkpt>
   <trkpt lat="48.3111620" lon="-70.3264850">
    <ele>237.6</ele>
   </trkpt>
   <trkpt lat="48.3111690" lon="-70.3264820">
    <ele>237.6</ele>
   </trkpt>
   <trkpt lat="48.3111770" lon="-70.3264870">
    <ele>237.5</ele>
   </trkpt>
   <trkpt lat="48.3111880" lon="-70.3264910">
    <ele>237.5</ele>
   </trkpt>
   <trkpt lat="48.3111990" lon="-70.3264800">
    <ele>237.4</ele>
   </trkpt>
   <trkpt lat="48.3112050" lon="-70.3264680">
    <ele>237.4</ele>
   </trkpt>
   <trkpt lat="48.3112090" lon="-70.3264570">
    <ele>237.4</ele>
   </trkpt>
   <trkpt lat="48.3112210" lon="-70.3264450">
    <ele>237.3</ele>
   </trkpt>
   <trkpt lat="48.3112320" lon="-70.3264420">
    <ele>237.3</ele>
   </trkpt>
   <trkpt lat="48.3112340" lon="-70.3264490">
    <ele>237.3</ele>
   </trkpt>
   <trkpt lat="48.3112380" lon="-70.3264480">
    <ele>237.3</ele>
   </trkpt>
   <trkpt lat="48.3112520" lon="-70.3264490">
    <ele>237.3</ele>
   </trkpt>
   <trkpt lat="48.3112590" lon="-70.3264480">
    <ele>237.3</ele>
   </trkpt>
   <trkpt lat="48.3112650" lon="-70.3264530">
    <ele>237.3</ele>
   </trkpt>
   <trkpt lat="48.3112720" lon="-70.3264510">
    <ele>237.3</ele>
   </trkpt>
   <trkpt lat="48.3112820" lon="-70.3264550">
    <ele>237.3</ele>
   </trkpt>
   <trkpt lat="48.3112910" lon="-70.3264560">
    <ele>237.3</ele>
   </trkpt>
   <trkpt lat="48.3112980" lon="-70.3264560">
    <ele>237.3</ele>
   </trkpt>
   <trkpt lat="48.3113030" lon="-70.3264520">
    <ele>237.3</ele>
   </trkpt>
   <trkpt lat="48.3113110" lon="-70.3264520">
    <ele>237.3</ele>
   </trkpt>
   <trkpt lat="48.3113210" lon="-70.3264590">
    <ele>237.3</ele>
   </trkpt>
   <trkpt lat="48.3113300" lon="-70.3264540">
    <ele>237.4</ele>
   </trkpt>
   <trkpt lat="48.3113350" lon="-70.3264530">
    <ele>237.4</ele>
   </trkpt>
   <trkpt lat="48.3113400" lon="-70.3264380">
    <ele>237.4</ele>
   </trkpt>
   <trkpt lat="48.3113450" lon="-70.3264340">
    <ele>237.4</ele>
   </trkpt>
   <trkpt lat="48.3113530" lon="-70.3264320">
    <ele>237.4</ele>
   </trkpt>
   <trkpt lat="48.3113620" lon="-70.3264340">
    <ele>237.4</ele>
   </trkpt>
   <trkpt lat="48.3113730" lon="-70.3264350">
    <ele>237.5</ele>
   </trkpt>
   <trkpt lat="48.3113830" lon="-70.3264330">
    <ele>237.5</ele>
   </trkpt>
   <trkpt lat="48.3113940" lon="-70.3264370">
    <ele>237.5</ele>
   </trkpt>
   <trkpt lat="48.3114090" lon="-70.3264340">
    <ele>237.6</ele>
   </trkpt>
   <trkpt lat="48.3114170" lon="-70.3264360">
    <ele>237.6</ele>
   </trkpt>
   <trkpt lat="48.3114250" lon="-70.3264330">
    <ele>237.7</ele>
   </trkpt>
   <trkpt lat="48.3114310" lon="-70.3264280">
    <ele>237.7</ele>
   </trkpt>
   <trkpt lat="48.3114430" lon="-70.3264390">
    <ele>237.8</ele>
   </trkpt>
   <trkpt lat="48.3114540" lon="-70.3264410">
    <ele>237.8</ele>
   </trkpt>
   <trkpt lat="48.3114650" lon="-70.3264410">
    <ele>237.9</ele>
   </trkpt>
   <trkpt lat="48.3114790" lon="-70.3264380">
    <ele>238.0</ele>
   </trkpt>
   <trkpt lat="48.3114870" lon="-70.3264320">
    <ele>238.1</ele>
   </trkpt>
   <trkpt lat="48.3114950" lon="-70.3264350">
    <ele>238.1</ele>
   </trkpt>
   <trkpt lat="48.3115000" lon="-70.3264390">
    <ele>238.2</ele>
   </trkpt>
   <trkpt lat="48.3115070" lon="-70.3264410">
    <ele>238.3</ele>
   </trkpt>
   <trkpt lat="48.3115240" lon="-70.3264490">
    <ele>238.4</ele>
   </trkpt>
   <trkpt lat="48.3115380" lon="-70.3264450">
    <ele>238.5</ele>
   </trkpt>
   <trkpt lat="48.3115490" lon="-70.3264480">
    <ele>238.7</ele>
   </trkpt>
   <trkpt lat="48.3115590" lon="-70.3264460">
    <ele>238.8</ele>
   </trkpt>
   <trkpt lat="48.3115700" lon="-70.3264390">
    <ele>238.9</ele>
   </trkpt>
   <trkpt lat="48.3115770" lon="-70.3264300">
    <ele>239.0</ele>
   </trkpt>
   <trkpt lat="48.3115830" lon="-70.3264290">
    <ele>239.1</ele>
   </trkpt>
   <trkpt lat="48.3115910" lon="-70.3264350">
    <ele>239.2</ele>
   </trkpt>
   <trkpt lat="48.3115960" lon="-70.3264360">
    <ele>239.2</ele>
   </trkpt>
   <trkpt lat="48.3116080" lon="-70.3264350">
    <ele>239.4</ele>
   </trkpt>
   <trkpt lat="48.3116130" lon="-70.3264350">
    <ele>239.4</ele>
   </trkpt>
   <trkpt lat="48.3116160" lon="-70.3264290">
    <ele>239.5</ele>
   </trkpt>
   <trkpt lat="48.3116210" lon="-70.3264210">
    <ele>239.6</ele>
   </trkpt>
   <trkpt lat="48.3116260" lon="-70.3264110">
    <ele>239.7</ele>
   </trkpt>
   <trkpt lat="48.3116400" lon="-70.3264000">
    <ele>239.9</ele>
   </trkpt>
   <trkpt lat="48.3116520" lon="-70.3263890">
    <ele>240.0</ele>
   </trkpt>
   <trkpt lat="48.3116590" lon="-70.3263830">
    <ele>240.1</ele>
   </trkpt>
   <trkpt lat="48.3116660" lon="-70.3263720">
    <ele>240.2</ele>
   </trkpt>
   <trkpt lat="48.3116770" lon="-70.3263710">
    <ele>240.4</ele>
   </trkpt>
   <trkpt lat="48.3116890" lon="-70.3263620">
    <ele>240.5</ele>
   </trkpt>
   <trkpt lat="48.3116960" lon="-70.3263600">
    <ele>240.6</ele>
   </trkpt>
   <trkpt lat="48.3117020" lon="-70.3263490">
    <ele>240.7</ele>
   </trkpt>
   <trkpt lat="48.3117060" lon="-70.3263390">
    <ele>240.8</ele>
   </trkpt>
   <trkpt lat="48.3117150" lon="-70.3263310">
    <ele>240.9</ele>
   </trkpt>
   <trkpt lat="48.3117200" lon="-70.3263320">
    <ele>241.0</ele>
   </trkpt>
   <trkpt lat="48.3117300" lon="-70.3263280">
    <ele>241.1</ele>
   </trkpt>
   <trkpt lat="48.3117350" lon="-70.3263170">
    <ele>241.2</ele>
   </trkpt>
   <trkpt lat="48.3117470" lon="-70.3263110">
    <ele>241.3</ele>
   </trkpt>
   <trkpt lat="48.3117620" lon="-70.3263130">
    <ele>241.5</ele>
   </trkpt>
   <trkpt lat="48.3117700" lon="-70.3263090">
    <ele>241.6</ele>
   </trkpt>
   <trkpt lat="48.3117720" lon="-70.3262960">
    <ele>241.7</ele>
   </trkpt>
   <trkpt lat="48.3117780" lon="-70.3262920">
    <ele>241.8</ele>
   </trkpt>
   <trkpt lat="48.3117840" lon="-70.3262900">
    <ele>241.8</ele>
   </trkpt>
   <trkpt lat="48.3117890" lon="-70.3262820">
    <ele>241.9</ele>
   </trkpt>
   <trkpt lat="48.3117940" lon="-70.3262720">
    <ele>242.0</ele>
   </trkpt>
   <trkpt lat="48.3118040" lon="-70.3262700">
    <ele>242.1</ele>
   </trkpt>
   <trkpt lat="48.3118080" lon="-70.3262530">
    <ele>242.2</ele>
   </trkpt>
   <trkpt lat="48.3118120" lon="-70.3262420">
    <ele>242.3</ele>
   </trkpt>
   <trkpt lat="48.3118230" lon="-70.3262240">
    <ele>242.4</ele>
   </trkpt>
   <trkpt lat="48.3118270" lon="-70.3262170">
    <ele>242.5</ele>
   </trkpt>
   <trkpt lat="48.3118310" lon="-70.3262120">
    <ele>242.5</ele>
   </trkpt>
   <trkpt lat="48.3118370" lon="-70.3262060">
    <ele>242.6</ele>
   </trkpt>
   <trkpt lat="48.3118430" lon="-70.3262010">
    <ele>242.6</ele>
   </trkpt>
   <trkpt lat="48.3118490" lon="-70.3261930">
    <ele>242.7</ele>
   </trkpt>
   <trkpt lat="48.3118560" lon="-70.3261820">
    <ele>242.8</ele>
   </trkpt>
   <trkpt lat="48.3118600" lon="-70.3261780">
    <ele>242.8</ele>
   </trkpt>
   <trkpt lat="48.3118630" lon="-70.3261680">
    <ele>242.9</ele>
   </trkpt>
   <trkpt lat="48.3118680" lon="-70.3261590">
    <ele>243.0</ele>
   </trkpt>
   <trkpt lat="48.3118720" lon="-70.3261540">
    <ele>243.0</ele>
   </trkpt>
   <trkpt lat="48.3118770" lon="-70.3261500">
    <ele>243.1</ele>
   </trkpt>
   <trkpt lat="48.3118810" lon="-70.3261490">
    <ele>243.1</ele>
   </trkpt>
   <trkpt lat="48.3118860" lon="-70.3261500">
    <ele>243.2</ele>
   </trkpt>
   <trkpt lat="48.3118880" lon="-70.3261260">
    <ele>243.3</ele>
   </trkpt>
   <trkpt lat="48.3118970" lon="-70.3261250">
    <ele>243.4</ele>
   </trkpt>
   <trkpt lat="48.3119040" lon="-70.3261280">
    <ele>243.4</ele>
   </trkpt>
   <trkpt lat="48.3119110" lon="-70.3261270">
    <ele>243.5</ele>
   </trkpt>
   <trkpt lat="48.3119110" lon="-70.3261270">
    <ele>243.5</ele>
   </trkpt>
   <trkpt lat="48.3119110" lon="-70.3261270">
    <ele>243.5</ele>
   </trkpt>
   <trkpt lat="48.3119110" lon="-70.3261270">
    <ele>243.5</ele>
   </trkpt>
   <trkpt lat="48.3119110" lon="-70.3261270">
    <ele>243.5</ele>
   </trkpt>
   <trkpt lat="48.3119110" lon="-70.3261270">
    <ele>243.5</ele>
   </trkpt>
   <trkpt lat="48.3119360" lon="-70.3261140">
    <ele>243.7</ele>
   </trkpt>
   <trkpt lat="48.3119430" lon="-70.3261110">
    <ele>243.7</ele>
   </trkpt>
   <trkpt lat="48.3119470" lon="-70.3261120">
    <ele>243.8</ele>
   </trkpt>
   <trkpt lat="48.3119530" lon="-70.3261180">
    <ele>243.8</ele>
   </trkpt>
   <trkpt lat="48.3119480" lon="-70.3261180">
    <ele>243.9</ele>
   </trkpt>
   <trkpt lat="48.3119520" lon="-70.3261060">
    <ele>243.9</ele>
   </trkpt>
   <trkpt lat="48.3119550" lon="-70.3261080">
    <ele>243.9</ele>
   </trkpt>
   <trkpt lat="48.3119610" lon="-70.3260970">
    <ele>244.0</ele>
   </trkpt>
   <trkpt lat="48.3119660" lon="-70.3261000">
    <ele>244.0</ele>
   </trkpt>
   <trkpt lat="48.3119710" lon="-70.3260950">
    <ele>244.1</ele>
   </trkpt>
   <trkpt lat="48.3119710" lon="-70.3260950">
    <ele>244.1</ele>
   </trkpt>
   <trkpt lat="48.3119710" lon="-70.3260950">
    <ele>244.1</ele>
   </trkpt>
   <trkpt lat="48.3119750" lon="-70.3260820">
    <ele>244.1</ele>
   </trkpt>
   <trkpt lat="48.3119780" lon="-70.3260820">
    <ele>244.1</ele>
   </trkpt>
   <trkpt lat="48.3119810" lon="-70.3260810">
    <ele>244.2</ele>
   </trkpt>
   <trkpt lat="48.3119850" lon="-70.3260870">
    <ele>244.2</ele>
   </trkpt>
   <trkpt lat="48.3119850" lon="-70.3260880">
    <ele>244.2</ele>
   </trkpt>
   <trkpt lat="48.3119850" lon="-70.3260880">
    <ele>244.2</ele>
   </trkpt>
   <trkpt lat="48.3119850" lon="-70.3260880">
    <ele>244.2</ele>
   </trkpt>
   <trkpt lat="48.3119850" lon="-70.3260880">
    <ele>244.2</ele>
   </trkpt>
   <trkpt lat="48.3119850" lon="-70.3260880">
    <ele>244.2</ele>
   </trkpt>
   <trkpt lat="48.3119850" lon="-70.3260880">
    <ele>244.2</ele>
   </trkpt>
   <trkpt lat="48.3119850" lon="-70.3260880">
    <ele>244.2</ele>
   </trkpt>
   <trkpt lat="48.3119850" lon="-70.3260880">
    <ele>244.2</ele>
   </trkpt>
   <trkpt lat="48.3120070" lon="-70.3260860">
    <ele>244.3</ele>
   </trkpt>
   <trkpt lat="48.3120090" lon="-70.3260850">
    <ele>244.3</ele>
   </trkpt>
   <trkpt lat="48.3120080" lon="-70.3260820">
    <ele>244.3</ele>
   </trkpt>
   <trkpt lat="48.3120090" lon="-70.3260780">
    <ele>244.4</ele>
   </trkpt>
   <trkpt lat="48.3120080" lon="-70.3260770">
    <ele>244.4</ele>
   </trkpt>
   <trkpt lat="48.3120080" lon="-70.3260780">
    <ele>244.4</ele>
   </trkpt>
   <trkpt lat="48.3120090" lon="-70.3260750">
    <ele>244.4</ele>
   </trkpt>
   <trkpt lat="48.3120140" lon="-70.3260660">
    <ele>244.4</ele>
   </trkpt>
   <trkpt lat="48.3120170" lon="-70.3260690">
    <ele>244.4</ele>
   </trkpt>
   <trkpt lat="48.3120160" lon="-70.3260740">
    <ele>244.4</ele>
   </trkpt>
   <trkpt lat="48.3120160" lon="-70.3260720">
    <ele>244.4</ele>
   </trkpt>
   <trkpt lat="48.3120230" lon="-70.3260770">
    <ele>244.5</ele>
   </trkpt>
   <trkpt lat="48.3120290" lon="-70.3260840">
    <ele>244.5</ele>
   </trkpt>
   <trkpt lat="48.3120360" lon="-70.3260790">
    <ele>244.5</ele>
   </trkpt>
   <trkpt lat="48.3120390" lon="-70.3260810">
    <ele>244.5</ele>
   </trkpt>
   <trkpt lat="48.3120440" lon="-70.3260760">
    <ele>244.6</ele>
   </trkpt>
   <trkpt lat="48.3120450" lon="-70.3260760">
    <ele>244.6</ele>
   </trkpt>
   <trkpt lat="48.3120510" lon="-70.3260750">
    <ele>244.6</ele>
   </trkpt>
   <trkpt lat="48.3120610" lon="-70.3260820">
    <ele>244.6</ele>
   </trkpt>
   <trkpt lat="48.3120670" lon="-70.3260770">
    <ele>244.6</ele>
   </trkpt>
   <trkpt lat="48.3120730" lon="-70.3260740">
    <ele>244.6</ele>
   </trkpt>
   <trkpt lat="48.3120770" lon="-70.3260750">
    <ele>244.6</ele>
   </trkpt>
   <trkpt lat="48.3120810" lon="-70.3260780">
    <ele>244.7</ele>
   </trkpt>
   <trkpt lat="48.3120880" lon="-70.3260800">
    <ele>244.7</ele>
   </trkpt>
   <trkpt lat="48.3120970" lon="-70.3260780">
    <ele>244.7</ele>
   </trkpt>
   <trkpt lat="48.3121090" lon="-70.3260870">
    <ele>244.7</ele>
   </trkpt>
   <trkpt lat="48.3121180" lon="-70.3260950">
    <ele>244.7</ele>
   </trkpt>
   <trkpt lat="48.3121270" lon="-70.3260940">
    <ele>244.7</ele>
   </trkpt>
   <trkpt lat="48.3121380" lon="-70.3260960">
    <ele>244.8</ele>
   </trkpt>
   <trkpt lat="48.3121500" lon="-70.3260940">
    <ele>244.8</ele>
   </trkpt>
   <trkpt lat="48.3121630" lon="-70.3260980">
    <ele>244.8</ele>
   </trkpt>
   <trkpt lat="48.3121710" lon="-70.3260990">
    <ele>244.8</ele>
   </trkpt>
   <trkpt lat="48.3121940" lon="-70.3261150">
    <ele>244.8</ele>
   </trkpt>
   <trkpt lat="48.3121950" lon="-70.3261120">
    <ele>244.8</ele>
   </trkpt>
   <trkpt lat="48.3122000" lon="-70.3261250">
    <ele>244.8</ele>
   </trkpt>
   <trkpt lat="48.3122180" lon="-70.3261410">
    <ele>244.9</ele>
   </trkpt>
   <trkpt lat="48.3122290" lon="-70.3261430">
    <ele>244.9</ele>
   </trkpt>
   <trkpt lat="48.3122430" lon="-70.3261450">
    <ele>244.9</ele>
   </trkpt>
   <trkpt lat="48.3122540" lon="-70.3261440">
    <ele>244.9</ele>
   </trkpt>
   <trkpt lat="48.3122640" lon="-70.3261490">
    <ele>244.9</ele>
   </trkpt>
   <trkpt lat="48.3122710" lon="-70.3261610">
    <ele>244.9</ele>
   </trkpt>
   <trkpt lat="48.3122820" lon="-70.3261750">
    <ele>244.9</ele>
   </trkpt>
   <trkpt lat="48.3122930" lon="-70.3261850">
    <ele>245.0</ele>
   </trkpt>
   <trkpt lat="48.3123020" lon="-70.3261950">
    <ele>245.0</ele>
   </trkpt>
   <trkpt lat="48.3123140" lon="-70.3262090">
    <ele>245.0</ele>
   </trkpt>
   <trkpt lat="48.3123210" lon="-70.3262100">
    <ele>245.0</ele>
   </trkpt>
   <trkpt lat="48.3123350" lon="-70.3262120">
    <ele>245.0</ele>
   </trkpt>
   <trkpt lat="48.3123440" lon="-70.3262180">
    <ele>245.1</ele>
   </trkpt>
   <trkpt lat="48.3123560" lon="-70.3262270">
    <ele>245.1</ele>
   </trkpt>
   <trkpt lat="48.3123570" lon="-70.3262210">
    <ele>245.1</ele>
   </trkpt>
   <trkpt lat="48.3123760" lon="-70.3262270">
    <ele>245.2</ele>
   </trkpt>
   <trkpt lat="48.3123830" lon="-70.3262350">
    <ele>245.2</ele>
   </trkpt>
   <trkpt lat="48.3123860" lon="-70.3262280">
    <ele>245.2</ele>
   </trkpt>
   <trkpt lat="48.3123940" lon="-70.3262340">
    <ele>245.2</ele>
   </trkpt>
   <trkpt lat="48.3124060" lon="-70.3262440">
    <ele>245.3</ele>
   </trkpt>
   <trkpt lat="48.3124120" lon="-70.3262500">
    <ele>245.3</ele>
   </trkpt>
   <trkpt lat="48.3124200" lon="-70.3262630">
    <ele>245.4</ele>
   </trkpt>
   <trkpt lat="48.3124240" lon="-70.3262710">
    <ele>245.4</ele>
   </trkpt>
   <trkpt lat="48.3124270" lon="-70.3262700">
    <ele>245.4</ele>
   </trkpt>
   <trkpt lat="48.3124400" lon="-70.3262740">
    <ele>245.4</ele>
   </trkpt>
   <trkpt lat="48.3124610" lon="-70.3262700">
    <ele>245.5</ele>
   </trkpt>
   <trkpt lat="48.3124830" lon="-70.3262680">
    <ele>245.6</ele>
   </trkpt>
   <trkpt lat="48.3125000" lon="-70.3262650">
    <ele>245.7</ele>
   </trkpt>
   <trkpt lat="48.3125140" lon="-70.3262610">
    <ele>245.7</ele>
   </trkpt>
   <trkpt lat="48.3125260" lon="-70.3262690">
    <ele>245.8</ele>
   </trkpt>
   <trkpt lat="48.3125350" lon="-70.3262630">
    <ele>245.8</ele>
   </trkpt>
   <trkpt lat="48.3125400" lon="-70.3262650">
    <ele>245.8</ele>
   </trkpt>
   <trkpt lat="48.3125460" lon="-70.3262650">
    <ele>245.8</ele>
   </trkpt>
   <trkpt lat="48.3125530" lon="-70.3262660">
    <ele>245.8</ele>
   </trkpt>
   <trkpt lat="48.3125690" lon="-70.3262730">
    <ele>245.9</ele>
   </trkpt>
   <trkpt lat="48.3125820" lon="-70.3262780">
    <ele>245.9</ele>
   </trkpt>
   <trkpt lat="48.3125970" lon="-70.3262770">
    <ele>245.9</ele>
   </trkpt>
   <trkpt lat="48.3126120" lon="-70.3262720">
    <ele>245.9</ele>
   </trkpt>
   <trkpt lat="48.3126250" lon="-70.3262730">
    <ele>245.9</ele>
   </trkpt>
   <trkpt lat="48.3126360" lon="-70.3262790">
    <ele>245.9</ele>
   </trkpt>
   <trkpt lat="48.3126490" lon="-70.3262750">
    <ele>245.9</ele>
   </trkpt>
   <trkpt lat="48.3126650" lon="-70.3262660">
    <ele>245.9</ele>
   </trkpt>
   <trkpt lat="48.3126780" lon="-70.3262640">
    <ele>245.9</ele>
   </trkpt>
   <trkpt lat="48.3126900" lon="-70.3262660">
    <ele>245.9</ele>
   </trkpt>
   <trkpt lat="48.3126970" lon="-70.3262640">
    <ele>245.9</ele>
   </trkpt>
   <trkpt lat="48.3127070" lon="-70.3262660">
    <ele>245.9</ele>
   </trkpt>
   <trkpt lat="48.3127200" lon="-70.3262730">
    <ele>245.9</ele>
   </trkpt>
   <trkpt lat="48.3127300" lon="-70.3262730">
    <ele>245.9</ele>
   </trkpt>
   <trkpt lat="48.3127360" lon="-70.3262710">
    <ele>245.9</ele>
   </trkpt>
   <trkpt lat="48.3127510" lon="-70.3262790">
    <ele>245.8</ele>
   </trkpt>
   <trkpt lat="48.3127570" lon="-70.3262780">
    <ele>245.8</ele>
   </trkpt>
   <trkpt lat="48.3127700" lon="-70.3262760">
    <ele>245.8</ele>
   </trkpt>
   <trkpt lat="48.3127790" lon="-70.3262690">
    <ele>245.8</ele>
   </trkpt>
   <trkpt lat="48.3127880" lon="-70.3262640">
    <ele>245.8</ele>
   </trkpt>
   <trkpt lat="48.3127970" lon="-70.3262600">
    <ele>245.8</ele>
   </trkpt>
   <trkpt lat="48.3128050" lon="-70.3262600">
    <ele>245.8</ele>
   </trkpt>
   <trkpt lat="48.3128150" lon="-70.3262500">
    <ele>245.8</ele>
   </trkpt>
   <trkpt lat="48.3128250" lon="-70.3262420">
    <ele>245.8</ele>
   </trkpt>
   <trkpt lat="48.3128370" lon="-70.3262420">
    <ele>245.8</ele>
   </trkpt>
   <trkpt lat="48.3128420" lon="-70.3262430">
    <ele>245.8</ele>
   </trkpt>
   <trkpt lat="48.3128520" lon="-70.3262360">
    <ele>245.8</ele>
   </trkpt>
   <trkpt lat="48.3128640" lon="-70.3262230">
    <ele>245.8</ele>
   </trkpt>
   <trkpt lat="48.3128770" lon="-70.3262140">
    <ele>245.8</ele>
   </trkpt>
   <trkpt lat="48.3128750" lon="-70.3262140">
    <ele>245.8</ele>
   </trkpt>
   <trkpt lat="48.3128750" lon="-70.3262180">
    <ele>245.8</ele>
   </trkpt>
   <trkpt lat="48.3128760" lon="-70.3262130">
    <ele>245.8</ele>
   </trkpt>
   <trkpt lat="48.3128850" lon="-70.3262010">
    <ele>245.8</ele>
   </trkpt>
   <trkpt lat="48.3128890" lon="-70.3262050">
    <ele>245.8</ele>
   </trkpt>
   <trkpt lat="48.3129020" lon="-70.3262020">
    <ele>245.8</ele>
   </trkpt>
   <trkpt lat="48.3129010" lon="-70.3261930">
    <ele>245.8</ele>
   </trkpt>
   <trkpt lat="48.3129090" lon="-70.3261840">
    <ele>245.9</ele>
   </trkpt>
   <trkpt lat="48.3129210" lon="-70.3261830">
    <ele>245.9</ele>
   </trkpt>
   <trkpt lat="48.3129310" lon="-70.3261680">
    <ele>245.9</ele>
   </trkpt>
   <trkpt lat="48.3129420" lon="-70.3261610">
    <ele>246.0</ele>
   </trkpt>
   <trkpt lat="48.3129460" lon="-70.3261500">
    <ele>246.0</ele>
   </trkpt>
   <trkpt lat="48.3129580" lon="-70.3261370">
    <ele>246.1</ele>
   </trkpt>
   <trkpt lat="48.3129670" lon="-70.3261280">
    <ele>246.1</ele>
   </trkpt>
   <trkpt lat="48.3129720" lon="-70.3261210">
    <ele>246.1</ele>
   </trkpt>
   <trkpt lat="48.3129820" lon="-70.3261140">
    <ele>246.2</ele>
   </trkpt>
   <trkpt lat="48.3129910" lon="-70.3261100">
    <ele>246.3</ele>
   </trkpt>
   <trkpt lat="48.3129970" lon="-70.3261040">
    <ele>246.3</ele>
   </trkpt>
   <trkpt lat="48.3130010" lon="-70.3260950">
    <ele>246.4</ele>
   </trkpt>
   <trkpt lat="48.3130130" lon="-70.3260890">
    <ele>246.4</ele>
   </trkpt>
   <trkpt lat="48.3130130" lon="-70.3260830">
    <ele>246.5</ele>
   </trkpt>
   <trkpt lat="48.3130130" lon="-70.3260740">
    <ele>246.5</ele>
   </trkpt>
   <trkpt lat="48.3130190" lon="-70.3260750">
    <ele>246.6</ele>
   </trkpt>
   <trkpt lat="48.3130270" lon="-70.3260690">
    <ele>246.6</ele>
   </trkpt>
   <trkpt lat="48.3130250" lon="-70.3260620">
    <ele>246.7</ele>
   </trkpt>
   <trkpt lat="48.3130240" lon="-70.3260530">
    <ele>246.7</ele>
   </trkpt>
   <trkpt lat="48.3130290" lon="-70.3260440">
    <ele>246.8</ele>
   </trkpt>
   <trkpt lat="48.3130400" lon="-70.3260310">
    <ele>247.0</ele>
   </trkpt>
   <trkpt lat="48.3130490" lon="-70.3260250">
    <ele>247.1</ele>
   </trkpt>
   <trkpt lat="48.3130660" lon="-70.3260150">
    <ele>247.3</ele>
   </trkpt>
   <trkpt lat="48.3130790" lon="-70.3260150">
    <ele>247.5</ele>
   </trkpt>
   <trkpt lat="48.3130910" lon="-70.3260110">
    <ele>247.6</ele>
   </trkpt>
   <trkpt lat="48.3131030" lon="-70.3260000">
    <ele>247.8</ele>
   </trkpt>
   <trkpt lat="48.3131140" lon="-70.3259990">
    <ele>248.0</ele>
   </trkpt>
   <trkpt lat="48.3131290" lon="-70.3259860">
    <ele>248.3</ele>
   </trkpt>
   <trkpt lat="48.3131410" lon="-70.3259670">
    <ele>248.5</ele>
   </trkpt>
   <trkpt lat="48.3131450" lon="-70.3259590">
    <ele>248.7</ele>
   </trkpt>
   <trkpt lat="48.3131540" lon="-70.3259530">
    <ele>248.8</ele>
   </trkpt>
   <trkpt lat="48.3131680" lon="-70.3259410">
    <ele>249.1</ele>
   </trkpt>
   <trkpt lat="48.3131810" lon="-70.3259300">
    <ele>249.4</ele>
   </trkpt>
   <trkpt lat="48.3131950" lon="-70.3259260">
    <ele>249.7</ele>
   </trkpt>
   <trkpt lat="48.3132030" lon="-70.3259210">
    <ele>249.8</ele>
   </trkpt>
   <trkpt lat="48.3132220" lon="-70.3259060">
    <ele>250.2</ele>
   </trkpt>
   <trkpt lat="48.3132400" lon="-70.3258910">
    <ele>250.6</ele>
   </trkpt>
   <trkpt lat="48.3132540" lon="-70.3258780">
    <ele>250.9</ele>
   </trkpt>
   <trkpt lat="48.3132660" lon="-70.3258670">
    <ele>251.2</ele>
   </trkpt>
   <trkpt lat="48.3132770" lon="-70.3258590">
    <ele>251.4</ele>
   </trkpt>
   <trkpt lat="48.3132900" lon="-70.3258500">
    <ele>251.7</ele>
   </trkpt>
   <trkpt lat="48.3133020" lon="-70.3258400">
    <ele>251.9</ele>
   </trkpt>
   <trkpt lat="48.3133030" lon="-70.3258310">
    <ele>252.0</ele>
   </trkpt>
   <trkpt lat="48.3133080" lon="-70.3258260">
    <ele>252.1</ele>
   </trkpt>
   <trkpt lat="48.3133170" lon="-70.3258240">
    <ele>252.3</ele>
   </trkpt>
   <trkpt lat="48.3133220" lon="-70.3258230">
    <ele>252.4</ele>
   </trkpt>
   <trkpt lat="48.3133290" lon="-70.3258180">
    <ele>252.6</ele>
   </trkpt>
   <trkpt lat="48.3133380" lon="-70.3258140">
    <ele>252.8</ele>
   </trkpt>
   <trkpt lat="48.3133510" lon="-70.3258130">
    <ele>253.0</ele>
   </trkpt>
   <trkpt lat="48.3133600" lon="-70.3258080">
    <ele>253.2</ele>
   </trkpt>
   <trkpt lat="48.3133690" lon="-70.3258070">
    <ele>253.4</ele>
   </trkpt>
   <trkpt lat="48.3133760" lon="-70.3258050">
    <ele>253.5</ele>
   </trkpt>
   <trkpt lat="48.3133860" lon="-70.3258080">
    <ele>253.7</ele>
   </trkpt>
   <trkpt lat="48.3133940" lon="-70.3258070">
    <ele>253.9</ele>
   </trkpt>
   <trkpt lat="48.3134070" lon="-70.3258090">
    <ele>254.2</ele>
   </trkpt>
   <trkpt lat="48.3134200" lon="-70.3258110">
    <ele>254.4</ele>
   </trkpt>
   <trkpt lat="48.3134240" lon="-70.3258150">
    <ele>254.5</ele>
   </trkpt>
   <trkpt lat="48.3134380" lon="-70.3258210">
    <ele>254.8</ele>
   </trkpt>
   <trkpt lat="48.3134570" lon="-70.3258210">
    <ele>255.2</ele>
   </trkpt>
   <trkpt lat="48.3134690" lon="-70.3258260">
    <ele>255.4</ele>
   </trkpt>
   <trkpt lat="48.3134730" lon="-70.3258300">
    <ele>255.5</ele>
   </trkpt>
   <trkpt lat="48.3134830" lon="-70.3258250">
    <ele>255.7</ele>
   </trkpt>
   <trkpt lat="48.3134890" lon="-70.3258210">
    <ele>255.9</ele>
   </trkpt>
   <trkpt lat="48.3135000" lon="-70.3258220">
    <ele>256.1</ele>
   </trkpt>
   <trkpt lat="48.3135120" lon="-70.3258180">
    <ele>256.3</ele>
   </trkpt>
   <trkpt lat="48.3135200" lon="-70.3258150">
    <ele>256.5</ele>
   </trkpt>
   <trkpt lat="48.3135240" lon="-70.3258170">
    <ele>256.5</ele>
   </trkpt>
   <trkpt lat="48.3135330" lon="-70.3258140">
    <ele>256.7</ele>
   </trkpt>
   <trkpt lat="48.3135430" lon="-70.3258110">
    <ele>256.9</ele>
   </trkpt>
   <trkpt lat="48.3135490" lon="-70.3258090">
    <ele>257.0</ele>
   </trkpt>
   <trkpt lat="48.3135580" lon="-70.3258110">
    <ele>257.2</ele>
   </trkpt>
   <trkpt lat="48.3135700" lon="-70.3258100">
    <ele>257.4</ele>
   </trkpt>
   <trkpt lat="48.3135840" lon="-70.3258030">
    <ele>257.7</ele>
   </trkpt>
   <trkpt lat="48.3135910" lon="-70.3258010">
    <ele>257.8</ele>
   </trkpt>
   <trkpt lat="48.3135980" lon="-70.3258010">
    <ele>257.9</ele>
   </trkpt>
   <trkpt lat="48.3136060" lon="-70.3257960">
    <ele>258.1</ele>
   </trkpt>
   <trkpt lat="48.3136160" lon="-70.3257940">
    <ele>258.2</ele>
   </trkpt>
   <trkpt lat="48.3136250" lon="-70.3257810">
    <ele>258.5</ele>
   </trkpt>
   <trkpt lat="48.3136320" lon="-70.3257810">
    <ele>258.6</ele>
   </trkpt>
   <trkpt lat="48.3136420" lon="-70.3257800">
    <ele>258.8</ele>
   </trkpt>
   <trkpt lat="48.3136550" lon="-70.3257760">
    <ele>259.0</ele>
   </trkpt>
   <trkpt lat="48.3136660" lon="-70.3257740">
    <ele>259.2</ele>
   </trkpt>
   <trkpt lat="48.3136770" lon="-70.3257780">
    <ele>259.4</ele>
   </trkpt>
   <trkpt lat="48.3136860" lon="-70.3257730">
    <ele>259.6</ele>
   </trkpt>
   <trkpt lat="48.3136990" lon="-70.3257730">
    <ele>259.8</ele>
   </trkpt>
   <trkpt lat="48.3137050" lon="-70.3257750">
    <ele>259.9</ele>
   </trkpt>
   <trkpt lat="48.3137150" lon="-70.3257750">
    <ele>260.1</ele>
   </trkpt>
   <trkpt lat="48.3137260" lon="-70.3257750">
    <ele>260.3</ele>
   </trkpt>
   <trkpt lat="48.3137280" lon="-70.3257830">
    <ele>260.4</ele>
   </trkpt>
   <trkpt lat="48.3137400" lon="-70.3257830">
    <ele>260.6</ele>
   </trkpt>
   <trkpt lat="48.3137440" lon="-70.3257920">
    <ele>260.7</ele>
   </trkpt>
   <trkpt lat="48.3137530" lon="-70.3257940">
    <ele>260.9</ele>
   </trkpt>
   <trkpt lat="48.3137630" lon="-70.3257980">
    <ele>261.1</ele>
   </trkpt>
   <trkpt lat="48.3137670" lon="-70.3257990">
    <ele>261.1</ele>
   </trkpt>
   <trkpt lat="48.3137730" lon="-70.3257980">
    <ele>261.2</ele>
   </trkpt>
   <trkpt lat="48.3137780" lon="-70.3258040">
    <ele>261.3</ele>
   </trkpt>
   <trkpt lat="48.3137830" lon="-70.3258060">
    <ele>261.4</ele>
   </trkpt>
   <trkpt lat="48.3137950" lon="-70.3258100">
    <ele>261.6</ele>
   </trkpt>
   <trkpt lat="48.3138010" lon="-70.3258120">
    <ele>261.7</ele>
   </trkpt>
   <trkpt lat="48.3138080" lon="-70.3258160">
    <ele>261.8</ele>
   </trkpt>
   <trkpt lat="48.3138180" lon="-70.3258220">
    <ele>262.0</ele>
   </trkpt>
   <trkpt lat="48.3138270" lon="-70.3258210">
    <ele>262.1</ele>
   </trkpt>
   <trkpt lat="48.3138390" lon="-70.3258250">
    <ele>262.3</ele>
   </trkpt>
   <trkpt lat="48.3138410" lon="-70.3258290">
    <ele>262.4</ele>
   </trkpt>
   <trkpt lat="48.3138500" lon="-70.3258330">
    <ele>262.5</ele>
   </trkpt>
   <trkpt lat="48.3138590" lon="-70.3258370">
    <ele>262.6</ele>
   </trkpt>
   <trkpt lat="48.3138640" lon="-70.3258370">
    <ele>262.7</ele>
   </trkpt>
   <trkpt lat="48.3138700" lon="-70.3258430">
    <ele>262.8</ele>
   </trkpt>
   <trkpt lat="48.3138680" lon="-70.3258460">
    <ele>262.8</ele>
   </trkpt>
   <trkpt lat="48.3138800" lon="-70.3258400">
    <ele>263.0</ele>
   </trkpt>
   <trkpt lat="48.3138930" lon="-70.3258410">
    <ele>263.1</ele>
   </trkpt>
   <trkpt lat="48.3138960" lon="-70.3258380">
    <ele>263.1</ele>
   </trkpt>
   <trkpt lat="48.3139010" lon="-70.3258340">
    <ele>263.2</ele>
   </trkpt>
   <trkpt lat="48.3139080" lon="-70.3258370">
    <ele>263.3</ele>
   </trkpt>
   <trkpt lat="48.3139180" lon="-70.3258410">
    <ele>263.4</ele>
   </trkpt>
   <trkpt lat="48.3139290" lon="-70.3258340">
    <ele>263.5</ele>
   </trkpt>
   <trkpt lat="48.3139400" lon="-70.3258330">
    <ele>263.6</ele>
   </trkpt>
   <trkpt lat="48.3139460" lon="-70.3258320">
    <ele>263.7</ele>
   </trkpt>
   <trkpt lat="48.3139550" lon="-70.3258310">
    <ele>263.8</ele>
   </trkpt>
   <trkpt lat="48.3139570" lon="-70.3258310">
    <ele>263.8</ele>
   </trkpt>
   <trkpt lat="48.3139680" lon="-70.3258290">
    <ele>263.9</ele>
   </trkpt>
   <trkpt lat="48.3139760" lon="-70.3258320">
    <ele>264.0</ele>
   </trkpt>
   <trkpt lat="48.3139850" lon="-70.3258260">
    <ele>264.0</ele>
   </trkpt>
   <trkpt lat="48.3139890" lon="-70.3258220">
    <ele>264.1</ele>
   </trkpt>
   <trkpt lat="48.3139950" lon="-70.3258160">
    <ele>264.1</ele>
   </trkpt>
   <trkpt lat="48.3140060" lon="-70.3258170">
    <ele>264.2</ele>
   </trkpt>
   <trkpt lat="48.3140140" lon="-70.3258200">
    <ele>264.3</ele>
   </trkpt>
   <trkpt lat="48.3140190" lon="-70.3258210">
    <ele>264.3</ele>
   </trkpt>
   <trkpt lat="48.3140290" lon="-70.3258180">
    <ele>264.4</ele>
   </trkpt>
   <trkpt lat="48.3140340" lon="-70.3258120">
    <ele>264.5</ele>
   </trkpt>
   <trkpt lat="48.3140370" lon="-70.3258110">
    <ele>264.5</ele>
   </trkpt>
   <trkpt lat="48.3140470" lon="-70.3258120">
    <ele>264.6</ele>
   </trkpt>
   <trkpt lat="48.3140550" lon="-70.3258100">
    <ele>264.6</ele>
   </trkpt>
   <trkpt lat="48.3140610" lon="-70.3258010">
    <ele>264.7</ele>
   </trkpt>
   <trkpt lat="48.3140680" lon="-70.3257950">
    <ele>264.7</ele>
   </trkpt>
   <trkpt lat="48.3140760" lon="-70.3257880">
    <ele>264.8</ele>
   </trkpt>
   <trkpt lat="48.3140810" lon="-70.3257850">
    <ele>264.9</ele>
   </trkpt>
   <trkpt lat="48.3140880" lon="-70.3257770">
    <ele>264.9</ele>
   </trkpt>
   <trkpt lat="48.3140950" lon="-70.3257730">
    <ele>265.0</ele>
   </trkpt>
   <trkpt lat="48.3140990" lon="-70.3257740">
    <ele>265.0</ele>
   </trkpt>
   <trkpt lat="48.3141100" lon="-70.3257590">
    <ele>265.1</ele>
   </trkpt>
   <trkpt lat="48.3141100" lon="-70.3257600">
    <ele>265.1</ele>
   </trkpt>
   <trkpt lat="48.3141110" lon="-70.3257570">
    <ele>265.1</ele>
   </trkpt>
   <trkpt lat="48.3141130" lon="-70.3257510">
    <ele>265.2</ele>
   </trkpt>
   <trkpt lat="48.3141180" lon="-70.3257440">
    <ele>265.2</ele>
   </trkpt>
   <trkpt lat="48.3141170" lon="-70.3257440">
    <ele>265.2</ele>
   </trkpt>
   <trkpt lat="48.3141170" lon="-70.3257440">
    <ele>265.2</ele>
   </trkpt>
   <trkpt lat="48.3141260" lon="-70.3257390">
    <ele>265.3</ele>
   </trkpt>
   <trkpt lat="48.3141270" lon="-70.3257350">
    <ele>265.3</ele>
   </trkpt>
   <trkpt lat="48.3141270" lon="-70.3257350">
    <ele>265.3</ele>
   </trkpt>
   <trkpt lat="48.3141270" lon="-70.3257350">
    <ele>265.3</ele>
   </trkpt>
   <trkpt lat="48.3141270" lon="-70.3257350">
    <ele>265.3</ele>
   </trkpt>
   <trkpt lat="48.3141340" lon="-70.3257260">
    <ele>265.4</ele>
   </trkpt>
   <trkpt lat="48.3141420" lon="-70.3257170">
    <ele>265.4</ele>
   </trkpt>
   <trkpt lat="48.3141460" lon="-70.3257280">
    <ele>265.5</ele>
   </trkpt>
   <trkpt lat="48.3141430" lon="-70.3257180">
    <ele>265.6</ele>
   </trkpt>
   <trkpt lat="48.3141490" lon="-70.3257120">
    <ele>265.6</ele>
   </trkpt>
   <trkpt lat="48.3141580" lon="-70.3257170">
    <ele>265.7</ele>
   </trkpt>
   <trkpt lat="48.3141610" lon="-70.3257140">
    <ele>265.7</ele>
   </trkpt>
   <trkpt lat="48.3141600" lon="-70.3257120">
    <ele>265.7</ele>
   </trkpt>
   <trkpt lat="48.3141670" lon="-70.3257030">
    <ele>265.8</ele>
   </trkpt>
   <trkpt lat="48.3141670" lon="-70.3256980">
    <ele>265.8</ele>
   </trkpt>
   <trkpt lat="48.3141710" lon="-70.3256980">
    <ele>265.8</ele>
   </trkpt>
   <trkpt lat="48.3141760" lon="-70.3256940">
    <ele>265.9</ele>
   </trkpt>
   <trkpt lat="48.3141810" lon="-70.3256860">
    <ele>265.9</ele>
   </trkpt>
   <trkpt lat="48.3141850" lon="-70.3256810">
    <ele>266.0</ele>
   </trkpt>
   <trkpt lat="48.3141860" lon="-70.3256790">
    <ele>266.0</ele>
   </trkpt>
   <trkpt lat="48.3141950" lon="-70.3256720">
    <ele>266.1</ele>
   </trkpt>
   <trkpt lat="48.3141950" lon="-70.3256650">
    <ele>266.1</ele>
   </trkpt>
   <trkpt lat="48.3142000" lon="-70.3256560">
    <ele>266.2</ele>
   </trkpt>
   <trkpt lat="48.3142020" lon="-70.3256540">
    <ele>266.2</ele>
   </trkpt>
   <trkpt lat="48.3142060" lon="-70.3256480">
    <ele>266.2</ele>
   </trkpt>
   <trkpt lat="48.3142130" lon="-70.3256380">
    <ele>266.3</ele>
   </trkpt>
   <trkpt lat="48.3142180" lon="-70.3256350">
    <ele>266.3</ele>
   </trkpt>
   <trkpt lat="48.3142260" lon="-70.3256330">
    <ele>266.4</ele>
   </trkpt>
   <trkpt lat="48.3142270" lon="-70.3256240">
    <ele>266.4</ele>
   </trkpt>
   <trkpt lat="48.3142330" lon="-70.3256170">
    <ele>266.5</ele>
   </trkpt>
   <trkpt lat="48.3142420" lon="-70.3256000">
    <ele>266.6</ele>
   </trkpt>
   <trkpt lat="48.3142500" lon="-70.3255950">
    <ele>266.7</ele>
   </trkpt>
   <trkpt lat="48.3142610" lon="-70.3255850">
    <ele>266.8</ele>
   </trkpt>
   <trkpt lat="48.3142720" lon="-70.3255720">
    <ele>266.9</ele>
   </trkpt>
   <trkpt lat="48.3142820" lon="-70.3255570">
    <ele>267.0</ele>
   </trkpt>
   <trkpt lat="48.3142910" lon="-70.3255420">
    <ele>267.1</ele>
   </trkpt>
   <trkpt lat="48.3142980" lon="-70.3255350">
    <ele>267.2</ele>
   </trkpt>
   <trkpt lat="48.3143090" lon="-70.3255220">
    <ele>267.3</ele>
   </trkpt>
   <trkpt lat="48.3143130" lon="-70.3255130">
    <ele>267.4</ele>
   </trkpt>
   <trkpt lat="48.3143170" lon="-70.3255040">
    <ele>267.4</ele>
   </trkpt>
   <trkpt lat="48.3143250" lon="-70.3254890">
    <ele>267.5</ele>
   </trkpt>
   <trkpt lat="48.3143240" lon="-70.3254870">
    <ele>267.6</ele>
   </trkpt>
   <trkpt lat="48.3143260" lon="-70.3254840">
    <ele>267.6</ele>
   </trkpt>
   <trkpt lat="48.3143340" lon="-70.3254770">
    <ele>267.7</ele>
   </trkpt>
   <trkpt lat="48.3143370" lon="-70.3254710">
    <ele>267.7</ele>
   </trkpt>
   <trkpt lat="48.3143410" lon="-70.3254660">
    <ele>267.8</ele>
   </trkpt>
   <trkpt lat="48.3143460" lon="-70.3254650">
    <ele>267.8</ele>
   </trkpt>
   <trkpt lat="48.3143480" lon="-70.3254630">
    <ele>267.8</ele>
   </trkpt>
   <trkpt lat="48.3143530" lon="-70.3254590">
    <ele>267.9</ele>
   </trkpt>
   <trkpt lat="48.3143560" lon="-70.3254530">
    <ele>267.9</ele>
   </trkpt>
   <trkpt lat="48.3143590" lon="-70.3254470">
    <ele>268.0</ele>
   </trkpt>
   <trkpt lat="48.3143660" lon="-70.3254430">
    <ele>268.0</ele>
   </trkpt>
   <trkpt lat="48.3143720" lon="-70.3254450">
    <ele>268.1</ele>
   </trkpt>
   <trkpt lat="48.3143820" lon="-70.3254460">
    <ele>268.2</ele>
   </trkpt>
   <trkpt lat="48.3143880" lon="-70.3254480">
    <ele>268.2</ele>
   </trkpt>
   <trkpt lat="48.3143950" lon="-70.3254510">
    <ele>268.3</ele>
   </trkpt>
   <trkpt lat="48.3144010" lon="-70.3254530">
    <ele>268.4</ele>
   </trkpt>
   <trkpt lat="48.3144110" lon="-70.3254580">
    <ele>268.5</ele>
   </trkpt>
   <trkpt lat="48.3144170" lon="-70.3254580">
    <ele>268.5</ele>
   </trkpt>
   <trkpt lat="48.3144230" lon="-70.3254640">
    <ele>268.6</ele>
   </trkpt>
   <trkpt lat="48.3144310" lon="-70.3254720">
    <ele>268.7</ele>
   </trkpt>
   <trkpt lat="48.3144410" lon="-70.3254760">
    <ele>268.8</ele>
   </trkpt>
   <trkpt lat="48.3144490" lon="-70.3254780">
    <ele>268.9</ele>
   </trkpt>
   <trkpt lat="48.3144550" lon="-70.3254800">
    <ele>269.0</ele>
   </trkpt>
   <trkpt lat="48.3144600" lon="-70.3254810">
    <ele>269.0</ele>
   </trkpt>
   <trkpt lat="48.3144710" lon="-70.3254830">
    <ele>269.2</ele>
   </trkpt>
   <trkpt lat="48.3144830" lon="-70.3254820">
    <ele>269.3</ele>
   </trkpt>
   <trkpt lat="48.3144830" lon="-70.3254810">
    <ele>269.3</ele>
   </trkpt>
   <trkpt lat="48.3144880" lon="-70.3254790">
    <ele>269.4</ele>
   </trkpt>
   <trkpt lat="48.3144960" lon="-70.3254810">
    <ele>269.5</ele>
   </trkpt>
   <trkpt lat="48.3145020" lon="-70.3254850">
    <ele>269.6</ele>
   </trkpt>
   <trkpt lat="48.3145180" lon="-70.3254850">
    <ele>269.8</ele>
   </trkpt>
   <trkpt lat="48.3145280" lon="-70.3254860">
    <ele>269.9</ele>
   </trkpt>
   <trkpt lat="48.3145390" lon="-70.3254860">
    <ele>270.1</ele>
   </trkpt>
   <trkpt lat="48.3145500" lon="-70.3254870">
    <ele>270.2</ele>
   </trkpt>
   <trkpt lat="48.3145560" lon="-70.3254900">
    <ele>270.3</ele>
   </trkpt>
   <trkpt lat="48.3145640" lon="-70.3254930">
    <ele>270.4</ele>
   </trkpt>
   <trkpt lat="48.3145740" lon="-70.3254980">
    <ele>270.5</ele>
   </trkpt>
   <trkpt lat="48.3145890" lon="-70.3254980">
    <ele>270.7</ele>
   </trkpt>
   <trkpt lat="48.3146100" lon="-70.3254980">
    <ele>271.0</ele>
   </trkpt>
   <trkpt lat="48.3146220" lon="-70.3254980">
    <ele>271.2</ele>
   </trkpt>
   <trkpt lat="48.3146320" lon="-70.3254980">
    <ele>271.3</ele>
   </trkpt>
   <trkpt lat="48.3146440" lon="-70.3255020">
    <ele>271.5</ele>
   </trkpt>
   <trkpt lat="48.3146520" lon="-70.3255020">
    <ele>271.6</ele>
   </trkpt>
   <trkpt lat="48.3146620" lon="-70.3255000">
    <ele>271.7</ele>
   </trkpt>
   <trkpt lat="48.3146710" lon="-70.3255070">
    <ele>271.9</ele>
   </trkpt>
   <trkpt lat="48.3146810" lon="-70.3255120">
    <ele>272.0</ele>
   </trkpt>
   <trkpt lat="48.3146870" lon="-70.3255130">
    <ele>272.1</ele>
   </trkpt>
   <trkpt lat="48.3146920" lon="-70.3255160">
    <ele>272.2</ele>
   </trkpt>
   <trkpt lat="48.3146990" lon="-70.3255240">
    <ele>272.3</ele>
   </trkpt>
   <trkpt lat="48.3147060" lon="-70.3255260">
    <ele>272.4</ele>
   </trkpt>
   <trkpt lat="48.3147120" lon="-70.3255330">
    <ele>272.5</ele>
   </trkpt>
   <trkpt lat="48.3147170" lon="-70.3255370">
    <ele>272.6</ele>
   </trkpt>
   <trkpt lat="48.3147230" lon="-70.3255390">
    <ele>272.6</ele>
   </trkpt>
   <trkpt lat="48.3147320" lon="-70.3255440">
    <ele>272.8</ele>
   </trkpt>
   <trkpt lat="48.3147410" lon="-70.3255500">
    <ele>272.9</ele>
   </trkpt>
   <trkpt lat="48.3147500" lon="-70.3255530">
    <ele>273.0</ele>
   </trkpt>
   <trkpt lat="48.3147630" lon="-70.3255630">
    <ele>273.2</ele>
   </trkpt>
   <trkpt lat="48.3147730" lon="-70.3255690">
    <ele>273.4</ele>
   </trkpt>
   <trkpt lat="48.3147810" lon="-70.3255740">
    <ele>273.5</ele>
   </trkpt>
   <trkpt lat="48.3147810" lon="-70.3255820">
    <ele>273.6</ele>
   </trkpt>
   <trkpt lat="48.3147880" lon="-70.3255890">
    <ele>273.7</ele>
   </trkpt>
   <trkpt lat="48.3147910" lon="-70.3255940">
    <ele>273.7</ele>
   </trkpt>
   <trkpt lat="48.3147980" lon="-70.3255980">
    <ele>273.8</ele>
   </trkpt>
   <trkpt lat="48.3148040" lon="-70.3256060">
    <ele>274.0</ele>
   </trkpt>
   <trkpt lat="48.3148160" lon="-70.3256120">
    <ele>274.1</ele>
   </trkpt>
   <trkpt lat="48.3148260" lon="-70.3256140">
    <ele>274.3</ele>
   </trkpt>
   <trkpt lat="48.3148340" lon="-70.3256150">
    <ele>274.4</ele>
   </trkpt>
   <trkpt lat="48.3148410" lon="-70.3256140">
    <ele>274.5</ele>
   </trkpt>
   <trkpt lat="48.3148550" lon="-70.3256150">
    <ele>274.7</ele>
   </trkpt>
   <trkpt lat="48.3148670" lon="-70.3256150">
    <ele>274.9</ele>
   </trkpt>
   <trkpt lat="48.3148740" lon="-70.3256160">
    <ele>275.0</ele>
   </trkpt>
   <trkpt lat="48.3148820" lon="-70.3256160">
    <ele>275.1</ele>
   </trkpt>
   <trkpt lat="48.3148930" lon="-70.3256190">
    <ele>275.2</ele>
   </trkpt>
   <trkpt lat="48.3149010" lon="-70.3256190">
    <ele>275.3</ele>
   </trkpt>
   <trkpt lat="48.3149110" lon="-70.3256190">
    <ele>275.5</ele>
   </trkpt>
   <trkpt lat="48.3149180" lon="-70.3256160">
    <ele>275.6</ele>
   </trkpt>
   <trkpt lat="48.3149230" lon="-70.3256290">
    <ele>275.7</ele>
   </trkpt>
   <trkpt lat="48.3149310" lon="-70.3256390">
    <ele>275.9</ele>
   </trkpt>
   <trkpt lat="48.3149420" lon="-70.3256350">
    <ele>276.0</ele>
   </trkpt>
   <trkpt lat="48.3149450" lon="-70.3256350">
    <ele>276.1</ele>
   </trkpt>
   <trkpt lat="48.3149560" lon="-70.3256360">
    <ele>276.2</ele>
   </trkpt>
   <trkpt lat="48.3149680" lon="-70.3256360">
    <ele>276.4</ele>
   </trkpt>
   <trkpt lat="48.3149780" lon="-70.3256390">
    <ele>276.5</ele>
   </trkpt>
   <trkpt lat="48.3149900" lon="-70.3256410">
    <ele>276.6</ele>
   </trkpt>
   <trkpt lat="48.3149950" lon="-70.3256410">
    <ele>276.7</ele>
   </trkpt>
   <trkpt lat="48.3150130" lon="-70.3256340">
    <ele>276.9</ele>
   </trkpt>
   <trkpt lat="48.3150190" lon="-70.3256310">
    <ele>277.0</ele>
   </trkpt>
   <trkpt lat="48.3150280" lon="-70.3256300">
    <ele>277.1</ele>
   </trkpt>
   <trkpt lat="48.3150430" lon="-70.3256200">
    <ele>277.2</ele>
   </trkpt>
   <trkpt lat="48.3150550" lon="-70.3256180">
    <ele>277.4</ele>
   </trkpt>
   <trkpt lat="48.3150680" lon="-70.3256090">
    <ele>277.5</ele>
   </trkpt>
   <trkpt lat="48.3150840" lon="-70.3256010">
    <ele>277.7</ele>
   </trkpt>
   <trkpt lat="48.3150910" lon="-70.3255970">
    <ele>277.8</ele>
   </trkpt>
   <trkpt lat="48.3150990" lon="-70.3255990">
    <ele>277.8</ele>
   </trkpt>
   <trkpt lat="48.3151030" lon="-70.3255980">
    <ele>277.9</ele>
   </trkpt>
   <trkpt lat="48.3151170" lon="-70.3255950">
    <ele>278.0</ele>
   </trkpt>
   <trkpt lat="48.3151270" lon="-70.3255910">
    <ele>278.1</ele>
   </trkpt>
   <trkpt lat="48.3151320" lon="-70.3255910">
    <ele>278.2</ele>
   </trkpt>
   <trkpt lat="48.3151350" lon="-70.3255910">
    <ele>278.2</ele>
   </trkpt>
   <trkpt lat="48.3151420" lon="-70.3255950">
    <ele>278.3</ele>
   </trkpt>
   <trkpt lat="48.3151470" lon="-70.3255920">
    <ele>278.3</ele>
   </trkpt>
   <trkpt lat="48.3151540" lon="-70.3255920">
    <ele>278.4</ele>
   </trkpt>
   <trkpt lat="48.3151610" lon="-70.3255960">
    <ele>278.5</ele>
   </trkpt>
   <trkpt lat="48.3151670" lon="-70.3255960">
    <ele>278.5</ele>
   </trkpt>
   <trkpt lat="48.3151700" lon="-70.3256050">
    <ele>278.6</ele>
   </trkpt>
   <trkpt lat="48.3151750" lon="-70.3256060">
    <ele>278.7</ele>
   </trkpt>
   <trkpt lat="48.3151810" lon="-70.3256090">
    <ele>278.7</ele>
   </trkpt>
   <trkpt lat="48.3151890" lon="-70.3256130">
    <ele>278.8</ele>
   </trkpt>
   <trkpt lat="48.3151920" lon="-70.3256110">
    <ele>278.9</ele>
   </trkpt>
   <trkpt lat="48.3151990" lon="-70.3256170">
    <ele>279.0</ele>
   </trkpt>
   <trkpt lat="48.3151990" lon="-70.3256150">
    <ele>279.0</ele>
   </trkpt>
   <trkpt lat="48.3152090" lon="-70.3256220">
    <ele>279.1</ele>
   </trkpt>
   <trkpt lat="48.3152090" lon="-70.3256210">
    <ele>279.1</ele>
   </trkpt>
   <trkpt lat="48.3152140" lon="-70.3256230">
    <ele>279.2</ele>
   </trkpt>
   <trkpt lat="48.3152180" lon="-70.3256300">
    <ele>279.3</ele>
   </trkpt>
   <trkpt lat="48.3152240" lon="-70.3256460">
    <ele>279.4</ele>
   </trkpt>
   <trkpt lat="48.3152250" lon="-70.3256460">
    <ele>279.4</ele>
   </trkpt>
   <trkpt lat="48.3152240" lon="-70.3256460">
    <ele>279.4</ele>
   </trkpt>
   <trkpt lat="48.3152240" lon="-70.3256460">
    <ele>279.4</ele>
   </trkpt>
   <trkpt lat="48.3152320" lon="-70.3256510">
    <ele>279.6</ele>
   </trkpt>
   <trkpt lat="48.3152330" lon="-70.3256520">
    <ele>279.6</ele>
   </trkpt>
   <trkpt lat="48.3152330" lon="-70.3256520">
    <ele>279.6</ele>
   </trkpt>
   <trkpt lat="48.3152330" lon="-70.3256520">
    <ele>279.6</ele>
   </trkpt>
   <trkpt lat="48.3152320" lon="-70.3256450">
    <ele>279.6</ele>
   </trkpt>
   <trkpt lat="48.3152400" lon="-70.3256520">
    <ele>279.8</ele>
   </trkpt>
   <trkpt lat="48.3152450" lon="-70.3256590">
    <ele>279.9</ele>
   </trkpt>
   <trkpt lat="48.3152550" lon="-70.3256620">
    <ele>280.0</ele>
   </trkpt>
   <trkpt lat="48.3152550" lon="-70.3256600">
    <ele>280.0</ele>
   </trkpt>
   <trkpt lat="48.3152610" lon="-70.3256610">
    <ele>280.1</ele>
   </trkpt>
   <trkpt lat="48.3152720" lon="-70.3256660">
    <ele>280.3</ele>
   </trkpt>
   <trkpt lat="48.3152800" lon="-70.3256670">
    <ele>280.4</ele>
   </trkpt>
   <trkpt lat="48.3152870" lon="-70.3256760">
    <ele>280.5</ele>
   </trkpt>
   <trkpt lat="48.3152920" lon="-70.3256690">
    <ele>280.6</ele>
   </trkpt>
   <trkpt lat="48.3152940" lon="-70.3256680">
    <ele>280.7</ele>
   </trkpt>
   <trkpt lat="48.3152970" lon="-70.3256730">
    <ele>280.7</ele>
   </trkpt>
   <trkpt lat="48.3153020" lon="-70.3256730">
    <ele>280.8</ele>
   </trkpt>
   <trkpt lat="48.3153060" lon="-70.3256730">
    <ele>280.9</ele>
   </trkpt>
   <trkpt lat="48.3153100" lon="-70.3256730">
    <ele>280.9</ele>
   </trkpt>
   <trkpt lat="48.3153130" lon="-70.3256750">
    <ele>281.0</ele>
   </trkpt>
   <trkpt lat="48.3153200" lon="-70.3256790">
    <ele>281.1</ele>
   </trkpt>
   <trkpt lat="48.3153240" lon="-70.3256820">
    <ele>281.1</ele>
   </trkpt>
   <trkpt lat="48.3153300" lon="-70.3256850">
    <ele>281.2</ele>
   </trkpt>
   <trkpt lat="48.3153380" lon="-70.3256910">
    <ele>281.3</ele>
   </trkpt>
   <trkpt lat="48.3153440" lon="-70.3256910">
    <ele>281.4</ele>
   </trkpt>
   <trkpt lat="48.3153510" lon="-70.3256950">
    <ele>281.5</ele>
   </trkpt>
   <trkpt lat="48.3153630" lon="-70.3256980">
    <ele>281.6</ele>
   </trkpt>
   <trkpt lat="48.3153720" lon="-70.3256980">
    <ele>281.8</ele>
   </trkpt>
   <trkpt lat="48.3153810" lon="-70.3256880">
    <ele>281.9</ele>
   </trkpt>
   <trkpt lat="48.3153860" lon="-70.3256950">
    <ele>281.9</ele>
   </trkpt>
   <trkpt lat="48.3153930" lon="-70.3256960">
    <ele>282.0</ele>
   </trkpt>
   <trkpt lat="48.3154010" lon="-70.3256980">
    <ele>282.1</ele>
   </trkpt>
   <trkpt lat="48.3154030" lon="-70.3257020">
    <ele>282.1</ele>
   </trkpt>
   <trkpt lat="48.3154110" lon="-70.3257060">
    <ele>282.2</ele>
   </trkpt>
   <trkpt lat="48.3154130" lon="-70.3257110">
    <ele>282.2</ele>
   </trkpt>
   <trkpt lat="48.3154210" lon="-70.3257150">
    <ele>282.3</ele>
   </trkpt>
   <trkpt lat="48.3154280" lon="-70.3257110">
    <ele>282.4</ele>
   </trkpt>
   <trkpt lat="48.3154310" lon="-70.3257160">
    <ele>282.4</ele>
   </trkpt>
   <trkpt lat="48.3154390" lon="-70.3257190">
    <ele>282.4</ele>
   </trkpt>
   <trkpt lat="48.3154480" lon="-70.3257230">
    <ele>282.5</ele>
   </trkpt>
   <trkpt lat="48.3154520" lon="-70.3257320">
    <ele>282.5</ele>
   </trkpt>
   <trkpt lat="48.3154600" lon="-70.3257360">
    <ele>282.6</ele>
   </trkpt>
   <trkpt lat="48.3154660" lon="-70.3257430">
    <ele>282.6</ele>
   </trkpt>
   <trkpt lat="48.3154790" lon="-70.3257470">
    <ele>282.7</ele>
   </trkpt>
   <trkpt lat="48.3154800" lon="-70.3257540">
    <ele>282.7</ele>
   </trkpt>
   <trkpt lat="48.3154910" lon="-70.3257600">
    <ele>282.7</ele>
   </trkpt>
   <trkpt lat="48.3154960" lon="-70.3257670">
    <ele>282.8</ele>
   </trkpt>
   <trkpt lat="48.3155090" lon="-70.3257790">
    <ele>282.8</ele>
   </trkpt>
   <trkpt lat="48.3155160" lon="-70.3257860">
    <ele>282.8</ele>
   </trkpt>
   <trkpt lat="48.3155210" lon="-70.3257930">
    <ele>282.9</ele>
   </trkpt>
   <trkpt lat="48.3155300" lon="-70.3258020">
    <ele>282.9</ele>
   </trkpt>
   <trkpt lat="48.3155440" lon="-70.3258130">
    <ele>282.9</ele>
   </trkpt>
   <trkpt lat="48.3155480" lon="-70.3258220">
    <ele>282.9</ele>
   </trkpt>
   <trkpt lat="48.3155540" lon="-70.3258230">
    <ele>282.9</ele>
   </trkpt>
   <trkpt lat="48.3155640" lon="-70.3258340">
    <ele>283.0</ele>
   </trkpt>
   <trkpt lat="48.3155730" lon="-70.3258500">
    <ele>283.0</ele>
   </trkpt>
   <trkpt lat="48.3155790" lon="-70.3258540">
    <ele>283.0</ele>
   </trkpt>
   <trkpt lat="48.3155850" lon="-70.3258630">
    <ele>283.0</ele>
   </trkpt>
   <trkpt lat="48.3155950" lon="-70.3258760">
    <ele>283.1</ele>
   </trkpt>
   <trkpt lat="48.3156010" lon="-70.3258810">
    <ele>283.1</ele>
   </trkpt>
   <trkpt lat="48.3156080" lon="-70.3258940">
    <ele>283.1</ele>
   </trkpt>
   <trkpt lat="48.3156210" lon="-70.3259020">
    <ele>283.2</ele>
   </trkpt>
   <trkpt lat="48.3156310" lon="-70.3259160">
    <ele>283.2</ele>
   </trkpt>
   <trkpt lat="48.3156400" lon="-70.3259280">
    <ele>283.2</ele>
   </trkpt>
   <trkpt lat="48.3156520" lon="-70.3259380">
    <ele>283.2</ele>
   </trkpt>
   <trkpt lat="48.3156550" lon="-70.3259450">
    <ele>283.3</ele>
   </trkpt>
   <trkpt lat="48.3156660" lon="-70.3259570">
    <ele>283.3</ele>
   </trkpt>
   <trkpt lat="48.3156760" lon="-70.3259690">
    <ele>283.3</ele>
   </trkpt>
   <trkpt lat="48.3156830" lon="-70.3259800">
    <ele>283.3</ele>
   </trkpt>
   <trkpt lat="48.3156980" lon="-70.3259960">
    <ele>283.4</ele>
   </trkpt>
   <trkpt lat="48.3157050" lon="-70.3260050">
    <ele>283.4</ele>
   </trkpt>
   <trkpt lat="48.3157160" lon="-70.3260170">
    <ele>283.4</ele>
   </trkpt>
   <trkpt lat="48.3157250" lon="-70.3260200">
    <ele>283.4</ele>
   </trkpt>
   <trkpt lat="48.3157370" lon="-70.3260230">
    <ele>283.4</ele>
   </trkpt>
   <trkpt lat="48.3157490" lon="-70.3260220">
    <ele>283.5</ele>
   </trkpt>
   <trkpt lat="48.3157660" lon="-70.3260230">
    <ele>283.5</ele>
   </trkpt>
   <trkpt lat="48.3157730" lon="-70.3260240">
    <ele>283.5</ele>
   </trkpt>
   <trkpt lat="48.3157820" lon="-70.3260210">
    <ele>283.5</ele>
   </trkpt>
   <trkpt lat="48.3157890" lon="-70.3260140">
    <ele>283.5</ele>
   </trkpt>
   <trkpt lat="48.3158030" lon="-70.3260070">
    <ele>283.5</ele>
   </trkpt>
   <trkpt lat="48.3158080" lon="-70.3260120">
    <ele>283.5</ele>
   </trkpt>
   <trkpt lat="48.3158120" lon="-70.3260100">
    <ele>283.5</ele>
   </trkpt>
   <trkpt lat="48.3158210" lon="-70.3260090">
    <ele>283.5</ele>
   </trkpt>
   <trkpt lat="48.3158230" lon="-70.3260020">
    <ele>283.5</ele>
   </trkpt>
   <trkpt lat="48.3158300" lon="-70.3259890">
    <ele>283.5</ele>
   </trkpt>
   <trkpt lat="48.3158370" lon="-70.3259750">
    <ele>283.5</ele>
   </trkpt>
   <trkpt lat="48.3158470" lon="-70.3259640">
    <ele>283.5</ele>
   </trkpt>
   <trkpt lat="48.3158490" lon="-70.3259570">
    <ele>283.5</ele>
   </trkpt>
   <trkpt lat="48.3158590" lon="-70.3259460">
    <ele>283.5</ele>
   </trkpt>
   <trkpt lat="48.3158640" lon="-70.3259330">
    <ele>283.5</ele>
   </trkpt>
   <trkpt lat="48.3158660" lon="-70.3259270">
    <ele>283.4</ele>
   </trkpt>
   <trkpt lat="48.3158710" lon="-70.3259170">
    <ele>283.4</ele>
   </trkpt>
   <trkpt lat="48.3158750" lon="-70.3259090">
    <ele>283.4</ele>
   </trkpt>
   <trkpt lat="48.3158800" lon="-70.3258980">
    <ele>283.4</ele>
   </trkpt>
   <trkpt lat="48.3158850" lon="-70.3258860">
    <ele>283.4</ele>
   </trkpt>
   <trkpt lat="48.3158960" lon="-70.3258640">
    <ele>283.4</ele>
   </trkpt>
   <trkpt lat="48.3159010" lon="-70.3258610">
    <ele>283.4</ele>
   </trkpt>
   <trkpt lat="48.3159050" lon="-70.3258540">
    <ele>283.4</ele>
   </trkpt>
   <trkpt lat="48.3159030" lon="-70.3258420">
    <ele>283.4</ele>
   </trkpt>
   <trkpt lat="48.3159010" lon="-70.3258330">
    <ele>283.4</ele>
   </trkpt>
   <trkpt lat="48.3158970" lon="-70.3258280">
    <ele>283.4</ele>
   </trkpt>
   <trkpt lat="48.3158990" lon="-70.3258170">
    <ele>283.4</ele>
   </trkpt>
   <trkpt lat="48.3159040" lon="-70.3258050">
    <ele>283.4</ele>
   </trkpt>
   <trkpt lat="48.3159100" lon="-70.3257870">
    <ele>283.4</ele>
   </trkpt>
   <trkpt lat="48.3159110" lon="-70.3257840">
    <ele>283.4</ele>
   </trkpt>
   <trkpt lat="48.3159150" lon="-70.3257760">
    <ele>283.4</ele>
   </trkpt>
   <trkpt lat="48.3159210" lon="-70.3257690">
    <ele>283.4</ele>
   </trkpt>
   <trkpt lat="48.3159320" lon="-70.3257580">
    <ele>283.5</ele>
   </trkpt>
   <trkpt lat="48.3159440" lon="-70.3257520">
    <ele>283.5</ele>
   </trkpt>
   <trkpt lat="48.3159530" lon="-70.3257420">
    <ele>283.5</ele>
   </trkpt>
   <trkpt lat="48.3159610" lon="-70.3257370">
    <ele>283.5</ele>
   </trkpt>
   <trkpt lat="48.3159690" lon="-70.3257320">
    <ele>283.6</ele>
   </trkpt>
   <trkpt lat="48.3159760" lon="-70.3257280">
    <ele>283.6</ele>
   </trkpt>
   <trkpt lat="48.3159910" lon="-70.3257310">
    <ele>283.6</ele>
   </trkpt>
   <trkpt lat="48.3159930" lon="-70.3257370">
    <ele>283.7</ele>
   </trkpt>
   <trkpt lat="48.3160020" lon="-70.3257360">
    <ele>283.7</ele>
   </trkpt>
   <trkpt lat="48.3160100" lon="-70.3257400">
    <ele>283.7</ele>
   </trkpt>
   <trkpt lat="48.3160210" lon="-70.3257350">
    <ele>283.8</ele>
   </trkpt>
   <trkpt lat="48.3160320" lon="-70.3257320">
    <ele>283.9</ele>
   </trkpt>
   <trkpt lat="48.3160380" lon="-70.3257280">
    <ele>283.9</ele>
   </trkpt>
   <trkpt lat="48.3160500" lon="-70.3257280">
    <ele>283.9</ele>
   </trkpt>
   <trkpt lat="48.3160580" lon="-70.3257230">
    <ele>284.0</ele>
   </trkpt>
   <trkpt lat="48.3160760" lon="-70.3257240">
    <ele>284.1</ele>
   </trkpt>
   <trkpt lat="48.3160880" lon="-70.3257230">
    <ele>284.1</ele>
   </trkpt>
   <trkpt lat="48.3161090" lon="-70.3257200">
    <ele>284.2</ele>
   </trkpt>
   <trkpt lat="48.3161210" lon="-70.3257180">
    <ele>284.3</ele>
   </trkpt>
   <trkpt lat="48.3161210" lon="-70.3257130">
    <ele>284.3</ele>
   </trkpt>
   <trkpt lat="48.3161390" lon="-70.3257160">
    <ele>284.4</ele>
   </trkpt>
   <trkpt lat="48.3161460" lon="-70.3257170">
    <ele>284.4</ele>
   </trkpt>
   <trkpt lat="48.3161530" lon="-70.3257250">
    <ele>284.5</ele>
   </trkpt>
   <trkpt lat="48.3161590" lon="-70.3257290">
    <ele>284.5</ele>
   </trkpt>
   <trkpt lat="48.3161690" lon="-70.3257360">
    <ele>284.5</ele>
   </trkpt>
   <trkpt lat="48.3161810" lon="-70.3257400">
    <ele>284.6</ele>
   </trkpt>
   <trkpt lat="48.3161870" lon="-70.3257460">
    <ele>284.6</ele>
   </trkpt>
   <trkpt lat="48.3161940" lon="-70.3257460">
    <ele>284.6</ele>
   </trkpt>
   <trkpt lat="48.3162060" lon="-70.3257510">
    <ele>284.6</ele>
   </trkpt>
   <trkpt lat="48.3162140" lon="-70.3257610">
    <ele>284.7</ele>
   </trkpt>
   <trkpt lat="48.3162170" lon="-70.3257680">
    <ele>284.7</ele>
   </trkpt>
   <trkpt lat="48.3162320" lon="-70.3257730">
    <ele>284.7</ele>
   </trkpt>
   <trkpt lat="48.3162350" lon="-70.3257750">
    <ele>284.7</ele>
   </trkpt>
   <trkpt lat="48.3162460" lon="-70.3257850">
    <ele>284.7</ele>
   </trkpt>
   <trkpt lat="48.3162530" lon="-70.3257920">
    <ele>284.8</ele>
   </trkpt>
   <trkpt lat="48.3162660" lon="-70.3257990">
    <ele>284.8</ele>
   </trkpt>
   <trkpt lat="48.3162730" lon="-70.3258140">
    <ele>284.8</ele>
   </trkpt>
   <trkpt lat="48.3162760" lon="-70.3258210">
    <ele>284.8</ele>
   </trkpt>
   <trkpt lat="48.3162860" lon="-70.3258330">
    <ele>284.9</ele>
   </trkpt>
   <trkpt lat="48.3162950" lon="-70.3258410">
    <ele>284.9</ele>
   </trkpt>
   <trkpt lat="48.3163100" lon="-70.3258560">
    <ele>284.9</ele>
   </trkpt>
   <trkpt lat="48.3163160" lon="-70.3258590">
    <ele>284.9</ele>
   </trkpt>
   <trkpt lat="48.3163230" lon="-70.3258610">
    <ele>284.9</ele>
   </trkpt>
   <trkpt lat="48.3163280" lon="-70.3258670">
    <ele>285.0</ele>
   </trkpt>
   <trkpt lat="48.3163340" lon="-70.3258780">
    <ele>285.0</ele>
   </trkpt>
   <trkpt lat="48.3163390" lon="-70.3258900">
    <ele>285.0</ele>
   </trkpt>
   <trkpt lat="48.3163410" lon="-70.3258920">
    <ele>285.0</ele>
   </trkpt>
   <trkpt lat="48.3163490" lon="-70.3258970">
    <ele>285.0</ele>
   </trkpt>
   <trkpt lat="48.3163590" lon="-70.3259040">
    <ele>285.1</ele>
   </trkpt>
   <trkpt lat="48.3163690" lon="-70.3259100">
    <ele>285.1</ele>
   </trkpt>
   <trkpt lat="48.3163880" lon="-70.3259210">
    <ele>285.2</ele>
   </trkpt>
   <trkpt lat="48.3164030" lon="-70.3259370">
    <ele>285.3</ele>
   </trkpt>
   <trkpt lat="48.3164170" lon="-70.3259480">
    <ele>285.3</ele>
   </trkpt>
   <trkpt lat="48.3164230" lon="-70.3259580">
    <ele>285.4</ele>
   </trkpt>
   <trkpt lat="48.3164330" lon="-70.3259620">
    <ele>285.4</ele>
   </trkpt>
   <trkpt lat="48.3164430" lon="-70.3259710">
    <ele>285.5</ele>
   </trkpt>
   <trkpt lat="48.3164530" lon="-70.3259770">
    <ele>285.5</ele>
   </trkpt>
   <trkpt lat="48.3164550" lon="-70.3259740">
    <ele>285.5</ele>
   </trkpt>
   <trkpt lat="48.3164620" lon="-70.3259770">
    <ele>285.6</ele>
   </trkpt>
   <trkpt lat="48.3164730" lon="-70.3259930">
    <ele>285.6</ele>
   </trkpt>
   <trkpt lat="48.3164820" lon="-70.3260050">
    <ele>285.7</ele>
   </trkpt>
   <trkpt lat="48.3164850" lon="-70.3260140">
    <ele>285.7</ele>
   </trkpt>
   <trkpt lat="48.3164930" lon="-70.3260230">
    <ele>285.8</ele>
   </trkpt>
   <trkpt lat="48.3165010" lon="-70.3260330">
    <ele>285.8</ele>
   </trkpt>
   <trkpt lat="48.3165090" lon="-70.3260480">
    <ele>285.9</ele>
   </trkpt>
   <trkpt lat="48.3165140" lon="-70.3260620">
    <ele>285.9</ele>
   </trkpt>
   <trkpt lat="48.3165190" lon="-70.3260680">
    <ele>286.0</ele>
   </trkpt>
   <trkpt lat="48.3165240" lon="-70.3260740">
    <ele>286.0</ele>
   </trkpt>
   <trkpt lat="48.3165350" lon="-70.3260830">
    <ele>286.0</ele>
   </trkpt>
   <trkpt lat="48.3165450" lon="-70.3260980">
    <ele>286.1</ele>
   </trkpt>
   <trkpt lat="48.3165520" lon="-70.3261160">
    <ele>286.2</ele>
   </trkpt>
   <trkpt lat="48.3165640" lon="-70.3261320">
    <ele>286.2</ele>
   </trkpt>
   <trkpt lat="48.3165750" lon="-70.3261380">
    <ele>286.3</ele>
   </trkpt>
   <trkpt lat="48.3165810" lon="-70.3261480">
    <ele>286.3</ele>
   </trkpt>
   <trkpt lat="48.3165900" lon="-70.3261560">
    <ele>286.4</ele>
   </trkpt>
   <trkpt lat="48.3166030" lon="-70.3261660">
    <ele>286.4</ele>
   </trkpt>
   <trkpt lat="48.3166090" lon="-70.3261720">
    <ele>286.5</ele>
   </trkpt>
   <trkpt lat="48.3166170" lon="-70.3261810">
    <ele>286.5</ele>
   </trkpt>
   <trkpt lat="48.3166300" lon="-70.3261930">
    <ele>286.6</ele>
   </trkpt>
   <trkpt lat="48.3166420" lon="-70.3262020">
    <ele>286.6</ele>
   </trkpt>
   <trkpt lat="48.3166550" lon="-70.3262160">
    <ele>286.7</ele>
   </trkpt>
   <trkpt lat="48.3166690" lon="-70.3262210">
    <ele>286.7</ele>
   </trkpt>
   <trkpt lat="48.3166740" lon="-70.3262250">
    <ele>286.8</ele>
   </trkpt>
   <trkpt lat="48.3166800" lon="-70.3262300">
    <ele>286.8</ele>
   </trkpt>
   <trkpt lat="48.3166930" lon="-70.3262390">
    <ele>286.8</ele>
   </trkpt>
   <trkpt lat="48.3167030" lon="-70.3262500">
    <ele>286.9</ele>
   </trkpt>
   <trkpt lat="48.3167130" lon="-70.3262600">
    <ele>286.9</ele>
   </trkpt>
   <trkpt lat="48.3167190" lon="-70.3262680">
    <ele>287.0</ele>
   </trkpt>
   <trkpt lat="48.3167250" lon="-70.3262780">
    <ele>287.0</ele>
   </trkpt>
   <trkpt lat="48.3167250" lon="-70.3262790">
    <ele>287.0</ele>
   </trkpt>
   <trkpt lat="48.3167360" lon="-70.3262850">
    <ele>287.0</ele>
   </trkpt>
   <trkpt lat="48.3167550" lon="-70.3262920">
    <ele>287.1</ele>
   </trkpt>
   <trkpt lat="48.3167630" lon="-70.3263030">
    <ele>287.1</ele>
   </trkpt>
   <trkpt lat="48.3167750" lon="-70.3263120">
    <ele>287.1</ele>
   </trkpt>
   <trkpt lat="48.3167750" lon="-70.3263190">
    <ele>287.1</ele>
   </trkpt>
   <trkpt lat="48.3167810" lon="-70.3263240">
    <ele>287.1</ele>
   </trkpt>
   <trkpt lat="48.3167910" lon="-70.3263240">
    <ele>287.1</ele>
   </trkpt>
   <trkpt lat="48.3168020" lon="-70.3263260">
    <ele>287.2</ele>
   </trkpt>
   <trkpt lat="48.3168140" lon="-70.3263300">
    <ele>287.2</ele>
   </trkpt>
   <trkpt lat="48.3168200" lon="-70.3263340">
    <ele>287.2</ele>
   </trkpt>
   <trkpt lat="48.3168260" lon="-70.3263380">
    <ele>287.2</ele>
   </trkpt>
   <trkpt lat="48.3168280" lon="-70.3263400">
    <ele>287.2</ele>
   </trkpt>
   <trkpt lat="48.3168450" lon="-70.3263440">
    <ele>287.2</ele>
   </trkpt>
   <trkpt lat="48.3168590" lon="-70.3263460">
    <ele>287.2</ele>
   </trkpt>
   <trkpt lat="48.3168630" lon="-70.3263480">
    <ele>287.1</ele>
   </trkpt>
   <trkpt lat="48.3168700" lon="-70.3263580">
    <ele>287.1</ele>
   </trkpt>
   <trkpt lat="48.3168820" lon="-70.3263630">
    <ele>287.1</ele>
   </trkpt>
   <trkpt lat="48.3168900" lon="-70.3263630">
    <ele>287.1</ele>
   </trkpt>
   <trkpt lat="48.3169080" lon="-70.3263670">
    <ele>287.1</ele>
   </trkpt>
   <trkpt lat="48.3169160" lon="-70.3263730">
    <ele>287.0</ele>
   </trkpt>
   <trkpt lat="48.3169280" lon="-70.3263840">
    <ele>287.0</ele>
   </trkpt>
   <trkpt lat="48.3169370" lon="-70.3263850">
    <ele>287.0</ele>
   </trkpt>
   <trkpt lat="48.3169490" lon="-70.3263950">
    <ele>287.0</ele>
   </trkpt>
   <trkpt lat="48.3169530" lon="-70.3264010">
    <ele>287.0</ele>
   </trkpt>
   <trkpt lat="48.3169630" lon="-70.3264080">
    <ele>286.9</ele>
   </trkpt>
   <trkpt lat="48.3169690" lon="-70.3264130">
    <ele>286.9</ele>
   </trkpt>
   <trkpt lat="48.3169760" lon="-70.3264250">
    <ele>286.9</ele>
   </trkpt>
   <trkpt lat="48.3169850" lon="-70.3264340">
    <ele>286.9</ele>
   </trkpt>
   <trkpt lat="48.3169960" lon="-70.3264400">
    <ele>286.8</ele>
   </trkpt>
   <trkpt lat="48.3170020" lon="-70.3264370">
    <ele>286.8</ele>
   </trkpt>
   <trkpt lat="48.3170090" lon="-70.3264330">
    <ele>286.8</ele>
   </trkpt>
   <trkpt lat="48.3170220" lon="-70.3264280">
    <ele>286.8</ele>
   </trkpt>
   <trkpt lat="48.3170310" lon="-70.3264180">
    <ele>286.8</ele>
   </trkpt>
   <trkpt lat="48.3170430" lon="-70.3264120">
    <ele>286.8</ele>
   </trkpt>
   <trkpt lat="48.3170530" lon="-70.3264040">
    <ele>286.8</ele>
   </trkpt>
   <trkpt lat="48.3170640" lon="-70.3264020">
    <ele>286.8</ele>
   </trkpt>
   <trkpt lat="48.3170730" lon="-70.3263970">
    <ele>286.8</ele>
   </trkpt>
   <trkpt lat="48.3170880" lon="-70.3263940">
    <ele>286.8</ele>
   </trkpt>
   <trkpt lat="48.3170900" lon="-70.3263890">
    <ele>286.8</ele>
   </trkpt>
   <trkpt lat="48.3170960" lon="-70.3263810">
    <ele>286.8</ele>
   </trkpt>
   <trkpt lat="48.3171020" lon="-70.3263740">
    <ele>286.8</ele>
   </trkpt>
   <trkpt lat="48.3171070" lon="-70.3263680">
    <ele>286.8</ele>
   </trkpt>
   <trkpt lat="48.3171150" lon="-70.3263570">
    <ele>286.8</ele>
   </trkpt>
   <trkpt lat="48.3171220" lon="-70.3263520">
    <ele>286.8</ele>
   </trkpt>
   <trkpt lat="48.3171300" lon="-70.3263440">
    <ele>286.9</ele>
   </trkpt>
   <trkpt lat="48.3171340" lon="-70.3263410">
    <ele>286.9</ele>
   </trkpt>
   <trkpt lat="48.3171440" lon="-70.3263240">
    <ele>286.9</ele>
   </trkpt>
   <trkpt lat="48.3171510" lon="-70.3263180">
    <ele>286.9</ele>
   </trkpt>
   <trkpt lat="48.3171550" lon="-70.3263100">
    <ele>287.0</ele>
   </trkpt>
   <trkpt lat="48.3171630" lon="-70.3262980">
    <ele>287.0</ele>
   </trkpt>
   <trkpt lat="48.3171730" lon="-70.3262860">
    <ele>287.1</ele>
   </trkpt>
   <trkpt lat="48.3171810" lon="-70.3262780">
    <ele>287.1</ele>
   </trkpt>
   <trkpt lat="48.3171900" lon="-70.3262630">
    <ele>287.2</ele>
   </trkpt>
   <trkpt lat="48.3171980" lon="-70.3262510">
    <ele>287.2</ele>
   </trkpt>
   <trkpt lat="48.3172090" lon="-70.3262330">
    <ele>287.3</ele>
   </trkpt>
   <trkpt lat="48.3172180" lon="-70.3262200">
    <ele>287.4</ele>
   </trkpt>
   <trkpt lat="48.3172190" lon="-70.3262140">
    <ele>287.4</ele>
   </trkpt>
   <trkpt lat="48.3172280" lon="-70.3261990">
    <ele>287.5</ele>
   </trkpt>
   <trkpt lat="48.3172370" lon="-70.3261920">
    <ele>287.5</ele>
   </trkpt>
   <trkpt lat="48.3172430" lon="-70.3261830">
    <ele>287.6</ele>
   </trkpt>
   <trkpt lat="48.3172520" lon="-70.3261730">
    <ele>287.6</ele>
   </trkpt>
   <trkpt lat="48.3172600" lon="-70.3261540">
    <ele>287.7</ele>
   </trkpt>
   <trkpt lat="48.3172690" lon="-70.3261410">
    <ele>287.8</ele>
   </trkpt>
   <trkpt lat="48.3172690" lon="-70.3261320">
    <ele>287.8</ele>
   </trkpt>
   <trkpt lat="48.3172740" lon="-70.3261210">
    <ele>287.9</ele>
   </trkpt>
   <trkpt lat="48.3172770" lon="-70.3261080">
    <ele>287.9</ele>
   </trkpt>
   <trkpt lat="48.3172810" lon="-70.3261000">
    <ele>287.9</ele>
   </trkpt>
   <trkpt lat="48.3172850" lon="-70.3260920">
    <ele>288.0</ele>
   </trkpt>
   <trkpt lat="48.3172910" lon="-70.3260810">
    <ele>288.0</ele>
   </trkpt>
   <trkpt lat="48.3172930" lon="-70.3260710">
    <ele>288.0</ele>
   </trkpt>
   <trkpt lat="48.3172940" lon="-70.3260580">
    <ele>288.1</ele>
   </trkpt>
   <trkpt lat="48.3172970" lon="-70.3260450">
    <ele>288.1</ele>
   </trkpt>
   <trkpt lat="48.3173000" lon="-70.3260410">
    <ele>288.1</ele>
   </trkpt>
   <trkpt lat="48.3173030" lon="-70.3260320">
    <ele>288.1</ele>
   </trkpt>
   <trkpt lat="48.3173080" lon="-70.3260310">
    <ele>288.1</ele>
   </trkpt>
   <trkpt lat="48.3173120" lon="-70.3260280">
    <ele>288.1</ele>
   </trkpt>
   <trkpt lat="48.3173290" lon="-70.3260080">
    <ele>288.2</ele>
   </trkpt>
   <trkpt lat="48.3173340" lon="-70.3260070">
    <ele>288.2</ele>
   </trkpt>
   <trkpt lat="48.3173410" lon="-70.3260080">
    <ele>288.2</ele>
   </trkpt>
   <trkpt lat="48.3173470" lon="-70.3259960">
    <ele>288.2</ele>
   </trkpt>
   <trkpt lat="48.3173500" lon="-70.3259890">
    <ele>288.2</ele>
   </trkpt>
   <trkpt lat="48.3173620" lon="-70.3259890">
    <ele>288.1</ele>
   </trkpt>
   <trkpt lat="48.3173660" lon="-70.3259780">
    <ele>288.1</ele>
   </trkpt>
   <trkpt lat="48.3173730" lon="-70.3259670">
    <ele>288.1</ele>
   </trkpt>
   <trkpt lat="48.3173730" lon="-70.3259660">
    <ele>288.1</ele>
   </trkpt>
   <trkpt lat="48.3173810" lon="-70.3259600">
    <ele>288.0</ele>
   </trkpt>
   <trkpt lat="48.3173880" lon="-70.3259550">
    <ele>288.0</ele>
   </trkpt>
   <trkpt lat="48.3173940" lon="-70.3259410">
    <ele>288.0</ele>
   </trkpt>
   <trkpt lat="48.3174090" lon="-70.3259350">
    <ele>287.9</ele>
   </trkpt>
   <trkpt lat="48.3174240" lon="-70.3259240">
    <ele>287.7</ele>
   </trkpt>
   <trkpt lat="48.3174360" lon="-70.3259110">
    <ele>287.6</ele>
   </trkpt>
   <trkpt lat="48.3174390" lon="-70.3259040">
    <ele>287.6</ele>
   </trkpt>
   <trkpt lat="48.3174430" lon="-70.3258940">
    <ele>287.5</ele>
   </trkpt>
   <trkpt lat="48.3174520" lon="-70.3258860">
    <ele>287.4</ele>
   </trkpt>
   <trkpt lat="48.3174670" lon="-70.3258830">
    <ele>287.3</ele>
   </trkpt>
   <trkpt lat="48.3174790" lon="-70.3258810">
    <ele>287.2</ele>
   </trkpt>
   <trkpt lat="48.3174880" lon="-70.3258780">
    <ele>287.1</ele>
   </trkpt>
   <trkpt lat="48.3174940" lon="-70.3258690">
    <ele>287.1</ele>
   </trkpt>
   <trkpt lat="48.3175020" lon="-70.3258560">
    <ele>286.9</ele>
   </trkpt>
   <trkpt lat="48.3175120" lon="-70.3258510">
    <ele>286.9</ele>
   </trkpt>
   <trkpt lat="48.3175230" lon="-70.3258470">
    <ele>286.8</ele>
   </trkpt>
   <trkpt lat="48.3175340" lon="-70.3258420">
    <ele>286.7</ele>
   </trkpt>
   <trkpt lat="48.3175420" lon="-70.3258390">
    <ele>286.6</ele>
   </trkpt>
   <trkpt lat="48.3175510" lon="-70.3258330">
    <ele>286.5</ele>
   </trkpt>
   <trkpt lat="48.3175630" lon="-70.3258250">
    <ele>286.4</ele>
   </trkpt>
   <trkpt lat="48.3175730" lon="-70.3258150">
    <ele>286.3</ele>
   </trkpt>
   <trkpt lat="48.3175870" lon="-70.3258150">
    <ele>286.1</ele>
   </trkpt>
   <trkpt lat="48.3175990" lon="-70.3258090">
    <ele>286.0</ele>
   </trkpt>
   <trkpt lat="48.3176050" lon="-70.3258030">
    <ele>286.0</ele>
   </trkpt>
   <trkpt lat="48.3176170" lon="-70.3258020">
    <ele>285.9</ele>
   </trkpt>
   <trkpt lat="48.3176310" lon="-70.3257980">
    <ele>285.7</ele>
   </trkpt>
   <trkpt lat="48.3176450" lon="-70.3257930">
    <ele>285.6</ele>
   </trkpt>
   <trkpt lat="48.3176570" lon="-70.3257910">
    <ele>285.5</ele>
   </trkpt>
   <trkpt lat="48.3176730" lon="-70.3257900">
    <ele>285.4</ele>
   </trkpt>
   <trkpt lat="48.3176820" lon="-70.3257870">
    <ele>285.3</ele>
   </trkpt>
   <trkpt lat="48.3176870" lon="-70.3257810">
    <ele>285.2</ele>
   </trkpt>
   <trkpt lat="48.3176960" lon="-70.3257750">
    <ele>285.1</ele>
   </trkpt>
   <trkpt lat="48.3177090" lon="-70.3257690">
    <ele>285.0</ele>
   </trkpt>
   <trkpt lat="48.3177210" lon="-70.3257670">
    <ele>284.9</ele>
   </trkpt>
   <trkpt lat="48.3177300" lon="-70.3257620">
    <ele>284.8</ele>
   </trkpt>
   <trkpt lat="48.3177410" lon="-70.3257530">
    <ele>284.7</ele>
   </trkpt>
   <trkpt lat="48.3177450" lon="-70.3257500">
    <ele>284.7</ele>
   </trkpt>
   <trkpt lat="48.3177460" lon="-70.3257450">
    <ele>284.6</ele>
   </trkpt>
   <trkpt lat="48.3177570" lon="-70.3257340">
    <ele>284.5</ele>
   </trkpt>
   <trkpt lat="48.3177670" lon="-70.3257360">
    <ele>284.4</ele>
   </trkpt>
   <trkpt lat="48.3177730" lon="-70.3257280">
    <ele>284.3</ele>
   </trkpt>
   <trkpt lat="48.3177870" lon="-70.3257260">
    <ele>284.2</ele>
   </trkpt>
   <trkpt lat="48.3177930" lon="-70.3257270">
    <ele>284.1</ele>
   </trkpt>
   <trkpt lat="48.3177970" lon="-70.3257210">
    <ele>284.1</ele>
   </trkpt>
   <trkpt lat="48.3178030" lon="-70.3257210">
    <ele>284.0</ele>
   </trkpt>
   <trkpt lat="48.3178080" lon="-70.3257150">
    <ele>283.9</ele>
   </trkpt>
   <trkpt lat="48.3178120" lon="-70.3257170">
    <ele>283.9</ele>
   </trkpt>
   <trkpt lat="48.3178190" lon="-70.3257190">
    <ele>283.8</ele>
   </trkpt>
   <trkpt lat="48.3178230" lon="-70.3257160">
    <ele>283.7</ele>
   </trkpt>
   <trkpt lat="48.3178280" lon="-70.3257160">
    <ele>283.7</ele>
   </trkpt>
   <trkpt lat="48.3178400" lon="-70.3257100">
    <ele>283.5</ele>
   </trkpt>
   <trkpt lat="48.3178480" lon="-70.3257150">
    <ele>283.4</ele>
   </trkpt>
   <trkpt lat="48.3178580" lon="-70.3257160">
    <ele>283.3</ele>
   </trkpt>
   <trkpt lat="48.3178580" lon="-70.3257120">
    <ele>283.3</ele>
   </trkpt>
   <trkpt lat="48.3178590" lon="-70.3257110">
    <ele>283.2</ele>
   </trkpt>
   <trkpt lat="48.3178610" lon="-70.3257070">
    <ele>283.2</ele>
   </trkpt>
   <trkpt lat="48.3178680" lon="-70.3257010">
    <ele>283.1</ele>
   </trkpt>
   <trkpt lat="48.3178700" lon="-70.3256980">
    <ele>283.0</ele>
   </trkpt>
   <trkpt lat="48.3178730" lon="-70.3256940">
    <ele>283.0</ele>
   </trkpt>
   <trkpt lat="48.3178850" lon="-70.3256890">
    <ele>282.8</ele>
   </trkpt>
   <trkpt lat="48.3178930" lon="-70.3256890">
    <ele>282.7</ele>
   </trkpt>
   <trkpt lat="48.3178940" lon="-70.3256920">
    <ele>282.7</ele>
   </trkpt>
   <trkpt lat="48.3178950" lon="-70.3256920">
    <ele>282.6</ele>
   </trkpt>
   <trkpt lat="48.3178940" lon="-70.3256920">
    <ele>282.6</ele>
   </trkpt>
   <trkpt lat="48.3178970" lon="-70.3256950">
    <ele>282.6</ele>
   </trkpt>
   <trkpt lat="48.3179020" lon="-70.3256860">
    <ele>282.4</ele>
   </trkpt>
   <trkpt lat="48.3179090" lon="-70.3256850">
    <ele>282.3</ele>
   </trkpt>
   <trkpt lat="48.3179070" lon="-70.3256850">
    <ele>282.3</ele>
   </trkpt>
   <trkpt lat="48.3179120" lon="-70.3256840">
    <ele>282.2</ele>
   </trkpt>
   <trkpt lat="48.3179160" lon="-70.3256790">
    <ele>282.1</ele>
   </trkpt>
   <trkpt lat="48.3179250" lon="-70.3256740">
    <ele>282.0</ele>
   </trkpt>
   <trkpt lat="48.3179350" lon="-70.3256770">
    <ele>281.8</ele>
   </trkpt>
   <trkpt lat="48.3179350" lon="-70.3256780">
    <ele>281.8</ele>
   </trkpt>
   <trkpt lat="48.3179370" lon="-70.3256760">
    <ele>281.7</ele>
   </trkpt>
   <trkpt lat="48.3179490" lon="-70.3256750">
    <ele>281.5</ele>
   </trkpt>
   <trkpt lat="48.3179490" lon="-70.3256750">
    <ele>281.5</ele>
   </trkpt>
   <trkpt lat="48.3179530" lon="-70.3256720">
    <ele>281.5</ele>
   </trkpt>
   <trkpt lat="48.3179550" lon="-70.3256710">
    <ele>281.4</ele>
   </trkpt>
   <trkpt lat="48.3179610" lon="-70.3256650">
    <ele>281.3</ele>
   </trkpt>
   <trkpt lat="48.3179630" lon="-70.3256620">
    <ele>281.3</ele>
   </trkpt>
   <trkpt lat="48.3179680" lon="-70.3256570">
    <ele>281.2</ele>
   </trkpt>
   <trkpt lat="48.3179740" lon="-70.3256660">
    <ele>281.0</ele>
   </trkpt>
   <trkpt lat="48.3179800" lon="-70.3256610">
    <ele>280.9</ele>
   </trkpt>
   <trkpt lat="48.3179840" lon="-70.3256560">
    <ele>280.8</ele>
   </trkpt>
   <trkpt lat="48.3179870" lon="-70.3256460">
    <ele>280.7</ele>
   </trkpt>
   <trkpt lat="48.3179990" lon="-70.3256420">
    <ele>280.5</ele>
   </trkpt>
   <trkpt lat="48.3180060" lon="-70.3256370">
    <ele>280.4</ele>
   </trkpt>
   <trkpt lat="48.3180080" lon="-70.3256320">
    <ele>280.3</ele>
   </trkpt>
   <trkpt lat="48.3180200" lon="-70.3256390">
    <ele>280.1</ele>
   </trkpt>
   <trkpt lat="48.3180270" lon="-70.3256420">
    <ele>280.0</ele>
   </trkpt>
   <trkpt lat="48.3180340" lon="-70.3256380">
    <ele>279.9</ele>
   </trkpt>
   <trkpt lat="48.3180420" lon="-70.3256310">
    <ele>279.7</ele>
   </trkpt>
   <trkpt lat="48.3180610" lon="-70.3256330">
    <ele>279.4</ele>
   </trkpt>
   <trkpt lat="48.3180740" lon="-70.3256330">
    <ele>279.3</ele>
   </trkpt>
   <trkpt lat="48.3180790" lon="-70.3256430">
    <ele>279.2</ele>
   </trkpt>
   <trkpt lat="48.3180910" lon="-70.3256470">
    <ele>279.0</ele>
   </trkpt>
   <trkpt lat="48.3180960" lon="-70.3256400">
    <ele>278.9</ele>
   </trkpt>
   <trkpt lat="48.3180970" lon="-70.3256300">
    <ele>278.8</ele>
   </trkpt>
   <trkpt lat="48.3181040" lon="-70.3256210">
    <ele>278.7</ele>
   </trkpt>
   <trkpt lat="48.3181120" lon="-70.3256130">
    <ele>278.6</ele>
   </trkpt>
   <trkpt lat="48.3181140" lon="-70.3256060">
    <ele>278.5</ele>
   </trkpt>
   <trkpt lat="48.3181310" lon="-70.3255980">
    <ele>278.3</ele>
   </trkpt>
   <trkpt lat="48.3181370" lon="-70.3255970">
    <ele>278.2</ele>
   </trkpt>
   <trkpt lat="48.3181430" lon="-70.3255890">
    <ele>278.1</ele>
   </trkpt>
   <trkpt lat="48.3181510" lon="-70.3255870">
    <ele>278.0</ele>
   </trkpt>
   <trkpt lat="48.3181640" lon="-70.3255920">
    <ele>277.9</ele>
   </trkpt>
   <trkpt lat="48.3181720" lon="-70.3255930">
    <ele>277.8</ele>
   </trkpt>
   <trkpt lat="48.3181740" lon="-70.3255980">
    <ele>277.7</ele>
   </trkpt>
   <trkpt lat="48.3181910" lon="-70.3256080">
    <ele>277.5</ele>
   </trkpt>
   <trkpt lat="48.3181960" lon="-70.3256070">
    <ele>277.5</ele>
   </trkpt>
   <trkpt lat="48.3182080" lon="-70.3256020">
    <ele>277.3</ele>
   </trkpt>
   <trkpt lat="48.3182200" lon="-70.3255970">
    <ele>277.2</ele>
   </trkpt>
   <trkpt lat="48.3182210" lon="-70.3255970">
    <ele>277.2</ele>
   </trkpt>
   <trkpt lat="48.3182310" lon="-70.3256030">
    <ele>277.0</ele>
   </trkpt>
   <trkpt lat="48.3182400" lon="-70.3256000">
    <ele>276.9</ele>
   </trkpt>
   <trkpt lat="48.3182500" lon="-70.3255970">
    <ele>276.8</ele>
   </trkpt>
   <trkpt lat="48.3182560" lon="-70.3256000">
    <ele>276.7</ele>
   </trkpt>
   <trkpt lat="48.3182620" lon="-70.3255990">
    <ele>276.7</ele>
   </trkpt>
   <trkpt lat="48.3182750" lon="-70.3256020">
    <ele>276.5</ele>
   </trkpt>
   <trkpt lat="48.3182770" lon="-70.3256050">
    <ele>276.5</ele>
   </trkpt>
   <trkpt lat="48.3182820" lon="-70.3256010">
    <ele>276.4</ele>
   </trkpt>
   <trkpt lat="48.3182880" lon="-70.3255950">
    <ele>276.3</ele>
   </trkpt>
   <trkpt lat="48.3182850" lon="-70.3255920">
    <ele>276.3</ele>
   </trkpt>
   <trkpt lat="48.3182910" lon="-70.3255920">
    <ele>276.2</ele>
   </trkpt>
   <trkpt lat="48.3182970" lon="-70.3255900">
    <ele>276.1</ele>
   </trkpt>
   <trkpt lat="48.3183150" lon="-70.3255930">
    <ele>275.9</ele>
   </trkpt>
   <trkpt lat="48.3183260" lon="-70.3255980">
    <ele>275.8</ele>
   </trkpt>
   <trkpt lat="48.3183380" lon="-70.3256030">
    <ele>275.6</ele>
   </trkpt>
   <trkpt lat="48.3183510" lon="-70.3256070">
    <ele>275.4</ele>
   </trkpt>
   <trkpt lat="48.3183630" lon="-70.3256070">
    <ele>275.2</ele>
   </trkpt>
   <trkpt lat="48.3183780" lon="-70.3256100">
    <ele>275.0</ele>
   </trkpt>
   <trkpt lat="48.3183860" lon="-70.3256170">
    <ele>274.9</ele>
   </trkpt>
   <trkpt lat="48.3183990" lon="-70.3256200">
    <ele>274.7</ele>
   </trkpt>
   <trkpt lat="48.3184040" lon="-70.3256230">
    <ele>274.6</ele>
   </trkpt>
   <trkpt lat="48.3184150" lon="-70.3256260">
    <ele>274.4</ele>
   </trkpt>
   <trkpt lat="48.3184240" lon="-70.3256270">
    <ele>274.3</ele>
   </trkpt>
   <trkpt lat="48.3184370" lon="-70.3256350">
    <ele>274.1</ele>
   </trkpt>
   <trkpt lat="48.3184410" lon="-70.3256370">
    <ele>274.0</ele>
   </trkpt>
   <trkpt lat="48.3184420" lon="-70.3256400">
    <ele>274.0</ele>
   </trkpt>
   <trkpt lat="48.3184500" lon="-70.3256410">
    <ele>273.8</ele>
   </trkpt>
   <trkpt lat="48.3184540" lon="-70.3256490">
    <ele>273.7</ele>
   </trkpt>
   <trkpt lat="48.3184630" lon="-70.3256550">
    <ele>273.5</ele>
   </trkpt>
   <trkpt lat="48.3184730" lon="-70.3256560">
    <ele>273.4</ele>
   </trkpt>
   <trkpt lat="48.3184720" lon="-70.3256550">
    <ele>273.3</ele>
   </trkpt>
   <trkpt lat="48.3184810" lon="-70.3256560">
    <ele>273.2</ele>
   </trkpt>
   <trkpt lat="48.3184860" lon="-70.3256520">
    <ele>273.1</ele>
   </trkpt>
   <trkpt lat="48.3184910" lon="-70.3256490">
    <ele>273.0</ele>
   </trkpt>
   <trkpt lat="48.3184950" lon="-70.3256550">
    <ele>272.9</ele>
   </trkpt>
   <trkpt lat="48.3185030" lon="-70.3256510">
    <ele>272.8</ele>
   </trkpt>
   <trkpt lat="48.3185050" lon="-70.3256570">
    <ele>272.7</ele>
   </trkpt>
   <trkpt lat="48.3185100" lon="-70.3256510">
    <ele>272.6</ele>
   </trkpt>
   <trkpt lat="48.3185130" lon="-70.3256630">
    <ele>272.4</ele>
   </trkpt>
   <trkpt lat="48.3185210" lon="-70.3256720">
    <ele>272.2</ele>
   </trkpt>
   <trkpt lat="48.3185240" lon="-70.3256690">
    <ele>272.2</ele>
   </trkpt>
   <trkpt lat="48.3185230" lon="-70.3256710">
    <ele>272.1</ele>
   </trkpt>
   <trkpt lat="48.3185230" lon="-70.3256680">
    <ele>272.1</ele>
   </trkpt>
   <trkpt lat="48.3185380" lon="-70.3256690">
    <ele>271.8</ele>
   </trkpt>
   <trkpt lat="48.3185420" lon="-70.3256700">
    <ele>271.7</ele>
   </trkpt>
   <trkpt lat="48.3185500" lon="-70.3256740">
    <ele>271.6</ele>
   </trkpt>
   <trkpt lat="48.3185560" lon="-70.3256820">
    <ele>271.4</ele>
   </trkpt>
   <trkpt lat="48.3185590" lon="-70.3256890">
    <ele>271.3</ele>
   </trkpt>
   <trkpt lat="48.3185680" lon="-70.3256950">
    <ele>271.1</ele>
   </trkpt>
   <trkpt lat="48.3185750" lon="-70.3257030">
    <ele>271.0</ele>
   </trkpt>
   <trkpt lat="48.3185780" lon="-70.3257070">
    <ele>270.9</ele>
   </trkpt>
   <trkpt lat="48.3185800" lon="-70.3257120">
    <ele>270.8</ele>
   </trkpt>
   <trkpt lat="48.3185870" lon="-70.3257090">
    <ele>270.7</ele>
   </trkpt>
   <trkpt lat="48.3185930" lon="-70.3257140">
    <ele>270.5</ele>
   </trkpt>
   <trkpt lat="48.3186000" lon="-70.3257100">
    <ele>270.4</ele>
   </trkpt>
   <trkpt lat="48.3185980" lon="-70.3257250">
    <ele>270.2</ele>
   </trkpt>
   <trkpt lat="48.3186080" lon="-70.3257270">
    <ele>270.0</ele>
   </trkpt>
   <trkpt lat="48.3186130" lon="-70.3257360">
    <ele>269.8</ele>
   </trkpt>
   <trkpt lat="48.3186190" lon="-70.3257410">
    <ele>269.7</ele>
   </trkpt>
   <trkpt lat="48.3186220" lon="-70.3257440">
    <ele>269.6</ele>
   </trkpt>
   <trkpt lat="48.3186310" lon="-70.3257420">
    <ele>269.4</ele>
   </trkpt>
   <trkpt lat="48.3186390" lon="-70.3257430">
    <ele>269.3</ele>
   </trkpt>
   <trkpt lat="48.3186490" lon="-70.3257490">
    <ele>269.1</ele>
   </trkpt>
   <trkpt lat="48.3186560" lon="-70.3257520">
    <ele>269.0</ele>
   </trkpt>
   <trkpt lat="48.3186640" lon="-70.3257540">
    <ele>268.8</ele>
   </trkpt>
   <trkpt lat="48.3186710" lon="-70.3257520">
    <ele>268.7</ele>
   </trkpt>
   <trkpt lat="48.3186830" lon="-70.3257530">
    <ele>268.5</ele>
   </trkpt>
   <trkpt lat="48.3186950" lon="-70.3257490">
    <ele>268.3</ele>
   </trkpt>
   <trkpt lat="48.3186990" lon="-70.3257510">
    <ele>268.3</ele>
   </trkpt>
   <trkpt lat="48.3187080" lon="-70.3257590">
    <ele>268.1</ele>
   </trkpt>
   <trkpt lat="48.3187080" lon="-70.3257560">
    <ele>268.1</ele>
   </trkpt>
   <trkpt lat="48.3187080" lon="-70.3257560">
    <ele>268.1</ele>
   </trkpt>
   <trkpt lat="48.3187130" lon="-70.3257530">
    <ele>268.0</ele>
   </trkpt>
   <trkpt lat="48.3187170" lon="-70.3257520">
    <ele>267.9</ele>
   </trkpt>
   <trkpt lat="48.3187220" lon="-70.3257510">
    <ele>267.9</ele>
   </trkpt>
   <trkpt lat="48.3187260" lon="-70.3257490">
    <ele>267.8</ele>
   </trkpt>
   <trkpt lat="48.3187300" lon="-70.3257560">
    <ele>267.7</ele>
   </trkpt>
   <trkpt lat="48.3187380" lon="-70.3257550">
    <ele>267.6</ele>
   </trkpt>
   <trkpt lat="48.3187440" lon="-70.3257540">
    <ele>267.6</ele>
   </trkpt>
   <trkpt lat="48.3187450" lon="-70.3257450">
    <ele>267.5</ele>
   </trkpt>
   <trkpt lat="48.3187520" lon="-70.3257440">
    <ele>267.4</ele>
   </trkpt>
   <trkpt lat="48.3187560" lon="-70.3257400">
    <ele>267.3</ele>
   </trkpt>
   <trkpt lat="48.3187610" lon="-70.3257380">
    <ele>267.3</ele>
   </trkpt>
   <trkpt lat="48.3187700" lon="-70.3257420">
    <ele>267.2</ele>
   </trkpt>
   <trkpt lat="48.3187780" lon="-70.3257450">
    <ele>267.1</ele>
   </trkpt>
   <trkpt lat="48.3187830" lon="-70.3257370">
    <ele>267.0</ele>
   </trkpt>
   <trkpt lat="48.3187910" lon="-70.3257380">
    <ele>266.9</ele>
   </trkpt>
   <trkpt lat="48.3187960" lon="-70.3257390">
    <ele>266.9</ele>
   </trkpt>
   <trkpt lat="48.3188030" lon="-70.3257410">
    <ele>266.8</ele>
   </trkpt>
   <trkpt lat="48.3188010" lon="-70.3257350">
    <ele>266.8</ele>
   </trkpt>
   <trkpt lat="48.3188120" lon="-70.3257340">
    <ele>266.7</ele>
   </trkpt>
   <trkpt lat="48.3188160" lon="-70.3257320">
    <ele>266.6</ele>
   </trkpt>
   <trkpt lat="48.3188230" lon="-70.3257300">
    <ele>266.5</ele>
   </trkpt>
   <trkpt lat="48.3188300" lon="-70.3257270">
    <ele>266.5</ele>
   </trkpt>
   <trkpt lat="48.3188420" lon="-70.3257300">
    <ele>266.4</ele>
   </trkpt>
   <trkpt lat="48.3188510" lon="-70.3257280">
    <ele>266.3</ele>
   </trkpt>
   <trkpt lat="48.3188570" lon="-70.3257250">
    <ele>266.2</ele>
   </trkpt>
   <trkpt lat="48.3188620" lon="-70.3257300">
    <ele>266.1</ele>
   </trkpt>
   <trkpt lat="48.3188730" lon="-70.3257360">
    <ele>266.0</ele>
   </trkpt>
   <trkpt lat="48.3188810" lon="-70.3257290">
    <ele>265.9</ele>
   </trkpt>
   <trkpt lat="48.3188910" lon="-70.3257240">
    <ele>265.8</ele>
   </trkpt>
   <trkpt lat="48.3189010" lon="-70.3257200">
    <ele>265.7</ele>
   </trkpt>
   <trkpt lat="48.3189080" lon="-70.3257180">
    <ele>265.7</ele>
   </trkpt>
   <trkpt lat="48.3189120" lon="-70.3257170">
    <ele>265.6</ele>
   </trkpt>
   <trkpt lat="48.3189300" lon="-70.3257110">
    <ele>265.4</ele>
   </trkpt>
   <trkpt lat="48.3189330" lon="-70.3256990">
    <ele>265.3</ele>
   </trkpt>
   <trkpt lat="48.3189430" lon="-70.3256950">
    <ele>265.2</ele>
   </trkpt>
   <trkpt lat="48.3189560" lon="-70.3256910">
    <ele>265.1</ele>
   </trkpt>
   <trkpt lat="48.3189630" lon="-70.3256770">
    <ele>264.9</ele>
   </trkpt>
   <trkpt lat="48.3189630" lon="-70.3256670">
    <ele>264.9</ele>
   </trkpt>
   <trkpt lat="48.3189710" lon="-70.3256590">
    <ele>264.8</ele>
   </trkpt>
   <trkpt lat="48.3189770" lon="-70.3256540">
    <ele>264.7</ele>
   </trkpt>
   <trkpt lat="48.3189800" lon="-70.3256500">
    <ele>264.6</ele>
   </trkpt>
   <trkpt lat="48.3189830" lon="-70.3256490">
    <ele>264.6</ele>
   </trkpt>
   <trkpt lat="48.3189830" lon="-70.3256490">
    <ele>264.6</ele>
   </trkpt>
   <trkpt lat="48.3189830" lon="-70.3256490">
    <ele>264.6</ele>
   </trkpt>
   <trkpt lat="48.3189830" lon="-70.3256490">
    <ele>264.6</ele>
   </trkpt>
   <trkpt lat="48.3189990" lon="-70.3256500">
    <ele>264.4</ele>
   </trkpt>
   <trkpt lat="48.3189990" lon="-70.3256500">
    <ele>264.4</ele>
   </trkpt>
   <trkpt lat="48.3189990" lon="-70.3256500">
    <ele>264.4</ele>
   </trkpt>
   <trkpt lat="48.3189990" lon="-70.3256500">
    <ele>264.4</ele>
   </trkpt>
   <trkpt lat="48.3190130" lon="-70.3256490">
    <ele>264.2</ele>
   </trkpt>
   <trkpt lat="48.3190230" lon="-70.3256420">
    <ele>264.1</ele>
   </trkpt>
   <trkpt lat="48.3190230" lon="-70.3256500">
    <ele>264.0</ele>
   </trkpt>
   <trkpt lat="48.3190250" lon="-70.3256520">
    <ele>264.0</ele>
   </trkpt>
   <trkpt lat="48.3190290" lon="-70.3256480">
    <ele>263.9</ele>
   </trkpt>
   <trkpt lat="48.3190300" lon="-70.3256500">
    <ele>263.9</ele>
   </trkpt>
   <trkpt lat="48.3190300" lon="-70.3256550">
    <ele>263.8</ele>
   </trkpt>
   <trkpt lat="48.3190330" lon="-70.3256490">
    <ele>263.7</ele>
   </trkpt>
   <trkpt lat="48.3190360" lon="-70.3256520">
    <ele>263.6</ele>
   </trkpt>
   <trkpt lat="48.3190410" lon="-70.3256440">
    <ele>263.5</ele>
   </trkpt>
   <trkpt lat="48.3190500" lon="-70.3256370">
    <ele>263.2</ele>
   </trkpt>
   <trkpt lat="48.3190530" lon="-70.3256250">
    <ele>263.1</ele>
   </trkpt>
   <trkpt lat="48.3190560" lon="-70.3256190">
    <ele>263.0</ele>
   </trkpt>
   <trkpt lat="48.3190620" lon="-70.3256170">
    <ele>262.8</ele>
   </trkpt>
   <trkpt lat="48.3190690" lon="-70.3256140">
    <ele>262.7</ele>
   </trkpt>
   <trkpt lat="48.3190820" lon="-70.3256150">
    <ele>262.4</ele>
   </trkpt>
   <trkpt lat="48.3190860" lon="-70.3256130">
    <ele>262.3</ele>
   </trkpt>
   <trkpt lat="48.3190920" lon="-70.3256180">
    <ele>262.2</ele>
   </trkpt>
   <trkpt lat="48.3190960" lon="-70.3256170">
    <ele>262.1</ele>
   </trkpt>
   <trkpt lat="48.3191000" lon="-70.3256190">
    <ele>262.0</ele>
   </trkpt>
   <trkpt lat="48.3191080" lon="-70.3256170">
    <ele>261.8</ele>
   </trkpt>
   <trkpt lat="48.3191140" lon="-70.3256080">
    <ele>261.6</ele>
   </trkpt>
   <trkpt lat="48.3191180" lon="-70.3255990">
    <ele>261.5</ele>
   </trkpt>
   <trkpt lat="48.3191160" lon="-70.3255920">
    <ele>261.4</ele>
   </trkpt>
   <trkpt lat="48.3191140" lon="-70.3255850">
    <ele>261.3</ele>
   </trkpt>
   <trkpt lat="48.3191180" lon="-70.3255950">
    <ele>261.1</ele>
   </trkpt>
   <trkpt lat="48.3191280" lon="-70.3255940">
    <ele>260.9</ele>
   </trkpt>
   <trkpt lat="48.3191330" lon="-70.3255850">
    <ele>260.7</ele>
   </trkpt>
   <trkpt lat="48.3191320" lon="-70.3255770">
    <ele>260.6</ele>
   </trkpt>
   <trkpt lat="48.3191450" lon="-70.3255690">
    <ele>260.3</ele>
   </trkpt>
   <trkpt lat="48.3191470" lon="-70.3255620">
    <ele>260.2</ele>
   </trkpt>
   <trkpt lat="48.3191480" lon="-70.3255550">
    <ele>260.1</ele>
   </trkpt>
   <trkpt lat="48.3191530" lon="-70.3255400">
    <ele>259.9</ele>
   </trkpt>
   <trkpt lat="48.3191580" lon="-70.3255250">
    <ele>259.7</ele>
   </trkpt>
   <trkpt lat="48.3191630" lon="-70.3255170">
    <ele>259.6</ele>
   </trkpt>
   <trkpt lat="48.3191680" lon="-70.3255140">
    <ele>259.5</ele>
   </trkpt>
   <trkpt lat="48.3191670" lon="-70.3255020">
    <ele>259.3</ele>
   </trkpt>
   <trkpt lat="48.3191760" lon="-70.3254880">
    <ele>259.1</ele>
   </trkpt>
   <trkpt lat="48.3191850" lon="-70.3254720">
    <ele>258.9</ele>
   </trkpt>
   <trkpt lat="48.3191870" lon="-70.3254600">
    <ele>258.7</ele>
   </trkpt>
   <trkpt lat="48.3191990" lon="-70.3254540">
    <ele>258.6</ele>
   </trkpt>
   <trkpt lat="48.3191980" lon="-70.3254450">
    <ele>258.5</ele>
   </trkpt>
   <trkpt lat="48.3192010" lon="-70.3254350">
    <ele>258.4</ele>
   </trkpt>
   <trkpt lat="48.3192000" lon="-70.3254240">
    <ele>258.3</ele>
   </trkpt>
   <trkpt lat="48.3192000" lon="-70.3254080">
    <ele>258.1</ele>
   </trkpt>
   <trkpt lat="48.3192050" lon="-70.3253990">
    <ele>258.0</ele>
   </trkpt>
   <trkpt lat="48.3192030" lon="-70.3253890">
    <ele>257.9</ele>
   </trkpt>
   <trkpt lat="48.3192000" lon="-70.3253820">
    <ele>257.8</ele>
   </trkpt>
   <trkpt lat="48.3191990" lon="-70.3253620">
    <ele>257.7</ele>
   </trkpt>
   <trkpt lat="48.3191960" lon="-70.3253550">
    <ele>257.6</ele>
   </trkpt>
   <trkpt lat="48.3192040" lon="-70.3253510">
    <ele>257.5</ele>
   </trkpt>
   <trkpt lat="48.3192120" lon="-70.3253390">
    <ele>257.4</ele>
   </trkpt>
   <trkpt lat="48.3192200" lon="-70.3253320">
    <ele>257.3</ele>
   </trkpt>
   <trkpt lat="48.3192230" lon="-70.3253320">
    <ele>257.3</ele>
   </trkpt>
   <trkpt lat="48.3192170" lon="-70.3253380">
    <ele>257.2</ele>
   </trkpt>
   <trkpt lat="48.3192240" lon="-70.3253310">
    <ele>257.1</ele>
   </trkpt>
   <trkpt lat="48.3192260" lon="-70.3253180">
    <ele>257.0</ele>
   </trkpt>
   <trkpt lat="48.3192290" lon="-70.3253000">
    <ele>256.9</ele>
   </trkpt>
   <trkpt lat="48.3192340" lon="-70.3252900">
    <ele>256.9</ele>
   </trkpt>
   <trkpt lat="48.3192400" lon="-70.3252790">
    <ele>256.8</ele>
   </trkpt>
   <trkpt lat="48.3192440" lon="-70.3252660">
    <ele>256.7</ele>
   </trkpt>
   <trkpt lat="48.3192430" lon="-70.3252380">
    <ele>256.5</ele>
   </trkpt>
   <trkpt lat="48.3192460" lon="-70.3252200">
    <ele>256.4</ele>
   </trkpt>
   <trkpt lat="48.3192490" lon="-70.3252120">
    <ele>256.4</ele>
   </trkpt>
   <trkpt lat="48.3192550" lon="-70.3252000">
    <ele>256.3</ele>
   </trkpt>
   <trkpt lat="48.3192650" lon="-70.3251820">
    <ele>256.2</ele>
   </trkpt>
   <trkpt lat="48.3192660" lon="-70.3251590">
    <ele>256.0</ele>
   </trkpt>
   <trkpt lat="48.3192710" lon="-70.3251390">
    <ele>255.9</ele>
   </trkpt>
   <trkpt lat="48.3192760" lon="-70.3251290">
    <ele>255.8</ele>
   </trkpt>
   <trkpt lat="48.3192800" lon="-70.3251270">
    <ele>255.8</ele>
   </trkpt>
   <trkpt lat="48.3192810" lon="-70.3251210">
    <ele>255.7</ele>
   </trkpt>
   <trkpt lat="48.3192830" lon="-70.3251110">
    <ele>255.6</ele>
   </trkpt>
   <trkpt lat="48.3192880" lon="-70.3251080">
    <ele>255.6</ele>
   </trkpt>
   <trkpt lat="48.3192890" lon="-70.3251050">
    <ele>255.6</ele>
   </trkpt>
   <trkpt lat="48.3192910" lon="-70.3251000">
    <ele>255.5</ele>
   </trkpt>
   <trkpt lat="48.3192900" lon="-70.3250880">
    <ele>255.5</ele>
   </trkpt>
   <trkpt lat="48.3192890" lon="-70.3250780">
    <ele>255.4</ele>
   </trkpt>
   <trkpt lat="48.3193010" lon="-70.3250640">
    <ele>255.2</ele>
   </trkpt>
   <trkpt lat="48.3193050" lon="-70.3250520">
    <ele>255.1</ele>
   </trkpt>
   <trkpt lat="48.3193080" lon="-70.3250440">
    <ele>255.0</ele>
   </trkpt>
   <trkpt lat="48.3193130" lon="-70.3250270">
    <ele>254.9</ele>
   </trkpt>
   <trkpt lat="48.3193190" lon="-70.3250130">
    <ele>254.8</ele>
   </trkpt>
   <trkpt lat="48.3193210" lon="-70.3250020">
    <ele>254.7</ele>
   </trkpt>
   <trkpt lat="48.3193250" lon="-70.3249790">
    <ele>254.4</ele>
   </trkpt>
   <trkpt lat="48.3193290" lon="-70.3249670">
    <ele>254.3</ele>
   </trkpt>
   <trkpt lat="48.3193360" lon="-70.3249610">
    <ele>254.2</ele>
   </trkpt>
   <trkpt lat="48.3193410" lon="-70.3249550">
    <ele>254.1</ele>
   </trkpt>
   <trkpt lat="48.3193420" lon="-70.3249450">
    <ele>254.0</ele>
   </trkpt>
   <trkpt lat="48.3193470" lon="-70.3249330">
    <ele>253.9</ele>
   </trkpt>
   <trkpt lat="48.3193440" lon="-70.3249200">
    <ele>253.7</ele>
   </trkpt>
   <trkpt lat="48.3193520" lon="-70.3249050">
    <ele>253.5</ele>
   </trkpt>
   <trkpt lat="48.3193540" lon="-70.3248900">
    <ele>253.3</ele>
   </trkpt>
   <trkpt lat="48.3193580" lon="-70.3248800">
    <ele>253.2</ele>
   </trkpt>
   <trkpt lat="48.3193580" lon="-70.3248640">
    <ele>253.0</ele>
   </trkpt>
   <trkpt lat="48.3193600" lon="-70.3248490">
    <ele>252.9</ele>
   </trkpt>
   <trkpt lat="48.3193680" lon="-70.3248470">
    <ele>252.7</ele>
   </trkpt>
   <trkpt lat="48.3193760" lon="-70.3248420">
    <ele>252.6</ele>
   </trkpt>
   <trkpt lat="48.3193760" lon="-70.3248340">
    <ele>252.5</ele>
   </trkpt>
   <trkpt lat="48.3193710" lon="-70.3248200">
    <ele>252.3</ele>
   </trkpt>
   <trkpt lat="48.3193780" lon="-70.3248090">
    <ele>252.1</ele>
   </trkpt>
   <trkpt lat="48.3193770" lon="-70.3248100">
    <ele>252.1</ele>
   </trkpt>
   <trkpt lat="48.3193740" lon="-70.3247960">
    <ele>251.9</ele>
   </trkpt>
   <trkpt lat="48.3193830" lon="-70.3247960">
    <ele>251.7</ele>
   </trkpt>
   <trkpt lat="48.3193920" lon="-70.3247920">
    <ele>251.5</ele>
   </trkpt>
   <trkpt lat="48.3193910" lon="-70.3247840">
    <ele>251.4</ele>
   </trkpt>
   <trkpt lat="48.3193960" lon="-70.3247740">
    <ele>251.3</ele>
   </trkpt>
   <trkpt lat="48.3194050" lon="-70.3247730">
    <ele>251.1</ele>
   </trkpt>
   <trkpt lat="48.3194100" lon="-70.3247640">
    <ele>251.0</ele>
   </trkpt>
   <trkpt lat="48.3194150" lon="-70.3247620">
    <ele>250.9</ele>
   </trkpt>
   <trkpt lat="48.3194290" lon="-70.3247630">
    <ele>250.6</ele>
   </trkpt>
   <trkpt lat="48.3194380" lon="-70.3247630">
    <ele>250.4</ele>
   </trkpt>
   <trkpt lat="48.3194450" lon="-70.3247580">
    <ele>250.3</ele>
   </trkpt>
   <trkpt lat="48.3194430" lon="-70.3247450">
    <ele>250.1</ele>
   </trkpt>
   <trkpt lat="48.3194430" lon="-70.3247310">
    <ele>249.9</ele>
   </trkpt>
   <trkpt lat="48.3194420" lon="-70.3247210">
    <ele>249.8</ele>
   </trkpt>
   <trkpt lat="48.3194440" lon="-70.3247100">
    <ele>249.6</ele>
   </trkpt>
   <trkpt lat="48.3194510" lon="-70.3247080">
    <ele>249.5</ele>
   </trkpt>
   <trkpt lat="48.3194610" lon="-70.3247020">
    <ele>249.3</ele>
   </trkpt>
   <trkpt lat="48.3194690" lon="-70.3246870">
    <ele>249.0</ele>
   </trkpt>
   <trkpt lat="48.3194650" lon="-70.3246690">
    <ele>248.8</ele>
   </trkpt>
   <trkpt lat="48.3194680" lon="-70.3246610">
    <ele>248.7</ele>
   </trkpt>
   <trkpt lat="48.3194680" lon="-70.3246540">
    <ele>248.6</ele>
   </trkpt>
   <trkpt lat="48.3194710" lon="-70.3246460">
    <ele>248.5</ele>
   </trkpt>
   <trkpt lat="48.3194770" lon="-70.3246420">
    <ele>248.4</ele>
   </trkpt>
   <trkpt lat="48.3194880" lon="-70.3246530">
    <ele>248.1</ele>
   </trkpt>
   <trkpt lat="48.3194870" lon="-70.3246550">
    <ele>248.1</ele>
   </trkpt>
   <trkpt lat="48.3194990" lon="-70.3246630">
    <ele>247.9</ele>
   </trkpt>
   <trkpt lat="48.3194960" lon="-70.3246600">
    <ele>247.8</ele>
   </trkpt>
   <trkpt lat="48.3195020" lon="-70.3246570">
    <ele>247.7</ele>
   </trkpt>
   <trkpt lat="48.3195110" lon="-70.3246640">
    <ele>247.5</ele>
   </trkpt>
   <trkpt lat="48.3195270" lon="-70.3246690">
    <ele>247.2</ele>
   </trkpt>
   <trkpt lat="48.3195370" lon="-70.3246720">
    <ele>247.0</ele>
   </trkpt>
   <trkpt lat="48.3195400" lon="-70.3246790">
    <ele>246.9</ele>
   </trkpt>
   <trkpt lat="48.3195510" lon="-70.3246970">
    <ele>246.7</ele>
   </trkpt>
   <trkpt lat="48.3195610" lon="-70.3247200">
    <ele>246.4</ele>
   </trkpt>
   <trkpt lat="48.3195640" lon="-70.3247310">
    <ele>246.3</ele>
   </trkpt>
   <trkpt lat="48.3195710" lon="-70.3247360">
    <ele>246.1</ele>
   </trkpt>
   <trkpt lat="48.3195780" lon="-70.3247420">
    <ele>246.0</ele>
   </trkpt>
   <trkpt lat="48.3195920" lon="-70.3247540">
    <ele>245.7</ele>
   </trkpt>
   <trkpt lat="48.3196040" lon="-70.3247660">
    <ele>245.5</ele>
   </trkpt>
   <trkpt lat="48.3196000" lon="-70.3247700">
    <ele>245.5</ele>
   </trkpt>
   <trkpt lat="48.3196040" lon="-70.3247800">
    <ele>245.3</ele>
   </trkpt>
   <trkpt lat="48.3196260" lon="-70.3248070">
    <ele>244.9</ele>
   </trkpt>
   <trkpt lat="48.3196360" lon="-70.3248160">
    <ele>244.7</ele>
   </trkpt>
   <trkpt lat="48.3196340" lon="-70.3248070">
    <ele>244.7</ele>
   </trkpt>
   <trkpt lat="48.3196380" lon="-70.3248000">
    <ele>244.6</ele>
   </trkpt>
   <trkpt lat="48.3196420" lon="-70.3248010">
    <ele>244.5</ele>
   </trkpt>
   <trkpt lat="48.3196430" lon="-70.3247920">
    <ele>244.4</ele>
   </trkpt>
   <trkpt lat="48.3196460" lon="-70.3247870">
    <ele>244.4</ele>
   </trkpt>
   <trkpt lat="48.3196560" lon="-70.3247850">
    <ele>244.2</ele>
   </trkpt>
   <trkpt lat="48.3196540" lon="-70.3247770">
    <ele>244.2</ele>
   </trkpt>
   <trkpt lat="48.3196580" lon="-70.3247950">
    <ele>244.0</ele>
   </trkpt>
   <trkpt lat="48.3196640" lon="-70.3248080">
    <ele>243.8</ele>
   </trkpt>
   <trkpt lat="48.3196730" lon="-70.3248160">
    <ele>243.7</ele>
   </trkpt>
   <trkpt lat="48.3196770" lon="-70.3248230">
    <ele>243.6</ele>
   </trkpt>
   <trkpt lat="48.3196860" lon="-70.3248350">
    <ele>243.5</ele>
   </trkpt>
   <trkpt lat="48.3196900" lon="-70.3248390">
    <ele>243.4</ele>
   </trkpt>
   <trkpt lat="48.3196960" lon="-70.3248490">
    <ele>243.3</ele>
   </trkpt>
   <trkpt lat="48.3197040" lon="-70.3248580">
    <ele>243.1</ele>
   </trkpt>
   <trkpt lat="48.3197120" lon="-70.3248680">
    <ele>243.0</ele>
   </trkpt>
   <trkpt lat="48.3197170" lon="-70.3248740">
    <ele>242.9</ele>
   </trkpt>
   <trkpt lat="48.3197270" lon="-70.3248880">
    <ele>242.7</ele>
   </trkpt>
   <trkpt lat="48.3197260" lon="-70.3248920">
    <ele>242.7</ele>
   </trkpt>
   <trkpt lat="48.3197440" lon="-70.3249110">
    <ele>242.4</ele>
   </trkpt>
   <trkpt lat="48.3197500" lon="-70.3249180">
    <ele>242.3</ele>
   </trkpt>
   <trkpt lat="48.3197610" lon="-70.3249320">
    <ele>242.1</ele>
   </trkpt>
   <trkpt lat="48.3197660" lon="-70.3249460">
    <ele>242.0</ele>
   </trkpt>
   <trkpt lat="48.3197710" lon="-70.3249620">
    <ele>241.8</ele>
   </trkpt>
   <trkpt lat="48.3197770" lon="-70.3249780">
    <ele>241.7</ele>
   </trkpt>
   <trkpt lat="48.3197790" lon="-70.3249850">
    <ele>241.6</ele>
   </trkpt>
   <trkpt lat="48.3197760" lon="-70.3249950">
    <ele>241.5</ele>
   </trkpt>
   <trkpt lat="48.3197880" lon="-70.3250140">
    <ele>241.3</ele>
   </trkpt>
   <trkpt lat="48.3197980" lon="-70.3250290">
    <ele>241.1</ele>
   </trkpt>
   <trkpt lat="48.3198060" lon="-70.3250490">
    <ele>240.9</ele>
   </trkpt>
   <trkpt lat="48.3198110" lon="-70.3250550">
    <ele>240.8</ele>
   </trkpt>
   <trkpt lat="48.3198060" lon="-70.3250470">
    <ele>240.7</ele>
   </trkpt>
   <trkpt lat="48.3198000" lon="-70.3250500">
    <ele>240.6</ele>
   </trkpt>
   <trkpt lat="48.3197960" lon="-70.3250550">
    <ele>240.6</ele>
   </trkpt>
   <trkpt lat="48.3197990" lon="-70.3250760">
    <ele>240.4</ele>
   </trkpt>
   <trkpt lat="48.3197940" lon="-70.3250760">
    <ele>240.3</ele>
   </trkpt>
   <trkpt lat="48.3197940" lon="-70.3250760">
    <ele>240.3</ele>
   </trkpt>
   <trkpt lat="48.3197940" lon="-70.3250760">
    <ele>240.3</ele>
   </trkpt>
   <trkpt lat="48.3197830" lon="-70.3250860">
    <ele>240.1</ele>
   </trkpt>
   <trkpt lat="48.3197790" lon="-70.3250880">
    <ele>240.1</ele>
   </trkpt>
   <trkpt lat="48.3197760" lon="-70.3250900">
    <ele>240.0</ele>
   </trkpt>
   <trkpt lat="48.3197740" lon="-70.3250920">
    <ele>240.0</ele>
   </trkpt>
   <trkpt lat="48.3197740" lon="-70.3250910">
    <ele>240.0</ele>
   </trkpt>
   <trkpt lat="48.3197740" lon="-70.3250910">
    <ele>240.0</ele>
   </trkpt>
   <trkpt lat="48.3197740" lon="-70.3250910">
    <ele>240.0</ele>
   </trkpt>
   <trkpt lat="48.3197740" lon="-70.3250910">
    <ele>240.0</ele>
   </trkpt>
   <trkpt lat="48.3197740" lon="-70.3250910">
    <ele>240.0</ele>
   </trkpt>
   <trkpt lat="48.3197650" lon="-70.3251170">
    <ele>239.7</ele>
   </trkpt>
   <trkpt lat="48.3197630" lon="-70.3251190">
    <ele>239.7</ele>
   </trkpt>
   <trkpt lat="48.3197620" lon="-70.3251220">
    <ele>239.6</ele>
   </trkpt>
   <trkpt lat="48.3197610" lon="-70.3251240">
    <ele>239.6</ele>
   </trkpt>
   <trkpt lat="48.3197580" lon="-70.3251240">
    <ele>239.6</ele>
   </trkpt>
   <trkpt lat="48.3197570" lon="-70.3251270">
    <ele>239.6</ele>
   </trkpt>
   <trkpt lat="48.3197560" lon="-70.3251280">
    <ele>239.5</ele>
   </trkpt>
   <trkpt lat="48.3197560" lon="-70.3251310">
    <ele>239.5</ele>
   </trkpt>
   <trkpt lat="48.3197590" lon="-70.3251370">
    <ele>239.4</ele>
   </trkpt>
   <trkpt lat="48.3197580" lon="-70.3251420">
    <ele>239.4</ele>
   </trkpt>
   <trkpt lat="48.3197570" lon="-70.3251530">
    <ele>239.3</ele>
   </trkpt>
   <trkpt lat="48.3197570" lon="-70.3251600">
    <ele>239.2</ele>
   </trkpt>
   <trkpt lat="48.3197530" lon="-70.3251670">
    <ele>239.2</ele>
   </trkpt>
   <trkpt lat="48.3197540" lon="-70.3251700">
    <ele>239.1</ele>
   </trkpt>
   <trkpt lat="48.3197480" lon="-70.3251750">
    <ele>239.0</ele>
   </trkpt>
   <trkpt lat="48.3197350" lon="-70.3251800">
    <ele>238.8</ele>
   </trkpt>
   <trkpt lat="48.3197280" lon="-70.3251860">
    <ele>238.7</ele>
   </trkpt>
   <trkpt lat="48.3197200" lon="-70.3251910">
    <ele>238.6</ele>
   </trkpt>
   <trkpt lat="48.3197240" lon="-70.3252020">
    <ele>238.5</ele>
   </trkpt>
   <trkpt lat="48.3197300" lon="-70.3252150">
    <ele>238.3</ele>
   </trkpt>
   <trkpt lat="48.3197320" lon="-70.3252230">
    <ele>238.3</ele>
   </trkpt>
   <trkpt lat="48.3197320" lon="-70.3252320">
    <ele>238.2</ele>
   </trkpt>
   <trkpt lat="48.3197320" lon="-70.3252430">
    <ele>238.1</ele>
   </trkpt>
   <trkpt lat="48.3197370" lon="-70.3252600">
    <ele>237.9</ele>
   </trkpt>
   <trkpt lat="48.3197390" lon="-70.3252640">
    <ele>237.8</ele>
   </trkpt>
   <trkpt lat="48.3197570" lon="-70.3252890">
    <ele>237.5</ele>
   </trkpt>
   <trkpt lat="48.3197710" lon="-70.3253000">
    <ele>237.2</ele>
   </trkpt>
   <trkpt lat="48.3197740" lon="-70.3253160">
    <ele>237.1</ele>
   </trkpt>
   <trkpt lat="48.3197760" lon="-70.3253290">
    <ele>236.9</ele>
   </trkpt>
   <trkpt lat="48.3197880" lon="-70.3253450">
    <ele>236.7</ele>
   </trkpt>
   <trkpt lat="48.3197940" lon="-70.3253550">
    <ele>236.6</ele>
   </trkpt>
   <trkpt lat="48.3198000" lon="-70.3253590">
    <ele>236.5</ele>
   </trkpt>
   <trkpt lat="48.3198060" lon="-70.3253770">
    <ele>236.3</ele>
   </trkpt>
   <trkpt lat="48.3198070" lon="-70.3253790">
    <ele>236.2</ele>
   </trkpt>
   <trkpt lat="48.3198150" lon="-70.3253870">
    <ele>236.1</ele>
   </trkpt>
   <trkpt lat="48.3198190" lon="-70.3253990">
    <ele>236.0</ele>
   </trkpt>
   <trkpt lat="48.3198300" lon="-70.3254130">
    <ele>235.7</ele>
   </trkpt>
   <trkpt lat="48.3198360" lon="-70.3254190">
    <ele>235.6</ele>
   </trkpt>
   <trkpt lat="48.3198430" lon="-70.3254330">
    <ele>235.5</ele>
   </trkpt>
   <trkpt lat="48.3198400" lon="-70.3254440">
    <ele>235.3</ele>
   </trkpt>
   <trkpt lat="48.3198490" lon="-70.3254600">
    <ele>235.1</ele>
   </trkpt>
   <trkpt lat="48.3198490" lon="-70.3254720">
    <ele>235.0</ele>
   </trkpt>
   <trkpt lat="48.3198550" lon="-70.3254880">
    <ele>234.8</ele>
   </trkpt>
   <trkpt lat="48.3198590" lon="-70.3254970">
    <ele>234.7</ele>
   </trkpt>
   <trkpt lat="48.3198650" lon="-70.3255050">
    <ele>234.6</ele>
   </trkpt>
   <trkpt lat="48.3198690" lon="-70.3255210">
    <ele>234.4</ele>
   </trkpt>
   <trkpt lat="48.3198690" lon="-70.3255300">
    <ele>234.3</ele>
   </trkpt>
   <trkpt lat="48.3198700" lon="-70.3255420">
    <ele>234.2</ele>
   </trkpt>
   <trkpt lat="48.3198690" lon="-70.3255460">
    <ele>234.2</ele>
   </trkpt>
   <trkpt lat="48.3198650" lon="-70.3255520">
    <ele>234.1</ele>
   </trkpt>
   <trkpt lat="48.3198630" lon="-70.3255660">
    <ele>233.9</ele>
   </trkpt>
   <trkpt lat="48.3198650" lon="-70.3255780">
    <ele>233.8</ele>
   </trkpt>
   <trkpt lat="48.3198630" lon="-70.3255860">
    <ele>233.7</ele>
   </trkpt>
   <trkpt lat="48.3198600" lon="-70.3255940">
    <ele>233.6</ele>
   </trkpt>
   <trkpt lat="48.3198520" lon="-70.3256050">
    <ele>233.4</ele>
   </trkpt>
   <trkpt lat="48.3198480" lon="-70.3256140">
    <ele>233.3</ele>
   </trkpt>
   <trkpt lat="48.3198520" lon="-70.3256260">
    <ele>233.2</ele>
   </trkpt>
   <trkpt lat="48.3198610" lon="-70.3256370">
    <ele>233.0</ele>
   </trkpt>
   <trkpt lat="48.3198670" lon="-70.3256510">
    <ele>232.8</ele>
   </trkpt>
   <trkpt lat="48.3198750" lon="-70.3256660">
    <ele>232.6</ele>
   </trkpt>
   <trkpt lat="48.3198820" lon="-70.3256790">
    <ele>232.5</ele>
   </trkpt>
   <trkpt lat="48.3198870" lon="-70.3256900">
    <ele>232.3</ele>
   </trkpt>
   <trkpt lat="48.3198880" lon="-70.3257010">
    <ele>232.2</ele>
   </trkpt>
   <trkpt lat="48.3198780" lon="-70.3257070">
    <ele>232.0</ele>
   </trkpt>
   <trkpt lat="48.3198780" lon="-70.3257150">
    <ele>231.9</ele>
   </trkpt>
   <trkpt lat="48.3198760" lon="-70.3257200">
    <ele>231.9</ele>
   </trkpt>
   <trkpt lat="48.3198750" lon="-70.3257270">
    <ele>231.8</ele>
   </trkpt>
   <trkpt lat="48.3198760" lon="-70.3257330">
    <ele>231.7</ele>
   </trkpt>
   <trkpt lat="48.3198830" lon="-70.3257420">
    <ele>231.6</ele>
   </trkpt>
   <trkpt lat="48.3198870" lon="-70.3257520">
    <ele>231.4</ele>
   </trkpt>
   <trkpt lat="48.3198900" lon="-70.3257620">
    <ele>231.3</ele>
   </trkpt>
   <trkpt lat="48.3198960" lon="-70.3257710">
    <ele>231.2</ele>
   </trkpt>
   <trkpt lat="48.3198960" lon="-70.3257830">
    <ele>231.0</ele>
   </trkpt>
   <trkpt lat="48.3198880" lon="-70.3257890">
    <ele>230.9</ele>
   </trkpt>
   <trkpt lat="48.3199030" lon="-70.3258020">
    <ele>230.6</ele>
   </trkpt>
   <trkpt lat="48.3199120" lon="-70.3258100">
    <ele>230.4</ele>
   </trkpt>
   <trkpt lat="48.3198980" lon="-70.3258090">
    <ele>230.1</ele>
   </trkpt>
   <trkpt lat="48.3199020" lon="-70.3258260">
    <ele>229.9</ele>
   </trkpt>
   <trkpt lat="48.3199130" lon="-70.3258290">
    <ele>229.7</ele>
   </trkpt>
   <trkpt lat="48.3199130" lon="-70.3258440">
    <ele>229.5</ele>
   </trkpt>
   <trkpt lat="48.3199170" lon="-70.3258500">
    <ele>229.4</ele>
   </trkpt>
   <trkpt lat="48.3199190" lon="-70.3258600">
    <ele>229.3</ele>
   </trkpt>
   <trkpt lat="48.3199160" lon="-70.3258670">
    <ele>229.2</ele>
   </trkpt>
   <trkpt lat="48.3199090" lon="-70.3258800">
    <ele>229.0</ele>
   </trkpt>
   <trkpt lat="48.3199080" lon="-70.3258910">
    <ele>228.9</ele>
   </trkpt>
   <trkpt lat="48.3199180" lon="-70.3259060">
    <ele>228.6</ele>
   </trkpt>
   <trkpt lat="48.3199220" lon="-70.3259220">
    <ele>228.4</ele>
   </trkpt>
   <trkpt lat="48.3199210" lon="-70.3259330">
    <ele>228.3</ele>
   </trkpt>
   <trkpt lat="48.3199250" lon="-70.3259470">
    <ele>228.1</ele>
   </trkpt>
   <trkpt lat="48.3199250" lon="-70.3259600">
    <ele>227.9</ele>
   </trkpt>
   <trkpt lat="48.3199270" lon="-70.3259740">
    <ele>227.8</ele>
   </trkpt>
   <trkpt lat="48.3199290" lon="-70.3259780">
    <ele>227.7</ele>
   </trkpt>
   <trkpt lat="48.3199220" lon="-70.3259960">
    <ele>227.4</ele>
   </trkpt>
   <trkpt lat="48.3199220" lon="-70.3260050">
    <ele>227.3</ele>
   </trkpt>
   <trkpt lat="48.3199230" lon="-70.3260150">
    <ele>227.2</ele>
   </trkpt>
   <trkpt lat="48.3199230" lon="-70.3260200">
    <ele>227.1</ele>
   </trkpt>
   <trkpt lat="48.3199180" lon="-70.3260260">
    <ele>227.0</ele>
   </trkpt>
   <trkpt lat="48.3199100" lon="-70.3260400">
    <ele>226.7</ele>
   </trkpt>
   <trkpt lat="48.3199160" lon="-70.3260550">
    <ele>226.5</ele>
   </trkpt>
   <trkpt lat="48.3199140" lon="-70.3260600">
    <ele>226.4</ele>
   </trkpt>
   <trkpt lat="48.3199140" lon="-70.3260670">
    <ele>226.3</ele>
   </trkpt>
   <trkpt lat="48.3199190" lon="-70.3260830">
    <ele>226.1</ele>
   </trkpt>
   <trkpt lat="48.3199190" lon="-70.3260970">
    <ele>225.9</ele>
   </trkpt>
   <trkpt lat="48.3199180" lon="-70.3261070">
    <ele>225.8</ele>
   </trkpt>
   <trkpt lat="48.3199100" lon="-70.3261090">
    <ele>225.6</ele>
   </trkpt>
   <trkpt lat="48.3199010" lon="-70.3261130">
    <ele>225.4</ele>
   </trkpt>
   <trkpt lat="48.3198990" lon="-70.3261260">
    <ele>225.2</ele>
   </trkpt>
   <trkpt lat="48.3198910" lon="-70.3261350">
    <ele>225.0</ele>
   </trkpt>
   <trkpt lat="48.3198870" lon="-70.3261430">
    <ele>224.9</ele>
   </trkpt>
   <trkpt lat="48.3198850" lon="-70.3261440">
    <ele>224.8</ele>
   </trkpt>
   <trkpt lat="48.3198830" lon="-70.3261530">
    <ele>224.7</ele>
   </trkpt>
   <trkpt lat="48.3198810" lon="-70.3261610">
    <ele>224.6</ele>
   </trkpt>
   <trkpt lat="48.3198790" lon="-70.3261640">
    <ele>224.5</ele>
   </trkpt>
   <trkpt lat="48.3198840" lon="-70.3261680">
    <ele>224.4</ele>
   </trkpt>
   <trkpt lat="48.3198860" lon="-70.3261660">
    <ele>224.3</ele>
   </trkpt>
   <trkpt lat="48.3198880" lon="-70.3261700">
    <ele>224.3</ele>
   </trkpt>
   <trkpt lat="48.3198910" lon="-70.3261720">
    <ele>224.2</ele>
   </trkpt>
   <trkpt lat="48.3198980" lon="-70.3261710">
    <ele>224.0</ele>
   </trkpt>
   <trkpt lat="48.3199050" lon="-70.3261710">
    <ele>223.9</ele>
   </trkpt>
   <trkpt lat="48.3199120" lon="-70.3261720">
    <ele>223.7</ele>
   </trkpt>
   <trkpt lat="48.3199170" lon="-70.3261760">
    <ele>223.6</ele>
   </trkpt>
   <trkpt lat="48.3199280" lon="-70.3261810">
    <ele>223.4</ele>
   </trkpt>
   <trkpt lat="48.3199330" lon="-70.3261830">
    <ele>223.2</ele>
   </trkpt>
   <trkpt lat="48.3199410" lon="-70.3261830">
    <ele>223.1</ele>
   </trkpt>
   <trkpt lat="48.3199460" lon="-70.3261780">
    <ele>222.9</ele>
   </trkpt>
   <trkpt lat="48.3199540" lon="-70.3261780">
    <ele>222.7</ele>
   </trkpt>
   <trkpt lat="48.3199600" lon="-70.3261740">
    <ele>222.6</ele>
   </trkpt>
   <trkpt lat="48.3199690" lon="-70.3261750">
    <ele>222.4</ele>
   </trkpt>
   <trkpt lat="48.3199770" lon="-70.3261690">
    <ele>222.2</ele>
   </trkpt>
   <trkpt lat="48.3199860" lon="-70.3261680">
    <ele>222.0</ele>
   </trkpt>
   <trkpt lat="48.3199920" lon="-70.3261650">
    <ele>221.9</ele>
   </trkpt>
   <trkpt lat="48.3200000" lon="-70.3261580">
    <ele>221.7</ele>
   </trkpt>
   <trkpt lat="48.3200080" lon="-70.3261540">
    <ele>221.5</ele>
   </trkpt>
   <trkpt lat="48.3200170" lon="-70.3261430">
    <ele>221.2</ele>
   </trkpt>
   <trkpt lat="48.3200200" lon="-70.3261410">
    <ele>221.1</ele>
   </trkpt>
   <trkpt lat="48.3200280" lon="-70.3261300">
    <ele>220.9</ele>
   </trkpt>
   <trkpt lat="48.3200320" lon="-70.3261300">
    <ele>220.8</ele>
   </trkpt>
   <trkpt lat="48.3200370" lon="-70.3261260">
    <ele>220.7</ele>
   </trkpt>
   <trkpt lat="48.3200460" lon="-70.3261300">
    <ele>220.5</ele>
   </trkpt>
   <trkpt lat="48.3200520" lon="-70.3261250">
    <ele>220.3</ele>
   </trkpt>
   <trkpt lat="48.3200580" lon="-70.3261150">
    <ele>220.1</ele>
   </trkpt>
   <trkpt lat="48.3200640" lon="-70.3261050">
    <ele>219.9</ele>
   </trkpt>
   <trkpt lat="48.3200700" lon="-70.3260990">
    <ele>219.8</ele>
   </trkpt>
   <trkpt lat="48.3200780" lon="-70.3260970">
    <ele>219.6</ele>
   </trkpt>
   <trkpt lat="48.3200910" lon="-70.3260900">
    <ele>219.3</ele>
   </trkpt>
   <trkpt lat="48.3200900" lon="-70.3260880">
    <ele>219.3</ele>
   </trkpt>
   <trkpt lat="48.3200950" lon="-70.3260800">
    <ele>219.1</ele>
   </trkpt>
   <trkpt lat="48.3201000" lon="-70.3260760">
    <ele>219.0</ele>
   </trkpt>
   <trkpt lat="48.3201010" lon="-70.3260740">
    <ele>218.9</ele>
   </trkpt>
   <trkpt lat="48.3201200" lon="-70.3260540">
    <ele>218.4</ele>
   </trkpt>
   <trkpt lat="48.3201280" lon="-70.3260490">
    <ele>218.2</ele>
   </trkpt>
   <trkpt lat="48.3201310" lon="-70.3260240">
    <ele>217.9</ele>
   </trkpt>
   <trkpt lat="48.3201320" lon="-70.3260060">
    <ele>217.6</ele>
   </trkpt>
   <trkpt lat="48.3201400" lon="-70.3259980">
    <ele>217.4</ele>
   </trkpt>
   <trkpt lat="48.3201510" lon="-70.3259920">
    <ele>217.1</ele>
   </trkpt>
   <trkpt lat="48.3201560" lon="-70.3259780">
    <ele>216.9</ele>
   </trkpt>
   <trkpt lat="48.3201610" lon="-70.3259660">
    <ele>216.7</ele>
   </trkpt>
   <trkpt lat="48.3201630" lon="-70.3259570">
    <ele>216.6</ele>
   </trkpt>
   <trkpt lat="48.3201640" lon="-70.3259430">
    <ele>216.4</ele>
   </trkpt>
   <trkpt lat="48.3201710" lon="-70.3259330">
    <ele>216.1</ele>
   </trkpt>
   <trkpt lat="48.3201770" lon="-70.3259180">
    <ele>215.9</ele>
   </trkpt>
   <trkpt lat="48.3201820" lon="-70.3259090">
    <ele>215.7</ele>
   </trkpt>
   <trkpt lat="48.3201830" lon="-70.3259020">
    <ele>215.6</ele>
   </trkpt>
   <trkpt lat="48.3201870" lon="-70.3258940">
    <ele>215.5</ele>
   </trkpt>
   <trkpt lat="48.3201920" lon="-70.3258820">
    <ele>215.3</ele>
   </trkpt>
   <trkpt lat="48.3202000" lon="-70.3258720">
    <ele>215.0</ele>
   </trkpt>
   <trkpt lat="48.3202010" lon="-70.3258580">
    <ele>214.8</ele>
   </trkpt>
   <trkpt lat="48.3202070" lon="-70.3258410">
    <ele>214.6</ele>
   </trkpt>
   <trkpt lat="48.3202100" lon="-70.3258300">
    <ele>214.4</ele>
   </trkpt>
   <trkpt lat="48.3202100" lon="-70.3258130">
    <ele>214.1</ele>
   </trkpt>
   <trkpt lat="48.3202200" lon="-70.3257970">
    <ele>213.8</ele>
   </trkpt>
   <trkpt lat="48.3202250" lon="-70.3257710">
    <ele>213.4</ele>
   </trkpt>
   <trkpt lat="48.3202320" lon="-70.3257600">
    <ele>213.2</ele>
   </trkpt>
   <trkpt lat="48.3202400" lon="-70.3257440">
    <ele>212.9</ele>
   </trkpt>
   <trkpt lat="48.3202430" lon="-70.3257320">
    <ele>212.8</ele>
   </trkpt>
   <trkpt lat="48.3202450" lon="-70.3257220">
    <ele>212.6</ele>
   </trkpt>
   <trkpt lat="48.3202370" lon="-70.3257080">
    <ele>212.3</ele>
   </trkpt>
   <trkpt lat="48.3202400" lon="-70.3256890">
    <ele>212.1</ele>
   </trkpt>
   <trkpt lat="48.3202450" lon="-70.3256830">
    <ele>212.0</ele>
   </trkpt>
   <trkpt lat="48.3202440" lon="-70.3256730">
    <ele>211.9</ele>
   </trkpt>
   <trkpt lat="48.3202470" lon="-70.3256550">
    <ele>211.6</ele>
   </trkpt>
   <trkpt lat="48.3202490" lon="-70.3256450">
    <ele>211.5</ele>
   </trkpt>
   <trkpt lat="48.3202430" lon="-70.3256300">
    <ele>211.3</ele>
   </trkpt>
   <trkpt lat="48.3202410" lon="-70.3256150">
    <ele>211.1</ele>
   </trkpt>
   <trkpt lat="48.3202460" lon="-70.3255970">
    <ele>210.9</ele>
   </trkpt>
   <trkpt lat="48.3202510" lon="-70.3255900">
    <ele>210.8</ele>
   </trkpt>
   <trkpt lat="48.3202570" lon="-70.3255790">
    <ele>210.6</ele>
   </trkpt>
   <trkpt lat="48.3202620" lon="-70.3255710">
    <ele>210.5</ele>
   </trkpt>
   <trkpt lat="48.3202610" lon="-70.3255630">
    <ele>210.4</ele>
   </trkpt>
   <trkpt lat="48.3202640" lon="-70.3255500">
    <ele>210.2</ele>
   </trkpt>
   <trkpt lat="48.3202670" lon="-70.3255330">
    <ele>210.0</ele>
   </trkpt>
   <trkpt lat="48.3202710" lon="-70.3255130">
    <ele>209.8</ele>
   </trkpt>
   <trkpt lat="48.3202720" lon="-70.3255000">
    <ele>209.7</ele>
   </trkpt>
   <trkpt lat="48.3202800" lon="-70.3254840">
    <ele>209.5</ele>
   </trkpt>
   <trkpt lat="48.3202820" lon="-70.3254700">
    <ele>209.3</ele>
   </trkpt>
   <trkpt lat="48.3202830" lon="-70.3254610">
    <ele>209.2</ele>
   </trkpt>
   <trkpt lat="48.3202880" lon="-70.3254580">
    <ele>209.2</ele>
   </trkpt>
   <trkpt lat="48.3202920" lon="-70.3254460">
    <ele>209.0</ele>
   </trkpt>
   <trkpt lat="48.3202890" lon="-70.3254290">
    <ele>208.8</ele>
   </trkpt>
   <trkpt lat="48.3202900" lon="-70.3254080">
    <ele>208.6</ele>
   </trkpt>
   <trkpt lat="48.3202960" lon="-70.3253920">
    <ele>208.4</ele>
   </trkpt>
   <trkpt lat="48.3202980" lon="-70.3253820">
    <ele>208.3</ele>
   </trkpt>
   <trkpt lat="48.3203070" lon="-70.3253650">
    <ele>208.1</ele>
   </trkpt>
   <trkpt lat="48.3203160" lon="-70.3253610">
    <ele>208.0</ele>
   </trkpt>
   <trkpt lat="48.3203170" lon="-70.3253470">
    <ele>207.8</ele>
   </trkpt>
   <trkpt lat="48.3203140" lon="-70.3253410">
    <ele>207.7</ele>
   </trkpt>
   <trkpt lat="48.3203280" lon="-70.3253270">
    <ele>207.5</ele>
   </trkpt>
   <trkpt lat="48.3203270" lon="-70.3253170">
    <ele>207.4</ele>
   </trkpt>
   <trkpt lat="48.3203350" lon="-70.3253130">
    <ele>207.2</ele>
   </trkpt>
   <trkpt lat="48.3203360" lon="-70.3252990">
    <ele>207.1</ele>
   </trkpt>
   <trkpt lat="48.3203390" lon="-70.3252920">
    <ele>207.0</ele>
   </trkpt>
   <trkpt lat="48.3203410" lon="-70.3252770">
    <ele>206.9</ele>
   </trkpt>
   <trkpt lat="48.3203410" lon="-70.3252680">
    <ele>206.8</ele>
   </trkpt>
   <trkpt lat="48.3203370" lon="-70.3252550">
    <ele>206.6</ele>
   </trkpt>
   <trkpt lat="48.3203400" lon="-70.3252530">
    <ele>206.6</ele>
   </trkpt>
   <trkpt lat="48.3203470" lon="-70.3252430">
    <ele>206.4</ele>
   </trkpt>
   <trkpt lat="48.3203470" lon="-70.3252210">
    <ele>206.2</ele>
   </trkpt>
   <trkpt lat="48.3203580" lon="-70.3252030">
    <ele>205.9</ele>
   </trkpt>
   <trkpt lat="48.3203640" lon="-70.3251970">
    <ele>205.8</ele>
   </trkpt>
   <trkpt lat="48.3203640" lon="-70.3251910">
    <ele>205.8</ele>
   </trkpt>
   <trkpt lat="48.3203680" lon="-70.3251800">
    <ele>205.6</ele>
   </trkpt>
   <trkpt lat="48.3203800" lon="-70.3251640">
    <ele>205.4</ele>
   </trkpt>
   <trkpt lat="48.3203850" lon="-70.3251650">
    <ele>205.3</ele>
   </trkpt>
   <trkpt lat="48.3203860" lon="-70.3251620">
    <ele>205.3</ele>
   </trkpt>
   <trkpt lat="48.3203830" lon="-70.3251560">
    <ele>205.2</ele>
   </trkpt>
   <trkpt lat="48.3203920" lon="-70.3251550">
    <ele>205.1</ele>
   </trkpt>
   <trkpt lat="48.3204080" lon="-70.3251470">
    <ele>204.8</ele>
   </trkpt>
   <trkpt lat="48.3204070" lon="-70.3251410">
    <ele>204.7</ele>
   </trkpt>
   <trkpt lat="48.3204110" lon="-70.3251310">
    <ele>204.6</ele>
   </trkpt>
   <trkpt lat="48.3204200" lon="-70.3251230">
    <ele>204.5</ele>
   </trkpt>
   <trkpt lat="48.3204170" lon="-70.3251150">
    <ele>204.4</ele>
   </trkpt>
   <trkpt lat="48.3204190" lon="-70.3251070">
    <ele>204.3</ele>
   </trkpt>
   <trkpt lat="48.3204280" lon="-70.3251010">
    <ele>204.1</ele>
   </trkpt>
   <trkpt lat="48.3204350" lon="-70.3250940">
    <ele>204.0</ele>
   </trkpt>
   <trkpt lat="48.3204410" lon="-70.3250800">
    <ele>203.8</ele>
   </trkpt>
   <trkpt lat="48.3204450" lon="-70.3250690">
    <ele>203.7</ele>
   </trkpt>
   <trkpt lat="48.3204430" lon="-70.3250520">
    <ele>203.5</ele>
   </trkpt>
   <trkpt lat="48.3204450" lon="-70.3250430">
    <ele>203.4</ele>
   </trkpt>
   <trkpt lat="48.3204460" lon="-70.3250260">
    <ele>203.2</ele>
   </trkpt>
   <trkpt lat="48.3204430" lon="-70.3250150">
    <ele>203.1</ele>
   </trkpt>
   <trkpt lat="48.3204510" lon="-70.3250020">
    <ele>202.8</ele>
   </trkpt>
   <trkpt lat="48.3204560" lon="-70.3249940">
    <ele>202.7</ele>
   </trkpt>
   <trkpt lat="48.3204560" lon="-70.3249810">
    <ele>202.6</ele>
   </trkpt>
   <trkpt lat="48.3204580" lon="-70.3249660">
    <ele>202.4</ele>
   </trkpt>
   <trkpt lat="48.3204630" lon="-70.3249540">
    <ele>202.2</ele>
   </trkpt>
   <trkpt lat="48.3204620" lon="-70.3249470">
    <ele>202.1</ele>
   </trkpt>
   <trkpt lat="48.3204640" lon="-70.3249340">
    <ele>201.9</ele>
   </trkpt>
   <trkpt lat="48.3204570" lon="-70.3249230">
    <ele>201.7</ele>
   </trkpt>
   <trkpt lat="48.3204680" lon="-70.3249150">
    <ele>201.5</ele>
   </trkpt>
   <trkpt lat="48.3204670" lon="-70.3249000">
    <ele>201.3</ele>
   </trkpt>
   <trkpt lat="48.3204680" lon="-70.3248890">
    <ele>201.1</ele>
   </trkpt>
   <trkpt lat="48.3204680" lon="-70.3248840">
    <ele>201.1</ele>
   </trkpt>
   <trkpt lat="48.3204730" lon="-70.3248730">
    <ele>200.9</ele>
   </trkpt>
   <trkpt lat="48.3204680" lon="-70.3248600">
    <ele>200.7</ele>
   </trkpt>
   <trkpt lat="48.3204760" lon="-70.3248480">
    <ele>200.5</ele>
   </trkpt>
   <trkpt lat="48.3204810" lon="-70.3248400">
    <ele>200.3</ele>
   </trkpt>
   <trkpt lat="48.3204840" lon="-70.3248160">
    <ele>200.0</ele>
   </trkpt>
   <trkpt lat="48.3204800" lon="-70.3248020">
    <ele>199.8</ele>
   </trkpt>
   <trkpt lat="48.3204750" lon="-70.3247910">
    <ele>199.6</ele>
   </trkpt>
   <trkpt lat="48.3204840" lon="-70.3247850">
    <ele>199.4</ele>
   </trkpt>
   <trkpt lat="48.3204860" lon="-70.3247750">
    <ele>199.3</ele>
   </trkpt>
   <trkpt lat="48.3204830" lon="-70.3247600">
    <ele>199.1</ele>
   </trkpt>
   <trkpt lat="48.3204900" lon="-70.3247460">
    <ele>198.9</ele>
   </trkpt>
   <trkpt lat="48.3204910" lon="-70.3247360">
    <ele>198.7</ele>
   </trkpt>
   <trkpt lat="48.3204860" lon="-70.3247240">
    <ele>198.5</ele>
   </trkpt>
   <trkpt lat="48.3204900" lon="-70.3247080">
    <ele>198.3</ele>
   </trkpt>
   <trkpt lat="48.3204910" lon="-70.3246860">
    <ele>198.0</ele>
   </trkpt>
   <trkpt lat="48.3204920" lon="-70.3246720">
    <ele>197.9</ele>
   </trkpt>
   <trkpt lat="48.3204880" lon="-70.3246510">
    <ele>197.6</ele>
   </trkpt>
   <trkpt lat="48.3204860" lon="-70.3246350">
    <ele>197.4</ele>
   </trkpt>
   <trkpt lat="48.3204890" lon="-70.3246210">
    <ele>197.2</ele>
   </trkpt>
   <trkpt lat="48.3204920" lon="-70.3246090">
    <ele>197.1</ele>
   </trkpt>
   <trkpt lat="48.3204910" lon="-70.3245880">
    <ele>196.8</ele>
   </trkpt>
   <trkpt lat="48.3204890" lon="-70.3245680">
    <ele>196.6</ele>
   </trkpt>
   <trkpt lat="48.3204910" lon="-70.3245530">
    <ele>196.4</ele>
   </trkpt>
   <trkpt lat="48.3204930" lon="-70.3245410">
    <ele>196.3</ele>
   </trkpt>
   <trkpt lat="48.3204930" lon="-70.3245310">
    <ele>196.2</ele>
   </trkpt>
   <trkpt lat="48.3204950" lon="-70.3245140">
    <ele>196.0</ele>
   </trkpt>
   <trkpt lat="48.3205020" lon="-70.3245030">
    <ele>195.8</ele>
   </trkpt>
   <trkpt lat="48.3205100" lon="-70.3244920">
    <ele>195.6</ele>
   </trkpt>
   <trkpt lat="48.3205110" lon="-70.3244770">
    <ele>195.5</ele>
   </trkpt>
   <trkpt lat="48.3205160" lon="-70.3244590">
    <ele>195.2</ele>
   </trkpt>
   <trkpt lat="48.3205180" lon="-70.3244470">
    <ele>195.1</ele>
   </trkpt>
   <trkpt lat="48.3205100" lon="-70.3244350">
    <ele>194.9</ele>
   </trkpt>
   <trkpt lat="48.3205080" lon="-70.3244220">
    <ele>194.8</ele>
   </trkpt>
   <trkpt lat="48.3204970" lon="-70.3243950">
    <ele>194.5</ele>
   </trkpt>
   <trkpt lat="48.3204980" lon="-70.3243880">
    <ele>194.4</ele>
   </trkpt>
   <trkpt lat="48.3204960" lon="-70.3243680">
    <ele>194.2</ele>
   </trkpt>
   <trkpt lat="48.3204920" lon="-70.3243440">
    <ele>194.0</ele>
   </trkpt>
   <trkpt lat="48.3204950" lon="-70.3243330">
    <ele>193.8</ele>
   </trkpt>
   <trkpt lat="48.3204930" lon="-70.3243230">
    <ele>193.8</ele>
   </trkpt>
   <trkpt lat="48.3204910" lon="-70.3243040">
    <ele>193.6</ele>
   </trkpt>
   <trkpt lat="48.3204830" lon="-70.3242800">
    <ele>193.4</ele>
   </trkpt>
   <trkpt lat="48.3204920" lon="-70.3242720">
    <ele>193.2</ele>
   </trkpt>
   <trkpt lat="48.3204820" lon="-70.3242540">
    <ele>193.1</ele>
   </trkpt>
   <trkpt lat="48.3204810" lon="-70.3242330">
    <ele>192.9</ele>
   </trkpt>
   <trkpt lat="48.3204920" lon="-70.3242220">
    <ele>192.8</ele>
   </trkpt>
   <trkpt lat="48.3204920" lon="-70.3242040">
    <ele>192.6</ele>
   </trkpt>
   <trkpt lat="48.3204940" lon="-70.3241810">
    <ele>192.5</ele>
   </trkpt>
   <trkpt lat="48.3204970" lon="-70.3241660">
    <ele>192.4</ele>
   </trkpt>
   <trkpt lat="48.3204960" lon="-70.3241580">
    <ele>192.3</ele>
   </trkpt>
   <trkpt lat="48.3204930" lon="-70.3241440">
    <ele>192.2</ele>
   </trkpt>
   <trkpt lat="48.3204940" lon="-70.3241360">
    <ele>192.2</ele>
   </trkpt>
   <trkpt lat="48.3204950" lon="-70.3241310">
    <ele>192.1</ele>
   </trkpt>
   <trkpt lat="48.3204930" lon="-70.3241210">
    <ele>192.1</ele>
   </trkpt>
   <trkpt lat="48.3204960" lon="-70.3241070">
    <ele>192.0</ele>
   </trkpt>
   <trkpt lat="48.3204900" lon="-70.3240990">
    <ele>191.9</ele>
   </trkpt>
   <trkpt lat="48.3204920" lon="-70.3240910">
    <ele>191.8</ele>
   </trkpt>
   <trkpt lat="48.3204930" lon="-70.3240760">
    <ele>191.7</ele>
   </trkpt>
   <trkpt lat="48.3204950" lon="-70.3240660">
    <ele>191.7</ele>
   </trkpt>
   <trkpt lat="48.3205050" lon="-70.3240530">
    <ele>191.6</ele>
   </trkpt>
   <trkpt lat="48.3205050" lon="-70.3240410">
    <ele>191.5</ele>
   </trkpt>
   <trkpt lat="48.3205080" lon="-70.3240290">
    <ele>191.4</ele>
   </trkpt>
   <trkpt lat="48.3205160" lon="-70.3240240">
    <ele>191.4</ele>
   </trkpt>
   <trkpt lat="48.3205190" lon="-70.3240140">
    <ele>191.3</ele>
   </trkpt>
   <trkpt lat="48.3205170" lon="-70.3239970">
    <ele>191.2</ele>
   </trkpt>
   <trkpt lat="48.3205180" lon="-70.3239820">
    <ele>191.1</ele>
   </trkpt>
   <trkpt lat="48.3205260" lon="-70.3239760">
    <ele>191.1</ele>
   </trkpt>
   <trkpt lat="48.3205330" lon="-70.3239620">
    <ele>191.0</ele>
   </trkpt>
   <trkpt lat="48.3205320" lon="-70.3239550">
    <ele>190.9</ele>
   </trkpt>
   <trkpt lat="48.3205270" lon="-70.3239400">
    <ele>190.8</ele>
   </trkpt>
   <trkpt lat="48.3205310" lon="-70.3239240">
    <ele>190.8</ele>
   </trkpt>
   <trkpt lat="48.3205370" lon="-70.3239120">
    <ele>190.7</ele>
   </trkpt>
   <trkpt lat="48.3205400" lon="-70.3238970">
    <ele>190.6</ele>
   </trkpt>
   <trkpt lat="48.3205430" lon="-70.3238910">
    <ele>190.6</ele>
   </trkpt>
   <trkpt lat="48.3205420" lon="-70.3238790">
    <ele>190.5</ele>
   </trkpt>
   <trkpt lat="48.3205430" lon="-70.3238670">
    <ele>190.4</ele>
   </trkpt>
   <trkpt lat="48.3205450" lon="-70.3238630">
    <ele>190.4</ele>
   </trkpt>
   <trkpt lat="48.3205460" lon="-70.3238490">
    <ele>190.3</ele>
   </trkpt>
   <trkpt lat="48.3205500" lon="-70.3238490">
    <ele>190.3</ele>
   </trkpt>
   <trkpt lat="48.3205570" lon="-70.3238430">
    <ele>190.2</ele>
   </trkpt>
   <trkpt lat="48.3205580" lon="-70.3238430">
    <ele>190.2</ele>
   </trkpt>
   <trkpt lat="48.3205610" lon="-70.3238390">
    <ele>190.2</ele>
   </trkpt>
   <trkpt lat="48.3205580" lon="-70.3238280">
    <ele>190.1</ele>
   </trkpt>
   <trkpt lat="48.3205630" lon="-70.3238170">
    <ele>190.1</ele>
   </trkpt>
   <trkpt lat="48.3205640" lon="-70.3238110">
    <ele>190.0</ele>
   </trkpt>
   <trkpt lat="48.3205640" lon="-70.3238010">
    <ele>190.0</ele>
   </trkpt>
   <trkpt lat="48.3205640" lon="-70.3237860">
    <ele>189.9</ele>
   </trkpt>
   <trkpt lat="48.3205720" lon="-70.3237770">
    <ele>189.8</ele>
   </trkpt>
   <trkpt lat="48.3205690" lon="-70.3237580">
    <ele>189.7</ele>
   </trkpt>
   <trkpt lat="48.3205700" lon="-70.3237450">
    <ele>189.6</ele>
   </trkpt>
   <trkpt lat="48.3205750" lon="-70.3237330">
    <ele>189.5</ele>
   </trkpt>
   <trkpt lat="48.3205730" lon="-70.3237150">
    <ele>189.4</ele>
   </trkpt>
   <trkpt lat="48.3205750" lon="-70.3236960">
    <ele>189.3</ele>
   </trkpt>
   <trkpt lat="48.3205810" lon="-70.3236910">
    <ele>189.2</ele>
   </trkpt>
   <trkpt lat="48.3205790" lon="-70.3236830">
    <ele>189.2</ele>
   </trkpt>
   <trkpt lat="48.3205760" lon="-70.3236710">
    <ele>189.1</ele>
   </trkpt>
   <trkpt lat="48.3205670" lon="-70.3236550">
    <ele>188.9</ele>
   </trkpt>
   <trkpt lat="48.3205640" lon="-70.3236430">
    <ele>188.8</ele>
   </trkpt>
   <trkpt lat="48.3205690" lon="-70.3236370">
    <ele>188.7</ele>
   </trkpt>
   <trkpt lat="48.3205700" lon="-70.3236190">
    <ele>188.6</ele>
   </trkpt>
   <trkpt lat="48.3205710" lon="-70.3236020">
    <ele>188.5</ele>
   </trkpt>
   <trkpt lat="48.3205720" lon="-70.3235870">
    <ele>188.3</ele>
   </trkpt>
   <trkpt lat="48.3205700" lon="-70.3235700">
    <ele>188.2</ele>
   </trkpt>
   <trkpt lat="48.3205740" lon="-70.3235550">
    <ele>188.0</ele>
   </trkpt>
   <trkpt lat="48.3205760" lon="-70.3235450">
    <ele>187.9</ele>
   </trkpt>
   <trkpt lat="48.3205780" lon="-70.3235370">
    <ele>187.8</ele>
   </trkpt>
   <trkpt lat="48.3205830" lon="-70.3235250">
    <ele>187.7</ele>
   </trkpt>
   <trkpt lat="48.3205830" lon="-70.3235050">
    <ele>187.5</ele>
   </trkpt>
   <trkpt lat="48.3205860" lon="-70.3234910">
    <ele>187.3</ele>
   </trkpt>
   <trkpt lat="48.3205810" lon="-70.3234780">
    <ele>187.1</ele>
   </trkpt>
   <trkpt lat="48.3205790" lon="-70.3234740">
    <ele>187.1</ele>
   </trkpt>
   <trkpt lat="48.3205770" lon="-70.3234630">
    <ele>187.0</ele>
   </trkpt>
   <trkpt lat="48.3205710" lon="-70.3234540">
    <ele>186.8</ele>
   </trkpt>
   <trkpt lat="48.3205790" lon="-70.3234420">
    <ele>186.6</ele>
   </trkpt>
   <trkpt lat="48.3205770" lon="-70.3234280">
    <ele>186.5</ele>
   </trkpt>
   <trkpt lat="48.3205760" lon="-70.3234160">
    <ele>186.3</ele>
   </trkpt>
   <trkpt lat="48.3205720" lon="-70.3234100">
    <ele>186.2</ele>
   </trkpt>
   <trkpt lat="48.3205710" lon="-70.3234030">
    <ele>186.1</ele>
   </trkpt>
   <trkpt lat="48.3205720" lon="-70.3233960">
    <ele>186.0</ele>
   </trkpt>
   <trkpt lat="48.3205630" lon="-70.3233930">
    <ele>185.9</ele>
   </trkpt>
   <trkpt lat="48.3205660" lon="-70.3233850">
    <ele>185.7</ele>
   </trkpt>
   <trkpt lat="48.3205660" lon="-70.3233750">
    <ele>185.6</ele>
   </trkpt>
   <trkpt lat="48.3205600" lon="-70.3233590">
    <ele>185.4</ele>
   </trkpt>
   <trkpt lat="48.3205630" lon="-70.3233510">
    <ele>185.3</ele>
   </trkpt>
   <trkpt lat="48.3205650" lon="-70.3233460">
    <ele>185.2</ele>
   </trkpt>
   <trkpt lat="48.3205770" lon="-70.3233250">
    <ele>184.9</ele>
   </trkpt>
   <trkpt lat="48.3205770" lon="-70.3233150">
    <ele>184.7</ele>
   </trkpt>
   <trkpt lat="48.3205920" lon="-70.3233110">
    <ele>184.4</ele>
   </trkpt>
   <trkpt lat="48.3205920" lon="-70.3233010">
    <ele>184.3</ele>
   </trkpt>
   <trkpt lat="48.3205810" lon="-70.3232950">
    <ele>184.1</ele>
   </trkpt>
   <trkpt lat="48.3205700" lon="-70.3232890">
    <ele>183.9</ele>
   </trkpt>
   <trkpt lat="48.3205680" lon="-70.3232820">
    <ele>183.8</ele>
   </trkpt>
   <trkpt lat="48.3205720" lon="-70.3232790">
    <ele>183.7</ele>
   </trkpt>
   <trkpt lat="48.3205700" lon="-70.3232730">
    <ele>183.6</ele>
   </trkpt>
   <trkpt lat="48.3205670" lon="-70.3232610">
    <ele>183.4</ele>
   </trkpt>
   <trkpt lat="48.3205620" lon="-70.3232540">
    <ele>183.3</ele>
   </trkpt>
   <trkpt lat="48.3205510" lon="-70.3232460">
    <ele>183.1</ele>
   </trkpt>
   <trkpt lat="48.3205500" lon="-70.3232400">
    <ele>183.0</ele>
   </trkpt>
   <trkpt lat="48.3205510" lon="-70.3232360">
    <ele>183.0</ele>
   </trkpt>
   <trkpt lat="48.3205460" lon="-70.3232290">
    <ele>182.8</ele>
   </trkpt>
   <trkpt lat="48.3205480" lon="-70.3232200">
    <ele>182.7</ele>
   </trkpt>
   <trkpt lat="48.3205400" lon="-70.3232100">
    <ele>182.5</ele>
   </trkpt>
   <trkpt lat="48.3205440" lon="-70.3232080">
    <ele>182.4</ele>
   </trkpt>
   <trkpt lat="48.3205420" lon="-70.3231990">
    <ele>182.3</ele>
   </trkpt>
   <trkpt lat="48.3205480" lon="-70.3231970">
    <ele>182.2</ele>
   </trkpt>
   <trkpt lat="48.3205460" lon="-70.3231910">
    <ele>182.1</ele>
   </trkpt>
   <trkpt lat="48.3205600" lon="-70.3231830">
    <ele>181.8</ele>
   </trkpt>
   <trkpt lat="48.3205580" lon="-70.3231850">
    <ele>181.8</ele>
   </trkpt>
   <trkpt lat="48.3205590" lon="-70.3231830">
    <ele>181.8</ele>
   </trkpt>
   <trkpt lat="48.3205520" lon="-70.3231810">
    <ele>181.6</ele>
   </trkpt>
   <trkpt lat="48.3205520" lon="-70.3231780">
    <ele>181.6</ele>
   </trkpt>
   <trkpt lat="48.3205440" lon="-70.3231720">
    <ele>181.4</ele>
   </trkpt>
   <trkpt lat="48.3205420" lon="-70.3231590">
    <ele>181.3</ele>
   </trkpt>
   <trkpt lat="48.3205430" lon="-70.3231590">
    <ele>181.2</ele>
   </trkpt>
   <trkpt lat="48.3205480" lon="-70.3231520">
    <ele>181.1</ele>
   </trkpt>
   <trkpt lat="48.3205400" lon="-70.3231380">
    <ele>180.9</ele>
   </trkpt>
   <trkpt lat="48.3205520" lon="-70.3231380">
    <ele>180.7</ele>
   </trkpt>
   <trkpt lat="48.3205550" lon="-70.3231300">
    <ele>180.6</ele>
   </trkpt>
   <trkpt lat="48.3205590" lon="-70.3231100">
    <ele>180.3</ele>
   </trkpt>
   <trkpt lat="48.3205620" lon="-70.3230960">
    <ele>180.1</ele>
   </trkpt>
   <trkpt lat="48.3205700" lon="-70.3230940">
    <ele>180.0</ele>
   </trkpt>
   <trkpt lat="48.3205720" lon="-70.3230890">
    <ele>179.9</ele>
   </trkpt>
   <trkpt lat="48.3205720" lon="-70.3230790">
    <ele>179.8</ele>
   </trkpt>
   <trkpt lat="48.3205780" lon="-70.3230610">
    <ele>179.5</ele>
   </trkpt>
   <trkpt lat="48.3205810" lon="-70.3230580">
    <ele>179.5</ele>
   </trkpt>
   <trkpt lat="48.3205770" lon="-70.3230510">
    <ele>179.4</ele>
   </trkpt>
   <trkpt lat="48.3205900" lon="-70.3230480">
    <ele>179.1</ele>
   </trkpt>
   <trkpt lat="48.3205940" lon="-70.3230410">
    <ele>179.0</ele>
   </trkpt>
   <trkpt lat="48.3205950" lon="-70.3230420">
    <ele>179.0</ele>
   </trkpt>
   <trkpt lat="48.3205980" lon="-70.3230390">
    <ele>178.9</ele>
   </trkpt>
   <trkpt lat="48.3206000" lon="-70.3230390">
    <ele>178.9</ele>
   </trkpt>
   <trkpt lat="48.3206020" lon="-70.3230280">
    <ele>178.7</ele>
   </trkpt>
   <trkpt lat="48.3206030" lon="-70.3230320">
    <ele>178.7</ele>
   </trkpt>
   <trkpt lat="48.3206040" lon="-70.3230290">
    <ele>178.6</ele>
   </trkpt>
   <trkpt lat="48.3206050" lon="-70.3230210">
    <ele>178.5</ele>
   </trkpt>
   <trkpt lat="48.3206080" lon="-70.3230240">
    <ele>178.5</ele>
   </trkpt>
   <trkpt lat="48.3206110" lon="-70.3230210">
    <ele>178.4</ele>
   </trkpt>
   <trkpt lat="48.3206160" lon="-70.3230190">
    <ele>178.3</ele>
   </trkpt>
   <trkpt lat="48.3206160" lon="-70.3230140">
    <ele>178.3</ele>
   </trkpt>
   <trkpt lat="48.3206130" lon="-70.3230120">
    <ele>178.2</ele>
   </trkpt>
   <trkpt lat="48.3206140" lon="-70.3230070">
    <ele>178.1</ele>
   </trkpt>
   <trkpt lat="48.3206190" lon="-70.3230020">
    <ele>178.0</ele>
   </trkpt>
   <trkpt lat="48.3206230" lon="-70.3230050">
    <ele>177.9</ele>
   </trkpt>
   <trkpt lat="48.3206220" lon="-70.3229910">
    <ele>177.7</ele>
   </trkpt>
   <trkpt lat="48.3206200" lon="-70.3229780">
    <ele>177.6</ele>
   </trkpt>
   <trkpt lat="48.3206220" lon="-70.3229720">
    <ele>177.5</ele>
   </trkpt>
   <trkpt lat="48.3206320" lon="-70.3229760">
    <ele>177.3</ele>
   </trkpt>
   <trkpt lat="48.3206300" lon="-70.3229760">
    <ele>177.2</ele>
   </trkpt>
   <trkpt lat="48.3206270" lon="-70.3229780">
    <ele>177.2</ele>
   </trkpt>
   <trkpt lat="48.3206310" lon="-70.3229730">
    <ele>177.1</ele>
   </trkpt>
   <trkpt lat="48.3206340" lon="-70.3229680">
    <ele>177.0</ele>
   </trkpt>
   <trkpt lat="48.3206370" lon="-70.3229610">
    <ele>176.9</ele>
   </trkpt>
   <trkpt lat="48.3206460" lon="-70.3229610">
    <ele>176.7</ele>
   </trkpt>
   <trkpt lat="48.3206470" lon="-70.3229540">
    <ele>176.6</ele>
   </trkpt>
   <trkpt lat="48.3206520" lon="-70.3229540">
    <ele>176.5</ele>
   </trkpt>
   <trkpt lat="48.3206550" lon="-70.3229550">
    <ele>176.4</ele>
   </trkpt>
   <trkpt lat="48.3206560" lon="-70.3229580">
    <ele>176.3</ele>
   </trkpt>
   <trkpt lat="48.3206580" lon="-70.3229510">
    <ele>176.2</ele>
   </trkpt>
   <trkpt lat="48.3206650" lon="-70.3229410">
    <ele>176.0</ele>
   </trkpt>
   <trkpt lat="48.3206580" lon="-70.3229300">
    <ele>175.8</ele>
   </trkpt>
   <trkpt lat="48.3206700" lon="-70.3229460">
    <ele>175.4</ele>
   </trkpt>
   <trkpt lat="48.3206750" lon="-70.3229390">
    <ele>175.2</ele>
   </trkpt>
   <trkpt lat="48.3206780" lon="-70.3229310">
    <ele>175.1</ele>
   </trkpt>
   <trkpt lat="48.3206840" lon="-70.3229300">
    <ele>174.9</ele>
   </trkpt>
   <trkpt lat="48.3206860" lon="-70.3229290">
    <ele>174.9</ele>
   </trkpt>
   <trkpt lat="48.3206860" lon="-70.3229320">
    <ele>174.8</ele>
   </trkpt>
   <trkpt lat="48.3206850" lon="-70.3229190">
    <ele>174.6</ele>
   </trkpt>
   <trkpt lat="48.3206970" lon="-70.3229210">
    <ele>174.3</ele>
   </trkpt>
   <trkpt lat="48.3207100" lon="-70.3229080">
    <ele>173.9</ele>
   </trkpt>
   <trkpt lat="48.3207110" lon="-70.3229120">
    <ele>173.8</ele>
   </trkpt>
   <trkpt lat="48.3207080" lon="-70.3229110">
    <ele>173.7</ele>
   </trkpt>
   <trkpt lat="48.3207150" lon="-70.3228940">
    <ele>173.3</ele>
   </trkpt>
   <trkpt lat="48.3207160" lon="-70.3228880">
    <ele>173.2</ele>
   </trkpt>
   <trkpt lat="48.3207290" lon="-70.3228840">
    <ele>172.8</ele>
   </trkpt>
   <trkpt lat="48.3207350" lon="-70.3228870">
    <ele>172.6</ele>
   </trkpt>
   <trkpt lat="48.3207440" lon="-70.3228860">
    <ele>172.4</ele>
   </trkpt>
   <trkpt lat="48.3207430" lon="-70.3228760">
    <ele>172.2</ele>
   </trkpt>
   <trkpt lat="48.3207480" lon="-70.3228780">
    <ele>172.0</ele>
   </trkpt>
   <trkpt lat="48.3207510" lon="-70.3228810">
    <ele>171.9</ele>
   </trkpt>
   <trkpt lat="48.3207570" lon="-70.3228790">
    <ele>171.7</ele>
   </trkpt>
   <trkpt lat="48.3207610" lon="-70.3228690">
    <ele>171.5</ele>
   </trkpt>
   <trkpt lat="48.3207630" lon="-70.3228660">
    <ele>171.4</ele>
   </trkpt>
   <trkpt lat="48.3207690" lon="-70.3228610">
    <ele>171.2</ele>
   </trkpt>
   <trkpt lat="48.3207690" lon="-70.3228480">
    <ele>170.9</ele>
   </trkpt>
   <trkpt lat="48.3207700" lon="-70.3228500">
    <ele>170.8</ele>
   </trkpt>
   <trkpt lat="48.3207720" lon="-70.3228520">
    <ele>170.8</ele>
   </trkpt>
   <trkpt lat="48.3207750" lon="-70.3228500">
    <ele>170.7</ele>
   </trkpt>
   <trkpt lat="48.3207760" lon="-70.3228490">
    <ele>170.6</ele>
   </trkpt>
   <trkpt lat="48.3207760" lon="-70.3228460">
    <ele>170.6</ele>
   </trkpt>
   <trkpt lat="48.3207760" lon="-70.3228430">
    <ele>170.5</ele>
   </trkpt>
   <trkpt lat="48.3207760" lon="-70.3228390">
    <ele>170.4</ele>
   </trkpt>
   <trkpt lat="48.3207800" lon="-70.3228420">
    <ele>170.3</ele>
   </trkpt>
   <trkpt lat="48.3207770" lon="-70.3228440">
    <ele>170.2</ele>
   </trkpt>
   <trkpt lat="48.3207740" lon="-70.3228390">
    <ele>170.0</ele>
   </trkpt>
   <trkpt lat="48.3207710" lon="-70.3228340">
    <ele>169.9</ele>
   </trkpt>
   <trkpt lat="48.3207770" lon="-70.3228380">
    <ele>169.6</ele>
   </trkpt>
   <trkpt lat="48.3207920" lon="-70.3228310">
    <ele>169.1</ele>
   </trkpt>
   <trkpt lat="48.3207970" lon="-70.3228320">
    <ele>169.0</ele>
   </trkpt>
   <trkpt lat="48.3208010" lon="-70.3228320">
    <ele>168.8</ele>
   </trkpt>
   <trkpt lat="48.3208060" lon="-70.3228350">
    <ele>168.7</ele>
   </trkpt>
   <trkpt lat="48.3208130" lon="-70.3228300">
    <ele>168.4</ele>
   </trkpt>
   <trkpt lat="48.3208220" lon="-70.3228230">
    <ele>168.1</ele>
   </trkpt>
   <trkpt lat="48.3208270" lon="-70.3228190">
    <ele>167.9</ele>
   </trkpt>
   <trkpt lat="48.3208350" lon="-70.3228310">
    <ele>167.5</ele>
   </trkpt>
   <trkpt lat="48.3208400" lon="-70.3228280">
    <ele>167.4</ele>
   </trkpt>
   <trkpt lat="48.3208490" lon="-70.3228320">
    <ele>167.0</ele>
   </trkpt>
   <trkpt lat="48.3208540" lon="-70.3228300">
    <ele>166.9</ele>
   </trkpt>
   <trkpt lat="48.3208560" lon="-70.3228390">
    <ele>166.7</ele>
   </trkpt>
   <trkpt lat="48.3208620" lon="-70.3228470">
    <ele>166.4</ele>
   </trkpt>
   <trkpt lat="48.3208630" lon="-70.3228450">
    <ele>166.3</ele>
   </trkpt>
   <trkpt lat="48.3208660" lon="-70.3228490">
    <ele>166.2</ele>
   </trkpt>
   <trkpt lat="48.3208790" lon="-70.3228610">
    <ele>165.7</ele>
   </trkpt>
   <trkpt lat="48.3208810" lon="-70.3228720">
    <ele>165.4</ele>
   </trkpt>
   <trkpt lat="48.3208860" lon="-70.3228900">
    <ele>165.0</ele>
   </trkpt>
   <trkpt lat="48.3208940" lon="-70.3229050">
    <ele>164.6</ele>
   </trkpt>
   <trkpt lat="48.3208970" lon="-70.3229080">
    <ele>164.5</ele>
   </trkpt>
   <trkpt lat="48.3209080" lon="-70.3229210">
    <ele>164.0</ele>
   </trkpt>
   <trkpt lat="48.3209150" lon="-70.3229160">
    <ele>163.7</ele>
   </trkpt>
   <trkpt lat="48.3209250" lon="-70.3229340">
    <ele>163.2</ele>
   </trkpt>
   <trkpt lat="48.3209440" lon="-70.3229420">
    <ele>162.5</ele>
   </trkpt>
   <trkpt lat="48.3209410" lon="-70.3229430">
    <ele>162.4</ele>
   </trkpt>
   <trkpt lat="48.3209520" lon="-70.3229530">
    <ele>161.9</ele>
   </trkpt>
   <trkpt lat="48.3209680" lon="-70.3229580">
    <ele>161.3</ele>
   </trkpt>
   <trkpt lat="48.3209740" lon="-70.3229610">
    <ele>161.1</ele>
   </trkpt>
   <trkpt lat="48.3209730" lon="-70.3229600">
    <ele>161.0</ele>
   </trkpt>
   <trkpt lat="48.3209730" lon="-70.3229600">
    <ele>161.0</ele>
   </trkpt>
   <trkpt lat="48.3209730" lon="-70.3229600">
    <ele>161.0</ele>
   </trkpt>
   <trkpt lat="48.3209730" lon="-70.3229600">
    <ele>161.0</ele>
   </trkpt>
   <trkpt lat="48.3209730" lon="-70.3229600">
    <ele>161.0</ele>
   </trkpt>
   <trkpt lat="48.3209730" lon="-70.3229600">
    <ele>161.0</ele>
   </trkpt>
   <trkpt lat="48.3209730" lon="-70.3229600">
    <ele>161.0</ele>
   </trkpt>
   <trkpt lat="48.3209730" lon="-70.3229600">
    <ele>161.0</ele>
   </trkpt>
   <trkpt lat="48.3209730" lon="-70.3229600">
    <ele>161.0</ele>
   </trkpt>
   <trkpt lat="48.3209730" lon="-70.3229600">
    <ele>161.0</ele>
   </trkpt>
   <trkpt lat="48.3209730" lon="-70.3229600">
    <ele>161.0</ele>
   </trkpt>
   <trkpt lat="48.3209730" lon="-70.3229600">
    <ele>161.0</ele>
   </trkpt>
   <trkpt lat="48.3209730" lon="-70.3229600">
    <ele>161.0</ele>
   </trkpt>
   <trkpt lat="48.3209730" lon="-70.3229600">
    <ele>161.0</ele>
   </trkpt>
   <trkpt lat="48.3209870" lon="-70.3229960">
    <ele>160.0</ele>
   </trkpt>
   <trkpt lat="48.3209900" lon="-70.3229980">
    <ele>159.9</ele>
   </trkpt>
   <trkpt lat="48.3209920" lon="-70.3229930">
    <ele>159.7</ele>
   </trkpt>
   <trkpt lat="48.3209980" lon="-70.3229970">
    <ele>159.5</ele>
   </trkpt>
   <trkpt lat="48.3209990" lon="-70.3230020">
    <ele>159.4</ele>
   </trkpt>
   <trkpt lat="48.3210040" lon="-70.3230020">
    <ele>159.2</ele>
   </trkpt>
   <trkpt lat="48.3210120" lon="-70.3229990">
    <ele>158.9</ele>
   </trkpt>
   <trkpt lat="48.3210160" lon="-70.3230150">
    <ele>158.5</ele>
   </trkpt>
   <trkpt lat="48.3210170" lon="-70.3230110">
    <ele>158.4</ele>
   </trkpt>
   <trkpt lat="48.3210140" lon="-70.3230080">
    <ele>158.2</ele>
   </trkpt>
   <trkpt lat="48.3210170" lon="-70.3230020">
    <ele>158.0</ele>
   </trkpt>
   <trkpt lat="48.3210220" lon="-70.3230090">
    <ele>157.8</ele>
   </trkpt>
   <trkpt lat="48.3210280" lon="-70.3230100">
    <ele>157.6</ele>
   </trkpt>
   <trkpt lat="48.3210370" lon="-70.3230200">
    <ele>157.2</ele>
   </trkpt>
   <trkpt lat="48.3210360" lon="-70.3230010">
    <ele>156.7</ele>
   </trkpt>
   <trkpt lat="48.3210340" lon="-70.3230040">
    <ele>156.6</ele>
   </trkpt>
   <trkpt lat="48.3210350" lon="-70.3230010">
    <ele>156.5</ele>
   </trkpt>
   <trkpt lat="48.3210360" lon="-70.3229950">
    <ele>156.4</ele>
   </trkpt>
   <trkpt lat="48.3210400" lon="-70.3229980">
    <ele>156.2</ele>
   </trkpt>
   <trkpt lat="48.3210410" lon="-70.3229990">
    <ele>156.2</ele>
   </trkpt>
   <trkpt lat="48.3210510" lon="-70.3230080">
    <ele>155.7</ele>
   </trkpt>
   <trkpt lat="48.3210550" lon="-70.3230130">
    <ele>155.5</ele>
   </trkpt>
   <trkpt lat="48.3210590" lon="-70.3230120">
    <ele>155.4</ele>
   </trkpt>
   <trkpt lat="48.3210650" lon="-70.3230150">
    <ele>155.2</ele>
   </trkpt>
   <trkpt lat="48.3210670" lon="-70.3230220">
    <ele>155.0</ele>
   </trkpt>
   <trkpt lat="48.3210700" lon="-70.3230230">
    <ele>154.9</ele>
   </trkpt>
   <trkpt lat="48.3210700" lon="-70.3230230">
    <ele>154.9</ele>
   </trkpt>
   <trkpt lat="48.3210720" lon="-70.3230290">
    <ele>154.7</ele>
   </trkpt>
   <trkpt lat="48.3210730" lon="-70.3230320">
    <ele>154.6</ele>
   </trkpt>
   <trkpt lat="48.3210740" lon="-70.3230360">
    <ele>154.5</ele>
   </trkpt>
   <trkpt lat="48.3210740" lon="-70.3230360">
    <ele>154.5</ele>
   </trkpt>
   <trkpt lat="48.3210740" lon="-70.3230360">
    <ele>154.5</ele>
   </trkpt>
   <trkpt lat="48.3210780" lon="-70.3230440">
    <ele>154.3</ele>
   </trkpt>
   <trkpt lat="48.3210780" lon="-70.3230430">
    <ele>154.2</ele>
   </trkpt>
   <trkpt lat="48.3210800" lon="-70.3230410">
    <ele>154.2</ele>
   </trkpt>
   <trkpt lat="48.3210810" lon="-70.3230380">
    <ele>154.1</ele>
   </trkpt>
   <trkpt lat="48.3210840" lon="-70.3230420">
    <ele>153.9</ele>
   </trkpt>
   <trkpt lat="48.3210860" lon="-70.3230360">
    <ele>153.8</ele>
   </trkpt>
   <trkpt lat="48.3210900" lon="-70.3230390">
    <ele>153.7</ele>
   </trkpt>
   <trkpt lat="48.3210990" lon="-70.3230370">
    <ele>153.4</ele>
   </trkpt>
   <trkpt lat="48.3210990" lon="-70.3230350">
    <ele>153.3</ele>
   </trkpt>
   <trkpt lat="48.3210970" lon="-70.3230370">
    <ele>153.2</ele>
   </trkpt>
   <trkpt lat="48.3211050" lon="-70.3230360">
    <ele>153.0</ele>
   </trkpt>
   <trkpt lat="48.3211090" lon="-70.3230310">
    <ele>152.8</ele>
   </trkpt>
   <trkpt lat="48.3211140" lon="-70.3230290">
    <ele>152.6</ele>
   </trkpt>
   <trkpt lat="48.3211160" lon="-70.3230260">
    <ele>152.5</ele>
   </trkpt>
   <trkpt lat="48.3211160" lon="-70.3230260">
    <ele>152.5</ele>
   </trkpt>
   <trkpt lat="48.3211170" lon="-70.3230140">
    <ele>152.3</ele>
   </trkpt>
   <trkpt lat="48.3211170" lon="-70.3230140">
    <ele>152.3</ele>
   </trkpt>
   <trkpt lat="48.3211170" lon="-70.3230140">
    <ele>152.3</ele>
   </trkpt>
   <trkpt lat="48.3211170" lon="-70.3230140">
    <ele>152.3</ele>
   </trkpt>
   <trkpt lat="48.3211140" lon="-70.3229990">
    <ele>151.9</ele>
   </trkpt>
   <trkpt lat="48.3211140" lon="-70.3229990">
    <ele>151.9</ele>
   </trkpt>
   <trkpt lat="48.3211150" lon="-70.3229990">
    <ele>151.9</ele>
   </trkpt>
   <trkpt lat="48.3211060" lon="-70.3230000">
    <ele>151.6</ele>
   </trkpt>
   <trkpt lat="48.3211050" lon="-70.3230010">
    <ele>151.6</ele>
   </trkpt>
   <trkpt lat="48.3211200" lon="-70.3230000">
    <ele>151.1</ele>
   </trkpt>
   <trkpt lat="48.3211220" lon="-70.3230020">
    <ele>151.1</ele>
   </trkpt>
   <trkpt lat="48.3211320" lon="-70.3230070">
    <ele>150.8</ele>
   </trkpt>
   <trkpt lat="48.3211410" lon="-70.3230080">
    <ele>150.5</ele>
   </trkpt>
   <trkpt lat="48.3211470" lon="-70.3230110">
    <ele>150.3</ele>
   </trkpt>
   <trkpt lat="48.3211480" lon="-70.3230180">
    <ele>150.2</ele>
   </trkpt>
   <trkpt lat="48.3211520" lon="-70.3230310">
    <ele>149.9</ele>
   </trkpt>
   <trkpt lat="48.3211550" lon="-70.3230320">
    <ele>149.8</ele>
   </trkpt>
   <trkpt lat="48.3211620" lon="-70.3230310">
    <ele>149.6</ele>
   </trkpt>
   <trkpt lat="48.3211620" lon="-70.3230300">
    <ele>149.6</ele>
   </trkpt>
   <trkpt lat="48.3211680" lon="-70.3230410">
    <ele>149.3</ele>
   </trkpt>
   <trkpt lat="48.3211700" lon="-70.3230270">
    <ele>149.1</ele>
   </trkpt>
   <trkpt lat="48.3211760" lon="-70.3230280">
    <ele>148.9</ele>
   </trkpt>
   <trkpt lat="48.3211840" lon="-70.3230340">
    <ele>148.6</ele>
   </trkpt>
   <trkpt lat="48.3211910" lon="-70.3230330">
    <ele>148.4</ele>
   </trkpt>
   <trkpt lat="48.3212040" lon="-70.3230420">
    <ele>148.1</ele>
   </trkpt>
   <trkpt lat="48.3212130" lon="-70.3230530">
    <ele>147.8</ele>
   </trkpt>
   <trkpt lat="48.3212160" lon="-70.3230550">
    <ele>147.7</ele>
   </trkpt>
   <trkpt lat="48.3212180" lon="-70.3230570">
    <ele>147.6</ele>
   </trkpt>
   <trkpt lat="48.3212270" lon="-70.3230600">
    <ele>147.4</ele>
   </trkpt>
   <trkpt lat="48.3212360" lon="-70.3230610">
    <ele>147.2</ele>
   </trkpt>
   <trkpt lat="48.3212450" lon="-70.3230670">
    <ele>146.9</ele>
   </trkpt>
   <trkpt lat="48.3212540" lon="-70.3230700">
    <ele>146.7</ele>
   </trkpt>
   <trkpt lat="48.3212590" lon="-70.3230670">
    <ele>146.6</ele>
   </trkpt>
   <trkpt lat="48.3212630" lon="-70.3230710">
    <ele>146.5</ele>
   </trkpt>
   <trkpt lat="48.3212720" lon="-70.3230760">
    <ele>146.2</ele>
   </trkpt>
   <trkpt lat="48.3212790" lon="-70.3230790">
    <ele>146.0</ele>
   </trkpt>
   <trkpt lat="48.3212840" lon="-70.3230850">
    <ele>145.9</ele>
   </trkpt>
   <trkpt lat="48.3213030" lon="-70.3230880">
    <ele>145.4</ele>
   </trkpt>
   <trkpt lat="48.3213120" lon="-70.3230840">
    <ele>145.2</ele>
   </trkpt>
   <trkpt lat="48.3213130" lon="-70.3230840">
    <ele>145.1</ele>
   </trkpt>
   <trkpt lat="48.3213170" lon="-70.3230840">
    <ele>145.0</ele>
   </trkpt>
   <trkpt lat="48.3213240" lon="-70.3230790">
    <ele>144.8</ele>
   </trkpt>
   <trkpt lat="48.3213340" lon="-70.3230860">
    <ele>144.6</ele>
   </trkpt>
   <trkpt lat="48.3213440" lon="-70.3230890">
    <ele>144.3</ele>
   </trkpt>
   <trkpt lat="48.3213520" lon="-70.3230950">
    <ele>144.1</ele>
   </trkpt>
   <trkpt lat="48.3213560" lon="-70.3230950">
    <ele>144.0</ele>
   </trkpt>
   <trkpt lat="48.3213620" lon="-70.3230930">
    <ele>143.8</ele>
   </trkpt>
   <trkpt lat="48.3213800" lon="-70.3230990">
    <ele>143.4</ele>
   </trkpt>
   <trkpt lat="48.3213830" lon="-70.3230970">
    <ele>143.3</ele>
   </trkpt>
   <trkpt lat="48.3213810" lon="-70.3230840">
    <ele>143.0</ele>
   </trkpt>
   <trkpt lat="48.3213840" lon="-70.3230830">
    <ele>142.9</ele>
   </trkpt>
   <trkpt lat="48.3213930" lon="-70.3230740">
    <ele>142.6</ele>
   </trkpt>
   <trkpt lat="48.3214000" lon="-70.3230600">
    <ele>142.3</ele>
   </trkpt>
   <trkpt lat="48.3214110" lon="-70.3230490">
    <ele>141.9</ele>
   </trkpt>
   <trkpt lat="48.3214120" lon="-70.3230440">
    <ele>141.8</ele>
   </trkpt>
   <trkpt lat="48.3214180" lon="-70.3230420">
    <ele>141.7</ele>
   </trkpt>
   <trkpt lat="48.3214230" lon="-70.3230380">
    <ele>141.5</ele>
   </trkpt>
   <trkpt lat="48.3214380" lon="-70.3230400">
    <ele>141.0</ele>
   </trkpt>
   <trkpt lat="48.3214430" lon="-70.3230310">
    <ele>140.8</ele>
   </trkpt>
   <trkpt lat="48.3214470" lon="-70.3230240">
    <ele>140.6</ele>
   </trkpt>
   <trkpt lat="48.3214600" lon="-70.3230160">
    <ele>140.2</ele>
   </trkpt>
   <trkpt lat="48.3214640" lon="-70.3230110">
    <ele>140.1</ele>
   </trkpt>
   <trkpt lat="48.3214690" lon="-70.3230000">
    <ele>139.8</ele>
   </trkpt>
   <trkpt lat="48.3214810" lon="-70.3229910">
    <ele>139.4</ele>
   </trkpt>
   <trkpt lat="48.3214850" lon="-70.3229870">
    <ele>139.2</ele>
   </trkpt>
   <trkpt lat="48.3214910" lon="-70.3229840">
    <ele>139.0</ele>
   </trkpt>
   <trkpt lat="48.3214980" lon="-70.3229750">
    <ele>138.7</ele>
   </trkpt>
   <trkpt lat="48.3215090" lon="-70.3229670">
    <ele>138.4</ele>
   </trkpt>
   <trkpt lat="48.3215170" lon="-70.3229510">
    <ele>137.9</ele>
   </trkpt>
   <trkpt lat="48.3215250" lon="-70.3229410">
    <ele>137.6</ele>
   </trkpt>
   <trkpt lat="48.3215290" lon="-70.3229410">
    <ele>137.5</ele>
   </trkpt>
   <trkpt lat="48.3215340" lon="-70.3229270">
    <ele>137.1</ele>
   </trkpt>
   <trkpt lat="48.3215390" lon="-70.3229300">
    <ele>137.0</ele>
   </trkpt>
   <trkpt lat="48.3215480" lon="-70.3229240">
    <ele>136.6</ele>
   </trkpt>
   <trkpt lat="48.3215550" lon="-70.3229120">
    <ele>136.3</ele>
   </trkpt>
   <trkpt lat="48.3215620" lon="-70.3229040">
    <ele>136.0</ele>
   </trkpt>
   <trkpt lat="48.3215680" lon="-70.3228960">
    <ele>135.7</ele>
   </trkpt>
   <trkpt lat="48.3215770" lon="-70.3228890">
    <ele>135.4</ele>
   </trkpt>
   <trkpt lat="48.3215820" lon="-70.3228890">
    <ele>135.3</ele>
   </trkpt>
   <trkpt lat="48.3215820" lon="-70.3228840">
    <ele>135.1</ele>
   </trkpt>
   <trkpt lat="48.3215900" lon="-70.3228700">
    <ele>134.7</ele>
   </trkpt>
   <trkpt lat="48.3216110" lon="-70.3228590">
    <ele>134.0</ele>
   </trkpt>
   <trkpt lat="48.3216120" lon="-70.3228420">
    <ele>133.6</ele>
   </trkpt>
   <trkpt lat="48.3216120" lon="-70.3228340">
    <ele>133.5</ele>
   </trkpt>
   <trkpt lat="48.3216170" lon="-70.3228260">
    <ele>133.2</ele>
   </trkpt>
   <trkpt lat="48.3216240" lon="-70.3228300">
    <ele>133.0</ele>
   </trkpt>
   <trkpt lat="48.3216380" lon="-70.3228320">
    <ele>132.5</ele>
   </trkpt>
   <trkpt lat="48.3216490" lon="-70.3228300">
    <ele>132.2</ele>
   </trkpt>
   <trkpt lat="48.3216480" lon="-70.3228230">
    <ele>132.0</ele>
   </trkpt>
   <trkpt lat="48.3216530" lon="-70.3228240">
    <ele>131.9</ele>
   </trkpt>
   <trkpt lat="48.3216590" lon="-70.3228230">
    <ele>131.7</ele>
   </trkpt>
   <trkpt lat="48.3216620" lon="-70.3228140">
    <ele>131.5</ele>
   </trkpt>
   <trkpt lat="48.3216710" lon="-70.3228030">
    <ele>131.1</ele>
   </trkpt>
   <trkpt lat="48.3216800" lon="-70.3227870">
    <ele>130.7</ele>
   </trkpt>
   <trkpt lat="48.3216880" lon="-70.3227810">
    <ele>130.5</ele>
   </trkpt>
   <trkpt lat="48.3216960" lon="-70.3227720">
    <ele>130.2</ele>
   </trkpt>
   <trkpt lat="48.3216990" lon="-70.3227630">
    <ele>130.0</ele>
   </trkpt>
   <trkpt lat="48.3217050" lon="-70.3227560">
    <ele>129.8</ele>
   </trkpt>
   <trkpt lat="48.3217070" lon="-70.3227410">
    <ele>129.5</ele>
   </trkpt>
   <trkpt lat="48.3217150" lon="-70.3227320">
    <ele>129.3</ele>
   </trkpt>
   <trkpt lat="48.3217180" lon="-70.3227150">
    <ele>129.0</ele>
   </trkpt>
   <trkpt lat="48.3217280" lon="-70.3227020">
    <ele>128.6</ele>
   </trkpt>
   <trkpt lat="48.3217320" lon="-70.3226920">
    <ele>128.4</ele>
   </trkpt>
   <trkpt lat="48.3217370" lon="-70.3226750">
    <ele>128.1</ele>
   </trkpt>
   <trkpt lat="48.3217410" lon="-70.3226630">
    <ele>128.0</ele>
   </trkpt>
   <trkpt lat="48.3217420" lon="-70.3226600">
    <ele>127.9</ele>
   </trkpt>
   <trkpt lat="48.3217480" lon="-70.3226530">
    <ele>127.8</ele>
   </trkpt>
   <trkpt lat="48.3217490" lon="-70.3226320">
    <ele>127.5</ele>
   </trkpt>
   <trkpt lat="48.3217510" lon="-70.3226330">
    <ele>127.5</ele>
   </trkpt>
   <trkpt lat="48.3217610" lon="-70.3226180">
    <ele>127.2</ele>
   </trkpt>
   <trkpt lat="48.3217700" lon="-70.3226230">
    <ele>127.0</ele>
   </trkpt>
   <trkpt lat="48.3217810" lon="-70.3226070">
    <ele>126.7</ele>
   </trkpt>
   <trkpt lat="48.3217850" lon="-70.3226080">
    <ele>126.7</ele>
   </trkpt>
   <trkpt lat="48.3217960" lon="-70.3226020">
    <ele>126.5</ele>
   </trkpt>
   <trkpt lat="48.3218010" lon="-70.3225950">
    <ele>126.4</ele>
   </trkpt>
   <trkpt lat="48.3218070" lon="-70.3225880">
    <ele>126.3</ele>
   </trkpt>
   <trkpt lat="48.3218150" lon="-70.3225920">
    <ele>126.2</ele>
   </trkpt>
   <trkpt lat="48.3218240" lon="-70.3225830">
    <ele>126.0</ele>
   </trkpt>
   <trkpt lat="48.3218300" lon="-70.3225680">
    <ele>125.8</ele>
   </trkpt>
   <trkpt lat="48.3218380" lon="-70.3225540">
    <ele>125.7</ele>
   </trkpt>
   <trkpt lat="48.3218460" lon="-70.3225370">
    <ele>125.6</ele>
   </trkpt>
   <trkpt lat="48.3218550" lon="-70.3225270">
    <ele>125.4</ele>
   </trkpt>
   <trkpt lat="48.3218630" lon="-70.3225140">
    <ele>125.3</ele>
   </trkpt>
   <trkpt lat="48.3218670" lon="-70.3224970">
    <ele>125.2</ele>
   </trkpt>
   <trkpt lat="48.3218710" lon="-70.3224890">
    <ele>125.1</ele>
   </trkpt>
   <trkpt lat="48.3218740" lon="-70.3224780">
    <ele>125.1</ele>
   </trkpt>
   <trkpt lat="48.3218830" lon="-70.3224730">
    <ele>125.0</ele>
   </trkpt>
   <trkpt lat="48.3218890" lon="-70.3224600">
    <ele>124.9</ele>
   </trkpt>
   <trkpt lat="48.3218950" lon="-70.3224540">
    <ele>124.8</ele>
   </trkpt>
   <trkpt lat="48.3218990" lon="-70.3224470">
    <ele>124.8</ele>
   </trkpt>
   <trkpt lat="48.3219000" lon="-70.3224390">
    <ele>124.8</ele>
   </trkpt>
   <trkpt lat="48.3219100" lon="-70.3224300">
    <ele>124.7</ele>
   </trkpt>
   <trkpt lat="48.3219170" lon="-70.3224190">
    <ele>124.6</ele>
   </trkpt>
   <trkpt lat="48.3219210" lon="-70.3224080">
    <ele>124.6</ele>
   </trkpt>
   <trkpt lat="48.3219300" lon="-70.3223940">
    <ele>124.5</ele>
   </trkpt>
   <trkpt lat="48.3219280" lon="-70.3223860">
    <ele>124.4</ele>
   </trkpt>
   <trkpt lat="48.3219260" lon="-70.3223750">
    <ele>124.4</ele>
   </trkpt>
   <trkpt lat="48.3219390" lon="-70.3223650">
    <ele>124.3</ele>
   </trkpt>
   <trkpt lat="48.3219430" lon="-70.3223560">
    <ele>124.3</ele>
   </trkpt>
   <trkpt lat="48.3219460" lon="-70.3223500">
    <ele>124.2</ele>
   </trkpt>
   <trkpt lat="48.3219470" lon="-70.3223400">
    <ele>124.2</ele>
   </trkpt>
   <trkpt lat="48.3219440" lon="-70.3223330">
    <ele>124.2</ele>
   </trkpt>
   <trkpt lat="48.3219450" lon="-70.3223200">
    <ele>124.1</ele>
   </trkpt>
   <trkpt lat="48.3219450" lon="-70.3223090">
    <ele>124.1</ele>
   </trkpt>
   <trkpt lat="48.3219490" lon="-70.3223040">
    <ele>124.1</ele>
   </trkpt>
   <trkpt lat="48.3219510" lon="-70.3222970">
    <ele>124.1</ele>
   </trkpt>
   <trkpt lat="48.3219560" lon="-70.3222910">
    <ele>124.0</ele>
   </trkpt>
   <trkpt lat="48.3219580" lon="-70.3222790">
    <ele>124.0</ele>
   </trkpt>
   <trkpt lat="48.3219620" lon="-70.3222720">
    <ele>124.0</ele>
   </trkpt>
   <trkpt lat="48.3219720" lon="-70.3222690">
    <ele>123.9</ele>
   </trkpt>
   <trkpt lat="48.3219720" lon="-70.3222600">
    <ele>123.9</ele>
   </trkpt>
   <trkpt lat="48.3219770" lon="-70.3222530">
    <ele>123.9</ele>
   </trkpt>
   <trkpt lat="48.3219810" lon="-70.3222450">
    <ele>123.9</ele>
   </trkpt>
   <trkpt lat="48.3219820" lon="-70.3222390">
    <ele>123.8</ele>
   </trkpt>
   <trkpt lat="48.3219810" lon="-70.3222310">
    <ele>123.8</ele>
   </trkpt>
   <trkpt lat="48.3219840" lon="-70.3222210">
    <ele>123.8</ele>
   </trkpt>
   <trkpt lat="48.3219880" lon="-70.3222170">
    <ele>123.8</ele>
   </trkpt>
   <trkpt lat="48.3219880" lon="-70.3222050">
    <ele>123.8</ele>
   </trkpt>
   <trkpt lat="48.3219960" lon="-70.3222020">
    <ele>123.8</ele>
   </trkpt>
   <trkpt lat="48.3219920" lon="-70.3221910">
    <ele>123.7</ele>
   </trkpt>
   <trkpt lat="48.3220030" lon="-70.3221890">
    <ele>123.7</ele>
   </trkpt>
   <trkpt lat="48.3220070" lon="-70.3221790">
    <ele>123.7</ele>
   </trkpt>
   <trkpt lat="48.3220050" lon="-70.3221700">
    <ele>123.7</ele>
   </trkpt>
   <trkpt lat="48.3220080" lon="-70.3221590">
    <ele>123.7</ele>
   </trkpt>
   <trkpt lat="48.3220080" lon="-70.3221600">
    <ele>123.7</ele>
   </trkpt>
   <trkpt lat="48.3220160" lon="-70.3221540">
    <ele>123.6</ele>
   </trkpt>
   <trkpt lat="48.3220270" lon="-70.3221500">
    <ele>123.6</ele>
   </trkpt>
   <trkpt lat="48.3220340" lon="-70.3221560">
    <ele>123.6</ele>
   </trkpt>
   <trkpt lat="48.3220280" lon="-70.3221480">
    <ele>123.6</ele>
   </trkpt>
   <trkpt lat="48.3220270" lon="-70.3221330">
    <ele>123.6</ele>
   </trkpt>
   <trkpt lat="48.3220370" lon="-70.3221320">
    <ele>123.6</ele>
   </trkpt>
   <trkpt lat="48.3220320" lon="-70.3221190">
    <ele>123.6</ele>
   </trkpt>
   <trkpt lat="48.3220350" lon="-70.3221140">
    <ele>123.6</ele>
   </trkpt>
   <trkpt lat="48.3220410" lon="-70.3221110">
    <ele>123.6</ele>
   </trkpt>
   <trkpt lat="48.3220460" lon="-70.3221070">
    <ele>123.6</ele>
   </trkpt>
   <trkpt lat="48.3220510" lon="-70.3221000">
    <ele>123.6</ele>
   </trkpt>
   <trkpt lat="48.3220550" lon="-70.3220900">
    <ele>123.6</ele>
   </trkpt>
   <trkpt lat="48.3220590" lon="-70.3220770">
    <ele>123.5</ele>
   </trkpt>
   <trkpt lat="48.3220570" lon="-70.3220630">
    <ele>123.5</ele>
   </trkpt>
   <trkpt lat="48.3220570" lon="-70.3220630">
    <ele>123.5</ele>
   </trkpt>
   <trkpt lat="48.3220530" lon="-70.3220460">
    <ele>123.5</ele>
   </trkpt>
   <trkpt lat="48.3220580" lon="-70.3220380">
    <ele>123.5</ele>
   </trkpt>
   <trkpt lat="48.3220590" lon="-70.3220270">
    <ele>123.5</ele>
   </trkpt>
   <trkpt lat="48.3220680" lon="-70.3220240">
    <ele>123.4</ele>
   </trkpt>
   <trkpt lat="48.3220680" lon="-70.3220240">
    <ele>123.4</ele>
   </trkpt>
   <trkpt lat="48.3220700" lon="-70.3220200">
    <ele>123.4</ele>
   </trkpt>
   <trkpt lat="48.3220740" lon="-70.3220180">
    <ele>123.4</ele>
   </trkpt>
   <trkpt lat="48.3220780" lon="-70.3220200">
    <ele>123.4</ele>
   </trkpt>
   <trkpt lat="48.3220810" lon="-70.3220150">
    <ele>123.4</ele>
   </trkpt>
   <trkpt lat="48.3220790" lon="-70.3220110">
    <ele>123.3</ele>
   </trkpt>
   <trkpt lat="48.3220880" lon="-70.3220160">
    <ele>123.3</ele>
   </trkpt>
   <trkpt lat="48.3220960" lon="-70.3220150">
    <ele>123.3</ele>
   </trkpt>
   <trkpt lat="48.3221000" lon="-70.3220100">
    <ele>123.3</ele>
   </trkpt>
   <trkpt lat="48.3221060" lon="-70.3220070">
    <ele>123.2</ele>
   </trkpt>
   <trkpt lat="48.3221140" lon="-70.3220060">
    <ele>123.2</ele>
   </trkpt>
   <trkpt lat="48.3221200" lon="-70.3220040">
    <ele>123.1</ele>
   </trkpt>
   <trkpt lat="48.3221270" lon="-70.3219990">
    <ele>123.1</ele>
   </trkpt>
   <trkpt lat="48.3221340" lon="-70.3219920">
    <ele>123.0</ele>
   </trkpt>
   <trkpt lat="48.3221430" lon="-70.3219880">
    <ele>122.9</ele>
   </trkpt>
   <trkpt lat="48.3221460" lon="-70.3219790">
    <ele>122.9</ele>
   </trkpt>
   <trkpt lat="48.3221490" lon="-70.3219710">
    <ele>122.8</ele>
   </trkpt>
   <trkpt lat="48.3221550" lon="-70.3219690">
    <ele>122.8</ele>
   </trkpt>
   <trkpt lat="48.3221570" lon="-70.3219640">
    <ele>122.8</ele>
   </trkpt>
   <trkpt lat="48.3221610" lon="-70.3219520">
    <ele>122.7</ele>
   </trkpt>
   <trkpt lat="48.3221640" lon="-70.3219390">
    <ele>122.6</ele>
   </trkpt>
   <trkpt lat="48.3221660" lon="-70.3219260">
    <ele>122.5</ele>
   </trkpt>
   <trkpt lat="48.3221600" lon="-70.3219060">
    <ele>122.3</ele>
   </trkpt>
   <trkpt lat="48.3221590" lon="-70.3218950">
    <ele>122.3</ele>
   </trkpt>
   <trkpt lat="48.3221600" lon="-70.3218820">
    <ele>122.2</ele>
   </trkpt>
   <trkpt lat="48.3221600" lon="-70.3218750">
    <ele>122.1</ele>
   </trkpt>
   <trkpt lat="48.3221670" lon="-70.3218590">
    <ele>121.9</ele>
   </trkpt>
   <trkpt lat="48.3221700" lon="-70.3218460">
    <ele>121.8</ele>
   </trkpt>
   <trkpt lat="48.3221730" lon="-70.3218360">
    <ele>121.7</ele>
   </trkpt>
   <trkpt lat="48.3221690" lon="-70.3218280">
    <ele>121.6</ele>
   </trkpt>
   <trkpt lat="48.3221650" lon="-70.3218170">
    <ele>121.5</ele>
   </trkpt>
   <trkpt lat="48.3221660" lon="-70.3218110">
    <ele>121.5</ele>
   </trkpt>
   <trkpt lat="48.3221660" lon="-70.3217990">
    <ele>121.4</ele>
   </trkpt>
   <trkpt lat="48.3221700" lon="-70.3217770">
    <ele>121.1</ele>
   </trkpt>
   <trkpt lat="48.3221760" lon="-70.3217650">
    <ele>120.9</ele>
   </trkpt>
   <trkpt lat="48.3221780" lon="-70.3217610">
    <ele>120.9</ele>
   </trkpt>
   <trkpt lat="48.3221760" lon="-70.3217470">
    <ele>120.7</ele>
   </trkpt>
   <trkpt lat="48.3221790" lon="-70.3217350">
    <ele>120.6</ele>
   </trkpt>
   <trkpt lat="48.3221820" lon="-70.3217290">
    <ele>120.5</ele>
   </trkpt>
   <trkpt lat="48.3221870" lon="-70.3217220">
    <ele>120.4</ele>
   </trkpt>
   <trkpt lat="48.3221860" lon="-70.3217050">
    <ele>120.2</ele>
   </trkpt>
   <trkpt lat="48.3221880" lon="-70.3216920">
    <ele>120.0</ele>
   </trkpt>
   <trkpt lat="48.3221920" lon="-70.3216890">
    <ele>119.9</ele>
   </trkpt>
   <trkpt lat="48.3221950" lon="-70.3216740">
    <ele>119.6</ele>
   </trkpt>
   <trkpt lat="48.3221960" lon="-70.3216610">
    <ele>119.4</ele>
   </trkpt>
   <trkpt lat="48.3221950" lon="-70.3216470">
    <ele>119.2</ele>
   </trkpt>
   <trkpt lat="48.3221890" lon="-70.3216330">
    <ele>119.0</ele>
   </trkpt>
   <trkpt lat="48.3221860" lon="-70.3216200">
    <ele>118.8</ele>
   </trkpt>
   <trkpt lat="48.3221800" lon="-70.3215900">
    <ele>118.3</ele>
   </trkpt>
   <trkpt lat="48.3221850" lon="-70.3215800">
    <ele>118.1</ele>
   </trkpt>
   <trkpt lat="48.3221890" lon="-70.3215670">
    <ele>117.9</ele>
   </trkpt>
   <trkpt lat="48.3221960" lon="-70.3215550">
    <ele>117.7</ele>
   </trkpt>
   <trkpt lat="48.3221990" lon="-70.3215450">
    <ele>117.5</ele>
   </trkpt>
   <trkpt lat="48.3222030" lon="-70.3215290">
    <ele>117.2</ele>
   </trkpt>
   <trkpt lat="48.3222060" lon="-70.3215150">
    <ele>117.1</ele>
   </trkpt>
   <trkpt lat="48.3222100" lon="-70.3215030">
    <ele>116.9</ele>
   </trkpt>
   <trkpt lat="48.3222170" lon="-70.3214920">
    <ele>116.7</ele>
   </trkpt>
   <trkpt lat="48.3222200" lon="-70.3214810">
    <ele>116.6</ele>
   </trkpt>
   <trkpt lat="48.3222240" lon="-70.3214730">
    <ele>116.4</ele>
   </trkpt>
   <trkpt lat="48.3222320" lon="-70.3214590">
    <ele>116.2</ele>
   </trkpt>
   <trkpt lat="48.3222370" lon="-70.3214440">
    <ele>116.0</ele>
   </trkpt>
   <trkpt lat="48.3222360" lon="-70.3214390">
    <ele>116.0</ele>
   </trkpt>
   <trkpt lat="48.3222340" lon="-70.3214230">
    <ele>115.9</ele>
   </trkpt>
   <trkpt lat="48.3222360" lon="-70.3214090">
    <ele>115.8</ele>
   </trkpt>
   <trkpt lat="48.3222380" lon="-70.3214010">
    <ele>115.7</ele>
   </trkpt>
   <trkpt lat="48.3222440" lon="-70.3213920">
    <ele>115.7</ele>
   </trkpt>
   <trkpt lat="48.3222490" lon="-70.3213850">
    <ele>115.6</ele>
   </trkpt>
   <trkpt lat="48.3222530" lon="-70.3213760">
    <ele>115.5</ele>
   </trkpt>
   <trkpt lat="48.3222570" lon="-70.3213710">
    <ele>115.5</ele>
   </trkpt>
   <trkpt lat="48.3222620" lon="-70.3213660">
    <ele>115.4</ele>
   </trkpt>
   <trkpt lat="48.3222680" lon="-70.3213620">
    <ele>115.4</ele>
   </trkpt>
   <trkpt lat="48.3222750" lon="-70.3213560">
    <ele>115.4</ele>
   </trkpt>
   <trkpt lat="48.3222830" lon="-70.3213500">
    <ele>115.4</ele>
   </trkpt>
   <trkpt lat="48.3222820" lon="-70.3213400">
    <ele>115.4</ele>
   </trkpt>
   <trkpt lat="48.3222890" lon="-70.3213310">
    <ele>115.4</ele>
   </trkpt>
   <trkpt lat="48.3222990" lon="-70.3213200">
    <ele>115.4</ele>
   </trkpt>
   <trkpt lat="48.3223060" lon="-70.3213130">
    <ele>115.4</ele>
   </trkpt>
   <trkpt lat="48.3223150" lon="-70.3213030">
    <ele>115.5</ele>
   </trkpt>
   <trkpt lat="48.3223320" lon="-70.3213040">
    <ele>115.6</ele>
   </trkpt>
   <trkpt lat="48.3223520" lon="-70.3212970">
    <ele>115.7</ele>
   </trkpt>
   <trkpt lat="48.3223640" lon="-70.3212860">
    <ele>115.8</ele>
   </trkpt>
   <trkpt lat="48.3223750" lon="-70.3212790">
    <ele>115.9</ele>
   </trkpt>
   <trkpt lat="48.3223870" lon="-70.3212710">
    <ele>116.0</ele>
   </trkpt>
   <trkpt lat="48.3223990" lon="-70.3212700">
    <ele>116.1</ele>
   </trkpt>
   <trkpt lat="48.3224070" lon="-70.3212670">
    <ele>116.2</ele>
   </trkpt>
   <trkpt lat="48.3224180" lon="-70.3212650">
    <ele>116.3</ele>
   </trkpt>
   <trkpt lat="48.3224200" lon="-70.3212640">
    <ele>116.3</ele>
   </trkpt>
   <trkpt lat="48.3224230" lon="-70.3212630">
    <ele>116.3</ele>
   </trkpt>
   <trkpt lat="48.3224230" lon="-70.3212620">
    <ele>116.3</ele>
   </trkpt>
   <trkpt lat="48.3224290" lon="-70.3212620">
    <ele>116.4</ele>
   </trkpt>
   <trkpt lat="48.3224290" lon="-70.3212620">
    <ele>116.4</ele>
   </trkpt>
   <trkpt lat="48.3224290" lon="-70.3212620">
    <ele>116.4</ele>
   </trkpt>
   <trkpt lat="48.3224380" lon="-70.3212660">
    <ele>116.4</ele>
   </trkpt>
   <trkpt lat="48.3224400" lon="-70.3212660">
    <ele>116.5</ele>
   </trkpt>
   <trkpt lat="48.3224410" lon="-70.3212670">
    <ele>116.5</ele>
   </trkpt>
   <trkpt lat="48.3224450" lon="-70.3212660">
    <ele>116.5</ele>
   </trkpt>
   <trkpt lat="48.3224470" lon="-70.3212660">
    <ele>116.5</ele>
   </trkpt>
   <trkpt lat="48.3224510" lon="-70.3212670">
    <ele>116.6</ele>
   </trkpt>
   <trkpt lat="48.3224530" lon="-70.3212670">
    <ele>116.6</ele>
   </trkpt>
   <trkpt lat="48.3224550" lon="-70.3212640">
    <ele>116.6</ele>
   </trkpt>
   <trkpt lat="48.3224540" lon="-70.3212600">
    <ele>116.6</ele>
   </trkpt>
   <trkpt lat="48.3224590" lon="-70.3212550">
    <ele>116.7</ele>
   </trkpt>
   <trkpt lat="48.3224580" lon="-70.3212500">
    <ele>116.7</ele>
   </trkpt>
   <trkpt lat="48.3224620" lon="-70.3212510">
    <ele>116.7</ele>
   </trkpt>
   <trkpt lat="48.3224680" lon="-70.3212450">
    <ele>116.8</ele>
   </trkpt>
   <trkpt lat="48.3224710" lon="-70.3212500">
    <ele>116.8</ele>
   </trkpt>
   <trkpt lat="48.3224720" lon="-70.3212470">
    <ele>116.9</ele>
   </trkpt>
   <trkpt lat="48.3224730" lon="-70.3212480">
    <ele>116.9</ele>
   </trkpt>
   <trkpt lat="48.3224750" lon="-70.3212470">
    <ele>116.9</ele>
   </trkpt>
   <trkpt lat="48.3224740" lon="-70.3212470">
    <ele>116.9</ele>
   </trkpt>
   <trkpt lat="48.3224780" lon="-70.3212490">
    <ele>116.9</ele>
   </trkpt>
   <trkpt lat="48.3224790" lon="-70.3212540">
    <ele>117.0</ele>
   </trkpt>
   <trkpt lat="48.3224810" lon="-70.3212550">
    <ele>117.0</ele>
   </trkpt>
   <trkpt lat="48.3224820" lon="-70.3212520">
    <ele>117.0</ele>
   </trkpt>
   <trkpt lat="48.3224830" lon="-70.3212510">
    <ele>117.0</ele>
   </trkpt>
   <trkpt lat="48.3224850" lon="-70.3212530">
    <ele>117.0</ele>
   </trkpt>
   <trkpt lat="48.3224850" lon="-70.3212530">
    <ele>117.0</ele>
   </trkpt>
   <trkpt lat="48.3224850" lon="-70.3212510">
    <ele>117.0</ele>
   </trkpt>
   <trkpt lat="48.3224860" lon="-70.3212500">
    <ele>117.0</ele>
   </trkpt>
   <trkpt lat="48.3224860" lon="-70.3212500">
    <ele>117.0</ele>
   </trkpt>
   <trkpt lat="48.3224850" lon="-70.3212470">
    <ele>117.1</ele>
   </trkpt>
   <trkpt lat="48.3224840" lon="-70.3212440">
    <ele>117.1</ele>
   </trkpt>
   <trkpt lat="48.3224850" lon="-70.3212420">
    <ele>117.1</ele>
   </trkpt>
   <trkpt lat="48.3224880" lon="-70.3212440">
    <ele>117.1</ele>
   </trkpt>
   <trkpt lat="48.3224890" lon="-70.3212430">
    <ele>117.1</ele>
   </trkpt>
   <trkpt lat="48.3224940" lon="-70.3212470">
    <ele>117.2</ele>
   </trkpt>
   <trkpt lat="48.3224970" lon="-70.3212490">
    <ele>117.2</ele>
   </trkpt>
   <trkpt lat="48.3225020" lon="-70.3212510">
    <ele>117.2</ele>
   </trkpt>
   <trkpt lat="48.3225060" lon="-70.3212520">
    <ele>117.3</ele>
   </trkpt>
   <trkpt lat="48.3225080" lon="-70.3212570">
    <ele>117.3</ele>
   </trkpt>
   <trkpt lat="48.3225120" lon="-70.3212580">
    <ele>117.3</ele>
   </trkpt>
   <trkpt lat="48.3225140" lon="-70.3212560">
    <ele>117.4</ele>
   </trkpt>
   <trkpt lat="48.3225210" lon="-70.3212540">
    <ele>117.4</ele>
   </trkpt>
   <trkpt lat="48.3225330" lon="-70.3212520">
    <ele>117.5</ele>
   </trkpt>
   <trkpt lat="48.3225320" lon="-70.3212510">
    <ele>117.5</ele>
   </trkpt>
   <trkpt lat="48.3225340" lon="-70.3212500">
    <ele>117.5</ele>
   </trkpt>
   <trkpt lat="48.3225370" lon="-70.3212470">
    <ele>117.5</ele>
   </trkpt>
   <trkpt lat="48.3225460" lon="-70.3212490">
    <ele>117.6</ele>
   </trkpt>
   <trkpt lat="48.3225460" lon="-70.3212440">
    <ele>117.6</ele>
   </trkpt>
   <trkpt lat="48.3225500" lon="-70.3212400">
    <ele>117.7</ele>
   </trkpt>
   <trkpt lat="48.3225550" lon="-70.3212370">
    <ele>117.7</ele>
   </trkpt>
   <trkpt lat="48.3225620" lon="-70.3212240">
    <ele>117.8</ele>
   </trkpt>
   <trkpt lat="48.3225690" lon="-70.3212080">
    <ele>117.9</ele>
   </trkpt>
   <trkpt lat="48.3225710" lon="-70.3212020">
    <ele>117.9</ele>
   </trkpt>
   <trkpt lat="48.3225700" lon="-70.3211950">
    <ele>117.9</ele>
   </trkpt>
   <trkpt lat="48.3225700" lon="-70.3211930">
    <ele>117.9</ele>
   </trkpt>
   <trkpt lat="48.3225720" lon="-70.3211900">
    <ele>117.9</ele>
   </trkpt>
   <trkpt lat="48.3225710" lon="-70.3211770">
    <ele>118.0</ele>
   </trkpt>
   <trkpt lat="48.3225670" lon="-70.3211710">
    <ele>118.0</ele>
   </trkpt>
   <trkpt lat="48.3225700" lon="-70.3211740">
    <ele>118.0</ele>
   </trkpt>
   <trkpt lat="48.3225660" lon="-70.3211700">
    <ele>118.0</ele>
   </trkpt>
   <trkpt lat="48.3225690" lon="-70.3211670">
    <ele>118.1</ele>
   </trkpt>
   <trkpt lat="48.3225700" lon="-70.3211630">
    <ele>118.1</ele>
   </trkpt>
   <trkpt lat="48.3225710" lon="-70.3211620">
    <ele>118.1</ele>
   </trkpt>
   <trkpt lat="48.3225700" lon="-70.3211610">
    <ele>118.1</ele>
   </trkpt>
   <trkpt lat="48.3225690" lon="-70.3211590">
    <ele>118.1</ele>
   </trkpt>
   <trkpt lat="48.3225690" lon="-70.3211560">
    <ele>118.1</ele>
   </trkpt>
   <trkpt lat="48.3225670" lon="-70.3211540">
    <ele>118.1</ele>
   </trkpt>
   <trkpt lat="48.3225680" lon="-70.3211550">
    <ele>118.1</ele>
   </trkpt>
   <trkpt lat="48.3225690" lon="-70.3211520">
    <ele>118.1</ele>
   </trkpt>
   <trkpt lat="48.3225690" lon="-70.3211510">
    <ele>118.1</ele>
   </trkpt>
   <trkpt lat="48.3225690" lon="-70.3211490">
    <ele>118.1</ele>
   </trkpt>
   <trkpt lat="48.3225700" lon="-70.3211470">
    <ele>118.1</ele>
   </trkpt>
   <trkpt lat="48.3225700" lon="-70.3211490">
    <ele>118.2</ele>
   </trkpt>
   <trkpt lat="48.3225710" lon="-70.3211430">
    <ele>118.2</ele>
   </trkpt>
   <trkpt lat="48.3225730" lon="-70.3211420">
    <ele>118.2</ele>
   </trkpt>
   <trkpt lat="48.3225730" lon="-70.3211400">
    <ele>118.2</ele>
   </trkpt>
   <trkpt lat="48.3225690" lon="-70.3211330">
    <ele>118.2</ele>
   </trkpt>
   <trkpt lat="48.3225700" lon="-70.3211320">
    <ele>118.2</ele>
   </trkpt>
   <trkpt lat="48.3225680" lon="-70.3211280">
    <ele>118.2</ele>
   </trkpt>
   <trkpt lat="48.3225680" lon="-70.3211270">
    <ele>118.2</ele>
   </trkpt>
   <trkpt lat="48.3225650" lon="-70.3211180">
    <ele>118.2</ele>
   </trkpt>
   <trkpt lat="48.3225610" lon="-70.3211110">
    <ele>118.3</ele>
   </trkpt>
   <trkpt lat="48.3225610" lon="-70.3211080">
    <ele>118.3</ele>
   </trkpt>
   <trkpt lat="48.3225570" lon="-70.3210970">
    <ele>118.3</ele>
   </trkpt>
   <trkpt lat="48.3225530" lon="-70.3210870">
    <ele>118.3</ele>
   </trkpt>
   <trkpt lat="48.3225560" lon="-70.3210860">
    <ele>118.3</ele>
   </trkpt>
   <trkpt lat="48.3225570" lon="-70.3210760">
    <ele>118.4</ele>
   </trkpt>
   <trkpt lat="48.3225590" lon="-70.3210710">
    <ele>118.4</ele>
   </trkpt>
   <trkpt lat="48.3225580" lon="-70.3210760">
    <ele>118.4</ele>
   </trkpt>
   <trkpt lat="48.3225590" lon="-70.3210750">
    <ele>118.4</ele>
   </trkpt>
   <trkpt lat="48.3225580" lon="-70.3210730">
    <ele>118.4</ele>
   </trkpt>
   <trkpt lat="48.3225570" lon="-70.3210760">
    <ele>118.4</ele>
   </trkpt>
   <trkpt lat="48.3225570" lon="-70.3210770">
    <ele>118.4</ele>
   </trkpt>
   <trkpt lat="48.3225570" lon="-70.3210770">
    <ele>118.4</ele>
   </trkpt>
   <trkpt lat="48.3225540" lon="-70.3210670">
    <ele>118.4</ele>
   </trkpt>
   <trkpt lat="48.3225540" lon="-70.3210670">
    <ele>118.4</ele>
   </trkpt>
   <trkpt lat="48.3225540" lon="-70.3210650">
    <ele>118.4</ele>
   </trkpt>
   <trkpt lat="48.3225570" lon="-70.3210660">
    <ele>118.4</ele>
   </trkpt>
   <trkpt lat="48.3225570" lon="-70.3210680">
    <ele>118.4</ele>
   </trkpt>
   <trkpt lat="48.3225550" lon="-70.3210620">
    <ele>118.4</ele>
   </trkpt>
   <trkpt lat="48.3225540" lon="-70.3210600">
    <ele>118.4</ele>
   </trkpt>
   <trkpt lat="48.3225520" lon="-70.3210620">
    <ele>118.4</ele>
   </trkpt>
   <trkpt lat="48.3225520" lon="-70.3210600">
    <ele>118.4</ele>
   </trkpt>
   <trkpt lat="48.3225500" lon="-70.3210540">
    <ele>118.4</ele>
   </trkpt>
   <trkpt lat="48.3225510" lon="-70.3210580">
    <ele>118.4</ele>
   </trkpt>
   <trkpt lat="48.3225500" lon="-70.3210530">
    <ele>118.4</ele>
   </trkpt>
   <trkpt lat="48.3225530" lon="-70.3210560">
    <ele>118.5</ele>
   </trkpt>
   <trkpt lat="48.3225520" lon="-70.3210570">
    <ele>118.5</ele>
   </trkpt>
   <trkpt lat="48.3225520" lon="-70.3210570">
    <ele>118.5</ele>
   </trkpt>
   <trkpt lat="48.3225510" lon="-70.3210560">
    <ele>118.5</ele>
   </trkpt>
   <trkpt lat="48.3225520" lon="-70.3210530">
    <ele>118.5</ele>
   </trkpt>
   <trkpt lat="48.3225510" lon="-70.3210540">
    <ele>118.5</ele>
   </trkpt>
   <trkpt lat="48.3225520" lon="-70.3210540">
    <ele>118.5</ele>
   </trkpt>
   <trkpt lat="48.3225520" lon="-70.3210540">
    <ele>118.5</ele>
   </trkpt>
   <trkpt lat="48.3225520" lon="-70.3210540">
    <ele>118.5</ele>
   </trkpt>
   <trkpt lat="48.3225500" lon="-70.3210550">
    <ele>118.5</ele>
   </trkpt>
   <trkpt lat="48.3225500" lon="-70.3210550">
    <ele>118.5</ele>
   </trkpt>
   <trkpt lat="48.3225490" lon="-70.3210560">
    <ele>118.5</ele>
   </trkpt>
   <trkpt lat="48.3225490" lon="-70.3210560">
    <ele>118.5</ele>
   </trkpt>
   <trkpt lat="48.3225490" lon="-70.3210560">
    <ele>118.5</ele>
   </trkpt>
   <trkpt lat="48.3225520" lon="-70.3210570">
    <ele>118.5</ele>
   </trkpt>
   <trkpt lat="48.3225540" lon="-70.3210620">
    <ele>118.5</ele>
   </trkpt>
   <trkpt lat="48.3225500" lon="-70.3210610">
    <ele>118.5</ele>
   </trkpt>
   <trkpt lat="48.3225520" lon="-70.3210660">
    <ele>118.5</ele>
   </trkpt>
   <trkpt lat="48.3225520" lon="-70.3210670">
    <ele>118.5</ele>
   </trkpt>
   <trkpt lat="48.3225530" lon="-70.3210670">
    <ele>118.5</ele>
   </trkpt>
   <trkpt lat="48.3225530" lon="-70.3210670">
    <ele>118.5</ele>
   </trkpt>
   <trkpt lat="48.3225550" lon="-70.3210650">
    <ele>118.5</ele>
   </trkpt>
   <trkpt lat="48.3225550" lon="-70.3210660">
    <ele>118.5</ele>
   </trkpt>
   <trkpt lat="48.3225550" lon="-70.3210650">
    <ele>118.5</ele>
   </trkpt>
   <trkpt lat="48.3225550" lon="-70.3210660">
    <ele>118.5</ele>
   </trkpt>
   <trkpt lat="48.3225550" lon="-70.3210660">
    <ele>118.5</ele>
   </trkpt>
   <trkpt lat="48.3225550" lon="-70.3210660">
    <ele>118.5</ele>
   </trkpt>
   <trkpt lat="48.3225530" lon="-70.3210650">
    <ele>118.5</ele>
   </trkpt>
   <trkpt lat="48.3225560" lon="-70.3210640">
    <ele>118.5</ele>
   </trkpt>
   <trkpt lat="48.3225590" lon="-70.3210650">
    <ele>118.5</ele>
   </trkpt>
   <trkpt lat="48.3225600" lon="-70.3210660">
    <ele>118.5</ele>
   </trkpt>
   <trkpt lat="48.3225690" lon="-70.3210780">
    <ele>118.6</ele>
   </trkpt>
   <trkpt lat="48.3225740" lon="-70.3210860">
    <ele>118.6</ele>
   </trkpt>
   <trkpt lat="48.3225780" lon="-70.3210850">
    <ele>118.6</ele>
   </trkpt>
   <trkpt lat="48.3225820" lon="-70.3210790">
    <ele>118.6</ele>
   </trkpt>
   <trkpt lat="48.3225860" lon="-70.3210760">
    <ele>118.6</ele>
   </trkpt>
   <trkpt lat="48.3225870" lon="-70.3210760">
    <ele>118.6</ele>
   </trkpt>
   <trkpt lat="48.3225880" lon="-70.3210790">
    <ele>118.6</ele>
   </trkpt>
   <trkpt lat="48.3225880" lon="-70.3210810">
    <ele>118.6</ele>
   </trkpt>
   <trkpt lat="48.3225880" lon="-70.3210820">
    <ele>118.6</ele>
   </trkpt>
   <trkpt lat="48.3225880" lon="-70.3210820">
    <ele>118.6</ele>
   </trkpt>
   <trkpt lat="48.3225880" lon="-70.3210820">
    <ele>118.6</ele>
   </trkpt>
   <trkpt lat="48.3225880" lon="-70.3210820">
    <ele>118.6</ele>
   </trkpt>
   <trkpt lat="48.3225880" lon="-70.3210820">
    <ele>118.6</ele>
   </trkpt>
   <trkpt lat="48.3225880" lon="-70.3210820">
    <ele>118.6</ele>
   </trkpt>
   <trkpt lat="48.3225880" lon="-70.3210820">
    <ele>118.6</ele>
   </trkpt>
   <trkpt lat="48.3225880" lon="-70.3210820">
    <ele>118.6</ele>
   </trkpt>
   <trkpt lat="48.3225880" lon="-70.3210820">
    <ele>118.6</ele>
   </trkpt>
   <trkpt lat="48.3225880" lon="-70.3210870">
    <ele>118.6</ele>
   </trkpt>
   <trkpt lat="48.3225870" lon="-70.3210880">
    <ele>118.6</ele>
   </trkpt>
   <trkpt lat="48.3225870" lon="-70.3210870">
    <ele>118.6</ele>
   </trkpt>
   <trkpt lat="48.3225880" lon="-70.3210840">
    <ele>118.6</ele>
   </trkpt>
   <trkpt lat="48.3225870" lon="-70.3210850">
    <ele>118.6</ele>
   </trkpt>
   <trkpt lat="48.3225880" lon="-70.3210850">
    <ele>118.6</ele>
   </trkpt>
   <trkpt lat="48.3225880" lon="-70.3210830">
    <ele>118.6</ele>
   </trkpt>
   <trkpt lat="48.3225850" lon="-70.3210840">
    <ele>118.6</ele>
   </trkpt>
   <trkpt lat="48.3225870" lon="-70.3210860">
    <ele>118.6</ele>
   </trkpt>
   <trkpt lat="48.3225930" lon="-70.3210830">
    <ele>118.6</ele>
   </trkpt>
   <trkpt lat="48.3225910" lon="-70.3210810">
    <ele>118.6</ele>
   </trkpt>
   <trkpt lat="48.3225940" lon="-70.3210820">
    <ele>118.6</ele>
   </trkpt>
   <trkpt lat="48.3225940" lon="-70.3210820">
    <ele>118.6</ele>
   </trkpt>
   <trkpt lat="48.3225970" lon="-70.3210810">
    <ele>118.6</ele>
   </trkpt>
   <trkpt lat="48.3225970" lon="-70.3210820">
    <ele>118.6</ele>
   </trkpt>
   <trkpt lat="48.3225970" lon="-70.3210820">
    <ele>118.6</ele>
   </trkpt>
   <trkpt lat="48.3225970" lon="-70.3210820">
    <ele>118.6</ele>
   </trkpt>
   <trkpt lat="48.3226000" lon="-70.3210810">
    <ele>118.6</ele>
   </trkpt>
   <trkpt lat="48.3226000" lon="-70.3210810">
    <ele>118.6</ele>
   </trkpt>
   <trkpt lat="48.3226010" lon="-70.3210800">
    <ele>118.6</ele>
   </trkpt>
   <trkpt lat="48.3226010" lon="-70.3210800">
    <ele>118.6</ele>
   </trkpt>
   <trkpt lat="48.3226010" lon="-70.3210810">
    <ele>118.6</ele>
   </trkpt>
   <trkpt lat="48.3226010" lon="-70.3210810">
    <ele>118.6</ele>
   </trkpt>
   <trkpt lat="48.3226010" lon="-70.3210810">
    <ele>118.6</ele>
   </trkpt>
   <trkpt lat="48.3226030" lon="-70.3210790">
    <ele>118.6</ele>
   </trkpt>
   <trkpt lat="48.3226020" lon="-70.3210810">
    <ele>118.6</ele>
   </trkpt>
   <trkpt lat="48.3226010" lon="-70.3210800">
    <ele>118.6</ele>
   </trkpt>
   <trkpt lat="48.3225970" lon="-70.3210830">
    <ele>118.7</ele>
   </trkpt>
   <trkpt lat="48.3225940" lon="-70.3210820">
    <ele>118.7</ele>
   </trkpt>
   <trkpt lat="48.3225970" lon="-70.3210830">
    <ele>118.7</ele>
   </trkpt>
   <trkpt lat="48.3225990" lon="-70.3210820">
    <ele>118.7</ele>
   </trkpt>
   <trkpt lat="48.3225990" lon="-70.3210820">
    <ele>118.7</ele>
   </trkpt>
   <trkpt lat="48.3225990" lon="-70.3210810">
    <ele>118.7</ele>
   </trkpt>
   <trkpt lat="48.3225980" lon="-70.3210810">
    <ele>118.7</ele>
   </trkpt>
   <trkpt lat="48.3225980" lon="-70.3210810">
    <ele>118.7</ele>
   </trkpt>
   <trkpt lat="48.3225980" lon="-70.3210810">
    <ele>118.7</ele>
   </trkpt>
   <trkpt lat="48.3226000" lon="-70.3210870">
    <ele>118.7</ele>
   </trkpt>
   <trkpt lat="48.3226000" lon="-70.3210890">
    <ele>118.7</ele>
   </trkpt>
   <trkpt lat="48.3225990" lon="-70.3210870">
    <ele>118.7</ele>
   </trkpt>
   <trkpt lat="48.3225980" lon="-70.3210870">
    <ele>118.7</ele>
   </trkpt>
   <trkpt lat="48.3225970" lon="-70.3210870">
    <ele>118.7</ele>
   </trkpt>
   <trkpt lat="48.3225950" lon="-70.3210890">
    <ele>118.7</ele>
   </trkpt>
   <trkpt lat="48.3225930" lon="-70.3210860">
    <ele>118.7</ele>
   </trkpt>
   <trkpt lat="48.3225850" lon="-70.3210830">
    <ele>118.7</ele>
   </trkpt>
   <trkpt lat="48.3225790" lon="-70.3210870">
    <ele>118.7</ele>
   </trkpt>
   <trkpt lat="48.3225700" lon="-70.3210940">
    <ele>118.7</ele>
   </trkpt>
   <trkpt lat="48.3225680" lon="-70.3210970">
    <ele>118.7</ele>
   </trkpt>
   <trkpt lat="48.3225660" lon="-70.3210990">
    <ele>118.7</ele>
   </trkpt>
   <trkpt lat="48.3225630" lon="-70.3211040">
    <ele>118.7</ele>
   </trkpt>
   <trkpt lat="48.3225600" lon="-70.3211060">
    <ele>118.7</ele>
   </trkpt>
   <trkpt lat="48.3225560" lon="-70.3210990">
    <ele>118.7</ele>
   </trkpt>
   <trkpt lat="48.3225580" lon="-70.3210950">
    <ele>118.7</ele>
   </trkpt>
   <trkpt lat="48.3225580" lon="-70.3210920">
    <ele>118.7</ele>
   </trkpt>
   <trkpt lat="48.3225560" lon="-70.3210910">
    <ele>118.7</ele>
   </trkpt>
   <trkpt lat="48.3225560" lon="-70.3210930">
    <ele>118.7</ele>
   </trkpt>
   <trkpt lat="48.3225560" lon="-70.3210930">
    <ele>118.7</ele>
   </trkpt>
   <trkpt lat="48.3225570" lon="-70.3210910">
    <ele>118.7</ele>
   </trkpt>
   <trkpt lat="48.3225550" lon="-70.3210890">
    <ele>118.7</ele>
   </trkpt>
   <trkpt lat="48.3225560" lon="-70.3210890">
    <ele>118.7</ele>
   </trkpt>
   <trkpt lat="48.3225530" lon="-70.3210880">
    <ele>118.7</ele>
   </trkpt>
   <trkpt lat="48.3225540" lon="-70.3210880">
    <ele>118.7</ele>
   </trkpt>
   <trkpt lat="48.3225530" lon="-70.3210880">
    <ele>118.7</ele>
   </trkpt>
   <trkpt lat="48.3225520" lon="-70.3210880">
    <ele>118.7</ele>
   </trkpt>
   <trkpt lat="48.3225510" lon="-70.3210880">
    <ele>118.7</ele>
   </trkpt>
   <trkpt lat="48.3225510" lon="-70.3210880">
    <ele>118.7</ele>
   </trkpt>
   <trkpt lat="48.3225500" lon="-70.3210870">
    <ele>118.7</ele>
   </trkpt>
   <trkpt lat="48.3225500" lon="-70.3210860">
    <ele>118.7</ele>
   </trkpt>
   <trkpt lat="48.3225500" lon="-70.3210860">
    <ele>118.7</ele>
   </trkpt>
   <trkpt lat="48.3225520" lon="-70.3210850">
    <ele>118.7</ele>
   </trkpt>
   <trkpt lat="48.3225520" lon="-70.3210850">
    <ele>118.7</ele>
   </trkpt>
   <trkpt lat="48.3225530" lon="-70.3210850">
    <ele>118.7</ele>
   </trkpt>
   <trkpt lat="48.3225540" lon="-70.3210840">
    <ele>118.7</ele>
   </trkpt>
   <trkpt lat="48.3225540" lon="-70.3210820">
    <ele>118.7</ele>
   </trkpt>
   <trkpt lat="48.3225530" lon="-70.3210850">
    <ele>118.7</ele>
   </trkpt>
   <trkpt lat="48.3225520" lon="-70.3210850">
    <ele>118.7</ele>
   </trkpt>
   <trkpt lat="48.3225520" lon="-70.3210850">
    <ele>118.7</ele>
   </trkpt>
   <trkpt lat="48.3225520" lon="-70.3210850">
    <ele>118.7</ele>
   </trkpt>
   <trkpt lat="48.3225530" lon="-70.3210890">
    <ele>118.7</ele>
   </trkpt>
   <trkpt lat="48.3225540" lon="-70.3210890">
    <ele>118.7</ele>
   </trkpt>
   <trkpt lat="48.3225530" lon="-70.3210900">
    <ele>118.7</ele>
   </trkpt>
   <trkpt lat="48.3225540" lon="-70.3210900">
    <ele>118.7</ele>
   </trkpt>
   <trkpt lat="48.3225530" lon="-70.3210890">
    <ele>118.7</ele>
   </trkpt>
   <trkpt lat="48.3225530" lon="-70.3210880">
    <ele>118.7</ele>
   </trkpt>
   <trkpt lat="48.3225530" lon="-70.3210880">
    <ele>118.7</ele>
   </trkpt>
   <trkpt lat="48.3225530" lon="-70.3210880">
    <ele>118.7</ele>
   </trkpt>
   <trkpt lat="48.3225530" lon="-70.3210880">
    <ele>118.7</ele>
   </trkpt>
   <trkpt lat="48.3225530" lon="-70.3210880">
    <ele>118.7</ele>
   </trkpt>
   <trkpt lat="48.3225530" lon="-70.3210880">
    <ele>118.7</ele>
   </trkpt>
   <trkpt lat="48.3225530" lon="-70.3210880">
    <ele>118.7</ele>
   </trkpt>
   <trkpt lat="48.3225530" lon="-70.3210880">
    <ele>118.7</ele>
   </trkpt>
   <trkpt lat="48.3225530" lon="-70.3210880">
    <ele>118.7</ele>
   </trkpt>
   <trkpt lat="48.3225530" lon="-70.3210880">
    <ele>118.7</ele>
   </trkpt>
   <trkpt lat="48.3225530" lon="-70.3210880">
    <ele>118.7</ele>
   </trkpt>
   <trkpt lat="48.3225530" lon="-70.3210880">
    <ele>118.7</ele>
   </trkpt>
   <trkpt lat="48.3225530" lon="-70.3210880">
    <ele>118.7</ele>
   </trkpt>
   <trkpt lat="48.3225530" lon="-70.3210880">
    <ele>118.7</ele>
   </trkpt>
   <trkpt lat="48.3225530" lon="-70.3210880">
    <ele>118.7</ele>
   </trkpt>
   <trkpt lat="48.3225560" lon="-70.3210950">
    <ele>118.7</ele>
   </trkpt>
   <trkpt lat="48.3225560" lon="-70.3210950">
    <ele>118.7</ele>
   </trkpt>
   <trkpt lat="48.3225560" lon="-70.3210950">
    <ele>118.7</ele>
   </trkpt>
   <trkpt lat="48.3225560" lon="-70.3210950">
    <ele>118.7</ele>
   </trkpt>
   <trkpt lat="48.3225560" lon="-70.3210960">
    <ele>118.7</ele>
   </trkpt>
   <trkpt lat="48.3225550" lon="-70.3210960">
    <ele>118.7</ele>
   </trkpt>
   <trkpt lat="48.3225550" lon="-70.3210960">
    <ele>118.7</ele>
   </trkpt>
   <trkpt lat="48.3225550" lon="-70.3210960">
    <ele>118.7</ele>
   </trkpt>
   <trkpt lat="48.3225550" lon="-70.3210960">
    <ele>118.7</ele>
   </trkpt>
   <trkpt lat="48.3225550" lon="-70.3210960">
    <ele>118.7</ele>
   </trkpt>
   <trkpt lat="48.3225550" lon="-70.3210960">
    <ele>118.7</ele>
   </trkpt>
   <trkpt lat="48.3225550" lon="-70.3210960">
    <ele>118.7</ele>
   </trkpt>
   <trkpt lat="48.3225550" lon="-70.3210960">
    <ele>118.7</ele>
   </trkpt>
   <trkpt lat="48.3225550" lon="-70.3210960">
    <ele>118.7</ele>
   </trkpt>
   <trkpt lat="48.3225540" lon="-70.3210990">
    <ele>118.7</ele>
   </trkpt>
   <trkpt lat="48.3225550" lon="-70.3210970">
    <ele>118.7</ele>
   </trkpt>
   <trkpt lat="48.3225540" lon="-70.3210970">
    <ele>118.7</ele>
   </trkpt>
   <trkpt lat="48.3225540" lon="-70.3210970">
    <ele>118.7</ele>
   </trkpt>
   <trkpt lat="48.3225540" lon="-70.3210960">
    <ele>118.7</ele>
   </trkpt>
   <trkpt lat="48.3225540" lon="-70.3210960">
    <ele>118.7</ele>
   </trkpt>
   <trkpt lat="48.3225540" lon="-70.3210960">
    <ele>118.7</ele>
   </trkpt>
   <trkpt lat="48.3225530" lon="-70.3210970">
    <ele>118.7</ele>
   </trkpt>
   <trkpt lat="48.3225540" lon="-70.3210970">
    <ele>118.7</ele>
   </trkpt>
   <trkpt lat="48.3225540" lon="-70.3210970">
    <ele>118.7</ele>
   </trkpt>
   <trkpt lat="48.3225540" lon="-70.3210970">
    <ele>118.7</ele>
   </trkpt>
   <trkpt lat="48.3225540" lon="-70.3210970">
    <ele>118.7</ele>
   </trkpt>
   <trkpt lat="48.3225520" lon="-70.3210940">
    <ele>118.7</ele>
   </trkpt>
   <trkpt lat="48.3225510" lon="-70.3210940">
    <ele>118.7</ele>
   </trkpt>
   <trkpt lat="48.3225510" lon="-70.3210940">
    <ele>118.7</ele>
   </trkpt>
   <trkpt lat="48.3225510" lon="-70.3210940">
    <ele>118.7</ele>
   </trkpt>
   <trkpt lat="48.3225510" lon="-70.3210940">
    <ele>118.7</ele>
   </trkpt>
   <trkpt lat="48.3225510" lon="-70.3210940">
    <ele>118.7</ele>
   </trkpt>
   <trkpt lat="48.3225510" lon="-70.3210940">
    <ele>118.7</ele>
   </trkpt>
   <trkpt lat="48.3225510" lon="-70.3210940">
    <ele>118.7</ele>
   </trkpt>
   <trkpt lat="48.3225510" lon="-70.3210940">
    <ele>118.7</ele>
   </trkpt>
   <trkpt lat="48.3225510" lon="-70.3210940">
    <ele>118.7</ele>
   </trkpt>
   <trkpt lat="48.3225500" lon="-70.3210910">
    <ele>118.7</ele>
   </trkpt>
   <trkpt lat="48.3225500" lon="-70.3210910">
    <ele>118.7</ele>
   </trkpt>
   <trkpt lat="48.3225500" lon="-70.3210910">
    <ele>118.7</ele>
   </trkpt>
   <trkpt lat="48.3225500" lon="-70.3210910">
    <ele>118.7</ele>
   </trkpt>
   <trkpt lat="48.3225500" lon="-70.3210910">
    <ele>118.7</ele>
   </trkpt>
   <trkpt lat="48.3225500" lon="-70.3210910">
    <ele>118.7</ele>
   </trkpt>
   <trkpt lat="48.3225500" lon="-70.3210910">
    <ele>118.7</ele>
   </trkpt>
   <trkpt lat="48.3225500" lon="-70.3210910">
    <ele>118.7</ele>
   </trkpt>
   <trkpt lat="48.3225500" lon="-70.3210860">
    <ele>118.7</ele>
   </trkpt>
   <trkpt lat="48.3225500" lon="-70.3210850">
    <ele>118.7</ele>
   </trkpt>
   <trkpt lat="48.3225500" lon="-70.3210840">
    <ele>118.7</ele>
   </trkpt>
   <trkpt lat="48.3225500" lon="-70.3210830">
    <ele>118.7</ele>
   </trkpt>
   <trkpt lat="48.3225500" lon="-70.3210830">
    <ele>118.7</ele>
   </trkpt>
   <trkpt lat="48.3225500" lon="-70.3210830">
    <ele>118.7</ele>
   </trkpt>
   <trkpt lat="48.3225500" lon="-70.3210830">
    <ele>118.7</ele>
   </trkpt>
   <trkpt lat="48.3225500" lon="-70.3210830">
    <ele>118.7</ele>
   </trkpt>
   <trkpt lat="48.3225490" lon="-70.3210810">
    <ele>118.7</ele>
   </trkpt>
   <trkpt lat="48.3225500" lon="-70.3210810">
    <ele>118.7</ele>
   </trkpt>
   <trkpt lat="48.3225500" lon="-70.3210810">
    <ele>118.7</ele>
   </trkpt>
   <trkpt lat="48.3225490" lon="-70.3210800">
    <ele>118.7</ele>
   </trkpt>
   <trkpt lat="48.3225490" lon="-70.3210800">
    <ele>118.7</ele>
   </trkpt>
   <trkpt lat="48.3225490" lon="-70.3210790">
    <ele>118.7</ele>
   </trkpt>
   <trkpt lat="48.3225500" lon="-70.3210790">
    <ele>118.7</ele>
   </trkpt>
   <trkpt lat="48.3225500" lon="-70.3210790">
    <ele>118.7</ele>
   </trkpt>
   <trkpt lat="48.3225500" lon="-70.3210790">
    <ele>118.7</ele>
   </trkpt>
   <trkpt lat="48.3225500" lon="-70.3210790">
    <ele>118.7</ele>
   </trkpt>
   <trkpt lat="48.3225500" lon="-70.3210790">
    <ele>118.7</ele>
   </trkpt>
   <trkpt lat="48.3225500" lon="-70.3210790">
    <ele>118.7</ele>
   </trkpt>
   <trkpt lat="48.3225500" lon="-70.3210790">
    <ele>118.7</ele>
   </trkpt>
   <trkpt lat="48.3225500" lon="-70.3210790">
    <ele>118.7</ele>
   </trkpt>
   <trkpt lat="48.3225500" lon="-70.3210790">
    <ele>118.7</ele>
   </trkpt>
   <trkpt lat="48.3225500" lon="-70.3210790">
    <ele>118.7</ele>
   </trkpt>
   <trkpt lat="48.3225500" lon="-70.3210790">
    <ele>118.7</ele>
   </trkpt>
   <trkpt lat="48.3225500" lon="-70.3210790">
    <ele>118.7</ele>
   </trkpt>
   <trkpt lat="48.3225500" lon="-70.3210790">
    <ele>118.7</ele>
   </trkpt>
   <trkpt lat="48.3225510" lon="-70.3210800">
    <ele>118.7</ele>
   </trkpt>
   <trkpt lat="48.3225470" lon="-70.3210790">
    <ele>118.7</ele>
   </trkpt>
   <trkpt lat="48.3225490" lon="-70.3210810">
    <ele>118.7</ele>
   </trkpt>
   <trkpt lat="48.3225520" lon="-70.3210830">
    <ele>118.7</ele>
   </trkpt>
   <trkpt lat="48.3225550" lon="-70.3210850">
    <ele>118.7</ele>
   </trkpt>
   <trkpt lat="48.3225520" lon="-70.3210840">
    <ele>118.7</ele>
   </trkpt>
   <trkpt lat="48.3225520" lon="-70.3210830">
    <ele>118.7</ele>
   </trkpt>
   <trkpt lat="48.3225530" lon="-70.3210810">
    <ele>118.7</ele>
   </trkpt>
   <trkpt lat="48.3225530" lon="-70.3210800">
    <ele>118.7</ele>
   </trkpt>
   <trkpt lat="48.3225540" lon="-70.3210800">
    <ele>118.7</ele>
   </trkpt>
   <trkpt lat="48.3225550" lon="-70.3210800">
    <ele>118.7</ele>
   </trkpt>
   <trkpt lat="48.3225560" lon="-70.3210800">
    <ele>118.7</ele>
   </trkpt>
   <trkpt lat="48.3225540" lon="-70.3210800">
    <ele>118.7</ele>
   </trkpt>
   <trkpt lat="48.3225530" lon="-70.3210800">
    <ele>118.7</ele>
   </trkpt>
   <trkpt lat="48.3225530" lon="-70.3210800">
    <ele>118.7</ele>
   </trkpt>
   <trkpt lat="48.3225530" lon="-70.3210810">
    <ele>118.7</ele>
   </trkpt>
   <trkpt lat="48.3225540" lon="-70.3210810">
    <ele>118.7</ele>
   </trkpt>
   <trkpt lat="48.3225530" lon="-70.3210820">
    <ele>118.6</ele>
   </trkpt>
   <trkpt lat="48.3225530" lon="-70.3210820">
    <ele>118.6</ele>
   </trkpt>
   <trkpt lat="48.3225540" lon="-70.3210850">
    <ele>118.6</ele>
   </trkpt>
   <trkpt lat="48.3225550" lon="-70.3210850">
    <ele>118.6</ele>
   </trkpt>
   <trkpt lat="48.3225550" lon="-70.3210860">
    <ele>118.6</ele>
   </trkpt>
   <trkpt lat="48.3225560" lon="-70.3210850">
    <ele>118.6</ele>
   </trkpt>
   <trkpt lat="48.3225560" lon="-70.3210870">
    <ele>118.6</ele>
   </trkpt>
   <trkpt lat="48.3225560" lon="-70.3210880">
    <ele>118.6</ele>
   </trkpt>
   <trkpt lat="48.3225560" lon="-70.3210880">
    <ele>118.6</ele>
   </trkpt>
   <trkpt lat="48.3225560" lon="-70.3210880">
    <ele>118.6</ele>
   </trkpt>
   <trkpt lat="48.3225560" lon="-70.3210890">
    <ele>118.6</ele>
   </trkpt>
   <trkpt lat="48.3225570" lon="-70.3210880">
    <ele>118.6</ele>
   </trkpt>
   <trkpt lat="48.3225550" lon="-70.3210880">
    <ele>118.6</ele>
   </trkpt>
   <trkpt lat="48.3225560" lon="-70.3210880">
    <ele>118.6</ele>
   </trkpt>
   <trkpt lat="48.3225560" lon="-70.3210890">
    <ele>118.6</ele>
   </trkpt>
   <trkpt lat="48.3225550" lon="-70.3210940">
    <ele>118.6</ele>
   </trkpt>
   <trkpt lat="48.3225520" lon="-70.3210940">
    <ele>118.6</ele>
   </trkpt>
   <trkpt lat="48.3225560" lon="-70.3210940">
    <ele>118.6</ele>
   </trkpt>
   <trkpt lat="48.3225550" lon="-70.3210940">
    <ele>118.6</ele>
   </trkpt>
   <trkpt lat="48.3225530" lon="-70.3210940">
    <ele>118.6</ele>
   </trkpt>
   <trkpt lat="48.3225510" lon="-70.3210950">
    <ele>118.6</ele>
   </trkpt>
   <trkpt lat="48.3225520" lon="-70.3210960">
    <ele>118.6</ele>
   </trkpt>
   <trkpt lat="48.3225520" lon="-70.3210950">
    <ele>118.6</ele>
   </trkpt>
   <trkpt lat="48.3225520" lon="-70.3210950">
    <ele>118.6</ele>
   </trkpt>
   <trkpt lat="48.3225530" lon="-70.3210950">
    <ele>118.6</ele>
   </trkpt>
   <trkpt lat="48.3225530" lon="-70.3210940">
    <ele>118.6</ele>
   </trkpt>
   <trkpt lat="48.3225530" lon="-70.3210940">
    <ele>118.6</ele>
   </trkpt>
   <trkpt lat="48.3225530" lon="-70.3210940">
    <ele>118.6</ele>
   </trkpt>
   <trkpt lat="48.3225530" lon="-70.3210940">
    <ele>118.6</ele>
   </trkpt>
   <trkpt lat="48.3225540" lon="-70.3210950">
    <ele>118.6</ele>
   </trkpt>
   <trkpt lat="48.3225550" lon="-70.3210950">
    <ele>118.6</ele>
   </trkpt>
   <trkpt lat="48.3225550" lon="-70.3210950">
    <ele>118.6</ele>
   </trkpt>
   <trkpt lat="48.3225550" lon="-70.3210950">
    <ele>118.6</ele>
   </trkpt>
   <trkpt lat="48.3225550" lon="-70.3210950">
    <ele>118.6</ele>
   </trkpt>
   <trkpt lat="48.3225550" lon="-70.3210950">
    <ele>118.6</ele>
   </trkpt>
   <trkpt lat="48.3225560" lon="-70.3210960">
    <ele>118.6</ele>
   </trkpt>
   <trkpt lat="48.3225550" lon="-70.3210950">
    <ele>118.6</ele>
   </trkpt>
   <trkpt lat="48.3225550" lon="-70.3210950">
    <ele>118.6</ele>
   </trkpt>
   <trkpt lat="48.3225550" lon="-70.3210950">
    <ele>118.6</ele>
   </trkpt>
   <trkpt lat="48.3225550" lon="-70.3210950">
    <ele>118.6</ele>
   </trkpt>
   <trkpt lat="48.3225550" lon="-70.3210950">
    <ele>118.6</ele>
   </trkpt>
   <trkpt lat="48.3225550" lon="-70.3210950">
    <ele>118.6</ele>
   </trkpt>
   <trkpt lat="48.3225550" lon="-70.3210950">
    <ele>118.6</ele>
   </trkpt>
   <trkpt lat="48.3225550" lon="-70.3210950">
    <ele>118.6</ele>
   </trkpt>
   <trkpt lat="48.3225550" lon="-70.3210950">
    <ele>118.6</ele>
   </trkpt>
   <trkpt lat="48.3225550" lon="-70.3210950">
    <ele>118.6</ele>
   </trkpt>
   <trkpt lat="48.3225550" lon="-70.3210950">
    <ele>118.6</ele>
   </trkpt>
   <trkpt lat="48.3225550" lon="-70.3210950">
    <ele>118.6</ele>
   </trkpt>
   <trkpt lat="48.3225550" lon="-70.3210950">
    <ele>118.6</ele>
   </trkpt>
   <trkpt lat="48.3225550" lon="-70.3210950">
    <ele>118.6</ele>
   </trkpt>
   <trkpt lat="48.3225550" lon="-70.3210950">
    <ele>118.6</ele>
   </trkpt>
   <trkpt lat="48.3225550" lon="-70.3210950">
    <ele>118.6</ele>
   </trkpt>
   <trkpt lat="48.3225550" lon="-70.3210950">
    <ele>118.6</ele>
   </trkpt>
   <trkpt lat="48.3225550" lon="-70.3210950">
    <ele>118.6</ele>
   </trkpt>
   <trkpt lat="48.3225550" lon="-70.3210950">
    <ele>118.6</ele>
   </trkpt>
   <trkpt lat="48.3225550" lon="-70.3210950">
    <ele>118.6</ele>
   </trkpt>
   <trkpt lat="48.3225550" lon="-70.3210950">
    <ele>118.6</ele>
   </trkpt>
   <trkpt lat="48.3225550" lon="-70.3210950">
    <ele>118.6</ele>
   </trkpt>
   <trkpt lat="48.3225550" lon="-70.3210950">
    <ele>118.6</ele>
   </trkpt>
   <trkpt lat="48.3225550" lon="-70.3210950">
    <ele>118.6</ele>
   </trkpt>
   <trkpt lat="48.3225550" lon="-70.3210950">
    <ele>118.6</ele>
   </trkpt>
   <trkpt lat="48.3225550" lon="-70.3210950">
    <ele>118.6</ele>
   </trkpt>
   <trkpt lat="48.3225550" lon="-70.3210950">
    <ele>118.6</ele>
   </trkpt>
   <trkpt lat="48.3225550" lon="-70.3210950">
    <ele>118.6</ele>
   </trkpt>
   <trkpt lat="48.3225550" lon="-70.3210950">
    <ele>118.6</ele>
   </trkpt>
   <trkpt lat="48.3225550" lon="-70.3210950">
    <ele>118.6</ele>
   </trkpt>
   <trkpt lat="48.3225550" lon="-70.3210950">
    <ele>118.6</ele>
   </trkpt>
   <trkpt lat="48.3225550" lon="-70.3210950">
    <ele>118.6</ele>
   </trkpt>
   <trkpt lat="48.3225570" lon="-70.3210970">
    <ele>118.6</ele>
   </trkpt>
   <trkpt lat="48.3225570" lon="-70.3210980">
    <ele>118.6</ele>
   </trkpt>
   <trkpt lat="48.3225560" lon="-70.3210980">
    <ele>118.6</ele>
   </trkpt>
   <trkpt lat="48.3225560" lon="-70.3210980">
    <ele>118.6</ele>
   </trkpt>
   <trkpt lat="48.3225560" lon="-70.3210980">
    <ele>118.6</ele>
   </trkpt>
   <trkpt lat="48.3225560" lon="-70.3210980">
    <ele>118.6</ele>
   </trkpt>
   <trkpt lat="48.3225560" lon="-70.3210980">
    <ele>118.6</ele>
   </trkpt>
   <trkpt lat="48.3225560" lon="-70.3210980">
    <ele>118.6</ele>
   </trkpt>
   <trkpt lat="48.3225560" lon="-70.3210980">
    <ele>118.6</ele>
   </trkpt>
   <trkpt lat="48.3225560" lon="-70.3210980">
    <ele>118.6</ele>
   </trkpt>
   <trkpt lat="48.3225560" lon="-70.3210980">
    <ele>118.6</ele>
   </trkpt>
   <trkpt lat="48.3225560" lon="-70.3210980">
    <ele>118.6</ele>
   </trkpt>
   <trkpt lat="48.3225560" lon="-70.3210980">
    <ele>118.6</ele>
   </trkpt>
   <trkpt lat="48.3225560" lon="-70.3210980">
    <ele>118.6</ele>
   </trkpt>
   <trkpt lat="48.3225560" lon="-70.3210980">
    <ele>118.6</ele>
   </trkpt>
   <trkpt lat="48.3225560" lon="-70.3210980">
    <ele>118.6</ele>
   </trkpt>
   <trkpt lat="48.3225560" lon="-70.3210980">
    <ele>118.6</ele>
   </trkpt>
   <trkpt lat="48.3225560" lon="-70.3210980">
    <ele>118.6</ele>
   </trkpt>
   <trkpt lat="48.3225560" lon="-70.3210980">
    <ele>118.6</ele>
   </trkpt>
   <trkpt lat="48.3225560" lon="-70.3210980">
    <ele>118.6</ele>
   </trkpt>
   <trkpt lat="48.3225560" lon="-70.3210980">
    <ele>118.6</ele>
   </trkpt>
   <trkpt lat="48.3225560" lon="-70.3210980">
    <ele>118.6</ele>
   </trkpt>
   <trkpt lat="48.3225560" lon="-70.3210980">
    <ele>118.6</ele>
   </trkpt>
   <trkpt lat="48.3225560" lon="-70.3210980">
    <ele>118.6</ele>
   </trkpt>
   <trkpt lat="48.3225560" lon="-70.3210980">
    <ele>118.6</ele>
   </trkpt>
   <trkpt lat="48.3225560" lon="-70.3210980">
    <ele>118.6</ele>
   </trkpt>
   <trkpt lat="48.3225560" lon="-70.3210980">
    <ele>118.6</ele>
   </trkpt>
   <trkpt lat="48.3225560" lon="-70.3210980">
    <ele>118.6</ele>
   </trkpt>
   <trkpt lat="48.3225560" lon="-70.3210980">
    <ele>118.6</ele>
   </trkpt>
   <trkpt lat="48.3225560" lon="-70.3210980">
    <ele>118.6</ele>
   </trkpt>
   <trkpt lat="48.3225560" lon="-70.3210980">
    <ele>118.6</ele>
   </trkpt>
   <trkpt lat="48.3225560" lon="-70.3210980">
    <ele>118.6</ele>
   </trkpt>
   <trkpt lat="48.3225560" lon="-70.3210980">
    <ele>118.6</ele>
   </trkpt>
   <trkpt lat="48.3225560" lon="-70.3210980">
    <ele>118.6</ele>
   </trkpt>
   <trkpt lat="48.3225560" lon="-70.3210980">
    <ele>118.6</ele>
   </trkpt>
   <trkpt lat="48.3225560" lon="-70.3210980">
    <ele>118.6</ele>
   </trkpt>
   <trkpt lat="48.3225560" lon="-70.3210980">
    <ele>118.6</ele>
   </trkpt>
   <trkpt lat="48.3225560" lon="-70.3210980">
    <ele>118.6</ele>
   </trkpt>
   <trkpt lat="48.3225560" lon="-70.3210980">
    <ele>118.6</ele>
   </trkpt>
   <trkpt lat="48.3225560" lon="-70.3210980">
    <ele>118.6</ele>
   </trkpt>
   <trkpt lat="48.3225560" lon="-70.3210980">
    <ele>118.6</ele>
   </trkpt>
   <trkpt lat="48.3225560" lon="-70.3210980">
    <ele>118.6</ele>
   </trkpt>
   <trkpt lat="48.3225560" lon="-70.3210980">
    <ele>118.6</ele>
   </trkpt>
   <trkpt lat="48.3225560" lon="-70.3210980">
    <ele>118.6</ele>
   </trkpt>
   <trkpt lat="48.3225560" lon="-70.3210980">
    <ele>118.6</ele>
   </trkpt>
   <trkpt lat="48.3225540" lon="-70.3211070">
    <ele>118.6</ele>
   </trkpt>
   <trkpt lat="48.3225540" lon="-70.3211060">
    <ele>118.6</ele>
   </trkpt>
   <trkpt lat="48.3225540" lon="-70.3211060">
    <ele>118.6</ele>
   </trkpt>
   <trkpt lat="48.3225550" lon="-70.3211060">
    <ele>118.6</ele>
   </trkpt>
   <trkpt lat="48.3225540" lon="-70.3211060">
    <ele>118.6</ele>
   </trkpt>
   <trkpt lat="48.3225540" lon="-70.3211060">
    <ele>118.6</ele>
   </trkpt>
   <trkpt lat="48.3225530" lon="-70.3211070">
    <ele>118.6</ele>
   </trkpt>
   <trkpt lat="48.3225530" lon="-70.3211070">
    <ele>118.6</ele>
   </trkpt>
   <trkpt lat="48.3225530" lon="-70.3211070">
    <ele>118.6</ele>
   </trkpt>
   <trkpt lat="48.3225530" lon="-70.3211070">
    <ele>118.6</ele>
   </trkpt>
   <trkpt lat="48.3225540" lon="-70.3211060">
    <ele>118.6</ele>
   </trkpt>
   <trkpt lat="48.3225550" lon="-70.3211060">
    <ele>118.6</ele>
   </trkpt>
   <trkpt lat="48.3225570" lon="-70.3211040">
    <ele>118.6</ele>
   </trkpt>
   <trkpt lat="48.3225550" lon="-70.3211040">
    <ele>118.6</ele>
   </trkpt>
   <trkpt lat="48.3225550" lon="-70.3211050">
    <ele>118.6</ele>
   </trkpt>
   <trkpt lat="48.3225550" lon="-70.3211040">
    <ele>118.6</ele>
   </trkpt>
   <trkpt lat="48.3225550" lon="-70.3211040">
    <ele>118.6</ele>
   </trkpt>
   <trkpt lat="48.3225540" lon="-70.3211040">
    <ele>118.6</ele>
   </trkpt>
   <trkpt lat="48.3225530" lon="-70.3211040">
    <ele>118.6</ele>
   </trkpt>
   <trkpt lat="48.3225530" lon="-70.3211040">
    <ele>118.6</ele>
   </trkpt>
   <trkpt lat="48.3225530" lon="-70.3211040">
    <ele>118.6</ele>
   </trkpt>
   <trkpt lat="48.3225530" lon="-70.3211040">
    <ele>118.6</ele>
   </trkpt>
   <trkpt lat="48.3225530" lon="-70.3211040">
    <ele>118.6</ele>
   </trkpt>
   <trkpt lat="48.3225530" lon="-70.3211060">
    <ele>118.6</ele>
   </trkpt>
   <trkpt lat="48.3225530" lon="-70.3211060">
    <ele>118.6</ele>
   </trkpt>
   <trkpt lat="48.3225530" lon="-70.3211060">
    <ele>118.6</ele>
   </trkpt>
   <trkpt lat="48.3225530" lon="-70.3211060">
    <ele>118.6</ele>
   </trkpt>
   <trkpt lat="48.3225510" lon="-70.3211060">
    <ele>118.6</ele>
   </trkpt>
   <trkpt lat="48.3225530" lon="-70.3211030">
    <ele>118.6</ele>
   </trkpt>
   <trkpt lat="48.3225530" lon="-70.3211030">
    <ele>118.6</ele>
   </trkpt>
   <trkpt lat="48.3225510" lon="-70.3211010">
    <ele>118.6</ele>
   </trkpt>
   <trkpt lat="48.3225530" lon="-70.3211000">
    <ele>118.6</ele>
   </trkpt>
   <trkpt lat="48.3225520" lon="-70.3210990">
    <ele>118.6</ele>
   </trkpt>
   <trkpt lat="48.3225520" lon="-70.3210990">
    <ele>118.6</ele>
   </trkpt>
   <trkpt lat="48.3225520" lon="-70.3210970">
    <ele>118.6</ele>
   </trkpt>
   <trkpt lat="48.3225520" lon="-70.3210970">
    <ele>118.6</ele>
   </trkpt>
   <trkpt lat="48.3225490" lon="-70.3210940">
    <ele>118.6</ele>
   </trkpt>
   <trkpt lat="48.3225500" lon="-70.3210940">
    <ele>118.6</ele>
   </trkpt>
   <trkpt lat="48.3225500" lon="-70.3210930">
    <ele>118.6</ele>
   </trkpt>
   <trkpt lat="48.3225510" lon="-70.3210950">
    <ele>118.6</ele>
   </trkpt>
   <trkpt lat="48.3225470" lon="-70.3211000">
    <ele>118.6</ele>
   </trkpt>
   <trkpt lat="48.3225500" lon="-70.3210970">
    <ele>118.6</ele>
   </trkpt>
   <trkpt lat="48.3225480" lon="-70.3210980">
    <ele>118.6</ele>
   </trkpt>
   <trkpt lat="48.3225480" lon="-70.3210990">
    <ele>118.6</ele>
   </trkpt>
   <trkpt lat="48.3225470" lon="-70.3210980">
    <ele>118.6</ele>
   </trkpt>
   <trkpt lat="48.3225480" lon="-70.3210970">
    <ele>118.6</ele>
   </trkpt>
   <trkpt lat="48.3225480" lon="-70.3210980">
    <ele>118.6</ele>
   </trkpt>
   <trkpt lat="48.3225480" lon="-70.3210980">
    <ele>118.6</ele>
   </trkpt>
   <trkpt lat="48.3225480" lon="-70.3210990">
    <ele>118.6</ele>
   </trkpt>
   <trkpt lat="48.3225480" lon="-70.3210990">
    <ele>118.6</ele>
   </trkpt>
   <trkpt lat="48.3225480" lon="-70.3210980">
    <ele>118.6</ele>
   </trkpt>
   <trkpt lat="48.3225490" lon="-70.3210980">
    <ele>118.6</ele>
   </trkpt>
   <trkpt lat="48.3225500" lon="-70.3210970">
    <ele>118.6</ele>
   </trkpt>
   <trkpt lat="48.3225480" lon="-70.3210990">
    <ele>118.6</ele>
   </trkpt>
   <trkpt lat="48.3225480" lon="-70.3210990">
    <ele>118.6</ele>
   </trkpt>
   <trkpt lat="48.3225470" lon="-70.3210990">
    <ele>118.6</ele>
   </trkpt>
   <trkpt lat="48.3225470" lon="-70.3211000">
    <ele>118.6</ele>
   </trkpt>
   <trkpt lat="48.3225460" lon="-70.3211000">
    <ele>118.6</ele>
   </trkpt>
   <trkpt lat="48.3225460" lon="-70.3211000">
    <ele>118.6</ele>
   </trkpt>
   <trkpt lat="48.3225460" lon="-70.3211000">
    <ele>118.6</ele>
   </trkpt>
   <trkpt lat="48.3225460" lon="-70.3211000">
    <ele>118.6</ele>
   </trkpt>
   <trkpt lat="48.3225460" lon="-70.3211000">
    <ele>118.6</ele>
   </trkpt>
   <trkpt lat="48.3225460" lon="-70.3211000">
    <ele>118.6</ele>
   </trkpt>
   <trkpt lat="48.3225460" lon="-70.3211000">
    <ele>118.6</ele>
   </trkpt>
   <trkpt lat="48.3225460" lon="-70.3211000">
    <ele>118.6</ele>
   </trkpt>
   <trkpt lat="48.3225460" lon="-70.3211000">
    <ele>118.6</ele>
   </trkpt>
   <trkpt lat="48.3225460" lon="-70.3211000">
    <ele>118.6</ele>
   </trkpt>
   <trkpt lat="48.3225460" lon="-70.3211030">
    <ele>118.6</ele>
   </trkpt>
   <trkpt lat="48.3225460" lon="-70.3211030">
    <ele>118.6</ele>
   </trkpt>
   <trkpt lat="48.3225460" lon="-70.3211030">
    <ele>118.6</ele>
   </trkpt>
   <trkpt lat="48.3225460" lon="-70.3211030">
    <ele>118.6</ele>
   </trkpt>
   <trkpt lat="48.3225460" lon="-70.3211030">
    <ele>118.6</ele>
   </trkpt>
   <trkpt lat="48.3225460" lon="-70.3211030">
    <ele>118.6</ele>
   </trkpt>
   <trkpt lat="48.3225460" lon="-70.3211030">
    <ele>118.6</ele>
   </trkpt>
   <trkpt lat="48.3225460" lon="-70.3211030">
    <ele>118.6</ele>
   </trkpt>
   <trkpt lat="48.3225450" lon="-70.3211050">
    <ele>118.6</ele>
   </trkpt>
   <trkpt lat="48.3225450" lon="-70.3211050">
    <ele>118.6</ele>
   </trkpt>
   <trkpt lat="48.3225450" lon="-70.3211050">
    <ele>118.6</ele>
   </trkpt>
   <trkpt lat="48.3225450" lon="-70.3211050">
    <ele>118.6</ele>
   </trkpt>
   <trkpt lat="48.3225450" lon="-70.3211050">
    <ele>118.6</ele>
   </trkpt>
   <trkpt lat="48.3225450" lon="-70.3211050">
    <ele>118.6</ele>
   </trkpt>
   <trkpt lat="48.3225450" lon="-70.3211050">
    <ele>118.6</ele>
   </trkpt>
   <trkpt lat="48.3225450" lon="-70.3211050">
    <ele>118.6</ele>
   </trkpt>
   <trkpt lat="48.3225450" lon="-70.3211050">
    <ele>118.6</ele>
   </trkpt>
   <trkpt lat="48.3225450" lon="-70.3211050">
    <ele>118.6</ele>
   </trkpt>
   <trkpt lat="48.3225450" lon="-70.3211050">
    <ele>118.6</ele>
   </trkpt>
   <trkpt lat="48.3225400" lon="-70.3211080">
    <ele>118.6</ele>
   </trkpt>
   <trkpt lat="48.3225400" lon="-70.3211080">
    <ele>118.6</ele>
   </trkpt>
   <trkpt lat="48.3225400" lon="-70.3211080">
    <ele>118.6</ele>
   </trkpt>
   <trkpt lat="48.3225400" lon="-70.3211080">
    <ele>118.6</ele>
   </trkpt>
   <trkpt lat="48.3225400" lon="-70.3211080">
    <ele>118.6</ele>
   </trkpt>
   <trkpt lat="48.3225400" lon="-70.3211080">
    <ele>118.6</ele>
   </trkpt>
   <trkpt lat="48.3225400" lon="-70.3211090">
    <ele>118.6</ele>
   </trkpt>
   <trkpt lat="48.3225400" lon="-70.3211090">
    <ele>118.6</ele>
   </trkpt>
   <trkpt lat="48.3225400" lon="-70.3211090">
    <ele>118.6</ele>
   </trkpt>
   <trkpt lat="48.3225400" lon="-70.3211090">
    <ele>118.6</ele>
   </trkpt>
   <trkpt lat="48.3225400" lon="-70.3211090">
    <ele>118.6</ele>
   </trkpt>
   <trkpt lat="48.3225400" lon="-70.3211090">
    <ele>118.6</ele>
   </trkpt>
   <trkpt lat="48.3225400" lon="-70.3211090">
    <ele>118.6</ele>
   </trkpt>
   <trkpt lat="48.3225400" lon="-70.3211090">
    <ele>118.6</ele>
   </trkpt>
   <trkpt lat="48.3225400" lon="-70.3211090">
    <ele>118.6</ele>
   </trkpt>
   <trkpt lat="48.3225400" lon="-70.3211090">
    <ele>118.6</ele>
   </trkpt>
   <trkpt lat="48.3225400" lon="-70.3211090">
    <ele>118.6</ele>
   </trkpt>
   <trkpt lat="48.3225400" lon="-70.3211090">
    <ele>118.6</ele>
   </trkpt>
   <trkpt lat="48.3225400" lon="-70.3211090">
    <ele>118.6</ele>
   </trkpt>
   <trkpt lat="48.3225400" lon="-70.3211090">
    <ele>118.6</ele>
   </trkpt>
   <trkpt lat="48.3225400" lon="-70.3211090">
    <ele>118.6</ele>
   </trkpt>
   <trkpt lat="48.3225400" lon="-70.3211090">
    <ele>118.6</ele>
   </trkpt>
   <trkpt lat="48.3225400" lon="-70.3211090">
    <ele>118.6</ele>
   </trkpt>
   <trkpt lat="48.3225400" lon="-70.3211090">
    <ele>118.6</ele>
   </trkpt>
   <trkpt lat="48.3225400" lon="-70.3211090">
    <ele>118.6</ele>
   </trkpt>
   <trkpt lat="48.3225400" lon="-70.3211090">
    <ele>118.6</ele>
   </trkpt>
   <trkpt lat="48.3225400" lon="-70.3211090">
    <ele>118.6</ele>
   </trkpt>
   <trkpt lat="48.3225380" lon="-70.3211140">
    <ele>118.6</ele>
   </trkpt>
   <trkpt lat="48.3225400" lon="-70.3211110">
    <ele>118.6</ele>
   </trkpt>
   <trkpt lat="48.3225370" lon="-70.3211120">
    <ele>118.6</ele>
   </trkpt>
   <trkpt lat="48.3225380" lon="-70.3211130">
    <ele>118.6</ele>
   </trkpt>
   <trkpt lat="48.3225380" lon="-70.3211100">
    <ele>118.6</ele>
   </trkpt>
   <trkpt lat="48.3225380" lon="-70.3211100">
    <ele>118.6</ele>
   </trkpt>
   <trkpt lat="48.3225380" lon="-70.3211100">
    <ele>118.6</ele>
   </trkpt>
   <trkpt lat="48.3225380" lon="-70.3211100">
    <ele>118.6</ele>
   </trkpt>
   <trkpt lat="48.3225380" lon="-70.3211100">
    <ele>118.6</ele>
   </trkpt>
   <trkpt lat="48.3225400" lon="-70.3211050">
    <ele>118.6</ele>
   </trkpt>
   <trkpt lat="48.3225400" lon="-70.3211050">
    <ele>118.6</ele>
   </trkpt>
   <trkpt lat="48.3225420" lon="-70.3211070">
    <ele>118.5</ele>
   </trkpt>
   <trkpt lat="48.3225400" lon="-70.3211030">
    <ele>118.5</ele>
   </trkpt>
   <trkpt lat="48.3225450" lon="-70.3211030">
    <ele>118.5</ele>
   </trkpt>
   <trkpt lat="48.3225440" lon="-70.3211030">
    <ele>118.5</ele>
   </trkpt>
   <trkpt lat="48.3225430" lon="-70.3211040">
    <ele>118.5</ele>
   </trkpt>
   <trkpt lat="48.3225430" lon="-70.3211040">
    <ele>118.5</ele>
   </trkpt>
   <trkpt lat="48.3225420" lon="-70.3211050">
    <ele>118.5</ele>
   </trkpt>
   <trkpt lat="48.3225420" lon="-70.3211050">
    <ele>118.5</ele>
   </trkpt>
   <trkpt lat="48.3225420" lon="-70.3211050">
    <ele>118.5</ele>
   </trkpt>
   <trkpt lat="48.3225420" lon="-70.3211050">
    <ele>118.5</ele>
   </trkpt>
   <trkpt lat="48.3225420" lon="-70.3211050">
    <ele>118.5</ele>
   </trkpt>
   <trkpt lat="48.3225420" lon="-70.3211050">
    <ele>118.5</ele>
   </trkpt>
   <trkpt lat="48.3225420" lon="-70.3211050">
    <ele>118.5</ele>
   </trkpt>
   <trkpt lat="48.3225420" lon="-70.3211050">
    <ele>118.5</ele>
   </trkpt>
   <trkpt lat="48.3225420" lon="-70.3211050">
    <ele>118.5</ele>
   </trkpt>
   <trkpt lat="48.3225420" lon="-70.3211170">
    <ele>118.5</ele>
   </trkpt>
   <trkpt lat="48.3225410" lon="-70.3211160">
    <ele>118.5</ele>
   </trkpt>
   <trkpt lat="48.3225410" lon="-70.3211150">
    <ele>118.5</ele>
   </trkpt>
   <trkpt lat="48.3225410" lon="-70.3211150">
    <ele>118.5</ele>
   </trkpt>
   <trkpt lat="48.3225410" lon="-70.3211150">
    <ele>118.5</ele>
   </trkpt>
   <trkpt lat="48.3225410" lon="-70.3211150">
    <ele>118.5</ele>
   </trkpt>
   <trkpt lat="48.3225410" lon="-70.3211150">
    <ele>118.5</ele>
   </trkpt>
   <trkpt lat="48.3225410" lon="-70.3211150">
    <ele>118.5</ele>
   </trkpt>
   <trkpt lat="48.3225410" lon="-70.3211150">
    <ele>118.5</ele>
   </trkpt>
   <trkpt lat="48.3225410" lon="-70.3211150">
    <ele>118.5</ele>
   </trkpt>
   <trkpt lat="48.3225410" lon="-70.3211150">
    <ele>118.5</ele>
   </trkpt>
   <trkpt lat="48.3225410" lon="-70.3211150">
    <ele>118.5</ele>
   </trkpt>
   <trkpt lat="48.3225410" lon="-70.3211150">
    <ele>118.5</ele>
   </trkpt>
   <trkpt lat="48.3225410" lon="-70.3211150">
    <ele>118.5</ele>
   </trkpt>
   <trkpt lat="48.3225400" lon="-70.3211150">
    <ele>118.5</ele>
   </trkpt>
   <trkpt lat="48.3225400" lon="-70.3211150">
    <ele>118.5</ele>
   </trkpt>
   <trkpt lat="48.3225400" lon="-70.3211150">
    <ele>118.5</ele>
   </trkpt>
   <trkpt lat="48.3225400" lon="-70.3211150">
    <ele>118.5</ele>
   </trkpt>
   <trkpt lat="48.3225420" lon="-70.3211170">
    <ele>118.5</ele>
   </trkpt>
   <trkpt lat="48.3225420" lon="-70.3211170">
    <ele>118.5</ele>
   </trkpt>
   <trkpt lat="48.3225420" lon="-70.3211170">
    <ele>118.5</ele>
   </trkpt>
   <trkpt lat="48.3225420" lon="-70.3211170">
    <ele>118.5</ele>
   </trkpt>
   <trkpt lat="48.3225420" lon="-70.3211170">
    <ele>118.5</ele>
   </trkpt>
   <trkpt lat="48.3225420" lon="-70.3211170">
    <ele>118.5</ele>
   </trkpt>
   <trkpt lat="48.3225420" lon="-70.3211170">
    <ele>118.5</ele>
   </trkpt>
   <trkpt lat="48.3225420" lon="-70.3211170">
    <ele>118.5</ele>
   </trkpt>
   <trkpt lat="48.3225420" lon="-70.3211170">
    <ele>118.5</ele>
   </trkpt>
   <trkpt lat="48.3225420" lon="-70.3211170">
    <ele>118.5</ele>
   </trkpt>
   <trkpt lat="48.3225420" lon="-70.3211170">
    <ele>118.5</ele>
   </trkpt>
   <trkpt lat="48.3225420" lon="-70.3211170">
    <ele>118.5</ele>
   </trkpt>
   <trkpt lat="48.3225420" lon="-70.3211170">
    <ele>118.5</ele>
   </trkpt>
   <trkpt lat="48.3225420" lon="-70.3211170">
    <ele>118.5</ele>
   </trkpt>
   <trkpt lat="48.3225420" lon="-70.3211170">
    <ele>118.5</ele>
   </trkpt>
   <trkpt lat="48.3225460" lon="-70.3211160">
    <ele>118.5</ele>
   </trkpt>
   <trkpt lat="48.3225450" lon="-70.3211160">
    <ele>118.5</ele>
   </trkpt>
   <trkpt lat="48.3225470" lon="-70.3211160">
    <ele>118.5</ele>
   </trkpt>
   <trkpt lat="48.3225470" lon="-70.3211160">
    <ele>118.5</ele>
   </trkpt>
   <trkpt lat="48.3225450" lon="-70.3211140">
    <ele>118.5</ele>
   </trkpt>
   <trkpt lat="48.3225450" lon="-70.3211140">
    <ele>118.5</ele>
   </trkpt>
   <trkpt lat="48.3225450" lon="-70.3211140">
    <ele>118.5</ele>
   </trkpt>
   <trkpt lat="48.3225450" lon="-70.3211140">
    <ele>118.5</ele>
   </trkpt>
   <trkpt lat="48.3225450" lon="-70.3211140">
    <ele>118.5</ele>
   </trkpt>
   <trkpt lat="48.3225440" lon="-70.3211140">
    <ele>118.5</ele>
   </trkpt>
   <trkpt lat="48.3225440" lon="-70.3211140">
    <ele>118.5</ele>
   </trkpt>
   <trkpt lat="48.3225440" lon="-70.3211140">
    <ele>118.5</ele>
   </trkpt>
   <trkpt lat="48.3225440" lon="-70.3211140">
    <ele>118.5</ele>
   </trkpt>
   <trkpt lat="48.3225440" lon="-70.3211140">
    <ele>118.5</ele>
   </trkpt>
   <trkpt lat="48.3225440" lon="-70.3211140">
    <ele>118.5</ele>
   </trkpt>
   <trkpt lat="48.3225440" lon="-70.3211140">
    <ele>118.5</ele>
   </trkpt>
   <trkpt lat="48.3225440" lon="-70.3211140">
    <ele>118.5</ele>
   </trkpt>
   <trkpt lat="48.3225440" lon="-70.3211140">
    <ele>118.5</ele>
   </trkpt>
   <trkpt lat="48.3225440" lon="-70.3211140">
    <ele>118.5</ele>
   </trkpt>
   <trkpt lat="48.3225440" lon="-70.3211140">
    <ele>118.5</ele>
   </trkpt>
   <trkpt lat="48.3225440" lon="-70.3211140">
    <ele>118.5</ele>
   </trkpt>
   <trkpt lat="48.3225440" lon="-70.3211140">
    <ele>118.5</ele>
   </trkpt>
   <trkpt lat="48.3225440" lon="-70.3211140">
    <ele>118.5</ele>
   </trkpt>
   <trkpt lat="48.3225440" lon="-70.3211140">
    <ele>118.5</ele>
   </trkpt>
   <trkpt lat="48.3225440" lon="-70.3211140">
    <ele>118.5</ele>
   </trkpt>
   <trkpt lat="48.3225440" lon="-70.3211140">
    <ele>118.5</ele>
   </trkpt>
   <trkpt lat="48.3225440" lon="-70.3211140">
    <ele>118.5</ele>
   </trkpt>
   <trkpt lat="48.3225440" lon="-70.3211140">
    <ele>118.5</ele>
   </trkpt>
   <trkpt lat="48.3225440" lon="-70.3211140">
    <ele>118.5</ele>
   </trkpt>
   <trkpt lat="48.3225440" lon="-70.3211140">
    <ele>118.5</ele>
   </trkpt>
   <trkpt lat="48.3225440" lon="-70.3211140">
    <ele>118.5</ele>
   </trkpt>
   <trkpt lat="48.3225440" lon="-70.3211140">
    <ele>118.5</ele>
   </trkpt>
   <trkpt lat="48.3225440" lon="-70.3211140">
    <ele>118.5</ele>
   </trkpt>
   <trkpt lat="48.3225440" lon="-70.3211140">
    <ele>118.5</ele>
   </trkpt>
   <trkpt lat="48.3225440" lon="-70.3211140">
    <ele>118.5</ele>
   </trkpt>
   <trkpt lat="48.3225440" lon="-70.3211140">
    <ele>118.5</ele>
   </trkpt>
   <trkpt lat="48.3225440" lon="-70.3211140">
    <ele>118.5</ele>
   </trkpt>
   <trkpt lat="48.3225440" lon="-70.3211140">
    <ele>118.5</ele>
   </trkpt>
   <trkpt lat="48.3225440" lon="-70.3211140">
    <ele>118.5</ele>
   </trkpt>
   <trkpt lat="48.3225440" lon="-70.3211140">
    <ele>118.5</ele>
   </trkpt>
   <trkpt lat="48.3225440" lon="-70.3211140">
    <ele>118.5</ele>
   </trkpt>
   <trkpt lat="48.3225440" lon="-70.3211140">
    <ele>118.5</ele>
   </trkpt>
   <trkpt lat="48.3225440" lon="-70.3211140">
    <ele>118.5</ele>
   </trkpt>
   <trkpt lat="48.3225440" lon="-70.3211140">
    <ele>118.5</ele>
   </trkpt>
   <trkpt lat="48.3225440" lon="-70.3211140">
    <ele>118.5</ele>
   </trkpt>
   <trkpt lat="48.3225440" lon="-70.3211140">
    <ele>118.5</ele>
   </trkpt>
   <trkpt lat="48.3225440" lon="-70.3211140">
    <ele>118.5</ele>
   </trkpt>
   <trkpt lat="48.3225440" lon="-70.3211140">
    <ele>118.5</ele>
   </trkpt>
   <trkpt lat="48.3225440" lon="-70.3211140">
    <ele>118.5</ele>
   </trkpt>
   <trkpt lat="48.3225440" lon="-70.3211140">
    <ele>118.5</ele>
   </trkpt>
   <trkpt lat="48.3225440" lon="-70.3211140">
    <ele>118.5</ele>
   </trkpt>
   <trkpt lat="48.3225440" lon="-70.3211140">
    <ele>118.5</ele>
   </trkpt>
   <trkpt lat="48.3225440" lon="-70.3211140">
    <ele>118.5</ele>
   </trkpt>
   <trkpt lat="48.3225440" lon="-70.3211140">
    <ele>118.5</ele>
   </trkpt>
   <trkpt lat="48.3225440" lon="-70.3211140">
    <ele>118.5</ele>
   </trkpt>
   <trkpt lat="48.3225440" lon="-70.3211140">
    <ele>118.5</ele>
   </trkpt>
   <trkpt lat="48.3225440" lon="-70.3211140">
    <ele>118.5</ele>
   </trkpt>
   <trkpt lat="48.3225440" lon="-70.3211140">
    <ele>118.5</ele>
   </trkpt>
   <trkpt lat="48.3225440" lon="-70.3211140">
    <ele>118.5</ele>
   </trkpt>
   <trkpt lat="48.3225440" lon="-70.3211140">
    <ele>118.5</ele>
   </trkpt>
   <trkpt lat="48.3225490" lon="-70.3211190">
    <ele>118.5</ele>
   </trkpt>
   <trkpt lat="48.3225480" lon="-70.3211210">
    <ele>118.5</ele>
   </trkpt>
   <trkpt lat="48.3225490" lon="-70.3211210">
    <ele>118.5</ele>
   </trkpt>
   <trkpt lat="48.3225490" lon="-70.3211220">
    <ele>118.5</ele>
   </trkpt>
   <trkpt lat="48.3225490" lon="-70.3211220">
    <ele>118.5</ele>
   </trkpt>
   <trkpt lat="48.3225490" lon="-70.3211220">
    <ele>118.5</ele>
   </trkpt>
   <trkpt lat="48.3225490" lon="-70.3211220">
    <ele>118.5</ele>
   </trkpt>
   <trkpt lat="48.3225490" lon="-70.3211220">
    <ele>118.5</ele>
   </trkpt>
   <trkpt lat="48.3225490" lon="-70.3211220">
    <ele>118.5</ele>
   </trkpt>
   <trkpt lat="48.3225490" lon="-70.3211220">
    <ele>118.5</ele>
   </trkpt>
   <trkpt lat="48.3225490" lon="-70.3211220">
    <ele>118.5</ele>
   </trkpt>
   <trkpt lat="48.3225490" lon="-70.3211220">
    <ele>118.5</ele>
   </trkpt>
   <trkpt lat="48.3225480" lon="-70.3211270">
    <ele>118.5</ele>
   </trkpt>
   <trkpt lat="48.3225520" lon="-70.3211260">
    <ele>118.5</ele>
   </trkpt>
   <trkpt lat="48.3225500" lon="-70.3211260">
    <ele>118.5</ele>
   </trkpt>
   <trkpt lat="48.3225500" lon="-70.3211260">
    <ele>118.5</ele>
   </trkpt>
   <trkpt lat="48.3225500" lon="-70.3211260">
    <ele>118.5</ele>
   </trkpt>
   <trkpt lat="48.3225500" lon="-70.3211260">
    <ele>118.5</ele>
   </trkpt>
   <trkpt lat="48.3225500" lon="-70.3211260">
    <ele>118.5</ele>
   </trkpt>
   <trkpt lat="48.3225500" lon="-70.3211260">
    <ele>118.5</ele>
   </trkpt>
   <trkpt lat="48.3225500" lon="-70.3211260">
    <ele>118.5</ele>
   </trkpt>
   <trkpt lat="48.3225500" lon="-70.3211260">
    <ele>118.5</ele>
   </trkpt>
   <trkpt lat="48.3225500" lon="-70.3211260">
    <ele>118.5</ele>
   </trkpt>
   <trkpt lat="48.3225500" lon="-70.3211260">
    <ele>118.5</ele>
   </trkpt>
   <trkpt lat="48.3225500" lon="-70.3211260">
    <ele>118.5</ele>
   </trkpt>
   <trkpt lat="48.3225500" lon="-70.3211260">
    <ele>118.5</ele>
   </trkpt>
   <trkpt lat="48.3225500" lon="-70.3211260">
    <ele>118.5</ele>
   </trkpt>
   <trkpt lat="48.3225500" lon="-70.3211260">
    <ele>118.5</ele>
   </trkpt>
   <trkpt lat="48.3225500" lon="-70.3211260">
    <ele>118.5</ele>
   </trkpt>
   <trkpt lat="48.3225500" lon="-70.3211260">
    <ele>118.5</ele>
   </trkpt>
   <trkpt lat="48.3225500" lon="-70.3211260">
    <ele>118.5</ele>
   </trkpt>
   <trkpt lat="48.3225500" lon="-70.3211260">
    <ele>118.5</ele>
   </trkpt>
   <trkpt lat="48.3225500" lon="-70.3211260">
    <ele>118.5</ele>
   </trkpt>
   <trkpt lat="48.3225500" lon="-70.3211260">
    <ele>118.5</ele>
   </trkpt>
   <trkpt lat="48.3225500" lon="-70.3211260">
    <ele>118.5</ele>
   </trkpt>
   <trkpt lat="48.3225500" lon="-70.3211260">
    <ele>118.5</ele>
   </trkpt>
   <trkpt lat="48.3225500" lon="-70.3211260">
    <ele>118.5</ele>
   </trkpt>
   <trkpt lat="48.3225500" lon="-70.3211260">
    <ele>118.5</ele>
   </trkpt>
   <trkpt lat="48.3225500" lon="-70.3211260">
    <ele>118.5</ele>
   </trkpt>
   <trkpt lat="48.3225500" lon="-70.3211260">
    <ele>118.5</ele>
   </trkpt>
   <trkpt lat="48.3225500" lon="-70.3211260">
    <ele>118.5</ele>
   </trkpt>
   <trkpt lat="48.3225500" lon="-70.3211260">
    <ele>118.5</ele>
   </trkpt>
   <trkpt lat="48.3225500" lon="-70.3211260">
    <ele>118.5</ele>
   </trkpt>
   <trkpt lat="48.3225500" lon="-70.3211260">
    <ele>118.5</ele>
   </trkpt>
   <trkpt lat="48.3225500" lon="-70.3211260">
    <ele>118.5</ele>
   </trkpt>
   <trkpt lat="48.3225500" lon="-70.3211260">
    <ele>118.5</ele>
   </trkpt>
   <trkpt lat="48.3225500" lon="-70.3211260">
    <ele>118.5</ele>
   </trkpt>
   <trkpt lat="48.3225500" lon="-70.3211260">
    <ele>118.5</ele>
   </trkpt>
   <trkpt lat="48.3225500" lon="-70.3211260">
    <ele>118.5</ele>
   </trkpt>
   <trkpt lat="48.3225500" lon="-70.3211260">
    <ele>118.5</ele>
   </trkpt>
   <trkpt lat="48.3225500" lon="-70.3211260">
    <ele>118.5</ele>
   </trkpt>
   <trkpt lat="48.3225500" lon="-70.3211260">
    <ele>118.5</ele>
   </trkpt>
   <trkpt lat="48.3225500" lon="-70.3211260">
    <ele>118.5</ele>
   </trkpt>
   <trkpt lat="48.3225500" lon="-70.3211260">
    <ele>118.5</ele>
   </trkpt>
   <trkpt lat="48.3225500" lon="-70.3211260">
    <ele>118.5</ele>
   </trkpt>
   <trkpt lat="48.3225500" lon="-70.3211260">
    <ele>118.5</ele>
   </trkpt>
   <trkpt lat="48.3225500" lon="-70.3211260">
    <ele>118.5</ele>
   </trkpt>
   <trkpt lat="48.3225500" lon="-70.3211260">
    <ele>118.5</ele>
   </trkpt>
   <trkpt lat="48.3225500" lon="-70.3211260">
    <ele>118.5</ele>
   </trkpt>
   <trkpt lat="48.3225500" lon="-70.3211260">
    <ele>118.5</ele>
   </trkpt>
   <trkpt lat="48.3225500" lon="-70.3211260">
    <ele>118.5</ele>
   </trkpt>
   <trkpt lat="48.3225500" lon="-70.3211260">
    <ele>118.5</ele>
   </trkpt>
   <trkpt lat="48.3225500" lon="-70.3211260">
    <ele>118.5</ele>
   </trkpt>
   <trkpt lat="48.3225590" lon="-70.3211040">
    <ele>118.5</ele>
   </trkpt>
   <trkpt lat="48.3225580" lon="-70.3211030">
    <ele>118.5</ele>
   </trkpt>
   <trkpt lat="48.3225580" lon="-70.3211030">
    <ele>118.5</ele>
   </trkpt>
   <trkpt lat="48.3225580" lon="-70.3211030">
    <ele>118.5</ele>
   </trkpt>
   <trkpt lat="48.3225580" lon="-70.3211030">
    <ele>118.5</ele>
   </trkpt>
   <trkpt lat="48.3225580" lon="-70.3211030">
    <ele>118.5</ele>
   </trkpt>
   <trkpt lat="48.3225580" lon="-70.3211030">
    <ele>118.5</ele>
   </trkpt>
   <trkpt lat="48.3225580" lon="-70.3211030">
    <ele>118.5</ele>
   </trkpt>
   <trkpt lat="48.3225580" lon="-70.3211030">
    <ele>118.5</ele>
   </trkpt>
   <trkpt lat="48.3225580" lon="-70.3211030">
    <ele>118.5</ele>
   </trkpt>
   <trkpt lat="48.3225580" lon="-70.3211030">
    <ele>118.5</ele>
   </trkpt>
   <trkpt lat="48.3225580" lon="-70.3211030">
    <ele>118.5</ele>
   </trkpt>
   <trkpt lat="48.3225580" lon="-70.3211030">
    <ele>118.5</ele>
   </trkpt>
   <trkpt lat="48.3225580" lon="-70.3211030">
    <ele>118.5</ele>
   </trkpt>
   <trkpt lat="48.3225580" lon="-70.3211030">
    <ele>118.5</ele>
   </trkpt>
   <trkpt lat="48.3225580" lon="-70.3211030">
    <ele>118.5</ele>
   </trkpt>
   <trkpt lat="48.3225580" lon="-70.3211030">
    <ele>118.5</ele>
   </trkpt>
   <trkpt lat="48.3225530" lon="-70.3210980">
    <ele>118.6</ele>
   </trkpt>
   <trkpt lat="48.3225560" lon="-70.3210940">
    <ele>118.6</ele>
   </trkpt>
   <trkpt lat="48.3225510" lon="-70.3210930">
    <ele>118.6</ele>
   </trkpt>
   <trkpt lat="48.3225550" lon="-70.3210920">
    <ele>118.6</ele>
   </trkpt>
   <trkpt lat="48.3225550" lon="-70.3210940">
    <ele>118.6</ele>
   </trkpt>
   <trkpt lat="48.3225540" lon="-70.3210920">
    <ele>118.6</ele>
   </trkpt>
   <trkpt lat="48.3225540" lon="-70.3210950">
    <ele>118.6</ele>
   </trkpt>
   <trkpt lat="48.3225540" lon="-70.3210950">
    <ele>118.6</ele>
   </trkpt>
   <trkpt lat="48.3225540" lon="-70.3210950">
    <ele>118.6</ele>
   </trkpt>
   <trkpt lat="48.3225540" lon="-70.3210950">
    <ele>118.6</ele>
   </trkpt>
   <trkpt lat="48.3225530" lon="-70.3210940">
    <ele>118.6</ele>
   </trkpt>
   <trkpt lat="48.3225530" lon="-70.3210940">
    <ele>118.6</ele>
   </trkpt>
   <trkpt lat="48.3225530" lon="-70.3210940">
    <ele>118.6</ele>
   </trkpt>
   <trkpt lat="48.3225520" lon="-70.3210960">
    <ele>118.6</ele>
   </trkpt>
   <trkpt lat="48.3225520" lon="-70.3210960">
    <ele>118.6</ele>
   </trkpt>
   <trkpt lat="48.3225510" lon="-70.3210950">
    <ele>118.6</ele>
   </trkpt>
   <trkpt lat="48.3225510" lon="-70.3210970">
    <ele>118.6</ele>
   </trkpt>
   <trkpt lat="48.3225520" lon="-70.3210940">
    <ele>118.6</ele>
   </trkpt>
   <trkpt lat="48.3225500" lon="-70.3210960">
    <ele>118.6</ele>
   </trkpt>
   <trkpt lat="48.3225500" lon="-70.3210960">
    <ele>118.6</ele>
   </trkpt>
   <trkpt lat="48.3225510" lon="-70.3210990">
    <ele>118.6</ele>
   </trkpt>
   <trkpt lat="48.3225510" lon="-70.3211020">
    <ele>118.6</ele>
   </trkpt>
   <trkpt lat="48.3225500" lon="-70.3211000">
    <ele>118.6</ele>
   </trkpt>
   <trkpt lat="48.3225490" lon="-70.3211020">
    <ele>118.6</ele>
   </trkpt>
   <trkpt lat="48.3225500" lon="-70.3210990">
    <ele>118.6</ele>
   </trkpt>
   <trkpt lat="48.3225500" lon="-70.3210970">
    <ele>118.6</ele>
   </trkpt>
   <trkpt lat="48.3225500" lon="-70.3210950">
    <ele>118.6</ele>
   </trkpt>
   <trkpt lat="48.3225500" lon="-70.3210970">
    <ele>118.6</ele>
   </trkpt>
   <trkpt lat="48.3225490" lon="-70.3210920">
    <ele>118.6</ele>
   </trkpt>
   <trkpt lat="48.3225490" lon="-70.3210860">
    <ele>118.6</ele>
   </trkpt>
   <trkpt lat="48.3225500" lon="-70.3210820">
    <ele>118.6</ele>
   </trkpt>
   <trkpt lat="48.3225500" lon="-70.3210800">
    <ele>118.6</ele>
   </trkpt>
   <trkpt lat="48.3225500" lon="-70.3210800">
    <ele>118.6</ele>
   </trkpt>
   <trkpt lat="48.3225500" lon="-70.3210800">
    <ele>118.6</ele>
   </trkpt>
   <trkpt lat="48.3225520" lon="-70.3210690">
    <ele>118.6</ele>
   </trkpt>
   <trkpt lat="48.3225480" lon="-70.3210650">
    <ele>118.6</ele>
   </trkpt>
   <trkpt lat="48.3225470" lon="-70.3210640">
    <ele>118.6</ele>
   </trkpt>
   <trkpt lat="48.3225500" lon="-70.3210740">
    <ele>118.6</ele>
   </trkpt>
   <trkpt lat="48.3225500" lon="-70.3210750">
    <ele>118.6</ele>
   </trkpt>
   <trkpt lat="48.3225500" lon="-70.3210750">
    <ele>118.6</ele>
   </trkpt>
   <trkpt lat="48.3225500" lon="-70.3210750">
    <ele>118.6</ele>
   </trkpt>
   <trkpt lat="48.3225500" lon="-70.3210750">
    <ele>118.6</ele>
   </trkpt>
   <trkpt lat="48.3225500" lon="-70.3210750">
    <ele>118.6</ele>
   </trkpt>
   <trkpt lat="48.3225500" lon="-70.3210750">
    <ele>118.6</ele>
   </trkpt>
   <trkpt lat="48.3225500" lon="-70.3210750">
    <ele>118.6</ele>
   </trkpt>
   <trkpt lat="48.3225500" lon="-70.3210750">
    <ele>118.6</ele>
   </trkpt>
   <trkpt lat="48.3225500" lon="-70.3210750">
    <ele>118.6</ele>
   </trkpt>
   <trkpt lat="48.3225500" lon="-70.3210750">
    <ele>118.6</ele>
   </trkpt>
   <trkpt lat="48.3225770" lon="-70.3210790">
    <ele>118.6</ele>
   </trkpt>
   <trkpt lat="48.3225740" lon="-70.3210800">
    <ele>118.6</ele>
   </trkpt>
   <trkpt lat="48.3225720" lon="-70.3210800">
    <ele>118.6</ele>
   </trkpt>
   <trkpt lat="48.3225690" lon="-70.3210810">
    <ele>118.6</ele>
   </trkpt>
   <trkpt lat="48.3225660" lon="-70.3210820">
    <ele>118.6</ele>
   </trkpt>
   <trkpt lat="48.3225640" lon="-70.3210820">
    <ele>118.6</ele>
   </trkpt>
   <trkpt lat="48.3225610" lon="-70.3210830">
    <ele>118.6</ele>
   </trkpt>
   <trkpt lat="48.3225590" lon="-70.3210830">
    <ele>118.6</ele>
   </trkpt>
   <trkpt lat="48.3225560" lon="-70.3210840">
    <ele>118.6</ele>
   </trkpt>
   <trkpt lat="48.3225530" lon="-70.3210850">
    <ele>118.6</ele>
   </trkpt>
   <trkpt lat="48.3225510" lon="-70.3210850">
    <ele>118.6</ele>
   </trkpt>
   <trkpt lat="48.3225480" lon="-70.3210860">
    <ele>118.6</ele>
   </trkpt>
   <trkpt lat="48.3225450" lon="-70.3210870">
    <ele>118.6</ele>
   </trkpt>
   <trkpt lat="48.3225430" lon="-70.3210870">
    <ele>118.7</ele>
   </trkpt>
   <trkpt lat="48.3225400" lon="-70.3210880">
    <ele>118.7</ele>
   </trkpt>
   <trkpt lat="48.3225380" lon="-70.3210880">
    <ele>118.7</ele>
   </trkpt>
   <trkpt lat="48.3225350" lon="-70.3210890">
    <ele>118.7</ele>
   </trkpt>
   <trkpt lat="48.3225320" lon="-70.3210900">
    <ele>118.7</ele>
   </trkpt>
   <trkpt lat="48.3225300" lon="-70.3210900">
    <ele>118.7</ele>
   </trkpt>
   <trkpt lat="48.3225270" lon="-70.3210910">
    <ele>118.7</ele>
   </trkpt>
   <trkpt lat="48.3225230" lon="-70.3210940">
    <ele>118.7</ele>
   </trkpt>
   <trkpt lat="48.3225230" lon="-70.3210940">
    <ele>118.7</ele>
   </trkpt>
   <trkpt lat="48.3225230" lon="-70.3210940">
    <ele>118.7</ele>
   </trkpt>
   <trkpt lat="48.3225230" lon="-70.3210940">
    <ele>118.7</ele>
   </trkpt>
   <trkpt lat="48.3225230" lon="-70.3210940">
    <ele>118.7</ele>
   </trkpt>
   <trkpt lat="48.3225230" lon="-70.3210940">
    <ele>118.7</ele>
   </trkpt>
   <trkpt lat="48.3225400" lon="-70.3210800">
    <ele>118.7</ele>
   </trkpt>
   <trkpt lat="48.3225420" lon="-70.3210820">
    <ele>118.7</ele>
   </trkpt>
   <trkpt lat="48.3225440" lon="-70.3210830">
    <ele>118.7</ele>
   </trkpt>
   <trkpt lat="48.3225430" lon="-70.3210830">
    <ele>118.7</ele>
   </trkpt>
   <trkpt lat="48.3225450" lon="-70.3210950">
    <ele>118.7</ele>
   </trkpt>
   <trkpt lat="48.3225440" lon="-70.3210970">
    <ele>118.7</ele>
   </trkpt>
   <trkpt lat="48.3225440" lon="-70.3210980">
    <ele>118.7</ele>
   </trkpt>
   <trkpt lat="48.3225440" lon="-70.3210980">
    <ele>118.7</ele>
   </trkpt>
   <trkpt lat="48.3225440" lon="-70.3210980">
    <ele>118.7</ele>
   </trkpt>
   <trkpt lat="48.3225440" lon="-70.3210980">
    <ele>118.7</ele>
   </trkpt>
   <trkpt lat="48.3225440" lon="-70.3210980">
    <ele>118.7</ele>
   </trkpt>
   <trkpt lat="48.3225440" lon="-70.3210980">
    <ele>118.7</ele>
   </trkpt>
   <trkpt lat="48.3225440" lon="-70.3210980">
    <ele>118.7</ele>
   </trkpt>
   <trkpt lat="48.3225440" lon="-70.3210980">
    <ele>118.7</ele>
   </trkpt>
   <trkpt lat="48.3225440" lon="-70.3210980">
    <ele>118.7</ele>
   </trkpt>
   <trkpt lat="48.3225440" lon="-70.3210980">
    <ele>118.7</ele>
   </trkpt>
   <trkpt lat="48.3225440" lon="-70.3210980">
    <ele>118.7</ele>
   </trkpt>
   <trkpt lat="48.3225440" lon="-70.3210980">
    <ele>118.7</ele>
   </trkpt>
   <trkpt lat="48.3225440" lon="-70.3210980">
    <ele>118.7</ele>
   </trkpt>
   <trkpt lat="48.3225440" lon="-70.3210980">
    <ele>118.7</ele>
   </trkpt>
   <trkpt lat="48.3225440" lon="-70.3210980">
    <ele>118.7</ele>
   </trkpt>
   <trkpt lat="48.3225440" lon="-70.3210980">
    <ele>118.7</ele>
   </trkpt>
   <trkpt lat="48.3225440" lon="-70.3210980">
    <ele>118.7</ele>
   </trkpt>
   <trkpt lat="48.3225440" lon="-70.3210980">
    <ele>118.7</ele>
   </trkpt>
   <trkpt lat="48.3225440" lon="-70.3210980">
    <ele>118.7</ele>
   </trkpt>
   <trkpt lat="48.3225440" lon="-70.3210980">
    <ele>118.7</ele>
   </trkpt>
   <trkpt lat="48.3225440" lon="-70.3210980">
    <ele>118.7</ele>
   </trkpt>
   <trkpt lat="48.3225490" lon="-70.3211110">
    <ele>118.7</ele>
   </trkpt>
   <trkpt lat="48.3225500" lon="-70.3211100">
    <ele>118.7</ele>
   </trkpt>
   <trkpt lat="48.3225510" lon="-70.3211150">
    <ele>118.7</ele>
   </trkpt>
   <trkpt lat="48.3225490" lon="-70.3211110">
    <ele>118.7</ele>
   </trkpt>
   <trkpt lat="48.3225500" lon="-70.3211110">
    <ele>118.7</ele>
   </trkpt>
   <trkpt lat="48.3225490" lon="-70.3211110">
    <ele>118.7</ele>
   </trkpt>
   <trkpt lat="48.3225460" lon="-70.3211100">
    <ele>118.7</ele>
   </trkpt>
   <trkpt lat="48.3225470" lon="-70.3211130">
    <ele>118.7</ele>
   </trkpt>
   <trkpt lat="48.3225480" lon="-70.3211110">
    <ele>118.7</ele>
   </trkpt>
   <trkpt lat="48.3225500" lon="-70.3211120">
    <ele>118.7</ele>
   </trkpt>
   <trkpt lat="48.3225510" lon="-70.3211120">
    <ele>118.7</ele>
   </trkpt>
   <trkpt lat="48.3225510" lon="-70.3211120">
    <ele>118.7</ele>
   </trkpt>
   <trkpt lat="48.3225510" lon="-70.3211120">
    <ele>118.7</ele>
   </trkpt>
   <trkpt lat="48.3225510" lon="-70.3211120">
    <ele>118.7</ele>
   </trkpt>
   <trkpt lat="48.3225480" lon="-70.3211140">
    <ele>118.7</ele>
   </trkpt>
   <trkpt lat="48.3225480" lon="-70.3211140">
    <ele>118.7</ele>
   </trkpt>
   <trkpt lat="48.3225480" lon="-70.3211140">
    <ele>118.7</ele>
   </trkpt>
   <trkpt lat="48.3225480" lon="-70.3211140">
    <ele>118.7</ele>
   </trkpt>
   <trkpt lat="48.3225480" lon="-70.3211140">
    <ele>118.7</ele>
   </trkpt>
   <trkpt lat="48.3225480" lon="-70.3211140">
    <ele>118.7</ele>
   </trkpt>
   <trkpt lat="48.3225480" lon="-70.3211140">
    <ele>118.7</ele>
   </trkpt>
   <trkpt lat="48.3225480" lon="-70.3211140">
    <ele>118.7</ele>
   </trkpt>
   <trkpt lat="48.3225480" lon="-70.3211140">
    <ele>118.7</ele>
   </trkpt>
   <trkpt lat="48.3225480" lon="-70.3211140">
    <ele>118.7</ele>
   </trkpt>
   <trkpt lat="48.3225480" lon="-70.3211140">
    <ele>118.7</ele>
   </trkpt>
   <trkpt lat="48.3225480" lon="-70.3211140">
    <ele>118.7</ele>
   </trkpt>
   <trkpt lat="48.3225480" lon="-70.3211140">
    <ele>118.7</ele>
   </trkpt>
   <trkpt lat="48.3225480" lon="-70.3211140">
    <ele>118.7</ele>
   </trkpt>
   <trkpt lat="48.3225480" lon="-70.3211140">
    <ele>118.7</ele>
   </trkpt>
   <trkpt lat="48.3225480" lon="-70.3211140">
    <ele>118.7</ele>
   </trkpt>
   <trkpt lat="48.3225480" lon="-70.3211140">
    <ele>118.7</ele>
   </trkpt>
   <trkpt lat="48.3225480" lon="-70.3211140">
    <ele>118.7</ele>
   </trkpt>
   <trkpt lat="48.3225480" lon="-70.3211140">
    <ele>118.7</ele>
   </trkpt>
   <trkpt lat="48.3225480" lon="-70.3211140">
    <ele>118.7</ele>
   </trkpt>
   <trkpt lat="48.3225480" lon="-70.3211140">
    <ele>118.7</ele>
   </trkpt>
   <trkpt lat="48.3225480" lon="-70.3211140">
    <ele>118.7</ele>
   </trkpt>
   <trkpt lat="48.3225480" lon="-70.3211140">
    <ele>118.7</ele>
   </trkpt>
   <trkpt lat="48.3225480" lon="-70.3211140">
    <ele>118.7</ele>
   </trkpt>
   <trkpt lat="48.3225480" lon="-70.3211140">
    <ele>118.7</ele>
   </trkpt>
   <trkpt lat="48.3225480" lon="-70.3211140">
    <ele>118.7</ele>
   </trkpt>
   <trkpt lat="48.3225480" lon="-70.3211140">
    <ele>118.7</ele>
   </trkpt>
   <trkpt lat="48.3225480" lon="-70.3211140">
    <ele>118.7</ele>
   </trkpt>
   <trkpt lat="48.3225480" lon="-70.3211140">
    <ele>118.7</ele>
   </trkpt>
   <trkpt lat="48.3225480" lon="-70.3211140">
    <ele>118.7</ele>
   </trkpt>
   <trkpt lat="48.3225480" lon="-70.3211140">
    <ele>118.7</ele>
   </trkpt>
   <trkpt lat="48.3225480" lon="-70.3211140">
    <ele>118.7</ele>
   </trkpt>
   <trkpt lat="48.3225480" lon="-70.3211140">
    <ele>118.7</ele>
   </trkpt>
   <trkpt lat="48.3225480" lon="-70.3211140">
    <ele>118.7</ele>
   </trkpt>
   <trkpt lat="48.3225480" lon="-70.3211140">
    <ele>118.7</ele>
   </trkpt>
   <trkpt lat="48.3225480" lon="-70.3211140">
    <ele>118.7</ele>
   </trkpt>
   <trkpt lat="48.3225480" lon="-70.3211140">
    <ele>118.7</ele>
   </trkpt>
   <trkpt lat="48.3225480" lon="-70.3211140">
    <ele>118.7</ele>
   </trkpt>
   <trkpt lat="48.3225480" lon="-70.3211140">
    <ele>118.7</ele>
   </trkpt>
   <trkpt lat="48.3225480" lon="-70.3211140">
    <ele>118.7</ele>
   </trkpt>
   <trkpt lat="48.3225480" lon="-70.3211140">
    <ele>118.7</ele>
   </trkpt>
   <trkpt lat="48.3225480" lon="-70.3211140">
    <ele>118.7</ele>
   </trkpt>
   <trkpt lat="48.3225480" lon="-70.3211140">
    <ele>118.7</ele>
   </trkpt>
   <trkpt lat="48.3225480" lon="-70.3211140">
    <ele>118.7</ele>
   </trkpt>
   <trkpt lat="48.3225480" lon="-70.3211140">
    <ele>118.7</ele>
   </trkpt>
   <trkpt lat="48.3225480" lon="-70.3211140">
    <ele>118.7</ele>
   </trkpt>
   <trkpt lat="48.3225480" lon="-70.3211140">
    <ele>118.7</ele>
   </trkpt>
   <trkpt lat="48.3225480" lon="-70.3211140">
    <ele>118.7</ele>
   </trkpt>
   <trkpt lat="48.3225480" lon="-70.3211140">
    <ele>118.7</ele>
   </trkpt>
   <trkpt lat="48.3225480" lon="-70.3211140">
    <ele>118.7</ele>
   </trkpt>
   <trkpt lat="48.3225480" lon="-70.3211140">
    <ele>118.7</ele>
   </trkpt>
   <trkpt lat="48.3225480" lon="-70.3211140">
    <ele>118.7</ele>
   </trkpt>
   <trkpt lat="48.3225480" lon="-70.3211140">
    <ele>118.7</ele>
   </trkpt>
   <trkpt lat="48.3225480" lon="-70.3211140">
    <ele>118.7</ele>
   </trkpt>
   <trkpt lat="48.3225480" lon="-70.3211140">
    <ele>118.7</ele>
   </trkpt>
   <trkpt lat="48.3225480" lon="-70.3211140">
    <ele>118.7</ele>
   </trkpt>
   <trkpt lat="48.3225480" lon="-70.3211140">
    <ele>118.7</ele>
   </trkpt>
   <trkpt lat="48.3225480" lon="-70.3211140">
    <ele>118.7</ele>
   </trkpt>
   <trkpt lat="48.3225480" lon="-70.3211140">
    <ele>118.7</ele>
   </trkpt>
   <trkpt lat="48.3225480" lon="-70.3211140">
    <ele>118.7</ele>
   </trkpt>
   <trkpt lat="48.3225480" lon="-70.3211140">
    <ele>118.7</ele>
   </trkpt>
   <trkpt lat="48.3225580" lon="-70.3211140">
    <ele>118.7</ele>
   </trkpt>
   <trkpt lat="48.3225580" lon="-70.3211140">
    <ele>118.7</ele>
   </trkpt>
   <trkpt lat="48.3225580" lon="-70.3211140">
    <ele>118.7</ele>
   </trkpt>
   <trkpt lat="48.3225580" lon="-70.3211140">
    <ele>118.7</ele>
   </trkpt>
   <trkpt lat="48.3225580" lon="-70.3211140">
    <ele>118.7</ele>
   </trkpt>
   <trkpt lat="48.3225580" lon="-70.3211140">
    <ele>118.7</ele>
   </trkpt>
   <trkpt lat="48.3225580" lon="-70.3211140">
    <ele>118.7</ele>
   </trkpt>
   <trkpt lat="48.3225580" lon="-70.3211140">
    <ele>118.7</ele>
   </trkpt>
   <trkpt lat="48.3225580" lon="-70.3211140">
    <ele>118.7</ele>
   </trkpt>
   <trkpt lat="48.3225580" lon="-70.3211140">
    <ele>118.7</ele>
   </trkpt>
   <trkpt lat="48.3225580" lon="-70.3211140">
    <ele>118.7</ele>
   </trkpt>
   <trkpt lat="48.3225580" lon="-70.3211140">
    <ele>118.7</ele>
   </trkpt>
   <trkpt lat="48.3225580" lon="-70.3211140">
    <ele>118.7</ele>
   </trkpt>
   <trkpt lat="48.3225580" lon="-70.3211140">
    <ele>118.7</ele>
   </trkpt>
   <trkpt lat="48.3225580" lon="-70.3211140">
    <ele>118.7</ele>
   </trkpt>
   <trkpt lat="48.3225580" lon="-70.3211140">
    <ele>118.7</ele>
   </trkpt>
   <trkpt lat="48.3225580" lon="-70.3211140">
    <ele>118.7</ele>
   </trkpt>
   <trkpt lat="48.3225580" lon="-70.3211140">
    <ele>118.7</ele>
   </trkpt>
   <trkpt lat="48.3225570" lon="-70.3211080">
    <ele>118.7</ele>
   </trkpt>
   <trkpt lat="48.3225570" lon="-70.3211080">
    <ele>118.7</ele>
   </trkpt>
   <trkpt lat="48.3225570" lon="-70.3211080">
    <ele>118.7</ele>
   </trkpt>
   <trkpt lat="48.3225570" lon="-70.3211080">
    <ele>118.7</ele>
   </trkpt>
   <trkpt lat="48.3225570" lon="-70.3211080">
    <ele>118.7</ele>
   </trkpt>
   <trkpt lat="48.3225550" lon="-70.3211040">
    <ele>118.7</ele>
   </trkpt>
   <trkpt lat="48.3225550" lon="-70.3211040">
    <ele>118.7</ele>
   </trkpt>
   <trkpt lat="48.3225550" lon="-70.3211040">
    <ele>118.7</ele>
   </trkpt>
   <trkpt lat="48.3225550" lon="-70.3211040">
    <ele>118.7</ele>
   </trkpt>
   <trkpt lat="48.3225550" lon="-70.3211040">
    <ele>118.7</ele>
   </trkpt>
   <trkpt lat="48.3225550" lon="-70.3211040">
    <ele>118.7</ele>
   </trkpt>
   <trkpt lat="48.3225550" lon="-70.3211040">
    <ele>118.7</ele>
   </trkpt>
   <trkpt lat="48.3225550" lon="-70.3211040">
    <ele>118.7</ele>
   </trkpt>
   <trkpt lat="48.3225550" lon="-70.3211040">
    <ele>118.7</ele>
   </trkpt>
   <trkpt lat="48.3225550" lon="-70.3211040">
    <ele>118.7</ele>
   </trkpt>
   <trkpt lat="48.3225550" lon="-70.3211040">
    <ele>118.7</ele>
   </trkpt>
   <trkpt lat="48.3225550" lon="-70.3211040">
    <ele>118.7</ele>
   </trkpt>
   <trkpt lat="48.3225550" lon="-70.3211040">
    <ele>118.7</ele>
   </trkpt>
   <trkpt lat="48.3225550" lon="-70.3211040">
    <ele>118.7</ele>
   </trkpt>
   <trkpt lat="48.3225550" lon="-70.3211040">
    <ele>118.7</ele>
   </trkpt>
   <trkpt lat="48.3225550" lon="-70.3211040">
    <ele>118.7</ele>
   </trkpt>
   <trkpt lat="48.3225550" lon="-70.3211040">
    <ele>118.7</ele>
   </trkpt>
   <trkpt lat="48.3225550" lon="-70.3211040">
    <ele>118.7</ele>
   </trkpt>
   <trkpt lat="48.3225550" lon="-70.3211040">
    <ele>118.7</ele>
   </trkpt>
   <trkpt lat="48.3225550" lon="-70.3211040">
    <ele>118.7</ele>
   </trkpt>
   <trkpt lat="48.3225550" lon="-70.3211040">
    <ele>118.7</ele>
   </trkpt>
   <trkpt lat="48.3225550" lon="-70.3211040">
    <ele>118.7</ele>
   </trkpt>
   <trkpt lat="48.3225550" lon="-70.3211040">
    <ele>118.7</ele>
   </trkpt>
   <trkpt lat="48.3225550" lon="-70.3211040">
    <ele>118.7</ele>
   </trkpt>
   <trkpt lat="48.3225550" lon="-70.3211040">
    <ele>118.7</ele>
   </trkpt>
   <trkpt lat="48.3225550" lon="-70.3211040">
    <ele>118.7</ele>
   </trkpt>
   <trkpt lat="48.3225550" lon="-70.3211040">
    <ele>118.7</ele>
   </trkpt>
   <trkpt lat="48.3225550" lon="-70.3211040">
    <ele>118.7</ele>
   </trkpt>
   <trkpt lat="48.3225550" lon="-70.3211040">
    <ele>118.7</ele>
   </trkpt>
   <trkpt lat="48.3225550" lon="-70.3211040">
    <ele>118.7</ele>
   </trkpt>
   <trkpt lat="48.3225550" lon="-70.3211040">
    <ele>118.7</ele>
   </trkpt>
   <trkpt lat="48.3225550" lon="-70.3211040">
    <ele>118.7</ele>
   </trkpt>
   <trkpt lat="48.3225550" lon="-70.3211040">
    <ele>118.7</ele>
   </trkpt>
   <trkpt lat="48.3225550" lon="-70.3211040">
    <ele>118.7</ele>
   </trkpt>
   <trkpt lat="48.3225550" lon="-70.3211040">
    <ele>118.7</ele>
   </trkpt>
   <trkpt lat="48.3225550" lon="-70.3211040">
    <ele>118.7</ele>
   </trkpt>
   <trkpt lat="48.3225550" lon="-70.3211040">
    <ele>118.7</ele>
   </trkpt>
   <trkpt lat="48.3225550" lon="-70.3211040">
    <ele>118.7</ele>
   </trkpt>
   <trkpt lat="48.3225550" lon="-70.3211040">
    <ele>118.7</ele>
   </trkpt>
   <trkpt lat="48.3225550" lon="-70.3211040">
    <ele>118.7</ele>
   </trkpt>
   <trkpt lat="48.3225570" lon="-70.3211040">
    <ele>118.7</ele>
   </trkpt>
   <trkpt lat="48.3225570" lon="-70.3211040">
    <ele>118.7</ele>
   </trkpt>
   <trkpt lat="48.3225560" lon="-70.3211050">
    <ele>118.7</ele>
   </trkpt>
   <trkpt lat="48.3225570" lon="-70.3211030">
    <ele>118.7</ele>
   </trkpt>
   <trkpt lat="48.3225560" lon="-70.3211040">
    <ele>118.7</ele>
   </trkpt>
   <trkpt lat="48.3225560" lon="-70.3211040">
    <ele>118.7</ele>
   </trkpt>
   <trkpt lat="48.3225560" lon="-70.3211040">
    <ele>118.7</ele>
   </trkpt>
   <trkpt lat="48.3225560" lon="-70.3211040">
    <ele>118.7</ele>
   </trkpt>
   <trkpt lat="48.3225560" lon="-70.3211040">
    <ele>118.7</ele>
   </trkpt>
   <trkpt lat="48.3225560" lon="-70.3211040">
    <ele>118.7</ele>
   </trkpt>
   <trkpt lat="48.3225580" lon="-70.3211040">
    <ele>118.7</ele>
   </trkpt>
   <trkpt lat="48.3225600" lon="-70.3211040">
    <ele>118.7</ele>
   </trkpt>
   <trkpt lat="48.3225590" lon="-70.3211030">
    <ele>118.7</ele>
   </trkpt>
   <trkpt lat="48.3225590" lon="-70.3211040">
    <ele>118.7</ele>
   </trkpt>
   <trkpt lat="48.3225600" lon="-70.3211030">
    <ele>118.7</ele>
   </trkpt>
   <trkpt lat="48.3225600" lon="-70.3211040">
    <ele>118.7</ele>
   </trkpt>
   <trkpt lat="48.3225600" lon="-70.3211040">
    <ele>118.7</ele>
   </trkpt>
   <trkpt lat="48.3225610" lon="-70.3211030">
    <ele>118.7</ele>
   </trkpt>
   <trkpt lat="48.3225630" lon="-70.3210980">
    <ele>118.7</ele>
   </trkpt>
   <trkpt lat="48.3225620" lon="-70.3210990">
    <ele>118.7</ele>
   </trkpt>
   <trkpt lat="48.3225620" lon="-70.3210970">
    <ele>118.7</ele>
   </trkpt>
   <trkpt lat="48.3225620" lon="-70.3210990">
    <ele>118.7</ele>
   </trkpt>
   <trkpt lat="48.3225620" lon="-70.3211010">
    <ele>118.7</ele>
   </trkpt>
   <trkpt lat="48.3225630" lon="-70.3211040">
    <ele>118.7</ele>
   </trkpt>
   <trkpt lat="48.3225630" lon="-70.3211040">
    <ele>118.7</ele>
   </trkpt>
   <trkpt lat="48.3225640" lon="-70.3211060">
    <ele>118.7</ele>
   </trkpt>
   <trkpt lat="48.3225650" lon="-70.3211090">
    <ele>118.7</ele>
   </trkpt>
   <trkpt lat="48.3225650" lon="-70.3211080">
    <ele>118.7</ele>
   </trkpt>
   <trkpt lat="48.3225650" lon="-70.3211080">
    <ele>118.7</ele>
   </trkpt>
   <trkpt lat="48.3225730" lon="-70.3211120">
    <ele>118.7</ele>
   </trkpt>
   <trkpt lat="48.3225820" lon="-70.3211160">
    <ele>118.7</ele>
   </trkpt>
   <trkpt lat="48.3225910" lon="-70.3211220">
    <ele>118.7</ele>
   </trkpt>
   <trkpt lat="48.3225960" lon="-70.3211300">
    <ele>118.7</ele>
   </trkpt>
   <trkpt lat="48.3226040" lon="-70.3211310">
    <ele>118.6</ele>
   </trkpt>
   <trkpt lat="48.3226030" lon="-70.3211350">
    <ele>118.6</ele>
   </trkpt>
   <trkpt lat="48.3226050" lon="-70.3211320">
    <ele>118.6</ele>
   </trkpt>
   <trkpt lat="48.3226060" lon="-70.3211330">
    <ele>118.6</ele>
   </trkpt>
   <trkpt lat="48.3226060" lon="-70.3211360">
    <ele>118.6</ele>
   </trkpt>
   <trkpt lat="48.3226060" lon="-70.3211370">
    <ele>118.6</ele>
   </trkpt>
   <trkpt lat="48.3226060" lon="-70.3211360">
    <ele>118.6</ele>
   </trkpt>
   <trkpt lat="48.3226070" lon="-70.3211380">
    <ele>118.6</ele>
   </trkpt>
   <trkpt lat="48.3226080" lon="-70.3211390">
    <ele>118.6</ele>
   </trkpt>
   <trkpt lat="48.3226090" lon="-70.3211400">
    <ele>118.6</ele>
   </trkpt>
   <trkpt lat="48.3226100" lon="-70.3211390">
    <ele>118.6</ele>
   </trkpt>
   <trkpt lat="48.3226090" lon="-70.3211420">
    <ele>118.6</ele>
   </trkpt>
   <trkpt lat="48.3226110" lon="-70.3211450">
    <ele>118.6</ele>
   </trkpt>
   <trkpt lat="48.3226100" lon="-70.3211460">
    <ele>118.6</ele>
   </trkpt>
   <trkpt lat="48.3226100" lon="-70.3211450">
    <ele>118.6</ele>
   </trkpt>
   <trkpt lat="48.3226100" lon="-70.3211470">
    <ele>118.6</ele>
   </trkpt>
   <trkpt lat="48.3226090" lon="-70.3211490">
    <ele>118.6</ele>
   </trkpt>
   <trkpt lat="48.3226090" lon="-70.3211500">
    <ele>118.6</ele>
   </trkpt>
   <trkpt lat="48.3226090" lon="-70.3211500">
    <ele>118.6</ele>
   </trkpt>
   <trkpt lat="48.3226090" lon="-70.3211500">
    <ele>118.6</ele>
   </trkpt>
   <trkpt lat="48.3226090" lon="-70.3211500">
    <ele>118.6</ele>
   </trkpt>
   <trkpt lat="48.3226120" lon="-70.3211520">
    <ele>118.6</ele>
   </trkpt>
   <trkpt lat="48.3226130" lon="-70.3211530">
    <ele>118.6</ele>
   </trkpt>
   <trkpt lat="48.3226130" lon="-70.3211500">
    <ele>118.6</ele>
   </trkpt>
   <trkpt lat="48.3226130" lon="-70.3211470">
    <ele>118.6</ele>
   </trkpt>
   <trkpt lat="48.3226130" lon="-70.3211470">
    <ele>118.6</ele>
   </trkpt>
   <trkpt lat="48.3226130" lon="-70.3211460">
    <ele>118.6</ele>
   </trkpt>
   <trkpt lat="48.3226130" lon="-70.3211460">
    <ele>118.6</ele>
   </trkpt>
   <trkpt lat="48.3226130" lon="-70.3211460">
    <ele>118.6</ele>
   </trkpt>
   <trkpt lat="48.3226130" lon="-70.3211460">
    <ele>118.6</ele>
   </trkpt>
   <trkpt lat="48.3226130" lon="-70.3211460">
    <ele>118.6</ele>
   </trkpt>
   <trkpt lat="48.3226120" lon="-70.3211410">
    <ele>118.6</ele>
   </trkpt>
   <trkpt lat="48.3226120" lon="-70.3211420">
    <ele>118.6</ele>
   </trkpt>
   <trkpt lat="48.3226100" lon="-70.3211450">
    <ele>118.6</ele>
   </trkpt>
   <trkpt lat="48.3226110" lon="-70.3211450">
    <ele>118.6</ele>
   </trkpt>
   <trkpt lat="48.3226110" lon="-70.3211450">
    <ele>118.6</ele>
   </trkpt>
   <trkpt lat="48.3226110" lon="-70.3211450">
    <ele>118.6</ele>
   </trkpt>
   <trkpt lat="48.3226110" lon="-70.3211450">
    <ele>118.6</ele>
   </trkpt>
   <trkpt lat="48.3226110" lon="-70.3211460">
    <ele>118.6</ele>
   </trkpt>
   <trkpt lat="48.3226120" lon="-70.3211470">
    <ele>118.6</ele>
   </trkpt>
   <trkpt lat="48.3226110" lon="-70.3211480">
    <ele>118.6</ele>
   </trkpt>
   <trkpt lat="48.3226110" lon="-70.3211480">
    <ele>118.6</ele>
   </trkpt>
   <trkpt lat="48.3226110" lon="-70.3211470">
    <ele>118.6</ele>
   </trkpt>
   <trkpt lat="48.3226110" lon="-70.3211470">
    <ele>118.6</ele>
   </trkpt>
   <trkpt lat="48.3226110" lon="-70.3211480">
    <ele>118.6</ele>
   </trkpt>
   <trkpt lat="48.3226110" lon="-70.3211470">
    <ele>118.6</ele>
   </trkpt>
   <trkpt lat="48.3226110" lon="-70.3211470">
    <ele>118.6</ele>
   </trkpt>
   <trkpt lat="48.3226100" lon="-70.3211480">
    <ele>118.6</ele>
   </trkpt>
   <trkpt lat="48.3226100" lon="-70.3211480">
    <ele>118.6</ele>
   </trkpt>
   <trkpt lat="48.3226080" lon="-70.3211490">
    <ele>118.6</ele>
   </trkpt>
   <trkpt lat="48.3226090" lon="-70.3211480">
    <ele>118.6</ele>
   </trkpt>
   <trkpt lat="48.3226100" lon="-70.3211450">
    <ele>118.6</ele>
   </trkpt>
   <trkpt lat="48.3226090" lon="-70.3211440">
    <ele>118.6</ele>
   </trkpt>
   <trkpt lat="48.3226090" lon="-70.3211440">
    <ele>118.6</ele>
   </trkpt>
   <trkpt lat="48.3226090" lon="-70.3211440">
    <ele>118.6</ele>
   </trkpt>
   <trkpt lat="48.3226090" lon="-70.3211430">
    <ele>118.6</ele>
   </trkpt>
   <trkpt lat="48.3226090" lon="-70.3211420">
    <ele>118.6</ele>
   </trkpt>
   <trkpt lat="48.3226090" lon="-70.3211410">
    <ele>118.6</ele>
   </trkpt>
   <trkpt lat="48.3226100" lon="-70.3211420">
    <ele>118.6</ele>
   </trkpt>
   <trkpt lat="48.3226090" lon="-70.3211400">
    <ele>118.6</ele>
   </trkpt>
   <trkpt lat="48.3226110" lon="-70.3211390">
    <ele>118.6</ele>
   </trkpt>
   <trkpt lat="48.3226110" lon="-70.3211390">
    <ele>118.6</ele>
   </trkpt>
   <trkpt lat="48.3226110" lon="-70.3211380">
    <ele>118.6</ele>
   </trkpt>
   <trkpt lat="48.3226130" lon="-70.3211390">
    <ele>118.6</ele>
   </trkpt>
   <trkpt lat="48.3226130" lon="-70.3211380">
    <ele>118.6</ele>
   </trkpt>
   <trkpt lat="48.3226140" lon="-70.3211370">
    <ele>118.6</ele>
   </trkpt>
   <trkpt lat="48.3226140" lon="-70.3211370">
    <ele>118.6</ele>
   </trkpt>
   <trkpt lat="48.3226150" lon="-70.3211340">
    <ele>118.5</ele>
   </trkpt>
   <trkpt lat="48.3226140" lon="-70.3211350">
    <ele>118.5</ele>
   </trkpt>
   <trkpt lat="48.3226140" lon="-70.3211350">
    <ele>118.5</ele>
   </trkpt>
   <trkpt lat="48.3226150" lon="-70.3211330">
    <ele>118.5</ele>
   </trkpt>
   <trkpt lat="48.3226150" lon="-70.3211330">
    <ele>118.5</ele>
   </trkpt>
   <trkpt lat="48.3226140" lon="-70.3211310">
    <ele>118.5</ele>
   </trkpt>
   <trkpt lat="48.3226140" lon="-70.3211300">
    <ele>118.5</ele>
   </trkpt>
   <trkpt lat="48.3226140" lon="-70.3211290">
    <ele>118.5</ele>
   </trkpt>
   <trkpt lat="48.3226140" lon="-70.3211260">
    <ele>118.5</ele>
   </trkpt>
   <trkpt lat="48.3226120" lon="-70.3211270">
    <ele>118.5</ele>
   </trkpt>
   <trkpt lat="48.3226130" lon="-70.3211280">
    <ele>118.5</ele>
   </trkpt>
   <trkpt lat="48.3226130" lon="-70.3211300">
    <ele>118.5</ele>
   </trkpt>
   <trkpt lat="48.3226120" lon="-70.3211290">
    <ele>118.5</ele>
   </trkpt>
   <trkpt lat="48.3226120" lon="-70.3211290">
    <ele>118.5</ele>
   </trkpt>
   <trkpt lat="48.3226120" lon="-70.3211290">
    <ele>118.5</ele>
   </trkpt>
   <trkpt lat="48.3226120" lon="-70.3211290">
    <ele>118.5</ele>
   </trkpt>
   <trkpt lat="48.3226120" lon="-70.3211310">
    <ele>118.5</ele>
   </trkpt>
   <trkpt lat="48.3226120" lon="-70.3211300">
    <ele>118.5</ele>
   </trkpt>
   <trkpt lat="48.3226150" lon="-70.3211310">
    <ele>118.5</ele>
   </trkpt>
   <trkpt lat="48.3226140" lon="-70.3211280">
    <ele>118.5</ele>
   </trkpt>
   <trkpt lat="48.3226150" lon="-70.3211270">
    <ele>118.5</ele>
   </trkpt>
   <trkpt lat="48.3226140" lon="-70.3211280">
    <ele>118.5</ele>
   </trkpt>
   <trkpt lat="48.3226130" lon="-70.3211270">
    <ele>118.5</ele>
   </trkpt>
   <trkpt lat="48.3226130" lon="-70.3211270">
    <ele>118.5</ele>
   </trkpt>
   <trkpt lat="48.3226110" lon="-70.3211270">
    <ele>118.5</ele>
   </trkpt>
   <trkpt lat="48.3226110" lon="-70.3211270">
    <ele>118.5</ele>
   </trkpt>
   <trkpt lat="48.3226110" lon="-70.3211280">
    <ele>118.5</ele>
   </trkpt>
   <trkpt lat="48.3226110" lon="-70.3211280">
    <ele>118.5</ele>
   </trkpt>
   <trkpt lat="48.3226110" lon="-70.3211280">
    <ele>118.5</ele>
   </trkpt>
   <trkpt lat="48.3226110" lon="-70.3211280">
    <ele>118.5</ele>
   </trkpt>
   <trkpt lat="48.3226100" lon="-70.3211290">
    <ele>118.5</ele>
   </trkpt>
   <trkpt lat="48.3226100" lon="-70.3211290">
    <ele>118.5</ele>
   </trkpt>
   <trkpt lat="48.3226100" lon="-70.3211290">
    <ele>118.5</ele>
   </trkpt>
   <trkpt lat="48.3226100" lon="-70.3211290">
    <ele>118.5</ele>
   </trkpt>
   <trkpt lat="48.3226100" lon="-70.3211290">
    <ele>118.5</ele>
   </trkpt>
   <trkpt lat="48.3226100" lon="-70.3211290">
    <ele>118.5</ele>
   </trkpt>
   <trkpt lat="48.3226100" lon="-70.3211290">
    <ele>118.5</ele>
   </trkpt>
   <trkpt lat="48.3226100" lon="-70.3211290">
    <ele>118.5</ele>
   </trkpt>
   <trkpt lat="48.3226110" lon="-70.3211330">
    <ele>118.5</ele>
   </trkpt>
   <trkpt lat="48.3226120" lon="-70.3211330">
    <ele>118.5</ele>
   </trkpt>
   <trkpt lat="48.3226120" lon="-70.3211330">
    <ele>118.5</ele>
   </trkpt>
   <trkpt lat="48.3226130" lon="-70.3211330">
    <ele>118.5</ele>
   </trkpt>
   <trkpt lat="48.3226130" lon="-70.3211330">
    <ele>118.5</ele>
   </trkpt>
   <trkpt lat="48.3226130" lon="-70.3211330">
    <ele>118.5</ele>
   </trkpt>
   <trkpt lat="48.3226130" lon="-70.3211330">
    <ele>118.5</ele>
   </trkpt>
   <trkpt lat="48.3226130" lon="-70.3211330">
    <ele>118.5</ele>
   </trkpt>
   <trkpt lat="48.3226130" lon="-70.3211320">
    <ele>118.5</ele>
   </trkpt>
   <trkpt lat="48.3226130" lon="-70.3211320">
    <ele>118.5</ele>
   </trkpt>
   <trkpt lat="48.3226130" lon="-70.3211320">
    <ele>118.5</ele>
   </trkpt>
   <trkpt lat="48.3226130" lon="-70.3211320">
    <ele>118.5</ele>
   </trkpt>
   <trkpt lat="48.3226140" lon="-70.3211280">
    <ele>118.5</ele>
   </trkpt>
   <trkpt lat="48.3226140" lon="-70.3211260">
    <ele>118.5</ele>
   </trkpt>
   <trkpt lat="48.3226130" lon="-70.3211250">
    <ele>118.5</ele>
   </trkpt>
   <trkpt lat="48.3226140" lon="-70.3211250">
    <ele>118.5</ele>
   </trkpt>
   <trkpt lat="48.3226140" lon="-70.3211250">
    <ele>118.5</ele>
   </trkpt>
   <trkpt lat="48.3226120" lon="-70.3211230">
    <ele>118.5</ele>
   </trkpt>
   <trkpt lat="48.3226120" lon="-70.3211230">
    <ele>118.5</ele>
   </trkpt>
   <trkpt lat="48.3226120" lon="-70.3211230">
    <ele>118.5</ele>
   </trkpt>
   <trkpt lat="48.3226100" lon="-70.3211210">
    <ele>118.5</ele>
   </trkpt>
   <trkpt lat="48.3226100" lon="-70.3211210">
    <ele>118.5</ele>
   </trkpt>
   <trkpt lat="48.3226100" lon="-70.3211210">
    <ele>118.5</ele>
   </trkpt>
   <trkpt lat="48.3226110" lon="-70.3211200">
    <ele>118.5</ele>
   </trkpt>
   <trkpt lat="48.3226100" lon="-70.3211200">
    <ele>118.5</ele>
   </trkpt>
   <trkpt lat="48.3226100" lon="-70.3211210">
    <ele>118.5</ele>
   </trkpt>
   <trkpt lat="48.3226090" lon="-70.3211210">
    <ele>118.5</ele>
   </trkpt>
   <trkpt lat="48.3226090" lon="-70.3211210">
    <ele>118.5</ele>
   </trkpt>
   <trkpt lat="48.3226090" lon="-70.3211210">
    <ele>118.5</ele>
   </trkpt>
   <trkpt lat="48.3226090" lon="-70.3211220">
    <ele>118.5</ele>
   </trkpt>
   <trkpt lat="48.3226090" lon="-70.3211220">
    <ele>118.5</ele>
   </trkpt>
   <trkpt lat="48.3226090" lon="-70.3211220">
    <ele>118.5</ele>
   </trkpt>
   <trkpt lat="48.3226090" lon="-70.3211220">
    <ele>118.5</ele>
   </trkpt>
   <trkpt lat="48.3226090" lon="-70.3211220">
    <ele>118.5</ele>
   </trkpt>
   <trkpt lat="48.3226090" lon="-70.3211220">
    <ele>118.5</ele>
   </trkpt>
   <trkpt lat="48.3226090" lon="-70.3211220">
    <ele>118.5</ele>
   </trkpt>
   <trkpt lat="48.3226120" lon="-70.3211230">
    <ele>118.5</ele>
   </trkpt>
   <trkpt lat="48.3226120" lon="-70.3211220">
    <ele>118.5</ele>
   </trkpt>
   <trkpt lat="48.3226120" lon="-70.3211220">
    <ele>118.5</ele>
   </trkpt>
   <trkpt lat="48.3226120" lon="-70.3211220">
    <ele>118.5</ele>
   </trkpt>
   <trkpt lat="48.3226120" lon="-70.3211220">
    <ele>118.5</ele>
   </trkpt>
   <trkpt lat="48.3226120" lon="-70.3211220">
    <ele>118.5</ele>
   </trkpt>
   <trkpt lat="48.3226120" lon="-70.3211220">
    <ele>118.5</ele>
   </trkpt>
   <trkpt lat="48.3226120" lon="-70.3211220">
    <ele>118.5</ele>
   </trkpt>
   <trkpt lat="48.3226120" lon="-70.3211220">
    <ele>118.5</ele>
   </trkpt>
   <trkpt lat="48.3226120" lon="-70.3211220">
    <ele>118.5</ele>
   </trkpt>
   <trkpt lat="48.3226120" lon="-70.3211220">
    <ele>118.5</ele>
   </trkpt>
   <trkpt lat="48.3226140" lon="-70.3211250">
    <ele>118.4</ele>
   </trkpt>
   <trkpt lat="48.3226130" lon="-70.3211250">
    <ele>118.4</ele>
   </trkpt>
   <trkpt lat="48.3226130" lon="-70.3211250">
    <ele>118.4</ele>
   </trkpt>
   <trkpt lat="48.3226130" lon="-70.3211250">
    <ele>118.4</ele>
   </trkpt>
   <trkpt lat="48.3226130" lon="-70.3211250">
    <ele>118.4</ele>
   </trkpt>
   <trkpt lat="48.3226130" lon="-70.3211250">
    <ele>118.4</ele>
   </trkpt>
   <trkpt lat="48.3226130" lon="-70.3211250">
    <ele>118.4</ele>
   </trkpt>
   <trkpt lat="48.3226130" lon="-70.3211250">
    <ele>118.4</ele>
   </trkpt>
   <trkpt lat="48.3226130" lon="-70.3211250">
    <ele>118.4</ele>
   </trkpt>
   <trkpt lat="48.3226130" lon="-70.3211250">
    <ele>118.4</ele>
   </trkpt>
   <trkpt lat="48.3226130" lon="-70.3211250">
    <ele>118.4</ele>
   </trkpt>
   <trkpt lat="48.3226130" lon="-70.3211250">
    <ele>118.4</ele>
   </trkpt>
   <trkpt lat="48.3226130" lon="-70.3211250">
    <ele>118.4</ele>
   </trkpt>
   <trkpt lat="48.3226130" lon="-70.3211250">
    <ele>118.4</ele>
   </trkpt>
   <trkpt lat="48.3226130" lon="-70.3211250">
    <ele>118.4</ele>
   </trkpt>
   <trkpt lat="48.3226130" lon="-70.3211250">
    <ele>118.4</ele>
   </trkpt>
   <trkpt lat="48.3226130" lon="-70.3211250">
    <ele>118.4</ele>
   </trkpt>
   <trkpt lat="48.3226130" lon="-70.3211250">
    <ele>118.4</ele>
   </trkpt>
   <trkpt lat="48.3226130" lon="-70.3211250">
    <ele>118.4</ele>
   </trkpt>
   <trkpt lat="48.3226130" lon="-70.3211250">
    <ele>118.4</ele>
   </trkpt>
   <trkpt lat="48.3226130" lon="-70.3211250">
    <ele>118.4</ele>
   </trkpt>
   <trkpt lat="48.3226140" lon="-70.3211310">
    <ele>118.4</ele>
   </trkpt>
   <trkpt lat="48.3226140" lon="-70.3211310">
    <ele>118.4</ele>
   </trkpt>
   <trkpt lat="48.3226140" lon="-70.3211310">
    <ele>118.4</ele>
   </trkpt>
   <trkpt lat="48.3226140" lon="-70.3211310">
    <ele>118.4</ele>
   </trkpt>
   <trkpt lat="48.3226140" lon="-70.3211310">
    <ele>118.4</ele>
   </trkpt>
   <trkpt lat="48.3226140" lon="-70.3211310">
    <ele>118.4</ele>
   </trkpt>
   <trkpt lat="48.3226140" lon="-70.3211310">
    <ele>118.4</ele>
   </trkpt>
   <trkpt lat="48.3226140" lon="-70.3211310">
    <ele>118.4</ele>
   </trkpt>
   <trkpt lat="48.3226140" lon="-70.3211310">
    <ele>118.4</ele>
   </trkpt>
   <trkpt lat="48.3226140" lon="-70.3211310">
    <ele>118.4</ele>
   </trkpt>
   <trkpt lat="48.3226140" lon="-70.3211310">
    <ele>118.4</ele>
   </trkpt>
   <trkpt lat="48.3226140" lon="-70.3211310">
    <ele>118.4</ele>
   </trkpt>
   <trkpt lat="48.3226140" lon="-70.3211310">
    <ele>118.4</ele>
   </trkpt>
   <trkpt lat="48.3226140" lon="-70.3211310">
    <ele>118.4</ele>
   </trkpt>
   <trkpt lat="48.3226140" lon="-70.3211370">
    <ele>118.4</ele>
   </trkpt>
   <trkpt lat="48.3226120" lon="-70.3211410">
    <ele>118.4</ele>
   </trkpt>
   <trkpt lat="48.3226140" lon="-70.3211410">
    <ele>118.4</ele>
   </trkpt>
   <trkpt lat="48.3226140" lon="-70.3211400">
    <ele>118.4</ele>
   </trkpt>
   <trkpt lat="48.3226140" lon="-70.3211400">
    <ele>118.4</ele>
   </trkpt>
   <trkpt lat="48.3226140" lon="-70.3211400">
    <ele>118.4</ele>
   </trkpt>
   <trkpt lat="48.3226130" lon="-70.3211400">
    <ele>118.4</ele>
   </trkpt>
   <trkpt lat="48.3226130" lon="-70.3211390">
    <ele>118.4</ele>
   </trkpt>
   <trkpt lat="48.3226130" lon="-70.3211390">
    <ele>118.4</ele>
   </trkpt>
   <trkpt lat="48.3226130" lon="-70.3211390">
    <ele>118.4</ele>
   </trkpt>
   <trkpt lat="48.3226110" lon="-70.3211400">
    <ele>118.4</ele>
   </trkpt>
   <trkpt lat="48.3226100" lon="-70.3211410">
    <ele>118.4</ele>
   </trkpt>
   <trkpt lat="48.3226110" lon="-70.3211420">
    <ele>118.4</ele>
   </trkpt>
   <trkpt lat="48.3226090" lon="-70.3211390">
    <ele>118.4</ele>
   </trkpt>
   <trkpt lat="48.3226100" lon="-70.3211400">
    <ele>118.4</ele>
   </trkpt>
   <trkpt lat="48.3226100" lon="-70.3211380">
    <ele>118.4</ele>
   </trkpt>
   <trkpt lat="48.3226100" lon="-70.3211380">
    <ele>118.4</ele>
   </trkpt>
   <trkpt lat="48.3226100" lon="-70.3211370">
    <ele>118.4</ele>
   </trkpt>
   <trkpt lat="48.3226100" lon="-70.3211370">
    <ele>118.4</ele>
   </trkpt>
   <trkpt lat="48.3226080" lon="-70.3211380">
    <ele>118.4</ele>
   </trkpt>
   <trkpt lat="48.3226090" lon="-70.3211390">
    <ele>118.4</ele>
   </trkpt>
   <trkpt lat="48.3226080" lon="-70.3211390">
    <ele>118.4</ele>
   </trkpt>
   <trkpt lat="48.3226080" lon="-70.3211410">
    <ele>118.4</ele>
   </trkpt>
   <trkpt lat="48.3226080" lon="-70.3211410">
    <ele>118.4</ele>
   </trkpt>
   <trkpt lat="48.3226080" lon="-70.3211410">
    <ele>118.4</ele>
   </trkpt>
   <trkpt lat="48.3226080" lon="-70.3211410">
    <ele>118.4</ele>
   </trkpt>
   <trkpt lat="48.3226080" lon="-70.3211410">
    <ele>118.4</ele>
   </trkpt>
   <trkpt lat="48.3226080" lon="-70.3211410">
    <ele>118.4</ele>
   </trkpt>
   <trkpt lat="48.3226080" lon="-70.3211410">
    <ele>118.4</ele>
   </trkpt>
   <trkpt lat="48.3226080" lon="-70.3211410">
    <ele>118.4</ele>
   </trkpt>
   <trkpt lat="48.3226070" lon="-70.3211490">
    <ele>118.4</ele>
   </trkpt>
   <trkpt lat="48.3226070" lon="-70.3211490">
    <ele>118.4</ele>
   </trkpt>
   <trkpt lat="48.3226070" lon="-70.3211490">
    <ele>118.4</ele>
   </trkpt>
   <trkpt lat="48.3226070" lon="-70.3211480">
    <ele>118.4</ele>
   </trkpt>
   <trkpt lat="48.3226080" lon="-70.3211470">
    <ele>118.4</ele>
   </trkpt>
   <trkpt lat="48.3226070" lon="-70.3211460">
    <ele>118.4</ele>
   </trkpt>
   <trkpt lat="48.3226070" lon="-70.3211460">
    <ele>118.4</ele>
   </trkpt>
   <trkpt lat="48.3226070" lon="-70.3211460">
    <ele>118.4</ele>
   </trkpt>
   <trkpt lat="48.3226080" lon="-70.3211440">
    <ele>118.4</ele>
   </trkpt>
   <trkpt lat="48.3226080" lon="-70.3211440">
    <ele>118.4</ele>
   </trkpt>
   <trkpt lat="48.3226080" lon="-70.3211430">
    <ele>118.4</ele>
   </trkpt>
   <trkpt lat="48.3226080" lon="-70.3211430">
    <ele>118.4</ele>
   </trkpt>
   <trkpt lat="48.3226080" lon="-70.3211430">
    <ele>118.4</ele>
   </trkpt>
   <trkpt lat="48.3226080" lon="-70.3211430">
    <ele>118.4</ele>
   </trkpt>
   <trkpt lat="48.3226090" lon="-70.3211410">
    <ele>118.4</ele>
   </trkpt>
   <trkpt lat="48.3226090" lon="-70.3211410">
    <ele>118.4</ele>
   </trkpt>
   <trkpt lat="48.3226090" lon="-70.3211410">
    <ele>118.4</ele>
   </trkpt>
   <trkpt lat="48.3226090" lon="-70.3211410">
    <ele>118.4</ele>
   </trkpt>
   <trkpt lat="48.3226100" lon="-70.3211410">
    <ele>118.4</ele>
   </trkpt>
   <trkpt lat="48.3226100" lon="-70.3211410">
    <ele>118.4</ele>
   </trkpt>
   <trkpt lat="48.3226100" lon="-70.3211410">
    <ele>118.4</ele>
   </trkpt>
   <trkpt lat="48.3226100" lon="-70.3211410">
    <ele>118.4</ele>
   </trkpt>
   <trkpt lat="48.3226100" lon="-70.3211390">
    <ele>118.4</ele>
   </trkpt>
   <trkpt lat="48.3226100" lon="-70.3211410">
    <ele>118.4</ele>
   </trkpt>
   <trkpt lat="48.3226120" lon="-70.3211400">
    <ele>118.3</ele>
   </trkpt>
   <trkpt lat="48.3226120" lon="-70.3211390">
    <ele>118.3</ele>
   </trkpt>
   <trkpt lat="48.3226130" lon="-70.3211380">
    <ele>118.3</ele>
   </trkpt>
   <trkpt lat="48.3226140" lon="-70.3211390">
    <ele>118.3</ele>
   </trkpt>
   <trkpt lat="48.3226140" lon="-70.3211390">
    <ele>118.3</ele>
   </trkpt>
   <trkpt lat="48.3226140" lon="-70.3211390">
    <ele>118.3</ele>
   </trkpt>
   <trkpt lat="48.3226160" lon="-70.3211380">
    <ele>118.3</ele>
   </trkpt>
   <trkpt lat="48.3226150" lon="-70.3211380">
    <ele>118.3</ele>
   </trkpt>
   <trkpt lat="48.3226150" lon="-70.3211380">
    <ele>118.3</ele>
   </trkpt>
   <trkpt lat="48.3226150" lon="-70.3211380">
    <ele>118.3</ele>
   </trkpt>
   <trkpt lat="48.3226150" lon="-70.3211380">
    <ele>118.3</ele>
   </trkpt>
   <trkpt lat="48.3226150" lon="-70.3211380">
    <ele>118.3</ele>
   </trkpt>
   <trkpt lat="48.3226150" lon="-70.3211380">
    <ele>118.3</ele>
   </trkpt>
   <trkpt lat="48.3226150" lon="-70.3211380">
    <ele>118.3</ele>
   </trkpt>
   <trkpt lat="48.3226150" lon="-70.3211380">
    <ele>118.3</ele>
   </trkpt>
   <trkpt lat="48.3226150" lon="-70.3211380">
    <ele>118.3</ele>
   </trkpt>
   <trkpt lat="48.3226150" lon="-70.3211380">
    <ele>118.3</ele>
   </trkpt>
   <trkpt lat="48.3226150" lon="-70.3211380">
    <ele>118.3</ele>
   </trkpt>
   <trkpt lat="48.3226150" lon="-70.3211380">
    <ele>118.3</ele>
   </trkpt>
   <trkpt lat="48.3226150" lon="-70.3211380">
    <ele>118.3</ele>
   </trkpt>
   <trkpt lat="48.3226150" lon="-70.3211380">
    <ele>118.3</ele>
   </trkpt>
   <trkpt lat="48.3226150" lon="-70.3211380">
    <ele>118.3</ele>
   </trkpt>
   <trkpt lat="48.3226150" lon="-70.3211380">
    <ele>118.3</ele>
   </trkpt>
   <trkpt lat="48.3226150" lon="-70.3211380">
    <ele>118.3</ele>
   </trkpt>
   <trkpt lat="48.3226140" lon="-70.3211480">
    <ele>118.3</ele>
   </trkpt>
   <trkpt lat="48.3226140" lon="-70.3211480">
    <ele>118.3</ele>
   </trkpt>
   <trkpt lat="48.3226140" lon="-70.3211480">
    <ele>118.3</ele>
   </trkpt>
   <trkpt lat="48.3226140" lon="-70.3211480">
    <ele>118.3</ele>
   </trkpt>
   <trkpt lat="48.3226130" lon="-70.3211470">
    <ele>118.3</ele>
   </trkpt>
   <trkpt lat="48.3226120" lon="-70.3211480">
    <ele>118.3</ele>
   </trkpt>
   <trkpt lat="48.3226110" lon="-70.3211470">
    <ele>118.3</ele>
   </trkpt>
   <trkpt lat="48.3226100" lon="-70.3211480">
    <ele>118.3</ele>
   </trkpt>
   <trkpt lat="48.3226100" lon="-70.3211460">
    <ele>118.3</ele>
   </trkpt>
   <trkpt lat="48.3226100" lon="-70.3211450">
    <ele>118.3</ele>
   </trkpt>
   <trkpt lat="48.3226110" lon="-70.3211460">
    <ele>118.3</ele>
   </trkpt>
   <trkpt lat="48.3226100" lon="-70.3211480">
    <ele>118.3</ele>
   </trkpt>
   <trkpt lat="48.3226110" lon="-70.3211460">
    <ele>118.3</ele>
   </trkpt>
   <trkpt lat="48.3226120" lon="-70.3211450">
    <ele>118.3</ele>
   </trkpt>
   <trkpt lat="48.3226130" lon="-70.3211470">
    <ele>118.3</ele>
   </trkpt>
   <trkpt lat="48.3226160" lon="-70.3211540">
    <ele>118.2</ele>
   </trkpt>
   <trkpt lat="48.3226140" lon="-70.3211520">
    <ele>118.2</ele>
   </trkpt>
   <trkpt lat="48.3226130" lon="-70.3211580">
    <ele>118.2</ele>
   </trkpt>
   <trkpt lat="48.3226120" lon="-70.3211540">
    <ele>118.2</ele>
   </trkpt>
   <trkpt lat="48.3226130" lon="-70.3211480">
    <ele>118.2</ele>
   </trkpt>
   <trkpt lat="48.3226130" lon="-70.3211470">
    <ele>118.2</ele>
   </trkpt>
   <trkpt lat="48.3226150" lon="-70.3211500">
    <ele>118.2</ele>
   </trkpt>
   <trkpt lat="48.3226150" lon="-70.3211490">
    <ele>118.2</ele>
   </trkpt>
   <trkpt lat="48.3226160" lon="-70.3211490">
    <ele>118.2</ele>
   </trkpt>
   <trkpt lat="48.3226170" lon="-70.3211490">
    <ele>118.2</ele>
   </trkpt>
   <trkpt lat="48.3226170" lon="-70.3211490">
    <ele>118.2</ele>
   </trkpt>
   <trkpt lat="48.3226190" lon="-70.3211490">
    <ele>118.2</ele>
   </trkpt>
   <trkpt lat="48.3226180" lon="-70.3211490">
    <ele>118.2</ele>
   </trkpt>
   <trkpt lat="48.3226190" lon="-70.3211480">
    <ele>118.2</ele>
   </trkpt>
   <trkpt lat="48.3226180" lon="-70.3211490">
    <ele>118.2</ele>
   </trkpt>
   <trkpt lat="48.3226190" lon="-70.3211520">
    <ele>118.1</ele>
   </trkpt>
   <trkpt lat="48.3226190" lon="-70.3211560">
    <ele>118.1</ele>
   </trkpt>
   <trkpt lat="48.3226150" lon="-70.3211560">
    <ele>118.1</ele>
   </trkpt>
   <trkpt lat="48.3226260" lon="-70.3211640">
    <ele>118.1</ele>
   </trkpt>
   <trkpt lat="48.3226310" lon="-70.3211670">
    <ele>118.0</ele>
   </trkpt>
   <trkpt lat="48.3226320" lon="-70.3211560">
    <ele>118.0</ele>
   </trkpt>
   <trkpt lat="48.3226270" lon="-70.3211590">
    <ele>118.0</ele>
   </trkpt>
   <trkpt lat="48.3226280" lon="-70.3211600">
    <ele>118.0</ele>
   </trkpt>
   <trkpt lat="48.3226260" lon="-70.3211600">
    <ele>117.9</ele>
   </trkpt>
   <trkpt lat="48.3226240" lon="-70.3211580">
    <ele>117.9</ele>
   </trkpt>
   <trkpt lat="48.3226250" lon="-70.3211570">
    <ele>117.9</ele>
   </trkpt>
   <trkpt lat="48.3226230" lon="-70.3211570">
    <ele>117.9</ele>
   </trkpt>
   <trkpt lat="48.3226230" lon="-70.3211570">
    <ele>117.9</ele>
   </trkpt>
   <trkpt lat="48.3226240" lon="-70.3211550">
    <ele>117.9</ele>
   </trkpt>
   <trkpt lat="48.3226220" lon="-70.3211530">
    <ele>117.9</ele>
   </trkpt>
   <trkpt lat="48.3226170" lon="-70.3211540">
    <ele>117.9</ele>
   </trkpt>
   <trkpt lat="48.3226110" lon="-70.3211540">
    <ele>117.8</ele>
   </trkpt>
   <trkpt lat="48.3226030" lon="-70.3211570">
    <ele>117.8</ele>
   </trkpt>
   <trkpt lat="48.3226010" lon="-70.3211540">
    <ele>117.8</ele>
   </trkpt>
   <trkpt lat="48.3225980" lon="-70.3211560">
    <ele>117.8</ele>
   </trkpt>
   <trkpt lat="48.3225970" lon="-70.3211570">
    <ele>117.8</ele>
   </trkpt>
   <trkpt lat="48.3225960" lon="-70.3211500">
    <ele>117.7</ele>
   </trkpt>
   <trkpt lat="48.3225900" lon="-70.3211470">
    <ele>117.7</ele>
   </trkpt>
   <trkpt lat="48.3225930" lon="-70.3211410">
    <ele>117.6</ele>
   </trkpt>
   <trkpt lat="48.3225980" lon="-70.3211340">
    <ele>117.6</ele>
   </trkpt>
   <trkpt lat="48.3225940" lon="-70.3211370">
    <ele>117.6</ele>
   </trkpt>
   <trkpt lat="48.3225970" lon="-70.3211330">
    <ele>117.5</ele>
   </trkpt>
   <trkpt lat="48.3225970" lon="-70.3211320">
    <ele>117.5</ele>
   </trkpt>
   <trkpt lat="48.3225970" lon="-70.3211250">
    <ele>117.5</ele>
   </trkpt>
   <trkpt lat="48.3225930" lon="-70.3211220">
    <ele>117.5</ele>
   </trkpt>
   <trkpt lat="48.3225940" lon="-70.3211200">
    <ele>117.5</ele>
   </trkpt>
   <trkpt lat="48.3225950" lon="-70.3211180">
    <ele>117.5</ele>
   </trkpt>
   <trkpt lat="48.3225940" lon="-70.3211170">
    <ele>117.5</ele>
   </trkpt>
   <trkpt lat="48.3225940" lon="-70.3211180">
    <ele>117.5</ele>
   </trkpt>
   <trkpt lat="48.3225940" lon="-70.3211190">
    <ele>117.4</ele>
   </trkpt>
   <trkpt lat="48.3225940" lon="-70.3211190">
    <ele>117.4</ele>
   </trkpt>
   <trkpt lat="48.3225940" lon="-70.3211190">
    <ele>117.4</ele>
   </trkpt>
   <trkpt lat="48.3225940" lon="-70.3211190">
    <ele>117.4</ele>
   </trkpt>
   <trkpt lat="48.3225940" lon="-70.3211190">
    <ele>117.4</ele>
   </trkpt>
   <trkpt lat="48.3225970" lon="-70.3211160">
    <ele>117.4</ele>
   </trkpt>
   <trkpt lat="48.3225990" lon="-70.3211210">
    <ele>117.4</ele>
   </trkpt>
   <trkpt lat="48.3226050" lon="-70.3211330">
    <ele>117.3</ele>
   </trkpt>
   <trkpt lat="48.3226080" lon="-70.3211480">
    <ele>117.2</ele>
   </trkpt>
   <trkpt lat="48.3226140" lon="-70.3211610">
    <ele>117.2</ele>
   </trkpt>
   <trkpt lat="48.3226170" lon="-70.3211660">
    <ele>117.1</ele>
   </trkpt>
   <trkpt lat="48.3226190" lon="-70.3211700">
    <ele>117.1</ele>
   </trkpt>
   <trkpt lat="48.3226270" lon="-70.3211680">
    <ele>117.0</ele>
   </trkpt>
   <trkpt lat="48.3226290" lon="-70.3211670">
    <ele>117.0</ele>
   </trkpt>
   <trkpt lat="48.3226300" lon="-70.3211680">
    <ele>117.0</ele>
   </trkpt>
   <trkpt lat="48.3226280" lon="-70.3211670">
    <ele>117.0</ele>
   </trkpt>
   <trkpt lat="48.3226310" lon="-70.3211670">
    <ele>117.0</ele>
   </trkpt>
   <trkpt lat="48.3226280" lon="-70.3211670">
    <ele>116.9</ele>
   </trkpt>
   <trkpt lat="48.3226270" lon="-70.3211680">
    <ele>116.9</ele>
   </trkpt>
   <trkpt lat="48.3226270" lon="-70.3211670">
    <ele>116.9</ele>
   </trkpt>
   <trkpt lat="48.3226260" lon="-70.3211650">
    <ele>116.9</ele>
   </trkpt>
   <trkpt lat="48.3226250" lon="-70.3211650">
    <ele>116.9</ele>
   </trkpt>
   <trkpt lat="48.3226250" lon="-70.3211650">
    <ele>116.9</ele>
   </trkpt>
   <trkpt lat="48.3226250" lon="-70.3211650">
    <ele>116.9</ele>
   </trkpt>
   <trkpt lat="48.3226250" lon="-70.3211650">
    <ele>116.9</ele>
   </trkpt>
   <trkpt lat="48.3226240" lon="-70.3211610">
    <ele>116.9</ele>
   </trkpt>
   <trkpt lat="48.3226240" lon="-70.3211510">
    <ele>116.8</ele>
   </trkpt>
   <trkpt lat="48.3226210" lon="-70.3211390">
    <ele>116.7</ele>
   </trkpt>
   <trkpt lat="48.3226210" lon="-70.3211250">
    <ele>116.7</ele>
   </trkpt>
   <trkpt lat="48.3226190" lon="-70.3211260">
    <ele>116.7</ele>
   </trkpt>
   <trkpt lat="48.3226220" lon="-70.3211200">
    <ele>116.6</ele>
   </trkpt>
   <trkpt lat="48.3226200" lon="-70.3211210">
    <ele>116.6</ele>
   </trkpt>
   <trkpt lat="48.3226210" lon="-70.3211220">
    <ele>116.6</ele>
   </trkpt>
   <trkpt lat="48.3226240" lon="-70.3211250">
    <ele>116.6</ele>
   </trkpt>
   <trkpt lat="48.3226230" lon="-70.3211290">
    <ele>116.5</ele>
   </trkpt>
   <trkpt lat="48.3226250" lon="-70.3211310">
    <ele>116.5</ele>
   </trkpt>
   <trkpt lat="48.3226270" lon="-70.3211260">
    <ele>116.5</ele>
   </trkpt>
   <trkpt lat="48.3226250" lon="-70.3211290">
    <ele>116.4</ele>
   </trkpt>
   <trkpt lat="48.3226260" lon="-70.3211270">
    <ele>116.4</ele>
   </trkpt>
   <trkpt lat="48.3226260" lon="-70.3211270">
    <ele>116.4</ele>
   </trkpt>
   <trkpt lat="48.3226250" lon="-70.3211270">
    <ele>116.4</ele>
   </trkpt>
   <trkpt lat="48.3226240" lon="-70.3211270">
    <ele>116.4</ele>
   </trkpt>
   <trkpt lat="48.3226240" lon="-70.3211270">
    <ele>116.4</ele>
   </trkpt>
   <trkpt lat="48.3226250" lon="-70.3211270">
    <ele>116.4</ele>
   </trkpt>
   <trkpt lat="48.3226250" lon="-70.3211270">
    <ele>116.4</ele>
   </trkpt>
   <trkpt lat="48.3226250" lon="-70.3211290">
    <ele>116.4</ele>
   </trkpt>
   <trkpt lat="48.3226260" lon="-70.3211270">
    <ele>116.4</ele>
   </trkpt>
   <trkpt lat="48.3226250" lon="-70.3211280">
    <ele>116.4</ele>
   </trkpt>
   <trkpt lat="48.3226240" lon="-70.3211260">
    <ele>116.4</ele>
   </trkpt>
   <trkpt lat="48.3226240" lon="-70.3211260">
    <ele>116.4</ele>
   </trkpt>
   <trkpt lat="48.3226240" lon="-70.3211240">
    <ele>116.3</ele>
   </trkpt>
   <trkpt lat="48.3226250" lon="-70.3211250">
    <ele>116.3</ele>
   </trkpt>
   <trkpt lat="48.3226260" lon="-70.3211310">
    <ele>116.3</ele>
   </trkpt>
   <trkpt lat="48.3226260" lon="-70.3211390">
    <ele>116.3</ele>
   </trkpt>
   <trkpt lat="48.3226260" lon="-70.3211450">
    <ele>116.2</ele>
   </trkpt>
   <trkpt lat="48.3226240" lon="-70.3211620">
    <ele>116.1</ele>
   </trkpt>
   <trkpt lat="48.3226250" lon="-70.3211590">
    <ele>116.1</ele>
   </trkpt>
   <trkpt lat="48.3226260" lon="-70.3211580">
    <ele>116.1</ele>
   </trkpt>
   <trkpt lat="48.3226260" lon="-70.3211600">
    <ele>116.1</ele>
   </trkpt>
   <trkpt lat="48.3226260" lon="-70.3211600">
    <ele>116.1</ele>
   </trkpt>
   <trkpt lat="48.3226250" lon="-70.3211590">
    <ele>116.1</ele>
   </trkpt>
   <trkpt lat="48.3226240" lon="-70.3211590">
    <ele>116.1</ele>
   </trkpt>
   <trkpt lat="48.3226230" lon="-70.3211590">
    <ele>116.1</ele>
   </trkpt>
   <trkpt lat="48.3226230" lon="-70.3211590">
    <ele>116.1</ele>
   </trkpt>
   <trkpt lat="48.3226230" lon="-70.3211590">
    <ele>116.1</ele>
   </trkpt>
   <trkpt lat="48.3226220" lon="-70.3211570">
    <ele>116.0</ele>
   </trkpt>
   <trkpt lat="48.3226220" lon="-70.3211570">
    <ele>116.0</ele>
   </trkpt>
   <trkpt lat="48.3226220" lon="-70.3211570">
    <ele>116.0</ele>
   </trkpt>
   <trkpt lat="48.3226230" lon="-70.3211560">
    <ele>116.0</ele>
   </trkpt>
   <trkpt lat="48.3226240" lon="-70.3211570">
    <ele>116.0</ele>
   </trkpt>
   <trkpt lat="48.3226230" lon="-70.3211570">
    <ele>116.0</ele>
   </trkpt>
   <trkpt lat="48.3226230" lon="-70.3211550">
    <ele>116.0</ele>
   </trkpt>
   <trkpt lat="48.3226240" lon="-70.3211600">
    <ele>116.0</ele>
   </trkpt>
   <trkpt lat="48.3226240" lon="-70.3211600">
    <ele>116.0</ele>
   </trkpt>
   <trkpt lat="48.3226240" lon="-70.3211590">
    <ele>116.0</ele>
   </trkpt>
   <trkpt lat="48.3226240" lon="-70.3211590">
    <ele>116.0</ele>
   </trkpt>
   <trkpt lat="48.3226230" lon="-70.3211570">
    <ele>116.0</ele>
   </trkpt>
   <trkpt lat="48.3226240" lon="-70.3211520">
    <ele>115.9</ele>
   </trkpt>
   <trkpt lat="48.3226220" lon="-70.3211400">
    <ele>115.9</ele>
   </trkpt>
   <trkpt lat="48.3226170" lon="-70.3211260">
    <ele>115.8</ele>
   </trkpt>
   <trkpt lat="48.3226170" lon="-70.3211160">
    <ele>115.7</ele>
   </trkpt>
   <trkpt lat="48.3226200" lon="-70.3211200">
    <ele>115.7</ele>
   </trkpt>
   <trkpt lat="48.3226200" lon="-70.3211200">
    <ele>115.7</ele>
   </trkpt>
   <trkpt lat="48.3226210" lon="-70.3211210">
    <ele>115.7</ele>
   </trkpt>
   <trkpt lat="48.3226220" lon="-70.3211220">
    <ele>115.7</ele>
   </trkpt>
   <trkpt lat="48.3226220" lon="-70.3211220">
    <ele>115.7</ele>
   </trkpt>
   <trkpt lat="48.3226210" lon="-70.3211230">
    <ele>115.7</ele>
   </trkpt>
   <trkpt lat="48.3226210" lon="-70.3211230">
    <ele>115.7</ele>
   </trkpt>
   <trkpt lat="48.3226220" lon="-70.3211250">
    <ele>115.7</ele>
   </trkpt>
   <trkpt lat="48.3226190" lon="-70.3211300">
    <ele>115.6</ele>
   </trkpt>
   <trkpt lat="48.3226160" lon="-70.3211380">
    <ele>115.6</ele>
   </trkpt>
   <trkpt lat="48.3226180" lon="-70.3211470">
    <ele>115.6</ele>
   </trkpt>
   <trkpt lat="48.3226200" lon="-70.3211470">
    <ele>115.6</ele>
   </trkpt>
   <trkpt lat="48.3226220" lon="-70.3211480">
    <ele>115.6</ele>
   </trkpt>
   <trkpt lat="48.3226200" lon="-70.3211540">
    <ele>115.5</ele>
   </trkpt>
   <trkpt lat="48.3226190" lon="-70.3211470">
    <ele>115.5</ele>
   </trkpt>
   <trkpt lat="48.3226200" lon="-70.3211390">
    <ele>115.5</ele>
   </trkpt>
   <trkpt lat="48.3226200" lon="-70.3211360">
    <ele>115.5</ele>
   </trkpt>
   <trkpt lat="48.3226220" lon="-70.3211360">
    <ele>115.4</ele>
   </trkpt>
   <trkpt lat="48.3226220" lon="-70.3211350">
    <ele>115.4</ele>
   </trkpt>
   <trkpt lat="48.3226220" lon="-70.3211350">
    <ele>115.4</ele>
   </trkpt>
   <trkpt lat="48.3226230" lon="-70.3211320">
    <ele>115.4</ele>
   </trkpt>
   <trkpt lat="48.3226230" lon="-70.3211310">
    <ele>115.4</ele>
   </trkpt>
   <trkpt lat="48.3226220" lon="-70.3211280">
    <ele>115.4</ele>
   </trkpt>
   <trkpt lat="48.3226230" lon="-70.3211290">
    <ele>115.4</ele>
   </trkpt>
   <trkpt lat="48.3226230" lon="-70.3211340">
    <ele>115.4</ele>
   </trkpt>
   <trkpt lat="48.3226230" lon="-70.3211410">
    <ele>115.4</ele>
   </trkpt>
   <trkpt lat="48.3226220" lon="-70.3211450">
    <ele>115.4</ele>
   </trkpt>
   <trkpt lat="48.3226230" lon="-70.3211480">
    <ele>115.4</ele>
   </trkpt>
   <trkpt lat="48.3226240" lon="-70.3211510">
    <ele>115.4</ele>
   </trkpt>
   <trkpt lat="48.3226250" lon="-70.3211530">
    <ele>115.4</ele>
   </trkpt>
   <trkpt lat="48.3226260" lon="-70.3211550">
    <ele>115.4</ele>
   </trkpt>
   <trkpt lat="48.3226260" lon="-70.3211540">
    <ele>115.4</ele>
   </trkpt>
   <trkpt lat="48.3226260" lon="-70.3211540">
    <ele>115.4</ele>
   </trkpt>
   <trkpt lat="48.3226280" lon="-70.3211540">
    <ele>115.4</ele>
   </trkpt>
   <trkpt lat="48.3226280" lon="-70.3211530">
    <ele>115.4</ele>
   </trkpt>
   <trkpt lat="48.3226270" lon="-70.3211530">
    <ele>115.4</ele>
   </trkpt>
   <trkpt lat="48.3226270" lon="-70.3211600">
    <ele>115.4</ele>
   </trkpt>
   <trkpt lat="48.3226320" lon="-70.3211610">
    <ele>115.4</ele>
   </trkpt>
   <trkpt lat="48.3226350" lon="-70.3211570">
    <ele>115.4</ele>
   </trkpt>
   <trkpt lat="48.3226340" lon="-70.3211570">
    <ele>115.4</ele>
   </trkpt>
   <trkpt lat="48.3226330" lon="-70.3211550">
    <ele>115.4</ele>
   </trkpt>
   <trkpt lat="48.3226330" lon="-70.3211560">
    <ele>115.4</ele>
   </trkpt>
   <trkpt lat="48.3226330" lon="-70.3211550">
    <ele>115.4</ele>
   </trkpt>
   <trkpt lat="48.3226330" lon="-70.3211550">
    <ele>115.4</ele>
   </trkpt>
   <trkpt lat="48.3226330" lon="-70.3211550">
    <ele>115.4</ele>
   </trkpt>
   <trkpt lat="48.3226320" lon="-70.3211570">
    <ele>115.4</ele>
   </trkpt>
   <trkpt lat="48.3226290" lon="-70.3211510">
    <ele>115.4</ele>
   </trkpt>
   <trkpt lat="48.3226270" lon="-70.3211460">
    <ele>115.4</ele>
   </trkpt>
   <trkpt lat="48.3226230" lon="-70.3211390">
    <ele>115.4</ele>
   </trkpt>
   <trkpt lat="48.3226190" lon="-70.3211350">
    <ele>115.4</ele>
   </trkpt>
   <trkpt lat="48.3226180" lon="-70.3211320">
    <ele>115.4</ele>
   </trkpt>
   <trkpt lat="48.3226160" lon="-70.3211280">
    <ele>115.4</ele>
   </trkpt>
   <trkpt lat="48.3226170" lon="-70.3211260">
    <ele>115.4</ele>
   </trkpt>
   <trkpt lat="48.3226180" lon="-70.3211290">
    <ele>115.5</ele>
   </trkpt>
   <trkpt lat="48.3226190" lon="-70.3211300">
    <ele>115.5</ele>
   </trkpt>
   <trkpt lat="48.3226190" lon="-70.3211300">
    <ele>115.5</ele>
   </trkpt>
   <trkpt lat="48.3226150" lon="-70.3211240">
    <ele>115.5</ele>
   </trkpt>
   <trkpt lat="48.3226180" lon="-70.3211260">
    <ele>115.6</ele>
   </trkpt>
   <trkpt lat="48.3226200" lon="-70.3211290">
    <ele>115.6</ele>
   </trkpt>
   <trkpt lat="48.3226290" lon="-70.3211420">
    <ele>115.7</ele>
   </trkpt>
   <trkpt lat="48.3226170" lon="-70.3211280">
    <ele>115.9</ele>
   </trkpt>
   <trkpt lat="48.3226140" lon="-70.3211290">
    <ele>115.9</ele>
   </trkpt>
   <trkpt lat="48.3226140" lon="-70.3211310">
    <ele>115.9</ele>
   </trkpt>
   <trkpt lat="48.3226130" lon="-70.3211330">
    <ele>115.9</ele>
   </trkpt>
   <trkpt lat="48.3226130" lon="-70.3211330">
    <ele>115.9</ele>
   </trkpt>
   <trkpt lat="48.3226120" lon="-70.3211390">
    <ele>116.0</ele>
   </trkpt>
   <trkpt lat="48.3226100" lon="-70.3211400">
    <ele>116.0</ele>
   </trkpt>
   <trkpt lat="48.3226110" lon="-70.3211410">
    <ele>116.0</ele>
   </trkpt>
   <trkpt lat="48.3226090" lon="-70.3211410">
    <ele>116.0</ele>
   </trkpt>
   <trkpt lat="48.3226090" lon="-70.3211410">
    <ele>116.0</ele>
   </trkpt>
   <trkpt lat="48.3226090" lon="-70.3211410">
    <ele>116.0</ele>
   </trkpt>
   <trkpt lat="48.3226090" lon="-70.3211410">
    <ele>116.0</ele>
   </trkpt>
   <trkpt lat="48.3226080" lon="-70.3211450">
    <ele>116.0</ele>
   </trkpt>
   <trkpt lat="48.3226080" lon="-70.3211480">
    <ele>116.0</ele>
   </trkpt>
   <trkpt lat="48.3226070" lon="-70.3211480">
    <ele>116.1</ele>
   </trkpt>
   <trkpt lat="48.3226080" lon="-70.3211480">
    <ele>116.1</ele>
   </trkpt>
   <trkpt lat="48.3226070" lon="-70.3211500">
    <ele>116.1</ele>
   </trkpt>
   <trkpt lat="48.3226060" lon="-70.3211500">
    <ele>116.1</ele>
   </trkpt>
   <trkpt lat="48.3226060" lon="-70.3211510">
    <ele>116.1</ele>
   </trkpt>
   <trkpt lat="48.3226050" lon="-70.3211510">
    <ele>116.2</ele>
   </trkpt>
   <trkpt lat="48.3226050" lon="-70.3211500">
    <ele>116.2</ele>
   </trkpt>
   <trkpt lat="48.3226050" lon="-70.3211480">
    <ele>116.2</ele>
   </trkpt>
   <trkpt lat="48.3226050" lon="-70.3211480">
    <ele>116.2</ele>
   </trkpt>
   <trkpt lat="48.3226050" lon="-70.3211480">
    <ele>116.2</ele>
   </trkpt>
   <trkpt lat="48.3226020" lon="-70.3211460">
    <ele>116.2</ele>
   </trkpt>
   <trkpt lat="48.3226020" lon="-70.3211450">
    <ele>116.3</ele>
   </trkpt>
   <trkpt lat="48.3226020" lon="-70.3211440">
    <ele>116.3</ele>
   </trkpt>
   <trkpt lat="48.3226030" lon="-70.3211420">
    <ele>116.3</ele>
   </trkpt>
   <trkpt lat="48.3226030" lon="-70.3211420">
    <ele>116.3</ele>
   </trkpt>
   <trkpt lat="48.3226030" lon="-70.3211430">
    <ele>116.3</ele>
   </trkpt>
   <trkpt lat="48.3226030" lon="-70.3211440">
    <ele>116.3</ele>
   </trkpt>
   <trkpt lat="48.3226030" lon="-70.3211440">
    <ele>116.3</ele>
   </trkpt>
   <trkpt lat="48.3226030" lon="-70.3211440">
    <ele>116.3</ele>
   </trkpt>
   <trkpt lat="48.3226030" lon="-70.3211440">
    <ele>116.3</ele>
   </trkpt>
   <trkpt lat="48.3226030" lon="-70.3211440">
    <ele>116.3</ele>
   </trkpt>
   <trkpt lat="48.3226030" lon="-70.3211440">
    <ele>116.3</ele>
   </trkpt>
   <trkpt lat="48.3226030" lon="-70.3211430">
    <ele>116.3</ele>
   </trkpt>
   <trkpt lat="48.3226030" lon="-70.3211420">
    <ele>116.3</ele>
   </trkpt>
   <trkpt lat="48.3226030" lon="-70.3211420">
    <ele>116.3</ele>
   </trkpt>
   <trkpt lat="48.3226030" lon="-70.3211430">
    <ele>116.4</ele>
   </trkpt>
   <trkpt lat="48.3226030" lon="-70.3211430">
    <ele>116.4</ele>
   </trkpt>
   <trkpt lat="48.3226030" lon="-70.3211430">
    <ele>116.4</ele>
   </trkpt>
   <trkpt lat="48.3226030" lon="-70.3211430">
    <ele>116.4</ele>
   </trkpt>
   <trkpt lat="48.3226030" lon="-70.3211430">
    <ele>116.4</ele>
   </trkpt>
   <trkpt lat="48.3226020" lon="-70.3211450">
    <ele>116.4</ele>
   </trkpt>
   <trkpt lat="48.3226030" lon="-70.3211450">
    <ele>116.4</ele>
   </trkpt>
   <trkpt lat="48.3226030" lon="-70.3211450">
    <ele>116.4</ele>
   </trkpt>
   <trkpt lat="48.3226020" lon="-70.3211470">
    <ele>116.4</ele>
   </trkpt>
   <trkpt lat="48.3226020" lon="-70.3211480">
    <ele>116.4</ele>
   </trkpt>
   <trkpt lat="48.3226010" lon="-70.3211480">
    <ele>116.5</ele>
   </trkpt>
   <trkpt lat="48.3226000" lon="-70.3211480">
    <ele>116.5</ele>
   </trkpt>
   <trkpt lat="48.3226000" lon="-70.3211480">
    <ele>116.5</ele>
   </trkpt>
   <trkpt lat="48.3226010" lon="-70.3211480">
    <ele>116.5</ele>
   </trkpt>
   <trkpt lat="48.3226020" lon="-70.3211400">
    <ele>116.6</ele>
   </trkpt>
   <trkpt lat="48.3226040" lon="-70.3211420">
    <ele>116.6</ele>
   </trkpt>
   <trkpt lat="48.3226060" lon="-70.3211430">
    <ele>116.7</ele>
   </trkpt>
   <trkpt lat="48.3226030" lon="-70.3211420">
    <ele>116.7</ele>
   </trkpt>
   <trkpt lat="48.3226010" lon="-70.3211510">
    <ele>116.8</ele>
   </trkpt>
   <trkpt lat="48.3225950" lon="-70.3211600">
    <ele>117.0</ele>
   </trkpt>
   <trkpt lat="48.3225930" lon="-70.3211730">
    <ele>117.2</ele>
   </trkpt>
   <trkpt lat="48.3225930" lon="-70.3211850">
    <ele>117.3</ele>
   </trkpt>
   <trkpt lat="48.3225930" lon="-70.3211900">
    <ele>117.4</ele>
   </trkpt>
   <trkpt lat="48.3225900" lon="-70.3211900">
    <ele>117.4</ele>
   </trkpt>
   <trkpt lat="48.3225890" lon="-70.3211970">
    <ele>117.6</ele>
   </trkpt>
   <trkpt lat="48.3225860" lon="-70.3211950">
    <ele>117.6</ele>
   </trkpt>
   <trkpt lat="48.3225850" lon="-70.3211950">
    <ele>117.6</ele>
   </trkpt>
   <trkpt lat="48.3225860" lon="-70.3211960">
    <ele>117.7</ele>
   </trkpt>
   <trkpt lat="48.3225850" lon="-70.3211970">
    <ele>117.7</ele>
   </trkpt>
   <trkpt lat="48.3225840" lon="-70.3211990">
    <ele>117.7</ele>
   </trkpt>
   <trkpt lat="48.3225790" lon="-70.3212070">
    <ele>117.9</ele>
   </trkpt>
   <trkpt lat="48.3225760" lon="-70.3212160">
    <ele>118.0</ele>
   </trkpt>
   <trkpt lat="48.3225730" lon="-70.3212150">
    <ele>118.1</ele>
   </trkpt>
   <trkpt lat="48.3225700" lon="-70.3212190">
    <ele>118.2</ele>
   </trkpt>
   <trkpt lat="48.3225680" lon="-70.3212260">
    <ele>118.3</ele>
   </trkpt>
   <trkpt lat="48.3225640" lon="-70.3212310">
    <ele>118.4</ele>
   </trkpt>
   <trkpt lat="48.3225610" lon="-70.3212380">
    <ele>118.5</ele>
   </trkpt>
   <trkpt lat="48.3225570" lon="-70.3212460">
    <ele>118.7</ele>
   </trkpt>
   <trkpt lat="48.3225580" lon="-70.3212540">
    <ele>118.8</ele>
   </trkpt>
   <trkpt lat="48.3225540" lon="-70.3212590">
    <ele>118.9</ele>
   </trkpt>
   <trkpt lat="48.3225500" lon="-70.3212630">
    <ele>119.0</ele>
   </trkpt>
   <trkpt lat="48.3225440" lon="-70.3212680">
    <ele>119.2</ele>
   </trkpt>
   <trkpt lat="48.3225370" lon="-70.3212740">
    <ele>119.4</ele>
   </trkpt>
   <trkpt lat="48.3225310" lon="-70.3212770">
    <ele>119.5</ele>
   </trkpt>
   <trkpt lat="48.3225270" lon="-70.3212830">
    <ele>119.6</ele>
   </trkpt>
   <trkpt lat="48.3225230" lon="-70.3212860">
    <ele>119.7</ele>
   </trkpt>
   <trkpt lat="48.3225170" lon="-70.3212930">
    <ele>119.9</ele>
   </trkpt>
   <trkpt lat="48.3225120" lon="-70.3212960">
    <ele>120.0</ele>
   </trkpt>
   <trkpt lat="48.3225030" lon="-70.3212960">
    <ele>120.2</ele>
   </trkpt>
   <trkpt lat="48.3225000" lon="-70.3212960">
    <ele>120.2</ele>
   </trkpt>
   <trkpt lat="48.3224910" lon="-70.3212880">
    <ele>120.4</ele>
   </trkpt>
   <trkpt lat="48.3224820" lon="-70.3212810">
    <ele>120.6</ele>
   </trkpt>
   <trkpt lat="48.3224750" lon="-70.3212760">
    <ele>120.7</ele>
   </trkpt>
   <trkpt lat="48.3224680" lon="-70.3212720">
    <ele>120.8</ele>
   </trkpt>
   <trkpt lat="48.3224640" lon="-70.3212700">
    <ele>120.9</ele>
   </trkpt>
   <trkpt lat="48.3224630" lon="-70.3212650">
    <ele>121.0</ele>
   </trkpt>
   <trkpt lat="48.3224580" lon="-70.3212610">
    <ele>121.1</ele>
   </trkpt>
   <trkpt lat="48.3224560" lon="-70.3212610">
    <ele>121.1</ele>
   </trkpt>
   <trkpt lat="48.3224510" lon="-70.3212610">
    <ele>121.2</ele>
   </trkpt>
   <trkpt lat="48.3224510" lon="-70.3212650">
    <ele>121.2</ele>
   </trkpt>
   <trkpt lat="48.3224500" lon="-70.3212670">
    <ele>121.3</ele>
   </trkpt>
   <trkpt lat="48.3224480" lon="-70.3212690">
    <ele>121.3</ele>
   </trkpt>
   <trkpt lat="48.3224480" lon="-70.3212740">
    <ele>121.3</ele>
   </trkpt>
   <trkpt lat="48.3224490" lon="-70.3212760">
    <ele>121.4</ele>
   </trkpt>
   <trkpt lat="48.3224470" lon="-70.3212830">
    <ele>121.4</ele>
   </trkpt>
   <trkpt lat="48.3224430" lon="-70.3212880">
    <ele>121.5</ele>
   </trkpt>
   <trkpt lat="48.3224340" lon="-70.3212880">
    <ele>121.6</ele>
   </trkpt>
   <trkpt lat="48.3224290" lon="-70.3212960">
    <ele>121.7</ele>
   </trkpt>
   <trkpt lat="48.3224240" lon="-70.3212990">
    <ele>121.8</ele>
   </trkpt>
   <trkpt lat="48.3224160" lon="-70.3213090">
    <ele>121.9</ele>
   </trkpt>
   <trkpt lat="48.3224060" lon="-70.3212970">
    <ele>122.1</ele>
   </trkpt>
   <trkpt lat="48.3224050" lon="-70.3212890">
    <ele>122.1</ele>
   </trkpt>
   <trkpt lat="48.3223990" lon="-70.3212780">
    <ele>122.2</ele>
   </trkpt>
   <trkpt lat="48.3223950" lon="-70.3212680">
    <ele>122.3</ele>
   </trkpt>
   <trkpt lat="48.3223840" lon="-70.3212690">
    <ele>122.4</ele>
   </trkpt>
   <trkpt lat="48.3223740" lon="-70.3212660">
    <ele>122.5</ele>
   </trkpt>
   <trkpt lat="48.3223680" lon="-70.3212690">
    <ele>122.6</ele>
   </trkpt>
   <trkpt lat="48.3223650" lon="-70.3212670">
    <ele>122.6</ele>
   </trkpt>
   <trkpt lat="48.3223600" lon="-70.3212680">
    <ele>122.7</ele>
   </trkpt>
   <trkpt lat="48.3223560" lon="-70.3212730">
    <ele>122.7</ele>
   </trkpt>
   <trkpt lat="48.3223440" lon="-70.3212730">
    <ele>122.8</ele>
   </trkpt>
   <trkpt lat="48.3223340" lon="-70.3212750">
    <ele>122.9</ele>
   </trkpt>
   <trkpt lat="48.3223290" lon="-70.3212750">
    <ele>122.9</ele>
   </trkpt>
   <trkpt lat="48.3223350" lon="-70.3212760">
    <ele>123.0</ele>
   </trkpt>
   <trkpt lat="48.3223350" lon="-70.3212760">
    <ele>123.0</ele>
   </trkpt>
   <trkpt lat="48.3223350" lon="-70.3212760">
    <ele>123.0</ele>
   </trkpt>
   <trkpt lat="48.3223350" lon="-70.3212760">
    <ele>123.0</ele>
   </trkpt>
   <trkpt lat="48.3223260" lon="-70.3212790">
    <ele>123.0</ele>
   </trkpt>
   <trkpt lat="48.3223260" lon="-70.3212790">
    <ele>123.0</ele>
   </trkpt>
   <trkpt lat="48.3223260" lon="-70.3212790">
    <ele>123.0</ele>
   </trkpt>
   <trkpt lat="48.3223260" lon="-70.3212790">
    <ele>123.0</ele>
   </trkpt>
   <trkpt lat="48.3223260" lon="-70.3212790">
    <ele>123.0</ele>
   </trkpt>
   <trkpt lat="48.3223260" lon="-70.3212790">
    <ele>123.0</ele>
   </trkpt>
   <trkpt lat="48.3223190" lon="-70.3212860">
    <ele>123.1</ele>
   </trkpt>
   <trkpt lat="48.3223180" lon="-70.3212860">
    <ele>123.1</ele>
   </trkpt>
   <trkpt lat="48.3223180" lon="-70.3212860">
    <ele>123.1</ele>
   </trkpt>
   <trkpt lat="48.3223160" lon="-70.3212840">
    <ele>123.1</ele>
   </trkpt>
   <trkpt lat="48.3223160" lon="-70.3212850">
    <ele>123.1</ele>
   </trkpt>
   <trkpt lat="48.3223150" lon="-70.3212840">
    <ele>123.1</ele>
   </trkpt>
   <trkpt lat="48.3223160" lon="-70.3212810">
    <ele>123.2</ele>
   </trkpt>
   <trkpt lat="48.3223150" lon="-70.3212790">
    <ele>123.2</ele>
   </trkpt>
   <trkpt lat="48.3223080" lon="-70.3212720">
    <ele>123.2</ele>
   </trkpt>
   <trkpt lat="48.3223140" lon="-70.3212760">
    <ele>123.3</ele>
   </trkpt>
   <trkpt lat="48.3223160" lon="-70.3212750">
    <ele>123.3</ele>
   </trkpt>
   <trkpt lat="48.3223170" lon="-70.3212760">
    <ele>123.3</ele>
   </trkpt>
   <trkpt lat="48.3223160" lon="-70.3212760">
    <ele>123.3</ele>
   </trkpt>
   <trkpt lat="48.3223150" lon="-70.3212740">
    <ele>123.3</ele>
   </trkpt>
   <trkpt lat="48.3223160" lon="-70.3212730">
    <ele>123.3</ele>
   </trkpt>
   <trkpt lat="48.3223160" lon="-70.3212730">
    <ele>123.3</ele>
   </trkpt>
   <trkpt lat="48.3223160" lon="-70.3212690">
    <ele>123.3</ele>
   </trkpt>
   <trkpt lat="48.3223140" lon="-70.3212720">
    <ele>123.3</ele>
   </trkpt>
   <trkpt lat="48.3223180" lon="-70.3212780">
    <ele>123.3</ele>
   </trkpt>
   <trkpt lat="48.3223030" lon="-70.3212810">
    <ele>123.4</ele>
   </trkpt>
   <trkpt lat="48.3222970" lon="-70.3212890">
    <ele>123.4</ele>
   </trkpt>
   <trkpt lat="48.3222900" lon="-70.3212930">
    <ele>123.5</ele>
   </trkpt>
   <trkpt lat="48.3222830" lon="-70.3212940">
    <ele>123.5</ele>
   </trkpt>
   <trkpt lat="48.3222780" lon="-70.3212980">
    <ele>123.5</ele>
   </trkpt>
   <trkpt lat="48.3222750" lon="-70.3213030">
    <ele>123.5</ele>
   </trkpt>
   <trkpt lat="48.3222690" lon="-70.3213090">
    <ele>123.5</ele>
   </trkpt>
   <trkpt lat="48.3222570" lon="-70.3213170">
    <ele>123.5</ele>
   </trkpt>
   <trkpt lat="48.3222530" lon="-70.3213190">
    <ele>123.5</ele>
   </trkpt>
   <trkpt lat="48.3222430" lon="-70.3213120">
    <ele>123.6</ele>
   </trkpt>
   <trkpt lat="48.3222420" lon="-70.3213040">
    <ele>123.6</ele>
   </trkpt>
   <trkpt lat="48.3222480" lon="-70.3213020">
    <ele>123.6</ele>
   </trkpt>
   <trkpt lat="48.3222480" lon="-70.3212950">
    <ele>123.6</ele>
   </trkpt>
   <trkpt lat="48.3222480" lon="-70.3212940">
    <ele>123.6</ele>
   </trkpt>
   <trkpt lat="48.3222480" lon="-70.3212950">
    <ele>123.6</ele>
   </trkpt>
   <trkpt lat="48.3222460" lon="-70.3212990">
    <ele>123.6</ele>
   </trkpt>
   <trkpt lat="48.3222500" lon="-70.3213020">
    <ele>123.6</ele>
   </trkpt>
   <trkpt lat="48.3222480" lon="-70.3213030">
    <ele>123.6</ele>
   </trkpt>
   <trkpt lat="48.3222520" lon="-70.3213060">
    <ele>123.6</ele>
   </trkpt>
   <trkpt lat="48.3222490" lon="-70.3213050">
    <ele>123.6</ele>
   </trkpt>
   <trkpt lat="48.3222470" lon="-70.3212980">
    <ele>123.6</ele>
   </trkpt>
   <trkpt lat="48.3222470" lon="-70.3212950">
    <ele>123.6</ele>
   </trkpt>
   <trkpt lat="48.3222480" lon="-70.3212980">
    <ele>123.6</ele>
   </trkpt>
   <trkpt lat="48.3222470" lon="-70.3213060">
    <ele>123.6</ele>
   </trkpt>
   <trkpt lat="48.3222400" lon="-70.3213080">
    <ele>123.6</ele>
   </trkpt>
   <trkpt lat="48.3222410" lon="-70.3213220">
    <ele>123.6</ele>
   </trkpt>
   <trkpt lat="48.3222420" lon="-70.3213310">
    <ele>123.6</ele>
   </trkpt>
   <trkpt lat="48.3222410" lon="-70.3213400">
    <ele>123.6</ele>
   </trkpt>
   <trkpt lat="48.3222400" lon="-70.3213500">
    <ele>123.6</ele>
   </trkpt>
   <trkpt lat="48.3222370" lon="-70.3213550">
    <ele>123.6</ele>
   </trkpt>
   <trkpt lat="48.3222360" lon="-70.3213620">
    <ele>123.7</ele>
   </trkpt>
   <trkpt lat="48.3222380" lon="-70.3213690">
    <ele>123.7</ele>
   </trkpt>
   <trkpt lat="48.3222250" lon="-70.3213810">
    <ele>123.7</ele>
   </trkpt>
   <trkpt lat="48.3222230" lon="-70.3213920">
    <ele>123.7</ele>
   </trkpt>
   <trkpt lat="48.3222200" lon="-70.3214050">
    <ele>123.7</ele>
   </trkpt>
   <trkpt lat="48.3222180" lon="-70.3214150">
    <ele>123.7</ele>
   </trkpt>
   <trkpt lat="48.3222170" lon="-70.3214260">
    <ele>123.8</ele>
   </trkpt>
   <trkpt lat="48.3222130" lon="-70.3214370">
    <ele>123.8</ele>
   </trkpt>
   <trkpt lat="48.3222150" lon="-70.3214390">
    <ele>123.8</ele>
   </trkpt>
   <trkpt lat="48.3222140" lon="-70.3214490">
    <ele>123.8</ele>
   </trkpt>
   <trkpt lat="48.3222120" lon="-70.3214560">
    <ele>123.8</ele>
   </trkpt>
   <trkpt lat="48.3222160" lon="-70.3214700">
    <ele>123.9</ele>
   </trkpt>
   <trkpt lat="48.3222140" lon="-70.3214890">
    <ele>123.9</ele>
   </trkpt>
   <trkpt lat="48.3222170" lon="-70.3215120">
    <ele>124.0</ele>
   </trkpt>
   <trkpt lat="48.3222170" lon="-70.3215410">
    <ele>124.0</ele>
   </trkpt>
   <trkpt lat="48.3222200" lon="-70.3215740">
    <ele>124.1</ele>
   </trkpt>
   <trkpt lat="48.3222210" lon="-70.3215860">
    <ele>124.2</ele>
   </trkpt>
   <trkpt lat="48.3222200" lon="-70.3215910">
    <ele>124.2</ele>
   </trkpt>
   <trkpt lat="48.3222210" lon="-70.3216060">
    <ele>124.2</ele>
   </trkpt>
   <trkpt lat="48.3222120" lon="-70.3216290">
    <ele>124.3</ele>
   </trkpt>
   <trkpt lat="48.3222060" lon="-70.3216470">
    <ele>124.4</ele>
   </trkpt>
   <trkpt lat="48.3222050" lon="-70.3216550">
    <ele>124.4</ele>
   </trkpt>
   <trkpt lat="48.3222000" lon="-70.3216710">
    <ele>124.5</ele>
   </trkpt>
   <trkpt lat="48.3221960" lon="-70.3216800">
    <ele>124.5</ele>
   </trkpt>
   <trkpt lat="48.3221880" lon="-70.3216980">
    <ele>124.6</ele>
   </trkpt>
   <trkpt lat="48.3221870" lon="-70.3217160">
    <ele>124.7</ele>
   </trkpt>
   <trkpt lat="48.3221820" lon="-70.3217230">
    <ele>124.8</ele>
   </trkpt>
   <trkpt lat="48.3221730" lon="-70.3217320">
    <ele>124.8</ele>
   </trkpt>
   <trkpt lat="48.3221640" lon="-70.3217430">
    <ele>124.9</ele>
   </trkpt>
   <trkpt lat="48.3221510" lon="-70.3217510">
    <ele>125.0</ele>
   </trkpt>
   <trkpt lat="48.3221460" lon="-70.3217690">
    <ele>125.1</ele>
   </trkpt>
   <trkpt lat="48.3221440" lon="-70.3217830">
    <ele>125.2</ele>
   </trkpt>
   <trkpt lat="48.3221380" lon="-70.3217920">
    <ele>125.3</ele>
   </trkpt>
   <trkpt lat="48.3221410" lon="-70.3217960">
    <ele>125.3</ele>
   </trkpt>
   <trkpt lat="48.3221420" lon="-70.3218020">
    <ele>125.4</ele>
   </trkpt>
   <trkpt lat="48.3221390" lon="-70.3218090">
    <ele>125.4</ele>
   </trkpt>
   <trkpt lat="48.3221380" lon="-70.3218190">
    <ele>125.5</ele>
   </trkpt>
   <trkpt lat="48.3221390" lon="-70.3218220">
    <ele>125.5</ele>
   </trkpt>
   <trkpt lat="48.3221380" lon="-70.3218370">
    <ele>125.7</ele>
   </trkpt>
   <trkpt lat="48.3221390" lon="-70.3218510">
    <ele>125.8</ele>
   </trkpt>
   <trkpt lat="48.3221360" lon="-70.3218710">
    <ele>125.9</ele>
   </trkpt>
   <trkpt lat="48.3221330" lon="-70.3218720">
    <ele>125.9</ele>
   </trkpt>
   <trkpt lat="48.3221310" lon="-70.3218700">
    <ele>126.0</ele>
   </trkpt>
   <trkpt lat="48.3221300" lon="-70.3218840">
    <ele>126.1</ele>
   </trkpt>
   <trkpt lat="48.3221300" lon="-70.3218950">
    <ele>126.2</ele>
   </trkpt>
   <trkpt lat="48.3221320" lon="-70.3219150">
    <ele>126.4</ele>
   </trkpt>
   <trkpt lat="48.3221290" lon="-70.3219170">
    <ele>126.5</ele>
   </trkpt>
   <trkpt lat="48.3221250" lon="-70.3219220">
    <ele>126.5</ele>
   </trkpt>
   <trkpt lat="48.3221270" lon="-70.3219280">
    <ele>126.6</ele>
   </trkpt>
   <trkpt lat="48.3221220" lon="-70.3219390">
    <ele>126.7</ele>
   </trkpt>
   <trkpt lat="48.3221220" lon="-70.3219440">
    <ele>126.8</ele>
   </trkpt>
   <trkpt lat="48.3221250" lon="-70.3219520">
    <ele>126.9</ele>
   </trkpt>
   <trkpt lat="48.3221260" lon="-70.3219570">
    <ele>126.9</ele>
   </trkpt>
   <trkpt lat="48.3221240" lon="-70.3219550">
    <ele>127.0</ele>
   </trkpt>
   <trkpt lat="48.3221200" lon="-70.3219510">
    <ele>127.1</ele>
   </trkpt>
   <trkpt lat="48.3221150" lon="-70.3219490">
    <ele>127.2</ele>
   </trkpt>
   <trkpt lat="48.3221120" lon="-70.3219580">
    <ele>127.3</ele>
   </trkpt>
   <trkpt lat="48.3221100" lon="-70.3219620">
    <ele>127.3</ele>
   </trkpt>
   <trkpt lat="48.3221010" lon="-70.3219700">
    <ele>127.5</ele>
   </trkpt>
   <trkpt lat="48.3220960" lon="-70.3219790">
    <ele>127.7</ele>
   </trkpt>
   <trkpt lat="48.3220910" lon="-70.3219840">
    <ele>127.8</ele>
   </trkpt>
   <trkpt lat="48.3220960" lon="-70.3219950">
    <ele>128.0</ele>
   </trkpt>
   <trkpt lat="48.3220930" lon="-70.3220000">
    <ele>128.1</ele>
   </trkpt>
   <trkpt lat="48.3220930" lon="-70.3220040">
    <ele>128.1</ele>
   </trkpt>
   <trkpt lat="48.3220910" lon="-70.3220120">
    <ele>128.2</ele>
   </trkpt>
   <trkpt lat="48.3220980" lon="-70.3220100">
    <ele>128.4</ele>
   </trkpt>
   <trkpt lat="48.3220970" lon="-70.3220180">
    <ele>128.5</ele>
   </trkpt>
   <trkpt lat="48.3221030" lon="-70.3220270">
    <ele>128.7</ele>
   </trkpt>
   <trkpt lat="48.3220990" lon="-70.3220360">
    <ele>128.9</ele>
   </trkpt>
   <trkpt lat="48.3220980" lon="-70.3220410">
    <ele>129.0</ele>
   </trkpt>
   <trkpt lat="48.3221030" lon="-70.3220420">
    <ele>129.1</ele>
   </trkpt>
   <trkpt lat="48.3221020" lon="-70.3220570">
    <ele>129.4</ele>
   </trkpt>
   <trkpt lat="48.3220920" lon="-70.3220660">
    <ele>129.7</ele>
   </trkpt>
   <trkpt lat="48.3220880" lon="-70.3220700">
    <ele>129.8</ele>
   </trkpt>
   <trkpt lat="48.3220950" lon="-70.3220710">
    <ele>130.0</ele>
   </trkpt>
   <trkpt lat="48.3220900" lon="-70.3220790">
    <ele>130.2</ele>
   </trkpt>
   <trkpt lat="48.3220840" lon="-70.3220830">
    <ele>130.4</ele>
   </trkpt>
   <trkpt lat="48.3220840" lon="-70.3220870">
    <ele>130.4</ele>
   </trkpt>
   <trkpt lat="48.3220760" lon="-70.3221030">
    <ele>130.8</ele>
   </trkpt>
   <trkpt lat="48.3220710" lon="-70.3221090">
    <ele>131.0</ele>
   </trkpt>
   <trkpt lat="48.3220680" lon="-70.3221110">
    <ele>131.1</ele>
   </trkpt>
   <trkpt lat="48.3220660" lon="-70.3221180">
    <ele>131.2</ele>
   </trkpt>
   <trkpt lat="48.3220640" lon="-70.3221220">
    <ele>131.3</ele>
   </trkpt>
   <trkpt lat="48.3220630" lon="-70.3221250">
    <ele>131.4</ele>
   </trkpt>
   <trkpt lat="48.3220650" lon="-70.3221380">
    <ele>131.6</ele>
   </trkpt>
   <trkpt lat="48.3220640" lon="-70.3221430">
    <ele>131.7</ele>
   </trkpt>
   <trkpt lat="48.3220680" lon="-70.3221500">
    <ele>131.9</ele>
   </trkpt>
   <trkpt lat="48.3220650" lon="-70.3221540">
    <ele>132.1</ele>
   </trkpt>
   <trkpt lat="48.3220650" lon="-70.3221620">
    <ele>132.2</ele>
   </trkpt>
   <trkpt lat="48.3220620" lon="-70.3221690">
    <ele>132.4</ele>
   </trkpt>
   <trkpt lat="48.3220570" lon="-70.3221760">
    <ele>132.6</ele>
   </trkpt>
   <trkpt lat="48.3220530" lon="-70.3221840">
    <ele>132.8</ele>
   </trkpt>
   <trkpt lat="48.3220470" lon="-70.3221880">
    <ele>133.0</ele>
   </trkpt>
   <trkpt lat="48.3220460" lon="-70.3221940">
    <ele>133.2</ele>
   </trkpt>
   <trkpt lat="48.3220390" lon="-70.3222040">
    <ele>133.5</ele>
   </trkpt>
   <trkpt lat="48.3220380" lon="-70.3222080">
    <ele>133.6</ele>
   </trkpt>
   <trkpt lat="48.3220340" lon="-70.3222150">
    <ele>133.8</ele>
   </trkpt>
   <trkpt lat="48.3220300" lon="-70.3222240">
    <ele>134.0</ele>
   </trkpt>
   <trkpt lat="48.3220240" lon="-70.3222310">
    <ele>134.2</ele>
   </trkpt>
   <trkpt lat="48.3220220" lon="-70.3222350">
    <ele>134.3</ele>
   </trkpt>
   <trkpt lat="48.3220160" lon="-70.3222400">
    <ele>134.5</ele>
   </trkpt>
   <trkpt lat="48.3220080" lon="-70.3222470">
    <ele>134.8</ele>
   </trkpt>
   <trkpt lat="48.3220040" lon="-70.3222490">
    <ele>135.0</ele>
   </trkpt>
   <trkpt lat="48.3220000" lon="-70.3222560">
    <ele>135.2</ele>
   </trkpt>
   <trkpt lat="48.3219990" lon="-70.3222610">
    <ele>135.3</ele>
   </trkpt>
   <trkpt lat="48.3219960" lon="-70.3222660">
    <ele>135.4</ele>
   </trkpt>
   <trkpt lat="48.3219930" lon="-70.3222690">
    <ele>135.5</ele>
   </trkpt>
   <trkpt lat="48.3219930" lon="-70.3222810">
    <ele>135.8</ele>
   </trkpt>
   <trkpt lat="48.3219940" lon="-70.3222960">
    <ele>136.1</ele>
   </trkpt>
   <trkpt lat="48.3219940" lon="-70.3223110">
    <ele>136.4</ele>
   </trkpt>
   <trkpt lat="48.3219890" lon="-70.3223180">
    <ele>136.6</ele>
   </trkpt>
   <trkpt lat="48.3219850" lon="-70.3223260">
    <ele>136.8</ele>
   </trkpt>
   <trkpt lat="48.3219790" lon="-70.3223350">
    <ele>137.1</ele>
   </trkpt>
   <trkpt lat="48.3219670" lon="-70.3223410">
    <ele>137.5</ele>
   </trkpt>
   <trkpt lat="48.3219630" lon="-70.3223480">
    <ele>137.7</ele>
   </trkpt>
   <trkpt lat="48.3219620" lon="-70.3223570">
    <ele>137.9</ele>
   </trkpt>
   <trkpt lat="48.3219530" lon="-70.3223710">
    <ele>138.3</ele>
   </trkpt>
   <trkpt lat="48.3219470" lon="-70.3223850">
    <ele>138.6</ele>
   </trkpt>
   <trkpt lat="48.3219430" lon="-70.3223960">
    <ele>138.9</ele>
   </trkpt>
   <trkpt lat="48.3219360" lon="-70.3224140">
    <ele>139.3</ele>
   </trkpt>
   <trkpt lat="48.3219300" lon="-70.3224200">
    <ele>139.5</ele>
   </trkpt>
   <trkpt lat="48.3219270" lon="-70.3224340">
    <ele>139.8</ele>
   </trkpt>
   <trkpt lat="48.3219220" lon="-70.3224490">
    <ele>140.1</ele>
   </trkpt>
   <trkpt lat="48.3219150" lon="-70.3224660">
    <ele>140.5</ele>
   </trkpt>
   <trkpt lat="48.3219110" lon="-70.3224780">
    <ele>140.8</ele>
   </trkpt>
   <trkpt lat="48.3219050" lon="-70.3224880">
    <ele>141.0</ele>
   </trkpt>
   <trkpt lat="48.3218990" lon="-70.3225060">
    <ele>141.4</ele>
   </trkpt>
   <trkpt lat="48.3218910" lon="-70.3225200">
    <ele>141.8</ele>
   </trkpt>
   <trkpt lat="48.3218830" lon="-70.3225280">
    <ele>142.0</ele>
   </trkpt>
   <trkpt lat="48.3218750" lon="-70.3225380">
    <ele>142.3</ele>
   </trkpt>
   <trkpt lat="48.3218680" lon="-70.3225440">
    <ele>142.5</ele>
   </trkpt>
   <trkpt lat="48.3218580" lon="-70.3225550">
    <ele>142.9</ele>
   </trkpt>
   <trkpt lat="48.3218420" lon="-70.3225640">
    <ele>143.3</ele>
   </trkpt>
   <trkpt lat="48.3218350" lon="-70.3225680">
    <ele>143.5</ele>
   </trkpt>
   <trkpt lat="48.3218390" lon="-70.3225640">
    <ele>143.6</ele>
   </trkpt>
   <trkpt lat="48.3218280" lon="-70.3225690">
    <ele>143.9</ele>
   </trkpt>
   <trkpt lat="48.3218260" lon="-70.3225800">
    <ele>144.1</ele>
   </trkpt>
   <trkpt lat="48.3218220" lon="-70.3225950">
    <ele>144.4</ele>
   </trkpt>
   <trkpt lat="48.3218130" lon="-70.3226090">
    <ele>144.7</ele>
   </trkpt>
   <trkpt lat="48.3218090" lon="-70.3226100">
    <ele>144.8</ele>
   </trkpt>
   <trkpt lat="48.3218050" lon="-70.3226140">
    <ele>144.9</ele>
   </trkpt>
   <trkpt lat="48.3218020" lon="-70.3226230">
    <ele>145.1</ele>
   </trkpt>
   <trkpt lat="48.3218020" lon="-70.3226270">
    <ele>145.1</ele>
   </trkpt>
   <trkpt lat="48.3217970" lon="-70.3226330">
    <ele>145.3</ele>
   </trkpt>
   <trkpt lat="48.3217900" lon="-70.3226330">
    <ele>145.4</ele>
   </trkpt>
   <trkpt lat="48.3217850" lon="-70.3226400">
    <ele>145.6</ele>
   </trkpt>
   <trkpt lat="48.3217890" lon="-70.3226710">
    <ele>146.1</ele>
   </trkpt>
   <trkpt lat="48.3217810" lon="-70.3226830">
    <ele>146.4</ele>
   </trkpt>
   <trkpt lat="48.3217810" lon="-70.3226940">
    <ele>146.6</ele>
   </trkpt>
   <trkpt lat="48.3217750" lon="-70.3227040">
    <ele>146.8</ele>
   </trkpt>
   <trkpt lat="48.3217650" lon="-70.3227050">
    <ele>147.0</ele>
   </trkpt>
   <trkpt lat="48.3217600" lon="-70.3227190">
    <ele>147.3</ele>
   </trkpt>
   <trkpt lat="48.3217560" lon="-70.3227320">
    <ele>147.5</ele>
   </trkpt>
   <trkpt lat="48.3217450" lon="-70.3227360">
    <ele>147.8</ele>
   </trkpt>
   <trkpt lat="48.3217400" lon="-70.3227510">
    <ele>148.1</ele>
   </trkpt>
   <trkpt lat="48.3217310" lon="-70.3227600">
    <ele>148.3</ele>
   </trkpt>
   <trkpt lat="48.3217180" lon="-70.3227670">
    <ele>148.7</ele>
   </trkpt>
   <trkpt lat="48.3217080" lon="-70.3227720">
    <ele>149.0</ele>
   </trkpt>
   <trkpt lat="48.3216980" lon="-70.3227850">
    <ele>149.3</ele>
   </trkpt>
   <trkpt lat="48.3216880" lon="-70.3228050">
    <ele>149.8</ele>
   </trkpt>
   <trkpt lat="48.3216810" lon="-70.3228110">
    <ele>150.0</ele>
   </trkpt>
   <trkpt lat="48.3216740" lon="-70.3228200">
    <ele>150.3</ele>
   </trkpt>
   <trkpt lat="48.3216700" lon="-70.3228270">
    <ele>150.4</ele>
   </trkpt>
   <trkpt lat="48.3216670" lon="-70.3228430">
    <ele>150.8</ele>
   </trkpt>
   <trkpt lat="48.3216590" lon="-70.3228530">
    <ele>151.1</ele>
   </trkpt>
   <trkpt lat="48.3216470" lon="-70.3228640">
    <ele>151.5</ele>
   </trkpt>
   <trkpt lat="48.3216410" lon="-70.3228770">
    <ele>151.8</ele>
   </trkpt>
   <trkpt lat="48.3216340" lon="-70.3228990">
    <ele>152.3</ele>
   </trkpt>
   <trkpt lat="48.3216230" lon="-70.3229050">
    <ele>152.7</ele>
   </trkpt>
   <trkpt lat="48.3216160" lon="-70.3229160">
    <ele>153.0</ele>
   </trkpt>
   <trkpt lat="48.3216080" lon="-70.3229210">
    <ele>153.3</ele>
   </trkpt>
   <trkpt lat="48.3215960" lon="-70.3229320">
    <ele>153.7</ele>
   </trkpt>
   <trkpt lat="48.3215900" lon="-70.3229360">
    <ele>153.9</ele>
   </trkpt>
   <trkpt lat="48.3215790" lon="-70.3229460">
    <ele>154.3</ele>
   </trkpt>
   <trkpt lat="48.3215670" lon="-70.3229490">
    <ele>154.8</ele>
   </trkpt>
   <trkpt lat="48.3215580" lon="-70.3229600">
    <ele>155.2</ele>
   </trkpt>
   <trkpt lat="48.3215490" lon="-70.3229750">
    <ele>155.7</ele>
   </trkpt>
   <trkpt lat="48.3215390" lon="-70.3229830">
    <ele>156.1</ele>
   </trkpt>
   <trkpt lat="48.3215300" lon="-70.3229870">
    <ele>156.4</ele>
   </trkpt>
   <trkpt lat="48.3215190" lon="-70.3229970">
    <ele>156.9</ele>
   </trkpt>
   <trkpt lat="48.3215050" lon="-70.3230060">
    <ele>157.4</ele>
   </trkpt>
   <trkpt lat="48.3214970" lon="-70.3230100">
    <ele>157.7</ele>
   </trkpt>
   <trkpt lat="48.3214900" lon="-70.3230120">
    <ele>157.9</ele>
   </trkpt>
   <trkpt lat="48.3214870" lon="-70.3230190">
    <ele>158.1</ele>
   </trkpt>
   <trkpt lat="48.3214860" lon="-70.3230250">
    <ele>158.3</ele>
   </trkpt>
   <trkpt lat="48.3214780" lon="-70.3230300">
    <ele>158.6</ele>
   </trkpt>
   <trkpt lat="48.3214650" lon="-70.3230310">
    <ele>159.1</ele>
   </trkpt>
   <trkpt lat="48.3214570" lon="-70.3230340">
    <ele>159.4</ele>
   </trkpt>
   <trkpt lat="48.3214500" lon="-70.3230380">
    <ele>159.6</ele>
   </trkpt>
   <trkpt lat="48.3214380" lon="-70.3230400">
    <ele>160.0</ele>
   </trkpt>
   <trkpt lat="48.3214270" lon="-70.3230440">
    <ele>160.4</ele>
   </trkpt>
   <trkpt lat="48.3214230" lon="-70.3230490">
    <ele>160.6</ele>
   </trkpt>
   <trkpt lat="48.3214170" lon="-70.3230630">
    <ele>161.0</ele>
   </trkpt>
   <trkpt lat="48.3214130" lon="-70.3230680">
    <ele>161.2</ele>
   </trkpt>
   <trkpt lat="48.3214090" lon="-70.3230690">
    <ele>161.4</ele>
   </trkpt>
   <trkpt lat="48.3214070" lon="-70.3230740">
    <ele>161.5</ele>
   </trkpt>
   <trkpt lat="48.3213960" lon="-70.3230750">
    <ele>161.9</ele>
   </trkpt>
   <trkpt lat="48.3213830" lon="-70.3230740">
    <ele>162.3</ele>
   </trkpt>
   <trkpt lat="48.3213790" lon="-70.3230730">
    <ele>162.5</ele>
   </trkpt>
   <trkpt lat="48.3213720" lon="-70.3230740">
    <ele>162.7</ele>
   </trkpt>
   <trkpt lat="48.3213670" lon="-70.3230740">
    <ele>162.9</ele>
   </trkpt>
   <trkpt lat="48.3213610" lon="-70.3230760">
    <ele>163.1</ele>
   </trkpt>
   <trkpt lat="48.3213530" lon="-70.3230780">
    <ele>163.4</ele>
   </trkpt>
   <trkpt lat="48.3213400" lon="-70.3230790">
    <ele>163.8</ele>
   </trkpt>
   <trkpt lat="48.3213300" lon="-70.3230800">
    <ele>164.2</ele>
   </trkpt>
   <trkpt lat="48.3213130" lon="-70.3230780">
    <ele>164.7</ele>
   </trkpt>
   <trkpt lat="48.3213060" lon="-70.3230770">
    <ele>164.9</ele>
   </trkpt>
   <trkpt lat="48.3213010" lon="-70.3230810">
    <ele>165.1</ele>
   </trkpt>
   <trkpt lat="48.3212960" lon="-70.3230840">
    <ele>165.3</ele>
   </trkpt>
   <trkpt lat="48.3212870" lon="-70.3230850">
    <ele>165.6</ele>
   </trkpt>
   <trkpt lat="48.3212810" lon="-70.3230850">
    <ele>165.8</ele>
   </trkpt>
   <trkpt lat="48.3212770" lon="-70.3230830">
    <ele>165.9</ele>
   </trkpt>
   <trkpt lat="48.3212710" lon="-70.3230820">
    <ele>166.1</ele>
   </trkpt>
   <trkpt lat="48.3212640" lon="-70.3230810">
    <ele>166.4</ele>
   </trkpt>
   <trkpt lat="48.3212560" lon="-70.3230790">
    <ele>166.6</ele>
   </trkpt>
   <trkpt lat="48.3212460" lon="-70.3230760">
    <ele>166.9</ele>
   </trkpt>
   <trkpt lat="48.3212420" lon="-70.3230750">
    <ele>167.1</ele>
   </trkpt>
   <trkpt lat="48.3212370" lon="-70.3230730">
    <ele>167.2</ele>
   </trkpt>
   <trkpt lat="48.3212270" lon="-70.3230690">
    <ele>167.6</ele>
   </trkpt>
   <trkpt lat="48.3212210" lon="-70.3230660">
    <ele>167.8</ele>
   </trkpt>
   <trkpt lat="48.3212180" lon="-70.3230660">
    <ele>167.9</ele>
   </trkpt>
   <trkpt lat="48.3212130" lon="-70.3230680">
    <ele>168.0</ele>
   </trkpt>
   <trkpt lat="48.3212100" lon="-70.3230680">
    <ele>168.1</ele>
   </trkpt>
   <trkpt lat="48.3212050" lon="-70.3230680">
    <ele>168.3</ele>
   </trkpt>
   <trkpt lat="48.3212000" lon="-70.3230660">
    <ele>168.5</ele>
   </trkpt>
   <trkpt lat="48.3211910" lon="-70.3230640">
    <ele>168.7</ele>
   </trkpt>
   <trkpt lat="48.3211810" lon="-70.3230610">
    <ele>169.1</ele>
   </trkpt>
   <trkpt lat="48.3211760" lon="-70.3230580">
    <ele>169.2</ele>
   </trkpt>
   <trkpt lat="48.3211750" lon="-70.3230560">
    <ele>169.3</ele>
   </trkpt>
   <trkpt lat="48.3211730" lon="-70.3230550">
    <ele>169.4</ele>
   </trkpt>
   <trkpt lat="48.3211690" lon="-70.3230540">
    <ele>169.5</ele>
   </trkpt>
   <trkpt lat="48.3211610" lon="-70.3230510">
    <ele>169.7</ele>
   </trkpt>
   <trkpt lat="48.3211520" lon="-70.3230470">
    <ele>170.0</ele>
   </trkpt>
   <trkpt lat="48.3211440" lon="-70.3230450">
    <ele>170.3</ele>
   </trkpt>
   <trkpt lat="48.3211410" lon="-70.3230450">
    <ele>170.4</ele>
   </trkpt>
   <trkpt lat="48.3211410" lon="-70.3230450">
    <ele>170.4</ele>
   </trkpt>
   <trkpt lat="48.3211370" lon="-70.3230450">
    <ele>170.5</ele>
   </trkpt>
   <trkpt lat="48.3211320" lon="-70.3230420">
    <ele>170.7</ele>
   </trkpt>
   <trkpt lat="48.3211250" lon="-70.3230390">
    <ele>170.9</ele>
   </trkpt>
   <trkpt lat="48.3211180" lon="-70.3230330">
    <ele>171.2</ele>
   </trkpt>
   <trkpt lat="48.3211130" lon="-70.3230280">
    <ele>171.4</ele>
   </trkpt>
   <trkpt lat="48.3211090" lon="-70.3230230">
    <ele>171.5</ele>
   </trkpt>
   <trkpt lat="48.3211010" lon="-70.3230190">
    <ele>171.8</ele>
   </trkpt>
   <trkpt lat="48.3210960" lon="-70.3230160">
    <ele>171.9</ele>
   </trkpt>
   <trkpt lat="48.3210890" lon="-70.3230140">
    <ele>172.1</ele>
   </trkpt>
   <trkpt lat="48.3210830" lon="-70.3230110">
    <ele>172.3</ele>
   </trkpt>
   <trkpt lat="48.3210800" lon="-70.3230090">
    <ele>172.4</ele>
   </trkpt>
   <trkpt lat="48.3210760" lon="-70.3230070">
    <ele>172.5</ele>
   </trkpt>
   <trkpt lat="48.3210720" lon="-70.3230060">
    <ele>172.6</ele>
   </trkpt>
   <trkpt lat="48.3210640" lon="-70.3230040">
    <ele>172.9</ele>
   </trkpt>
   <trkpt lat="48.3210550" lon="-70.3230020">
    <ele>173.1</ele>
   </trkpt>
   <trkpt lat="48.3210480" lon="-70.3229990">
    <ele>173.3</ele>
   </trkpt>
   <trkpt lat="48.3210410" lon="-70.3229940">
    <ele>173.6</ele>
   </trkpt>
   <trkpt lat="48.3210380" lon="-70.3229920">
    <ele>173.6</ele>
   </trkpt>
   <trkpt lat="48.3210370" lon="-70.3229910">
    <ele>173.7</ele>
   </trkpt>
   <trkpt lat="48.3210330" lon="-70.3229890">
    <ele>173.8</ele>
   </trkpt>
   <trkpt lat="48.3210290" lon="-70.3229860">
    <ele>173.9</ele>
   </trkpt>
   <trkpt lat="48.3210170" lon="-70.3229820">
    <ele>174.2</ele>
   </trkpt>
   <trkpt lat="48.3210110" lon="-70.3229800">
    <ele>174.4</ele>
   </trkpt>
   <trkpt lat="48.3210040" lon="-70.3229820">
    <ele>174.5</ele>
   </trkpt>
   <trkpt lat="48.3209990" lon="-70.3229780">
    <ele>174.7</ele>
   </trkpt>
   <trkpt lat="48.3209970" lon="-70.3229770">
    <ele>174.7</ele>
   </trkpt>
   <trkpt lat="48.3209930" lon="-70.3229730">
    <ele>174.8</ele>
   </trkpt>
   <trkpt lat="48.3209870" lon="-70.3229670">
    <ele>175.0</ele>
   </trkpt>
   <trkpt lat="48.3209820" lon="-70.3229570">
    <ele>175.2</ele>
   </trkpt>
   <trkpt lat="48.3209760" lon="-70.3229480">
    <ele>175.4</ele>
   </trkpt>
   <trkpt lat="48.3209680" lon="-70.3229380">
    <ele>175.7</ele>
   </trkpt>
   <trkpt lat="48.3209650" lon="-70.3229300">
    <ele>175.8</ele>
   </trkpt>
   <trkpt lat="48.3209560" lon="-70.3229200">
    <ele>176.1</ele>
   </trkpt>
   <trkpt lat="48.3209480" lon="-70.3229100">
    <ele>176.3</ele>
   </trkpt>
   <trkpt lat="48.3209360" lon="-70.3229020">
    <ele>176.6</ele>
   </trkpt>
   <trkpt lat="48.3209290" lon="-70.3228910">
    <ele>176.8</ele>
   </trkpt>
   <trkpt lat="48.3209260" lon="-70.3228890">
    <ele>176.9</ele>
   </trkpt>
   <trkpt lat="48.3209200" lon="-70.3228820">
    <ele>177.0</ele>
   </trkpt>
   <trkpt lat="48.3209130" lon="-70.3228760">
    <ele>177.2</ele>
   </trkpt>
   <trkpt lat="48.3209090" lon="-70.3228700">
    <ele>177.3</ele>
   </trkpt>
   <trkpt lat="48.3209070" lon="-70.3228660">
    <ele>177.3</ele>
   </trkpt>
   <trkpt lat="48.3209040" lon="-70.3228630">
    <ele>177.4</ele>
   </trkpt>
   <trkpt lat="48.3209010" lon="-70.3228530">
    <ele>177.5</ele>
   </trkpt>
   <trkpt lat="48.3208930" lon="-70.3228440">
    <ele>177.7</ele>
   </trkpt>
   <trkpt lat="48.3208900" lon="-70.3228390">
    <ele>177.8</ele>
   </trkpt>
   <trkpt lat="48.3208900" lon="-70.3228380">
    <ele>177.8</ele>
   </trkpt>
   <trkpt lat="48.3208880" lon="-70.3228340">
    <ele>177.9</ele>
   </trkpt>
   <trkpt lat="48.3208830" lon="-70.3228310">
    <ele>178.0</ele>
   </trkpt>
   <trkpt lat="48.3208780" lon="-70.3228340">
    <ele>178.1</ele>
   </trkpt>
   <trkpt lat="48.3208850" lon="-70.3228340">
    <ele>178.2</ele>
   </trkpt>
   <trkpt lat="48.3208770" lon="-70.3228280">
    <ele>178.4</ele>
   </trkpt>
   <trkpt lat="48.3208780" lon="-70.3228260">
    <ele>178.4</ele>
   </trkpt>
   <trkpt lat="48.3208740" lon="-70.3228180">
    <ele>178.5</ele>
   </trkpt>
   <trkpt lat="48.3208700" lon="-70.3228240">
    <ele>178.6</ele>
   </trkpt>
   <trkpt lat="48.3208650" lon="-70.3228250">
    <ele>178.7</ele>
   </trkpt>
   <trkpt lat="48.3208620" lon="-70.3228270">
    <ele>178.8</ele>
   </trkpt>
   <trkpt lat="48.3208540" lon="-70.3228290">
    <ele>178.9</ele>
   </trkpt>
   <trkpt lat="48.3208460" lon="-70.3228300">
    <ele>179.1</ele>
   </trkpt>
   <trkpt lat="48.3208400" lon="-70.3228290">
    <ele>179.2</ele>
   </trkpt>
   <trkpt lat="48.3208360" lon="-70.3228330">
    <ele>179.3</ele>
   </trkpt>
   <trkpt lat="48.3208350" lon="-70.3228380">
    <ele>179.3</ele>
   </trkpt>
   <trkpt lat="48.3208320" lon="-70.3228440">
    <ele>179.4</ele>
   </trkpt>
   <trkpt lat="48.3208270" lon="-70.3228450">
    <ele>179.5</ele>
   </trkpt>
   <trkpt lat="48.3208190" lon="-70.3228480">
    <ele>179.6</ele>
   </trkpt>
   <trkpt lat="48.3208190" lon="-70.3228500">
    <ele>179.7</ele>
   </trkpt>
   <trkpt lat="48.3208120" lon="-70.3228520">
    <ele>179.8</ele>
   </trkpt>
   <trkpt lat="48.3208110" lon="-70.3228520">
    <ele>179.8</ele>
   </trkpt>
   <trkpt lat="48.3208070" lon="-70.3228550">
    <ele>179.9</ele>
   </trkpt>
   <trkpt lat="48.3207940" lon="-70.3228580">
    <ele>180.1</ele>
   </trkpt>
   <trkpt lat="48.3207910" lon="-70.3228620">
    <ele>180.2</ele>
   </trkpt>
   <trkpt lat="48.3207960" lon="-70.3228620">
    <ele>180.3</ele>
   </trkpt>
   <trkpt lat="48.3208020" lon="-70.3228730">
    <ele>180.5</ele>
   </trkpt>
   <trkpt lat="48.3208020" lon="-70.3228720">
    <ele>180.5</ele>
   </trkpt>
   <trkpt lat="48.3208020" lon="-70.3228720">
    <ele>180.5</ele>
   </trkpt>
   <trkpt lat="48.3207940" lon="-70.3228800">
    <ele>180.6</ele>
   </trkpt>
   <trkpt lat="48.3207860" lon="-70.3228750">
    <ele>180.8</ele>
   </trkpt>
   <trkpt lat="48.3207790" lon="-70.3228830">
    <ele>180.9</ele>
   </trkpt>
   <trkpt lat="48.3207700" lon="-70.3228920">
    <ele>181.1</ele>
   </trkpt>
   <trkpt lat="48.3207630" lon="-70.3228870">
    <ele>181.3</ele>
   </trkpt>
   <trkpt lat="48.3207540" lon="-70.3228830">
    <ele>181.4</ele>
   </trkpt>
   <trkpt lat="48.3207450" lon="-70.3228840">
    <ele>181.6</ele>
   </trkpt>
   <trkpt lat="48.3207400" lon="-70.3228850">
    <ele>181.7</ele>
   </trkpt>
   <trkpt lat="48.3207440" lon="-70.3228910">
    <ele>181.8</ele>
   </trkpt>
   <trkpt lat="48.3207460" lon="-70.3228940">
    <ele>181.9</ele>
   </trkpt>
   <trkpt lat="48.3207360" lon="-70.3229000">
    <ele>182.1</ele>
   </trkpt>
   <trkpt lat="48.3207310" lon="-70.3229030">
    <ele>182.2</ele>
   </trkpt>
   <trkpt lat="48.3207220" lon="-70.3229080">
    <ele>182.3</ele>
   </trkpt>
   <trkpt lat="48.3207210" lon="-70.3229100">
    <ele>182.4</ele>
   </trkpt>
   <trkpt lat="48.3207170" lon="-70.3229100">
    <ele>182.4</ele>
   </trkpt>
   <trkpt lat="48.3207090" lon="-70.3229110">
    <ele>182.6</ele>
   </trkpt>
   <trkpt lat="48.3207030" lon="-70.3229110">
    <ele>182.7</ele>
   </trkpt>
   <trkpt lat="48.3207020" lon="-70.3229120">
    <ele>182.7</ele>
   </trkpt>
   <trkpt lat="48.3206990" lon="-70.3229160">
    <ele>182.8</ele>
   </trkpt>
   <trkpt lat="48.3206990" lon="-70.3229200">
    <ele>182.8</ele>
   </trkpt>
   <trkpt lat="48.3207000" lon="-70.3229240">
    <ele>182.9</ele>
   </trkpt>
   <trkpt lat="48.3206990" lon="-70.3229390">
    <ele>183.1</ele>
   </trkpt>
   <trkpt lat="48.3207030" lon="-70.3229510">
    <ele>183.2</ele>
   </trkpt>
   <trkpt lat="48.3206960" lon="-70.3229550">
    <ele>183.4</ele>
   </trkpt>
   <trkpt lat="48.3206950" lon="-70.3229550">
    <ele>183.4</ele>
   </trkpt>
   <trkpt lat="48.3206960" lon="-70.3229580">
    <ele>183.4</ele>
   </trkpt>
   <trkpt lat="48.3206880" lon="-70.3229660">
    <ele>183.6</ele>
   </trkpt>
   <trkpt lat="48.3206810" lon="-70.3229720">
    <ele>183.7</ele>
   </trkpt>
   <trkpt lat="48.3206690" lon="-70.3229750">
    <ele>184.0</ele>
   </trkpt>
   <trkpt lat="48.3206630" lon="-70.3229770">
    <ele>184.1</ele>
   </trkpt>
   <trkpt lat="48.3206620" lon="-70.3229820">
    <ele>184.1</ele>
   </trkpt>
   <trkpt lat="48.3206580" lon="-70.3229860">
    <ele>184.2</ele>
   </trkpt>
   <trkpt lat="48.3206600" lon="-70.3229880">
    <ele>184.3</ele>
   </trkpt>
   <trkpt lat="48.3206630" lon="-70.3230100">
    <ele>184.6</ele>
   </trkpt>
   <trkpt lat="48.3206650" lon="-70.3230110">
    <ele>184.6</ele>
   </trkpt>
   <trkpt lat="48.3206710" lon="-70.3230160">
    <ele>184.7</ele>
   </trkpt>
   <trkpt lat="48.3206700" lon="-70.3230200">
    <ele>184.8</ele>
   </trkpt>
   <trkpt lat="48.3206730" lon="-70.3230290">
    <ele>184.9</ele>
   </trkpt>
   <trkpt lat="48.3206720" lon="-70.3230360">
    <ele>185.0</ele>
   </trkpt>
   <trkpt lat="48.3206760" lon="-70.3230430">
    <ele>185.1</ele>
   </trkpt>
   <trkpt lat="48.3206760" lon="-70.3230510">
    <ele>185.2</ele>
   </trkpt>
   <trkpt lat="48.3206740" lon="-70.3230610">
    <ele>185.3</ele>
   </trkpt>
   <trkpt lat="48.3206690" lon="-70.3230690">
    <ele>185.4</ele>
   </trkpt>
   <trkpt lat="48.3206650" lon="-70.3230780">
    <ele>185.6</ele>
   </trkpt>
   <trkpt lat="48.3206610" lon="-70.3230830">
    <ele>185.7</ele>
   </trkpt>
   <trkpt lat="48.3206560" lon="-70.3230910">
    <ele>185.8</ele>
   </trkpt>
   <trkpt lat="48.3206560" lon="-70.3230990">
    <ele>185.9</ele>
   </trkpt>
   <trkpt lat="48.3206470" lon="-70.3231100">
    <ele>186.1</ele>
   </trkpt>
   <trkpt lat="48.3206430" lon="-70.3231150">
    <ele>186.2</ele>
   </trkpt>
   <trkpt lat="48.3206430" lon="-70.3231170">
    <ele>186.2</ele>
   </trkpt>
   <trkpt lat="48.3206420" lon="-70.3231200">
    <ele>186.3</ele>
   </trkpt>
   <trkpt lat="48.3206420" lon="-70.3231270">
    <ele>186.4</ele>
   </trkpt>
   <trkpt lat="48.3206400" lon="-70.3231310">
    <ele>186.4</ele>
   </trkpt>
   <trkpt lat="48.3206360" lon="-70.3231450">
    <ele>186.6</ele>
   </trkpt>
   <trkpt lat="48.3206330" lon="-70.3231540">
    <ele>186.7</ele>
   </trkpt>
   <trkpt lat="48.3206270" lon="-70.3231610">
    <ele>186.8</ele>
   </trkpt>
   <trkpt lat="48.3206210" lon="-70.3231640">
    <ele>186.9</ele>
   </trkpt>
   <trkpt lat="48.3206110" lon="-70.3231650">
    <ele>187.1</ele>
   </trkpt>
   <trkpt lat="48.3206170" lon="-70.3231730">
    <ele>187.2</ele>
   </trkpt>
   <trkpt lat="48.3206140" lon="-70.3231760">
    <ele>187.3</ele>
   </trkpt>
   <trkpt lat="48.3206160" lon="-70.3231820">
    <ele>187.4</ele>
   </trkpt>
   <trkpt lat="48.3206140" lon="-70.3231930">
    <ele>187.5</ele>
   </trkpt>
   <trkpt lat="48.3206060" lon="-70.3231950">
    <ele>187.6</ele>
   </trkpt>
   <trkpt lat="48.3206130" lon="-70.3231980">
    <ele>187.7</ele>
   </trkpt>
   <trkpt lat="48.3206140" lon="-70.3232070">
    <ele>187.8</ele>
   </trkpt>
   <trkpt lat="48.3206130" lon="-70.3232080">
    <ele>187.8</ele>
   </trkpt>
   <trkpt lat="48.3206050" lon="-70.3232120">
    <ele>187.9</ele>
   </trkpt>
   <trkpt lat="48.3205990" lon="-70.3232150">
    <ele>188.0</ele>
   </trkpt>
   <trkpt lat="48.3205990" lon="-70.3232210">
    <ele>188.1</ele>
   </trkpt>
   <trkpt lat="48.3205930" lon="-70.3232220">
    <ele>188.2</ele>
   </trkpt>
   <trkpt lat="48.3205940" lon="-70.3232270">
    <ele>188.2</ele>
   </trkpt>
   <trkpt lat="48.3205960" lon="-70.3232340">
    <ele>188.3</ele>
   </trkpt>
   <trkpt lat="48.3205980" lon="-70.3232400">
    <ele>188.3</ele>
   </trkpt>
   <trkpt lat="48.3205980" lon="-70.3232480">
    <ele>188.4</ele>
   </trkpt>
   <trkpt lat="48.3205870" lon="-70.3232430">
    <ele>188.5</ele>
   </trkpt>
   <trkpt lat="48.3205860" lon="-70.3232500">
    <ele>188.6</ele>
   </trkpt>
   <trkpt lat="48.3205900" lon="-70.3232690">
    <ele>188.7</ele>
   </trkpt>
   <trkpt lat="48.3205900" lon="-70.3232770">
    <ele>188.8</ele>
   </trkpt>
   <trkpt lat="48.3205800" lon="-70.3232830">
    <ele>188.9</ele>
   </trkpt>
   <trkpt lat="48.3205690" lon="-70.3232920">
    <ele>189.1</ele>
   </trkpt>
   <trkpt lat="48.3205780" lon="-70.3232980">
    <ele>189.2</ele>
   </trkpt>
   <trkpt lat="48.3205740" lon="-70.3233010">
    <ele>189.2</ele>
   </trkpt>
   <trkpt lat="48.3205760" lon="-70.3233090">
    <ele>189.3</ele>
   </trkpt>
   <trkpt lat="48.3205800" lon="-70.3233210">
    <ele>189.3</ele>
   </trkpt>
   <trkpt lat="48.3205830" lon="-70.3233340">
    <ele>189.4</ele>
   </trkpt>
   <trkpt lat="48.3205850" lon="-70.3233440">
    <ele>189.5</ele>
   </trkpt>
   <trkpt lat="48.3205830" lon="-70.3233530">
    <ele>189.6</ele>
   </trkpt>
   <trkpt lat="48.3205850" lon="-70.3233640">
    <ele>189.6</ele>
   </trkpt>
   <trkpt lat="48.3205760" lon="-70.3233820">
    <ele>189.8</ele>
   </trkpt>
   <trkpt lat="48.3205840" lon="-70.3233990">
    <ele>189.9</ele>
   </trkpt>
   <trkpt lat="48.3205830" lon="-70.3234110">
    <ele>189.9</ele>
   </trkpt>
   <trkpt lat="48.3205790" lon="-70.3234230">
    <ele>190.0</ele>
   </trkpt>
   <trkpt lat="48.3205700" lon="-70.3234360">
    <ele>190.1</ele>
   </trkpt>
   <trkpt lat="48.3205660" lon="-70.3234410">
    <ele>190.1</ele>
   </trkpt>
   <trkpt lat="48.3205610" lon="-70.3234460">
    <ele>190.2</ele>
   </trkpt>
   <trkpt lat="48.3205610" lon="-70.3234450">
    <ele>190.2</ele>
   </trkpt>
   <trkpt lat="48.3205610" lon="-70.3234450">
    <ele>190.2</ele>
   </trkpt>
   <trkpt lat="48.3205610" lon="-70.3234450">
    <ele>190.2</ele>
   </trkpt>
   <trkpt lat="48.3205430" lon="-70.3234670">
    <ele>190.4</ele>
   </trkpt>
   <trkpt lat="48.3205410" lon="-70.3234690">
    <ele>190.4</ele>
   </trkpt>
   <trkpt lat="48.3205400" lon="-70.3234720">
    <ele>190.4</ele>
   </trkpt>
   <trkpt lat="48.3205410" lon="-70.3234770">
    <ele>190.4</ele>
   </trkpt>
   <trkpt lat="48.3205410" lon="-70.3234770">
    <ele>190.4</ele>
   </trkpt>
   <trkpt lat="48.3205410" lon="-70.3234770">
    <ele>190.4</ele>
   </trkpt>
   <trkpt lat="48.3205410" lon="-70.3234770">
    <ele>190.4</ele>
   </trkpt>
   <trkpt lat="48.3205410" lon="-70.3234770">
    <ele>190.4</ele>
   </trkpt>
   <trkpt lat="48.3205410" lon="-70.3234770">
    <ele>190.4</ele>
   </trkpt>
   <trkpt lat="48.3205410" lon="-70.3234770">
    <ele>190.4</ele>
   </trkpt>
   <trkpt lat="48.3205410" lon="-70.3234770">
    <ele>190.4</ele>
   </trkpt>
   <trkpt lat="48.3205410" lon="-70.3234770">
    <ele>190.4</ele>
   </trkpt>
   <trkpt lat="48.3205360" lon="-70.3234960">
    <ele>190.5</ele>
   </trkpt>
   <trkpt lat="48.3205360" lon="-70.3234960">
    <ele>190.5</ele>
   </trkpt>
   <trkpt lat="48.3205360" lon="-70.3234960">
    <ele>190.5</ele>
   </trkpt>
   <trkpt lat="48.3205360" lon="-70.3234960">
    <ele>190.5</ele>
   </trkpt>
   <trkpt lat="48.3205360" lon="-70.3234960">
    <ele>190.5</ele>
   </trkpt>
   <trkpt lat="48.3205360" lon="-70.3234960">
    <ele>190.5</ele>
   </trkpt>
   <trkpt lat="48.3205360" lon="-70.3234960">
    <ele>190.5</ele>
   </trkpt>
   <trkpt lat="48.3205360" lon="-70.3234960">
    <ele>190.5</ele>
   </trkpt>
   <trkpt lat="48.3205360" lon="-70.3234960">
    <ele>190.5</ele>
   </trkpt>
   <trkpt lat="48.3205360" lon="-70.3234960">
    <ele>190.5</ele>
   </trkpt>
   <trkpt lat="48.3205360" lon="-70.3234960">
    <ele>190.5</ele>
   </trkpt>
   <trkpt lat="48.3205330" lon="-70.3235130">
    <ele>190.6</ele>
   </trkpt>
   <trkpt lat="48.3205330" lon="-70.3235140">
    <ele>190.6</ele>
   </trkpt>
   <trkpt lat="48.3205350" lon="-70.3235180">
    <ele>190.7</ele>
   </trkpt>
   <trkpt lat="48.3205360" lon="-70.3235150">
    <ele>190.7</ele>
   </trkpt>
   <trkpt lat="48.3205360" lon="-70.3235160">
    <ele>190.7</ele>
   </trkpt>
   <trkpt lat="48.3205360" lon="-70.3235150">
    <ele>190.7</ele>
   </trkpt>
   <trkpt lat="48.3205380" lon="-70.3235160">
    <ele>190.7</ele>
   </trkpt>
   <trkpt lat="48.3205390" lon="-70.3235170">
    <ele>190.7</ele>
   </trkpt>
   <trkpt lat="48.3205400" lon="-70.3235210">
    <ele>190.7</ele>
   </trkpt>
   <trkpt lat="48.3205370" lon="-70.3235240">
    <ele>190.8</ele>
   </trkpt>
   <trkpt lat="48.3205370" lon="-70.3235320">
    <ele>190.8</ele>
   </trkpt>
   <trkpt lat="48.3205410" lon="-70.3235460">
    <ele>190.9</ele>
   </trkpt>
   <trkpt lat="48.3205390" lon="-70.3235510">
    <ele>190.9</ele>
   </trkpt>
   <trkpt lat="48.3205450" lon="-70.3235500">
    <ele>191.0</ele>
   </trkpt>
   <trkpt lat="48.3205550" lon="-70.3235500">
    <ele>191.0</ele>
   </trkpt>
   <trkpt lat="48.3205570" lon="-70.3235550">
    <ele>191.1</ele>
   </trkpt>
   <trkpt lat="48.3205570" lon="-70.3235570">
    <ele>191.1</ele>
   </trkpt>
   <trkpt lat="48.3205560" lon="-70.3235570">
    <ele>191.1</ele>
   </trkpt>
   <trkpt lat="48.3205630" lon="-70.3235580">
    <ele>191.1</ele>
   </trkpt>
   <trkpt lat="48.3205640" lon="-70.3235580">
    <ele>191.1</ele>
   </trkpt>
   <trkpt lat="48.3205640" lon="-70.3235580">
    <ele>191.1</ele>
   </trkpt>
   <trkpt lat="48.3205660" lon="-70.3235610">
    <ele>191.2</ele>
   </trkpt>
   <trkpt lat="48.3205670" lon="-70.3235610">
    <ele>191.2</ele>
   </trkpt>
   <trkpt lat="48.3205670" lon="-70.3235610">
    <ele>191.2</ele>
   </trkpt>
   <trkpt lat="48.3205660" lon="-70.3235600">
    <ele>191.2</ele>
   </trkpt>
   <trkpt lat="48.3205670" lon="-70.3235600">
    <ele>191.2</ele>
   </trkpt>
   <trkpt lat="48.3205660" lon="-70.3235610">
    <ele>191.2</ele>
   </trkpt>
   <trkpt lat="48.3205670" lon="-70.3235660">
    <ele>191.2</ele>
   </trkpt>
   <trkpt lat="48.3205710" lon="-70.3235740">
    <ele>191.3</ele>
   </trkpt>
   <trkpt lat="48.3205790" lon="-70.3235890">
    <ele>191.4</ele>
   </trkpt>
   <trkpt lat="48.3205850" lon="-70.3236010">
    <ele>191.5</ele>
   </trkpt>
   <trkpt lat="48.3205830" lon="-70.3236100">
    <ele>191.5</ele>
   </trkpt>
   <trkpt lat="48.3205800" lon="-70.3236200">
    <ele>191.6</ele>
   </trkpt>
   <trkpt lat="48.3205860" lon="-70.3236310">
    <ele>191.7</ele>
   </trkpt>
   <trkpt lat="48.3205880" lon="-70.3236490">
    <ele>191.8</ele>
   </trkpt>
   <trkpt lat="48.3205880" lon="-70.3236640">
    <ele>191.8</ele>
   </trkpt>
   <trkpt lat="48.3205770" lon="-70.3236800">
    <ele>192.0</ele>
   </trkpt>
   <trkpt lat="48.3205710" lon="-70.3236990">
    <ele>192.1</ele>
   </trkpt>
   <trkpt lat="48.3205730" lon="-70.3237080">
    <ele>192.2</ele>
   </trkpt>
   <trkpt lat="48.3205880" lon="-70.3237210">
    <ele>192.3</ele>
   </trkpt>
   <trkpt lat="48.3205920" lon="-70.3237380">
    <ele>192.4</ele>
   </trkpt>
   <trkpt lat="48.3205890" lon="-70.3237470">
    <ele>192.5</ele>
   </trkpt>
   <trkpt lat="48.3205860" lon="-70.3237570">
    <ele>192.6</ele>
   </trkpt>
   <trkpt lat="48.3205920" lon="-70.3237640">
    <ele>192.7</ele>
   </trkpt>
   <trkpt lat="48.3205920" lon="-70.3237750">
    <ele>192.7</ele>
   </trkpt>
   <trkpt lat="48.3205940" lon="-70.3237830">
    <ele>192.8</ele>
   </trkpt>
   <trkpt lat="48.3206000" lon="-70.3237910">
    <ele>192.9</ele>
   </trkpt>
   <trkpt lat="48.3205960" lon="-70.3237960">
    <ele>192.9</ele>
   </trkpt>
   <trkpt lat="48.3205920" lon="-70.3238070">
    <ele>193.0</ele>
   </trkpt>
   <trkpt lat="48.3205840" lon="-70.3238210">
    <ele>193.2</ele>
   </trkpt>
   <trkpt lat="48.3205930" lon="-70.3238270">
    <ele>193.3</ele>
   </trkpt>
   <trkpt lat="48.3206000" lon="-70.3238440">
    <ele>193.5</ele>
   </trkpt>
   <trkpt lat="48.3205900" lon="-70.3238460">
    <ele>193.6</ele>
   </trkpt>
   <trkpt lat="48.3205840" lon="-70.3238550">
    <ele>193.7</ele>
   </trkpt>
   <trkpt lat="48.3205880" lon="-70.3238710">
    <ele>193.8</ele>
   </trkpt>
   <trkpt lat="48.3205880" lon="-70.3238860">
    <ele>193.9</ele>
   </trkpt>
   <trkpt lat="48.3205830" lon="-70.3238970">
    <ele>194.1</ele>
   </trkpt>
   <trkpt lat="48.3205750" lon="-70.3239090">
    <ele>194.2</ele>
   </trkpt>
   <trkpt lat="48.3205700" lon="-70.3239230">
    <ele>194.4</ele>
   </trkpt>
   <trkpt lat="48.3205670" lon="-70.3239360">
    <ele>194.5</ele>
   </trkpt>
   <trkpt lat="48.3205670" lon="-70.3239480">
    <ele>194.6</ele>
   </trkpt>
   <trkpt lat="48.3205670" lon="-70.3239650">
    <ele>194.8</ele>
   </trkpt>
   <trkpt lat="48.3205620" lon="-70.3239780">
    <ele>195.0</ele>
   </trkpt>
   <trkpt lat="48.3205590" lon="-70.3239940">
    <ele>195.1</ele>
   </trkpt>
   <trkpt lat="48.3205550" lon="-70.3240100">
    <ele>195.3</ele>
   </trkpt>
   <trkpt lat="48.3205570" lon="-70.3240190">
    <ele>195.4</ele>
   </trkpt>
   <trkpt lat="48.3205550" lon="-70.3240390">
    <ele>195.6</ele>
   </trkpt>
   <trkpt lat="48.3205510" lon="-70.3240560">
    <ele>195.8</ele>
   </trkpt>
   <trkpt lat="48.3205470" lon="-70.3240760">
    <ele>196.0</ele>
   </trkpt>
   <trkpt lat="48.3205340" lon="-70.3240900">
    <ele>196.3</ele>
   </trkpt>
   <trkpt lat="48.3205330" lon="-70.3241040">
    <ele>196.5</ele>
   </trkpt>
   <trkpt lat="48.3205360" lon="-70.3241170">
    <ele>196.6</ele>
   </trkpt>
   <trkpt lat="48.3205360" lon="-70.3241390">
    <ele>196.9</ele>
   </trkpt>
   <trkpt lat="48.3205320" lon="-70.3241440">
    <ele>196.9</ele>
   </trkpt>
   <trkpt lat="48.3205330" lon="-70.3241640">
    <ele>197.2</ele>
   </trkpt>
   <trkpt lat="48.3205310" lon="-70.3241790">
    <ele>197.4</ele>
   </trkpt>
   <trkpt lat="48.3205310" lon="-70.3241970">
    <ele>197.6</ele>
   </trkpt>
   <trkpt lat="48.3205290" lon="-70.3242120">
    <ele>197.8</ele>
   </trkpt>
   <trkpt lat="48.3205310" lon="-70.3242260">
    <ele>197.9</ele>
   </trkpt>
   <trkpt lat="48.3205310" lon="-70.3242430">
    <ele>198.1</ele>
   </trkpt>
   <trkpt lat="48.3205290" lon="-70.3242660">
    <ele>198.4</ele>
   </trkpt>
   <trkpt lat="48.3205270" lon="-70.3242870">
    <ele>198.7</ele>
   </trkpt>
   <trkpt lat="48.3205330" lon="-70.3243110">
    <ele>199.0</ele>
   </trkpt>
   <trkpt lat="48.3205290" lon="-70.3243230">
    <ele>199.2</ele>
   </trkpt>
   <trkpt lat="48.3205310" lon="-70.3243400">
    <ele>199.4</ele>
   </trkpt>
   <trkpt lat="48.3205280" lon="-70.3243600">
    <ele>199.7</ele>
   </trkpt>
   <trkpt lat="48.3205270" lon="-70.3243800">
    <ele>199.9</ele>
   </trkpt>
   <trkpt lat="48.3205250" lon="-70.3243940">
    <ele>200.1</ele>
   </trkpt>
   <trkpt lat="48.3205270" lon="-70.3244130">
    <ele>200.4</ele>
   </trkpt>
   <trkpt lat="48.3205280" lon="-70.3244280">
    <ele>200.6</ele>
   </trkpt>
   <trkpt lat="48.3205270" lon="-70.3244500">
    <ele>200.8</ele>
   </trkpt>
   <trkpt lat="48.3205300" lon="-70.3244750">
    <ele>201.2</ele>
   </trkpt>
   <trkpt lat="48.3205260" lon="-70.3244940">
    <ele>201.4</ele>
   </trkpt>
   <trkpt lat="48.3205240" lon="-70.3245060">
    <ele>201.6</ele>
   </trkpt>
   <trkpt lat="48.3205270" lon="-70.3245310">
    <ele>201.9</ele>
   </trkpt>
   <trkpt lat="48.3205290" lon="-70.3245500">
    <ele>202.1</ele>
   </trkpt>
   <trkpt lat="48.3205320" lon="-70.3245610">
    <ele>202.3</ele>
   </trkpt>
   <trkpt lat="48.3205330" lon="-70.3245760">
    <ele>202.5</ele>
   </trkpt>
   <trkpt lat="48.3205330" lon="-70.3245930">
    <ele>202.7</ele>
   </trkpt>
   <trkpt lat="48.3205310" lon="-70.3246100">
    <ele>202.9</ele>
   </trkpt>
   <trkpt lat="48.3205300" lon="-70.3246260">
    <ele>203.0</ele>
   </trkpt>
   <trkpt lat="48.3205290" lon="-70.3246430">
    <ele>203.2</ele>
   </trkpt>
   <trkpt lat="48.3205310" lon="-70.3246610">
    <ele>203.4</ele>
   </trkpt>
   <trkpt lat="48.3205270" lon="-70.3246890">
    <ele>203.7</ele>
   </trkpt>
   <trkpt lat="48.3205280" lon="-70.3247110">
    <ele>204.0</ele>
   </trkpt>
   <trkpt lat="48.3205280" lon="-70.3247280">
    <ele>204.1</ele>
   </trkpt>
   <trkpt lat="48.3205330" lon="-70.3247380">
    <ele>204.3</ele>
   </trkpt>
   <trkpt lat="48.3205290" lon="-70.3247600">
    <ele>204.5</ele>
   </trkpt>
   <trkpt lat="48.3205270" lon="-70.3247810">
    <ele>204.7</ele>
   </trkpt>
   <trkpt lat="48.3205250" lon="-70.3248020">
    <ele>204.9</ele>
   </trkpt>
   <trkpt lat="48.3205210" lon="-70.3248120">
    <ele>205.0</ele>
   </trkpt>
   <trkpt lat="48.3205190" lon="-70.3248240">
    <ele>205.2</ele>
   </trkpt>
   <trkpt lat="48.3205170" lon="-70.3248320">
    <ele>205.2</ele>
   </trkpt>
   <trkpt lat="48.3205160" lon="-70.3248450">
    <ele>205.4</ele>
   </trkpt>
   <trkpt lat="48.3205170" lon="-70.3248540">
    <ele>205.5</ele>
   </trkpt>
   <trkpt lat="48.3205130" lon="-70.3248670">
    <ele>205.6</ele>
   </trkpt>
   <trkpt lat="48.3205100" lon="-70.3248860">
    <ele>205.8</ele>
   </trkpt>
   <trkpt lat="48.3205080" lon="-70.3249020">
    <ele>206.0</ele>
   </trkpt>
   <trkpt lat="48.3205060" lon="-70.3249190">
    <ele>206.1</ele>
   </trkpt>
   <trkpt lat="48.3205030" lon="-70.3249320">
    <ele>206.3</ele>
   </trkpt>
   <trkpt lat="48.3204960" lon="-70.3249390">
    <ele>206.4</ele>
   </trkpt>
   <trkpt lat="48.3204880" lon="-70.3249560">
    <ele>206.6</ele>
   </trkpt>
   <trkpt lat="48.3204870" lon="-70.3249710">
    <ele>206.8</ele>
   </trkpt>
   <trkpt lat="48.3204830" lon="-70.3249850">
    <ele>206.9</ele>
   </trkpt>
   <trkpt lat="48.3204790" lon="-70.3249980">
    <ele>207.0</ele>
   </trkpt>
   <trkpt lat="48.3204720" lon="-70.3250120">
    <ele>207.2</ele>
   </trkpt>
   <trkpt lat="48.3204700" lon="-70.3250300">
    <ele>207.4</ele>
   </trkpt>
   <trkpt lat="48.3204680" lon="-70.3250500">
    <ele>207.6</ele>
   </trkpt>
   <trkpt lat="48.3204660" lon="-70.3250680">
    <ele>207.8</ele>
   </trkpt>
   <trkpt lat="48.3204620" lon="-70.3250840">
    <ele>208.0</ele>
   </trkpt>
   <trkpt lat="48.3204550" lon="-70.3250910">
    <ele>208.1</ele>
   </trkpt>
   <trkpt lat="48.3204510" lon="-70.3251030">
    <ele>208.2</ele>
   </trkpt>
   <trkpt lat="48.3204480" lon="-70.3251180">
    <ele>208.4</ele>
   </trkpt>
   <trkpt lat="48.3204490" lon="-70.3251340">
    <ele>208.5</ele>
   </trkpt>
   <trkpt lat="48.3204420" lon="-70.3251490">
    <ele>208.7</ele>
   </trkpt>
   <trkpt lat="48.3204400" lon="-70.3251600">
    <ele>208.8</ele>
   </trkpt>
   <trkpt lat="48.3204370" lon="-70.3251700">
    <ele>208.9</ele>
   </trkpt>
   <trkpt lat="48.3204340" lon="-70.3251830">
    <ele>209.1</ele>
   </trkpt>
   <trkpt lat="48.3204290" lon="-70.3251980">
    <ele>209.2</ele>
   </trkpt>
   <trkpt lat="48.3204220" lon="-70.3252060">
    <ele>209.4</ele>
   </trkpt>
   <trkpt lat="48.3204150" lon="-70.3252190">
    <ele>209.5</ele>
   </trkpt>
   <trkpt lat="48.3204110" lon="-70.3252260">
    <ele>209.6</ele>
   </trkpt>
   <trkpt lat="48.3204030" lon="-70.3252410">
    <ele>209.8</ele>
   </trkpt>
   <trkpt lat="48.3203950" lon="-70.3252480">
    <ele>210.0</ele>
   </trkpt>
   <trkpt lat="48.3203890" lon="-70.3252540">
    <ele>210.1</ele>
   </trkpt>
   <trkpt lat="48.3203820" lon="-70.3252600">
    <ele>210.2</ele>
   </trkpt>
   <trkpt lat="48.3203780" lon="-70.3252730">
    <ele>210.4</ele>
   </trkpt>
   <trkpt lat="48.3203800" lon="-70.3252960">
    <ele>210.6</ele>
   </trkpt>
   <trkpt lat="48.3203770" lon="-70.3253150">
    <ele>210.8</ele>
   </trkpt>
   <trkpt lat="48.3203730" lon="-70.3253290">
    <ele>211.0</ele>
   </trkpt>
   <trkpt lat="48.3203630" lon="-70.3253370">
    <ele>211.2</ele>
   </trkpt>
   <trkpt lat="48.3203600" lon="-70.3253420">
    <ele>211.2</ele>
   </trkpt>
   <trkpt lat="48.3203550" lon="-70.3253470">
    <ele>211.4</ele>
   </trkpt>
   <trkpt lat="48.3203550" lon="-70.3253710">
    <ele>211.6</ele>
   </trkpt>
   <trkpt lat="48.3203460" lon="-70.3253870">
    <ele>211.9</ele>
   </trkpt>
   <trkpt lat="48.3203490" lon="-70.3254010">
    <ele>212.1</ele>
   </trkpt>
   <trkpt lat="48.3203460" lon="-70.3254090">
    <ele>212.2</ele>
   </trkpt>
   <trkpt lat="48.3203420" lon="-70.3254230">
    <ele>212.4</ele>
   </trkpt>
   <trkpt lat="48.3203360" lon="-70.3254450">
    <ele>212.7</ele>
   </trkpt>
   <trkpt lat="48.3203250" lon="-70.3254550">
    <ele>213.0</ele>
   </trkpt>
   <trkpt lat="48.3203160" lon="-70.3254610">
    <ele>213.2</ele>
   </trkpt>
   <trkpt lat="48.3203140" lon="-70.3254740">
    <ele>213.4</ele>
   </trkpt>
   <trkpt lat="48.3203130" lon="-70.3254850">
    <ele>213.5</ele>
   </trkpt>
   <trkpt lat="48.3203110" lon="-70.3255000">
    <ele>213.7</ele>
   </trkpt>
   <trkpt lat="48.3203090" lon="-70.3255240">
    <ele>214.1</ele>
   </trkpt>
   <trkpt lat="48.3203030" lon="-70.3255460">
    <ele>214.4</ele>
   </trkpt>
   <trkpt lat="48.3203020" lon="-70.3255600">
    <ele>214.6</ele>
   </trkpt>
   <trkpt lat="48.3203010" lon="-70.3255720">
    <ele>214.8</ele>
   </trkpt>
   <trkpt lat="48.3202930" lon="-70.3255790">
    <ele>215.0</ele>
   </trkpt>
   <trkpt lat="48.3202920" lon="-70.3255950">
    <ele>215.2</ele>
   </trkpt>
   <trkpt lat="48.3202780" lon="-70.3256090">
    <ele>215.5</ele>
   </trkpt>
   <trkpt lat="48.3202760" lon="-70.3256230">
    <ele>215.7</ele>
   </trkpt>
   <trkpt lat="48.3202720" lon="-70.3256390">
    <ele>216.0</ele>
   </trkpt>
   <trkpt lat="48.3202750" lon="-70.3256560">
    <ele>216.2</ele>
   </trkpt>
   <trkpt lat="48.3202740" lon="-70.3256760">
    <ele>216.5</ele>
   </trkpt>
   <trkpt lat="48.3202710" lon="-70.3256970">
    <ele>216.8</ele>
   </trkpt>
   <trkpt lat="48.3202680" lon="-70.3257090">
    <ele>217.0</ele>
   </trkpt>
   <trkpt lat="48.3202630" lon="-70.3257230">
    <ele>217.2</ele>
   </trkpt>
   <trkpt lat="48.3202590" lon="-70.3257440">
    <ele>217.5</ele>
   </trkpt>
   <trkpt lat="48.3202590" lon="-70.3257630">
    <ele>217.8</ele>
   </trkpt>
   <trkpt lat="48.3202540" lon="-70.3257780">
    <ele>218.0</ele>
   </trkpt>
   <trkpt lat="48.3202530" lon="-70.3258000">
    <ele>218.3</ele>
   </trkpt>
   <trkpt lat="48.3202490" lon="-70.3258110">
    <ele>218.5</ele>
   </trkpt>
   <trkpt lat="48.3202430" lon="-70.3258260">
    <ele>218.8</ele>
   </trkpt>
   <trkpt lat="48.3202400" lon="-70.3258410">
    <ele>219.0</ele>
   </trkpt>
   <trkpt lat="48.3202340" lon="-70.3258570">
    <ele>219.2</ele>
   </trkpt>
   <trkpt lat="48.3202260" lon="-70.3258740">
    <ele>219.5</ele>
   </trkpt>
   <trkpt lat="48.3202180" lon="-70.3258870">
    <ele>219.8</ele>
   </trkpt>
   <trkpt lat="48.3202120" lon="-70.3258990">
    <ele>220.0</ele>
   </trkpt>
   <trkpt lat="48.3202080" lon="-70.3259140">
    <ele>220.2</ele>
   </trkpt>
   <trkpt lat="48.3201990" lon="-70.3259360">
    <ele>220.6</ele>
   </trkpt>
   <trkpt lat="48.3201910" lon="-70.3259530">
    <ele>220.9</ele>
   </trkpt>
   <trkpt lat="48.3201860" lon="-70.3259700">
    <ele>221.2</ele>
   </trkpt>
   <trkpt lat="48.3201790" lon="-70.3259870">
    <ele>221.5</ele>
   </trkpt>
   <trkpt lat="48.3201700" lon="-70.3260010">
    <ele>221.7</ele>
   </trkpt>
   <trkpt lat="48.3201590" lon="-70.3260220">
    <ele>222.1</ele>
   </trkpt>
   <trkpt lat="48.3201550" lon="-70.3260330">
    <ele>222.3</ele>
   </trkpt>
   <trkpt lat="48.3201530" lon="-70.3260490">
    <ele>222.5</ele>
   </trkpt>
   <trkpt lat="48.3201450" lon="-70.3260570">
    <ele>222.7</ele>
   </trkpt>
   <trkpt lat="48.3201360" lon="-70.3260700">
    <ele>223.0</ele>
   </trkpt>
   <trkpt lat="48.3201290" lon="-70.3260910">
    <ele>223.3</ele>
   </trkpt>
   <trkpt lat="48.3201220" lon="-70.3261010">
    <ele>223.6</ele>
   </trkpt>
   <trkpt lat="48.3201130" lon="-70.3261120">
    <ele>223.8</ele>
   </trkpt>
   <trkpt lat="48.3201060" lon="-70.3261200">
    <ele>224.0</ele>
   </trkpt>
   <trkpt lat="48.3201010" lon="-70.3261350">
    <ele>224.2</ele>
   </trkpt>
   <trkpt lat="48.3200940" lon="-70.3261420">
    <ele>224.4</ele>
   </trkpt>
   <trkpt lat="48.3200900" lon="-70.3261490">
    <ele>224.5</ele>
   </trkpt>
   <trkpt lat="48.3200810" lon="-70.3261550">
    <ele>224.7</ele>
   </trkpt>
   <trkpt lat="48.3200710" lon="-70.3261610">
    <ele>225.0</ele>
   </trkpt>
   <trkpt lat="48.3200640" lon="-70.3261670">
    <ele>225.1</ele>
   </trkpt>
   <trkpt lat="48.3200530" lon="-70.3261730">
    <ele>225.3</ele>
   </trkpt>
   <trkpt lat="48.3200480" lon="-70.3261760">
    <ele>225.5</ele>
   </trkpt>
   <trkpt lat="48.3200430" lon="-70.3261800">
    <ele>225.6</ele>
   </trkpt>
   <trkpt lat="48.3200340" lon="-70.3261830">
    <ele>225.8</ele>
   </trkpt>
   <trkpt lat="48.3200230" lon="-70.3261860">
    <ele>226.0</ele>
   </trkpt>
   <trkpt lat="48.3200140" lon="-70.3261930">
    <ele>226.2</ele>
   </trkpt>
   <trkpt lat="48.3200030" lon="-70.3261980">
    <ele>226.4</ele>
   </trkpt>
   <trkpt lat="48.3199890" lon="-70.3261990">
    <ele>226.7</ele>
   </trkpt>
   <trkpt lat="48.3199780" lon="-70.3261960">
    <ele>226.9</ele>
   </trkpt>
   <trkpt lat="48.3199800" lon="-70.3262010">
    <ele>227.0</ele>
   </trkpt>
   <trkpt lat="48.3199700" lon="-70.3262130">
    <ele>227.2</ele>
   </trkpt>
   <trkpt lat="48.3199570" lon="-70.3262090">
    <ele>227.5</ele>
   </trkpt>
   <trkpt lat="48.3199430" lon="-70.3262050">
    <ele>227.7</ele>
   </trkpt>
   <trkpt lat="48.3199340" lon="-70.3262000">
    <ele>227.9</ele>
   </trkpt>
   <trkpt lat="48.3199240" lon="-70.3261960">
    <ele>228.1</ele>
   </trkpt>
   <trkpt lat="48.3199220" lon="-70.3261930">
    <ele>228.1</ele>
   </trkpt>
   <trkpt lat="48.3199190" lon="-70.3261940">
    <ele>228.2</ele>
   </trkpt>
   <trkpt lat="48.3199210" lon="-70.3261850">
    <ele>228.3</ele>
   </trkpt>
   <trkpt lat="48.3199190" lon="-70.3261740">
    <ele>228.4</ele>
   </trkpt>
   <trkpt lat="48.3199210" lon="-70.3261690">
    <ele>228.5</ele>
   </trkpt>
   <trkpt lat="48.3199200" lon="-70.3261620">
    <ele>228.6</ele>
   </trkpt>
   <trkpt lat="48.3199210" lon="-70.3261500">
    <ele>228.7</ele>
   </trkpt>
   <trkpt lat="48.3199240" lon="-70.3261390">
    <ele>228.9</ele>
   </trkpt>
   <trkpt lat="48.3199290" lon="-70.3261260">
    <ele>229.0</ele>
   </trkpt>
   <trkpt lat="48.3199320" lon="-70.3261110">
    <ele>229.2</ele>
   </trkpt>
   <trkpt lat="48.3199350" lon="-70.3261000">
    <ele>229.4</ele>
   </trkpt>
   <trkpt lat="48.3199350" lon="-70.3260900">
    <ele>229.5</ele>
   </trkpt>
   <trkpt lat="48.3199360" lon="-70.3260740">
    <ele>229.7</ele>
   </trkpt>
   <trkpt lat="48.3199320" lon="-70.3260590">
    <ele>229.9</ele>
   </trkpt>
   <trkpt lat="48.3199320" lon="-70.3260380">
    <ele>230.1</ele>
   </trkpt>
   <trkpt lat="48.3199350" lon="-70.3260230">
    <ele>230.3</ele>
   </trkpt>
   <trkpt lat="48.3199330" lon="-70.3260110">
    <ele>230.4</ele>
   </trkpt>
   <trkpt lat="48.3199320" lon="-70.3259990">
    <ele>230.6</ele>
   </trkpt>
   <trkpt lat="48.3199300" lon="-70.3259780">
    <ele>230.8</ele>
   </trkpt>
   <trkpt lat="48.3199290" lon="-70.3259650">
    <ele>231.0</ele>
   </trkpt>
   <trkpt lat="48.3199290" lon="-70.3259530">
    <ele>231.1</ele>
   </trkpt>
   <trkpt lat="48.3199240" lon="-70.3259410">
    <ele>231.2</ele>
   </trkpt>
   <trkpt lat="48.3199210" lon="-70.3259320">
    <ele>231.4</ele>
   </trkpt>
   <trkpt lat="48.3199240" lon="-70.3259200">
    <ele>231.5</ele>
   </trkpt>
   <trkpt lat="48.3199220" lon="-70.3259110">
    <ele>231.6</ele>
   </trkpt>
   <trkpt lat="48.3199200" lon="-70.3258960">
    <ele>231.8</ele>
   </trkpt>
   <trkpt lat="48.3199150" lon="-70.3258790">
    <ele>232.0</ele>
   </trkpt>
   <trkpt lat="48.3199160" lon="-70.3258600">
    <ele>232.2</ele>
   </trkpt>
   <trkpt lat="48.3199130" lon="-70.3258400">
    <ele>232.4</ele>
   </trkpt>
   <trkpt lat="48.3199050" lon="-70.3258190">
    <ele>232.6</ele>
   </trkpt>
   <trkpt lat="48.3199040" lon="-70.3258000">
    <ele>232.8</ele>
   </trkpt>
   <trkpt lat="48.3199060" lon="-70.3257840">
    <ele>233.0</ele>
   </trkpt>
   <trkpt lat="48.3199050" lon="-70.3257670">
    <ele>233.2</ele>
   </trkpt>
   <trkpt lat="48.3199020" lon="-70.3257480">
    <ele>233.4</ele>
   </trkpt>
   <trkpt lat="48.3199010" lon="-70.3257340">
    <ele>233.5</ele>
   </trkpt>
   <trkpt lat="48.3199000" lon="-70.3257150">
    <ele>233.7</ele>
   </trkpt>
   <trkpt lat="48.3198970" lon="-70.3256960">
    <ele>233.9</ele>
   </trkpt>
   <trkpt lat="48.3198960" lon="-70.3256860">
    <ele>234.0</ele>
   </trkpt>
   <trkpt lat="48.3198930" lon="-70.3256680">
    <ele>234.2</ele>
   </trkpt>
   <trkpt lat="48.3198900" lon="-70.3256470">
    <ele>234.4</ele>
   </trkpt>
   <trkpt lat="48.3198840" lon="-70.3256320">
    <ele>234.6</ele>
   </trkpt>
   <trkpt lat="48.3198860" lon="-70.3256230">
    <ele>234.6</ele>
   </trkpt>
   <trkpt lat="48.3198820" lon="-70.3256100">
    <ele>234.8</ele>
   </trkpt>
   <trkpt lat="48.3198780" lon="-70.3255980">
    <ele>234.9</ele>
   </trkpt>
   <trkpt lat="48.3198750" lon="-70.3255860">
    <ele>235.0</ele>
   </trkpt>
   <trkpt lat="48.3198740" lon="-70.3255680">
    <ele>235.2</ele>
   </trkpt>
   <trkpt lat="48.3198690" lon="-70.3255520">
    <ele>235.4</ele>
   </trkpt>
   <trkpt lat="48.3198650" lon="-70.3255370">
    <ele>235.5</ele>
   </trkpt>
   <trkpt lat="48.3198670" lon="-70.3255340">
    <ele>235.6</ele>
   </trkpt>
   <trkpt lat="48.3198640" lon="-70.3255240">
    <ele>235.7</ele>
   </trkpt>
   <trkpt lat="48.3198570" lon="-70.3255110">
    <ele>235.9</ele>
   </trkpt>
   <trkpt lat="48.3198520" lon="-70.3254960">
    <ele>236.0</ele>
   </trkpt>
   <trkpt lat="48.3198470" lon="-70.3254800">
    <ele>236.2</ele>
   </trkpt>
   <trkpt lat="48.3198410" lon="-70.3254660">
    <ele>236.3</ele>
   </trkpt>
   <trkpt lat="48.3198350" lon="-70.3254600">
    <ele>236.5</ele>
   </trkpt>
   <trkpt lat="48.3198330" lon="-70.3254520">
    <ele>236.5</ele>
   </trkpt>
   <trkpt lat="48.3198290" lon="-70.3254470">
    <ele>236.6</ele>
   </trkpt>
   <trkpt lat="48.3198260" lon="-70.3254380">
    <ele>236.7</ele>
   </trkpt>
   <trkpt lat="48.3198230" lon="-70.3254310">
    <ele>236.8</ele>
   </trkpt>
   <trkpt lat="48.3198170" lon="-70.3254180">
    <ele>236.9</ele>
   </trkpt>
   <trkpt lat="48.3198120" lon="-70.3254050">
    <ele>237.1</ele>
   </trkpt>
   <trkpt lat="48.3198050" lon="-70.3253900">
    <ele>237.3</ele>
   </trkpt>
   <trkpt lat="48.3197950" lon="-70.3253710">
    <ele>237.5</ele>
   </trkpt>
   <trkpt lat="48.3197840" lon="-70.3253550">
    <ele>237.7</ele>
   </trkpt>
   <trkpt lat="48.3197800" lon="-70.3253490">
    <ele>237.8</ele>
   </trkpt>
   <trkpt lat="48.3197790" lon="-70.3253430">
    <ele>237.9</ele>
   </trkpt>
   <trkpt lat="48.3197740" lon="-70.3253310">
    <ele>238.0</ele>
   </trkpt>
   <trkpt lat="48.3197690" lon="-70.3253170">
    <ele>238.1</ele>
   </trkpt>
   <trkpt lat="48.3197620" lon="-70.3253050">
    <ele>238.3</ele>
   </trkpt>
   <trkpt lat="48.3197600" lon="-70.3252980">
    <ele>238.4</ele>
   </trkpt>
   <trkpt lat="48.3197570" lon="-70.3252850">
    <ele>238.5</ele>
   </trkpt>
   <trkpt lat="48.3197560" lon="-70.3252740">
    <ele>238.6</ele>
   </trkpt>
   <trkpt lat="48.3197490" lon="-70.3252580">
    <ele>238.8</ele>
   </trkpt>
   <trkpt lat="48.3197440" lon="-70.3252460">
    <ele>238.9</ele>
   </trkpt>
   <trkpt lat="48.3197370" lon="-70.3252380">
    <ele>239.0</ele>
   </trkpt>
   <trkpt lat="48.3197330" lon="-70.3252250">
    <ele>239.1</ele>
   </trkpt>
   <trkpt lat="48.3197270" lon="-70.3252090">
    <ele>239.3</ele>
   </trkpt>
   <trkpt lat="48.3197260" lon="-70.3252030">
    <ele>239.4</ele>
   </trkpt>
   <trkpt lat="48.3197230" lon="-70.3251910">
    <ele>239.5</ele>
   </trkpt>
   <trkpt lat="48.3197190" lon="-70.3251770">
    <ele>239.6</ele>
   </trkpt>
   <trkpt lat="48.3197160" lon="-70.3251650">
    <ele>239.7</ele>
   </trkpt>
   <trkpt lat="48.3197140" lon="-70.3251450">
    <ele>239.9</ele>
   </trkpt>
   <trkpt lat="48.3197140" lon="-70.3251330">
    <ele>240.0</ele>
   </trkpt>
   <trkpt lat="48.3197090" lon="-70.3251210">
    <ele>240.1</ele>
   </trkpt>
   <trkpt lat="48.3197060" lon="-70.3251070">
    <ele>240.2</ele>
   </trkpt>
   <trkpt lat="48.3197070" lon="-70.3250900">
    <ele>240.4</ele>
   </trkpt>
   <trkpt lat="48.3197060" lon="-70.3250750">
    <ele>240.5</ele>
   </trkpt>
   <trkpt lat="48.3197060" lon="-70.3250660">
    <ele>240.6</ele>
   </trkpt>
   <trkpt lat="48.3197070" lon="-70.3250410">
    <ele>240.8</ele>
   </trkpt>
   <trkpt lat="48.3197080" lon="-70.3250200">
    <ele>241.0</ele>
   </trkpt>
   <trkpt lat="48.3197130" lon="-70.3250060">
    <ele>241.1</ele>
   </trkpt>
   <trkpt lat="48.3197160" lon="-70.3249890">
    <ele>241.3</ele>
   </trkpt>
   <trkpt lat="48.3197150" lon="-70.3249680">
    <ele>241.5</ele>
   </trkpt>
   <trkpt lat="48.3197170" lon="-70.3249460">
    <ele>241.6</ele>
   </trkpt>
   <trkpt lat="48.3197160" lon="-70.3249330">
    <ele>241.8</ele>
   </trkpt>
   <trkpt lat="48.3197120" lon="-70.3249130">
    <ele>241.9</ele>
   </trkpt>
   <trkpt lat="48.3197110" lon="-70.3249120">
    <ele>242.0</ele>
   </trkpt>
   <trkpt lat="48.3197070" lon="-70.3249180">
    <ele>242.0</ele>
   </trkpt>
   <trkpt lat="48.3197000" lon="-70.3249160">
    <ele>242.1</ele>
   </trkpt>
   <trkpt lat="48.3196970" lon="-70.3249110">
    <ele>242.2</ele>
   </trkpt>
   <trkpt lat="48.3196950" lon="-70.3249050">
    <ele>242.2</ele>
   </trkpt>
   <trkpt lat="48.3196910" lon="-70.3249060">
    <ele>242.3</ele>
   </trkpt>
   <trkpt lat="48.3196960" lon="-70.3249120">
    <ele>242.4</ele>
   </trkpt>
   <trkpt lat="48.3196920" lon="-70.3249160">
    <ele>242.4</ele>
   </trkpt>
   <trkpt lat="48.3196890" lon="-70.3249160">
    <ele>242.5</ele>
   </trkpt>
   <trkpt lat="48.3196860" lon="-70.3249110">
    <ele>242.5</ele>
   </trkpt>
   <trkpt lat="48.3196820" lon="-70.3249080">
    <ele>242.6</ele>
   </trkpt>
   <trkpt lat="48.3196780" lon="-70.3249080">
    <ele>242.6</ele>
   </trkpt>
   <trkpt lat="48.3196700" lon="-70.3249100">
    <ele>242.7</ele>
   </trkpt>
   <trkpt lat="48.3196730" lon="-70.3249040">
    <ele>242.8</ele>
   </trkpt>
   <trkpt lat="48.3196730" lon="-70.3249040">
    <ele>242.8</ele>
   </trkpt>
   <trkpt lat="48.3196730" lon="-70.3249040">
    <ele>242.8</ele>
   </trkpt>
   <trkpt lat="48.3196730" lon="-70.3249040">
    <ele>242.8</ele>
   </trkpt>
   <trkpt lat="48.3196730" lon="-70.3249040">
    <ele>242.8</ele>
   </trkpt>
   <trkpt lat="48.3196730" lon="-70.3249040">
    <ele>242.8</ele>
   </trkpt>
   <trkpt lat="48.3196730" lon="-70.3249040">
    <ele>242.8</ele>
   </trkpt>
   <trkpt lat="48.3196730" lon="-70.3248800">
    <ele>243.0</ele>
   </trkpt>
   <trkpt lat="48.3196730" lon="-70.3248770">
    <ele>243.0</ele>
   </trkpt>
   <trkpt lat="48.3196730" lon="-70.3248730">
    <ele>243.1</ele>
   </trkpt>
   <trkpt lat="48.3196700" lon="-70.3248700">
    <ele>243.1</ele>
   </trkpt>
   <trkpt lat="48.3196680" lon="-70.3248680">
    <ele>243.1</ele>
   </trkpt>
   <trkpt lat="48.3196660" lon="-70.3248660">
    <ele>243.2</ele>
   </trkpt>
   <trkpt lat="48.3196640" lon="-70.3248650">
    <ele>243.2</ele>
   </trkpt>
   <trkpt lat="48.3196640" lon="-70.3248640">
    <ele>243.2</ele>
   </trkpt>
   <trkpt lat="48.3196630" lon="-70.3248620">
    <ele>243.2</ele>
   </trkpt>
   <trkpt lat="48.3196630" lon="-70.3248620">
    <ele>243.2</ele>
   </trkpt>
   <trkpt lat="48.3196630" lon="-70.3248620">
    <ele>243.2</ele>
   </trkpt>
   <trkpt lat="48.3196600" lon="-70.3248580">
    <ele>243.3</ele>
   </trkpt>
   <trkpt lat="48.3196590" lon="-70.3248590">
    <ele>243.3</ele>
   </trkpt>
   <trkpt lat="48.3196590" lon="-70.3248590">
    <ele>243.3</ele>
   </trkpt>
   <trkpt lat="48.3196590" lon="-70.3248590">
    <ele>243.3</ele>
   </trkpt>
   <trkpt lat="48.3196590" lon="-70.3248590">
    <ele>243.3</ele>
   </trkpt>
   <trkpt lat="48.3196550" lon="-70.3248580">
    <ele>243.3</ele>
   </trkpt>
   <trkpt lat="48.3196570" lon="-70.3248570">
    <ele>243.4</ele>
   </trkpt>
   <trkpt lat="48.3196560" lon="-70.3248590">
    <ele>243.4</ele>
   </trkpt>
   <trkpt lat="48.3196570" lon="-70.3248560">
    <ele>243.4</ele>
   </trkpt>
   <trkpt lat="48.3196580" lon="-70.3248540">
    <ele>243.4</ele>
   </trkpt>
   <trkpt lat="48.3196590" lon="-70.3248540">
    <ele>243.5</ele>
   </trkpt>
   <trkpt lat="48.3196590" lon="-70.3248540">
    <ele>243.5</ele>
   </trkpt>
   <trkpt lat="48.3196590" lon="-70.3248540">
    <ele>243.5</ele>
   </trkpt>
   <trkpt lat="48.3196600" lon="-70.3248510">
    <ele>243.5</ele>
   </trkpt>
   <trkpt lat="48.3196570" lon="-70.3248570">
    <ele>243.5</ele>
   </trkpt>
   <trkpt lat="48.3196570" lon="-70.3248550">
    <ele>243.6</ele>
   </trkpt>
   <trkpt lat="48.3196560" lon="-70.3248580">
    <ele>243.6</ele>
   </trkpt>
   <trkpt lat="48.3196600" lon="-70.3248630">
    <ele>243.7</ele>
   </trkpt>
   <trkpt lat="48.3196620" lon="-70.3248580">
    <ele>243.7</ele>
   </trkpt>
   <trkpt lat="48.3196590" lon="-70.3248610">
    <ele>243.8</ele>
   </trkpt>
   <trkpt lat="48.3196590" lon="-70.3248610">
    <ele>243.8</ele>
   </trkpt>
   <trkpt lat="48.3196590" lon="-70.3248610">
    <ele>243.8</ele>
   </trkpt>
   <trkpt lat="48.3196590" lon="-70.3248610">
    <ele>243.8</ele>
   </trkpt>
   <trkpt lat="48.3196580" lon="-70.3248610">
    <ele>243.8</ele>
   </trkpt>
   <trkpt lat="48.3196580" lon="-70.3248610">
    <ele>243.8</ele>
   </trkpt>
   <trkpt lat="48.3196570" lon="-70.3248630">
    <ele>243.8</ele>
   </trkpt>
   <trkpt lat="48.3196560" lon="-70.3248640">
    <ele>243.8</ele>
   </trkpt>
   <trkpt lat="48.3196560" lon="-70.3248640">
    <ele>243.8</ele>
   </trkpt>
   <trkpt lat="48.3196560" lon="-70.3248640">
    <ele>243.8</ele>
   </trkpt>
   <trkpt lat="48.3196560" lon="-70.3248640">
    <ele>243.8</ele>
   </trkpt>
   <trkpt lat="48.3196560" lon="-70.3248640">
    <ele>243.8</ele>
   </trkpt>
   <trkpt lat="48.3196560" lon="-70.3248640">
    <ele>243.8</ele>
   </trkpt>
   <trkpt lat="48.3196560" lon="-70.3248640">
    <ele>243.8</ele>
   </trkpt>
   <trkpt lat="48.3196560" lon="-70.3248640">
    <ele>243.8</ele>
   </trkpt>
   <trkpt lat="48.3196560" lon="-70.3248640">
    <ele>243.8</ele>
   </trkpt>
   <trkpt lat="48.3196550" lon="-70.3248690">
    <ele>243.8</ele>
   </trkpt>
   <trkpt lat="48.3196570" lon="-70.3248680">
    <ele>243.9</ele>
   </trkpt>
   <trkpt lat="48.3196560" lon="-70.3248690">
    <ele>243.9</ele>
   </trkpt>
   <trkpt lat="48.3196530" lon="-70.3248730">
    <ele>243.9</ele>
   </trkpt>
   <trkpt lat="48.3196520" lon="-70.3248780">
    <ele>244.0</ele>
   </trkpt>
   <trkpt lat="48.3196540" lon="-70.3248750">
    <ele>244.0</ele>
   </trkpt>
   <trkpt lat="48.3196560" lon="-70.3248730">
    <ele>244.1</ele>
   </trkpt>
   <trkpt lat="48.3196570" lon="-70.3248710">
    <ele>244.1</ele>
   </trkpt>
   <trkpt lat="48.3196580" lon="-70.3248690">
    <ele>244.1</ele>
   </trkpt>
   <trkpt lat="48.3196580" lon="-70.3248690">
    <ele>244.1</ele>
   </trkpt>
   <trkpt lat="48.3196600" lon="-70.3248700">
    <ele>244.1</ele>
   </trkpt>
   <trkpt lat="48.3196570" lon="-70.3248690">
    <ele>244.2</ele>
   </trkpt>
   <trkpt lat="48.3196560" lon="-70.3248670">
    <ele>244.2</ele>
   </trkpt>
   <trkpt lat="48.3196550" lon="-70.3248670">
    <ele>244.2</ele>
   </trkpt>
   <trkpt lat="48.3196550" lon="-70.3248670">
    <ele>244.2</ele>
   </trkpt>
   <trkpt lat="48.3196550" lon="-70.3248670">
    <ele>244.2</ele>
   </trkpt>
   <trkpt lat="48.3196550" lon="-70.3248670">
    <ele>244.2</ele>
   </trkpt>
   <trkpt lat="48.3196550" lon="-70.3248750">
    <ele>244.3</ele>
   </trkpt>
   <trkpt lat="48.3196550" lon="-70.3248750">
    <ele>244.3</ele>
   </trkpt>
   <trkpt lat="48.3196550" lon="-70.3248750">
    <ele>244.3</ele>
   </trkpt>
   <trkpt lat="48.3196550" lon="-70.3248750">
    <ele>244.3</ele>
   </trkpt>
   <trkpt lat="48.3196550" lon="-70.3248750">
    <ele>244.3</ele>
   </trkpt>
   <trkpt lat="48.3196550" lon="-70.3248810">
    <ele>244.3</ele>
   </trkpt>
   <trkpt lat="48.3196540" lon="-70.3248850">
    <ele>244.4</ele>
   </trkpt>
   <trkpt lat="48.3196500" lon="-70.3248870">
    <ele>244.4</ele>
   </trkpt>
   <trkpt lat="48.3196500" lon="-70.3248900">
    <ele>244.5</ele>
   </trkpt>
   <trkpt lat="48.3196520" lon="-70.3248870">
    <ele>244.5</ele>
   </trkpt>
   <trkpt lat="48.3196520" lon="-70.3248870">
    <ele>244.5</ele>
   </trkpt>
   <trkpt lat="48.3196540" lon="-70.3248850">
    <ele>244.5</ele>
   </trkpt>
   <trkpt lat="48.3196550" lon="-70.3248860">
    <ele>244.5</ele>
   </trkpt>
   <trkpt lat="48.3196550" lon="-70.3248820">
    <ele>244.6</ele>
   </trkpt>
   <trkpt lat="48.3196550" lon="-70.3248820">
    <ele>244.6</ele>
   </trkpt>
   <trkpt lat="48.3196550" lon="-70.3248820">
    <ele>244.6</ele>
   </trkpt>
   <trkpt lat="48.3196590" lon="-70.3248730">
    <ele>244.7</ele>
   </trkpt>
   <trkpt lat="48.3196590" lon="-70.3248730">
    <ele>244.7</ele>
   </trkpt>
   <trkpt lat="48.3196590" lon="-70.3248730">
    <ele>244.7</ele>
   </trkpt>
   <trkpt lat="48.3196590" lon="-70.3248730">
    <ele>244.7</ele>
   </trkpt>
   <trkpt lat="48.3196590" lon="-70.3248730">
    <ele>244.7</ele>
   </trkpt>
   <trkpt lat="48.3196590" lon="-70.3248730">
    <ele>244.7</ele>
   </trkpt>
   <trkpt lat="48.3196590" lon="-70.3248730">
    <ele>244.7</ele>
   </trkpt>
   <trkpt lat="48.3196600" lon="-70.3248560">
    <ele>244.8</ele>
   </trkpt>
   <trkpt lat="48.3196600" lon="-70.3248560">
    <ele>244.8</ele>
   </trkpt>
   <trkpt lat="48.3196600" lon="-70.3248560">
    <ele>244.8</ele>
   </trkpt>
   <trkpt lat="48.3196600" lon="-70.3248560">
    <ele>244.8</ele>
   </trkpt>
   <trkpt lat="48.3196610" lon="-70.3248570">
    <ele>244.8</ele>
   </trkpt>
   <trkpt lat="48.3196630" lon="-70.3248590">
    <ele>244.9</ele>
   </trkpt>
   <trkpt lat="48.3196640" lon="-70.3248600">
    <ele>244.9</ele>
   </trkpt>
   <trkpt lat="48.3196640" lon="-70.3248580">
    <ele>244.9</ele>
   </trkpt>
   <trkpt lat="48.3196640" lon="-70.3248580">
    <ele>244.9</ele>
   </trkpt>
   <trkpt lat="48.3196640" lon="-70.3248580">
    <ele>244.9</ele>
   </trkpt>
   <trkpt lat="48.3196640" lon="-70.3248580">
    <ele>244.9</ele>
   </trkpt>
   <trkpt lat="48.3196620" lon="-70.3248580">
    <ele>244.9</ele>
   </trkpt>
   <trkpt lat="48.3196630" lon="-70.3248610">
    <ele>245.0</ele>
   </trkpt>
   <trkpt lat="48.3196640" lon="-70.3248540">
    <ele>245.0</ele>
   </trkpt>
   <trkpt lat="48.3196620" lon="-70.3248550">
    <ele>245.1</ele>
   </trkpt>
   <trkpt lat="48.3196620" lon="-70.3248550">
    <ele>245.1</ele>
   </trkpt>
   <trkpt lat="48.3196640" lon="-70.3248560">
    <ele>245.1</ele>
   </trkpt>
   <trkpt lat="48.3196620" lon="-70.3248600">
    <ele>245.2</ele>
   </trkpt>
   <trkpt lat="48.3196720" lon="-70.3248500">
    <ele>245.3</ele>
   </trkpt>
   <trkpt lat="48.3196730" lon="-70.3248470">
    <ele>245.4</ele>
   </trkpt>
   <trkpt lat="48.3196700" lon="-70.3248520">
    <ele>245.4</ele>
   </trkpt>
   <trkpt lat="48.3196660" lon="-70.3248570">
    <ele>245.5</ele>
   </trkpt>
   <trkpt lat="48.3196690" lon="-70.3248570">
    <ele>245.5</ele>
   </trkpt>
   <trkpt lat="48.3196680" lon="-70.3248570">
    <ele>245.6</ele>
   </trkpt>
   <trkpt lat="48.3196660" lon="-70.3248580">
    <ele>245.6</ele>
   </trkpt>
   <trkpt lat="48.3196650" lon="-70.3248580">
    <ele>245.6</ele>
   </trkpt>
   <trkpt lat="48.3196650" lon="-70.3248580">
    <ele>245.6</ele>
   </trkpt>
   <trkpt lat="48.3196650" lon="-70.3248580">
    <ele>245.6</ele>
   </trkpt>
   <trkpt lat="48.3196660" lon="-70.3248610">
    <ele>245.6</ele>
   </trkpt>
   <trkpt lat="48.3196660" lon="-70.3248610">
    <ele>245.6</ele>
   </trkpt>
   <trkpt lat="48.3196650" lon="-70.3248630">
    <ele>245.7</ele>
   </trkpt>
   <trkpt lat="48.3196650" lon="-70.3248630">
    <ele>245.7</ele>
   </trkpt>
   <trkpt lat="48.3196650" lon="-70.3248630">
    <ele>245.7</ele>
   </trkpt>
   <trkpt lat="48.3196640" lon="-70.3248620">
    <ele>245.7</ele>
   </trkpt>
   <trkpt lat="48.3196620" lon="-70.3248620">
    <ele>245.7</ele>
   </trkpt>
   <trkpt lat="48.3196620" lon="-70.3248570">
    <ele>245.8</ele>
   </trkpt>
   <trkpt lat="48.3196590" lon="-70.3248500">
    <ele>245.8</ele>
   </trkpt>
   <trkpt lat="48.3196550" lon="-70.3248370">
    <ele>246.0</ele>
   </trkpt>
   <trkpt lat="48.3196490" lon="-70.3248290">
    <ele>246.1</ele>
   </trkpt>
   <trkpt lat="48.3196430" lon="-70.3248270">
    <ele>246.2</ele>
   </trkpt>
   <trkpt lat="48.3196330" lon="-70.3248230">
    <ele>246.4</ele>
   </trkpt>
   <trkpt lat="48.3196300" lon="-70.3248180">
    <ele>246.4</ele>
   </trkpt>
   <trkpt lat="48.3196290" lon="-70.3248110">
    <ele>246.5</ele>
   </trkpt>
   <trkpt lat="48.3196290" lon="-70.3247980">
    <ele>246.7</ele>
   </trkpt>
   <trkpt lat="48.3196290" lon="-70.3247820">
    <ele>246.8</ele>
   </trkpt>
   <trkpt lat="48.3196290" lon="-70.3247670">
    <ele>247.0</ele>
   </trkpt>
   <trkpt lat="48.3196290" lon="-70.3247500">
    <ele>247.2</ele>
   </trkpt>
   <trkpt lat="48.3196310" lon="-70.3247420">
    <ele>247.3</ele>
   </trkpt>
   <trkpt lat="48.3196330" lon="-70.3247290">
    <ele>247.4</ele>
   </trkpt>
   <trkpt lat="48.3196340" lon="-70.3247130">
    <ele>247.6</ele>
   </trkpt>
   <trkpt lat="48.3196330" lon="-70.3247060">
    <ele>247.7</ele>
   </trkpt>
   <trkpt lat="48.3196310" lon="-70.3247030">
    <ele>247.7</ele>
   </trkpt>
   <trkpt lat="48.3196300" lon="-70.3246900">
    <ele>247.9</ele>
   </trkpt>
   <trkpt lat="48.3196220" lon="-70.3246820">
    <ele>248.1</ele>
   </trkpt>
   <trkpt lat="48.3196210" lon="-70.3246760">
    <ele>248.1</ele>
   </trkpt>
   <trkpt lat="48.3196040" lon="-70.3246680">
    <ele>248.4</ele>
   </trkpt>
   <trkpt lat="48.3195960" lon="-70.3246670">
    <ele>248.6</ele>
   </trkpt>
   <trkpt lat="48.3195970" lon="-70.3246610">
    <ele>248.7</ele>
   </trkpt>
   <trkpt lat="48.3195820" lon="-70.3246590">
    <ele>248.9</ele>
   </trkpt>
   <trkpt lat="48.3195770" lon="-70.3246600">
    <ele>249.0</ele>
   </trkpt>
   <trkpt lat="48.3195730" lon="-70.3246640">
    <ele>249.1</ele>
   </trkpt>
   <trkpt lat="48.3195650" lon="-70.3246650">
    <ele>249.3</ele>
   </trkpt>
   <trkpt lat="48.3195600" lon="-70.3246670">
    <ele>249.4</ele>
   </trkpt>
   <trkpt lat="48.3195540" lon="-70.3246710">
    <ele>249.5</ele>
   </trkpt>
   <trkpt lat="48.3195520" lon="-70.3246750">
    <ele>249.5</ele>
   </trkpt>
   <trkpt lat="48.3195450" lon="-70.3246810">
    <ele>249.7</ele>
   </trkpt>
   <trkpt lat="48.3195350" lon="-70.3246840">
    <ele>249.9</ele>
   </trkpt>
   <trkpt lat="48.3195380" lon="-70.3246950">
    <ele>250.0</ele>
   </trkpt>
   <trkpt lat="48.3195300" lon="-70.3247050">
    <ele>250.2</ele>
   </trkpt>
   <trkpt lat="48.3195240" lon="-70.3247110">
    <ele>250.4</ele>
   </trkpt>
   <trkpt lat="48.3195180" lon="-70.3247140">
    <ele>250.5</ele>
   </trkpt>
   <trkpt lat="48.3195050" lon="-70.3247180">
    <ele>250.7</ele>
   </trkpt>
   <trkpt lat="48.3194940" lon="-70.3247200">
    <ele>250.9</ele>
   </trkpt>
   <trkpt lat="48.3194890" lon="-70.3247240">
    <ele>251.0</ele>
   </trkpt>
   <trkpt lat="48.3194890" lon="-70.3247310">
    <ele>251.1</ele>
   </trkpt>
   <trkpt lat="48.3194820" lon="-70.3247440">
    <ele>251.3</ele>
   </trkpt>
   <trkpt lat="48.3194830" lon="-70.3247530">
    <ele>251.5</ele>
   </trkpt>
   <trkpt lat="48.3194810" lon="-70.3247610">
    <ele>251.6</ele>
   </trkpt>
   <trkpt lat="48.3194770" lon="-70.3247670">
    <ele>251.7</ele>
   </trkpt>
   <trkpt lat="48.3194670" lon="-70.3247730">
    <ele>251.9</ele>
   </trkpt>
   <trkpt lat="48.3194640" lon="-70.3247800">
    <ele>252.0</ele>
   </trkpt>
   <trkpt lat="48.3194560" lon="-70.3247840">
    <ele>252.1</ele>
   </trkpt>
   <trkpt lat="48.3194480" lon="-70.3247910">
    <ele>252.3</ele>
   </trkpt>
   <trkpt lat="48.3194450" lon="-70.3247990">
    <ele>252.4</ele>
   </trkpt>
   <trkpt lat="48.3194420" lon="-70.3248060">
    <ele>252.5</ele>
   </trkpt>
   <trkpt lat="48.3194370" lon="-70.3248130">
    <ele>252.6</ele>
   </trkpt>
   <trkpt lat="48.3194280" lon="-70.3248180">
    <ele>252.8</ele>
   </trkpt>
   <trkpt lat="48.3194230" lon="-70.3248220">
    <ele>252.9</ele>
   </trkpt>
   <trkpt lat="48.3194140" lon="-70.3248290">
    <ele>253.0</ele>
   </trkpt>
   <trkpt lat="48.3194070" lon="-70.3248390">
    <ele>253.2</ele>
   </trkpt>
   <trkpt lat="48.3193990" lon="-70.3248470">
    <ele>253.3</ele>
   </trkpt>
   <trkpt lat="48.3193940" lon="-70.3248520">
    <ele>253.4</ele>
   </trkpt>
   <trkpt lat="48.3193880" lon="-70.3248580">
    <ele>253.5</ele>
   </trkpt>
   <trkpt lat="48.3193710" lon="-70.3248730">
    <ele>253.9</ele>
   </trkpt>
   <trkpt lat="48.3193650" lon="-70.3248840">
    <ele>254.0</ele>
   </trkpt>
   <trkpt lat="48.3193600" lon="-70.3248930">
    <ele>254.1</ele>
   </trkpt>
   <trkpt lat="48.3193550" lon="-70.3249030">
    <ele>254.2</ele>
   </trkpt>
   <trkpt lat="48.3193440" lon="-70.3249220">
    <ele>254.4</ele>
   </trkpt>
   <trkpt lat="48.3193380" lon="-70.3249350">
    <ele>254.6</ele>
   </trkpt>
   <trkpt lat="48.3193340" lon="-70.3249440">
    <ele>254.7</ele>
   </trkpt>
   <trkpt lat="48.3193270" lon="-70.3249550">
    <ele>254.8</ele>
   </trkpt>
   <trkpt lat="48.3193210" lon="-70.3249650">
    <ele>254.9</ele>
   </trkpt>
   <trkpt lat="48.3193130" lon="-70.3249800">
    <ele>255.1</ele>
   </trkpt>
   <trkpt lat="48.3193060" lon="-70.3249960">
    <ele>255.2</ele>
   </trkpt>
   <trkpt lat="48.3192960" lon="-70.3250150">
    <ele>255.4</ele>
   </trkpt>
   <trkpt lat="48.3192970" lon="-70.3250270">
    <ele>255.5</ele>
   </trkpt>
   <trkpt lat="48.3192930" lon="-70.3250390">
    <ele>255.5</ele>
   </trkpt>
   <trkpt lat="48.3192930" lon="-70.3250490">
    <ele>255.6</ele>
   </trkpt>
   <trkpt lat="48.3192890" lon="-70.3250620">
    <ele>255.7</ele>
   </trkpt>
   <trkpt lat="48.3192750" lon="-70.3250800">
    <ele>255.9</ele>
   </trkpt>
   <trkpt lat="48.3192620" lon="-70.3251000">
    <ele>256.1</ele>
   </trkpt>
   <trkpt lat="48.3192530" lon="-70.3251140">
    <ele>256.2</ele>
   </trkpt>
   <trkpt lat="48.3192450" lon="-70.3251300">
    <ele>256.3</ele>
   </trkpt>
   <trkpt lat="48.3192350" lon="-70.3251520">
    <ele>256.4</ele>
   </trkpt>
   <trkpt lat="48.3192300" lon="-70.3251670">
    <ele>256.5</ele>
   </trkpt>
   <trkpt lat="48.3192290" lon="-70.3251830">
    <ele>256.6</ele>
   </trkpt>
   <trkpt lat="48.3192290" lon="-70.3252070">
    <ele>256.8</ele>
   </trkpt>
   <trkpt lat="48.3192260" lon="-70.3252260">
    <ele>256.9</ele>
   </trkpt>
   <trkpt lat="48.3192260" lon="-70.3252420">
    <ele>257.0</ele>
   </trkpt>
   <trkpt lat="48.3192240" lon="-70.3252650">
    <ele>257.1</ele>
   </trkpt>
   <trkpt lat="48.3192150" lon="-70.3252830">
    <ele>257.2</ele>
   </trkpt>
   <trkpt lat="48.3192140" lon="-70.3253010">
    <ele>257.3</ele>
   </trkpt>
   <trkpt lat="48.3192130" lon="-70.3253190">
    <ele>257.5</ele>
   </trkpt>
   <trkpt lat="48.3192130" lon="-70.3253380">
    <ele>257.6</ele>
   </trkpt>
   <trkpt lat="48.3192170" lon="-70.3253540">
    <ele>257.7</ele>
   </trkpt>
   <trkpt lat="48.3192180" lon="-70.3253680">
    <ele>257.8</ele>
   </trkpt>
   <trkpt lat="48.3192210" lon="-70.3253900">
    <ele>258.0</ele>
   </trkpt>
   <trkpt lat="48.3192200" lon="-70.3254070">
    <ele>258.2</ele>
   </trkpt>
   <trkpt lat="48.3192120" lon="-70.3254230">
    <ele>258.3</ele>
   </trkpt>
   <trkpt lat="48.3192040" lon="-70.3254430">
    <ele>258.6</ele>
   </trkpt>
   <trkpt lat="48.3192030" lon="-70.3254520">
    <ele>258.6</ele>
   </trkpt>
   <trkpt lat="48.3192060" lon="-70.3254600">
    <ele>258.7</ele>
   </trkpt>
   <trkpt lat="48.3192020" lon="-70.3254700">
    <ele>258.8</ele>
   </trkpt>
   <trkpt lat="48.3192000" lon="-70.3254740">
    <ele>258.9</ele>
   </trkpt>
   <trkpt lat="48.3191930" lon="-70.3254770">
    <ele>259.0</ele>
   </trkpt>
   <trkpt lat="48.3191880" lon="-70.3254880">
    <ele>259.2</ele>
   </trkpt>
   <trkpt lat="48.3191850" lon="-70.3255030">
    <ele>259.4</ele>
   </trkpt>
   <trkpt lat="48.3191770" lon="-70.3255070">
    <ele>259.5</ele>
   </trkpt>
   <trkpt lat="48.3191660" lon="-70.3255160">
    <ele>259.7</ele>
   </trkpt>
   <trkpt lat="48.3191610" lon="-70.3255200">
    <ele>259.8</ele>
   </trkpt>
   <trkpt lat="48.3191600" lon="-70.3255310">
    <ele>260.0</ele>
   </trkpt>
   <trkpt lat="48.3191500" lon="-70.3255490">
    <ele>260.3</ele>
   </trkpt>
   <trkpt lat="48.3191440" lon="-70.3255560">
    <ele>260.4</ele>
   </trkpt>
   <trkpt lat="48.3191430" lon="-70.3255520">
    <ele>260.5</ele>
   </trkpt>
   <trkpt lat="48.3191390" lon="-70.3255510">
    <ele>260.5</ele>
   </trkpt>
   <trkpt lat="48.3191360" lon="-70.3255500">
    <ele>260.6</ele>
   </trkpt>
   <trkpt lat="48.3191300" lon="-70.3255600">
    <ele>260.8</ele>
   </trkpt>
   <trkpt lat="48.3191220" lon="-70.3255610">
    <ele>260.9</ele>
   </trkpt>
   <trkpt lat="48.3191120" lon="-70.3255680">
    <ele>261.2</ele>
   </trkpt>
   <trkpt lat="48.3191080" lon="-70.3255770">
    <ele>261.3</ele>
   </trkpt>
   <trkpt lat="48.3191010" lon="-70.3255820">
    <ele>261.5</ele>
   </trkpt>
   <trkpt lat="48.3190980" lon="-70.3255930">
    <ele>261.6</ele>
   </trkpt>
   <trkpt lat="48.3190930" lon="-70.3255980">
    <ele>261.8</ele>
   </trkpt>
   <trkpt lat="48.3190800" lon="-70.3256020">
    <ele>262.0</ele>
   </trkpt>
   <trkpt lat="48.3190730" lon="-70.3256040">
    <ele>262.2</ele>
   </trkpt>
   <trkpt lat="48.3190670" lon="-70.3256040">
    <ele>262.3</ele>
   </trkpt>
   <trkpt lat="48.3190610" lon="-70.3256070">
    <ele>262.4</ele>
   </trkpt>
   <trkpt lat="48.3190400" lon="-70.3256080">
    <ele>262.9</ele>
   </trkpt>
   <trkpt lat="48.3190310" lon="-70.3256160">
    <ele>263.1</ele>
   </trkpt>
   <trkpt lat="48.3190230" lon="-70.3256300">
    <ele>263.3</ele>
   </trkpt>
   <trkpt lat="48.3190150" lon="-70.3256390">
    <ele>263.5</ele>
   </trkpt>
   <trkpt lat="48.3190090" lon="-70.3256390">
    <ele>263.7</ele>
   </trkpt>
   <trkpt lat="48.3190000" lon="-70.3256440">
    <ele>263.9</ele>
   </trkpt>
   <trkpt lat="48.3189920" lon="-70.3256540">
    <ele>264.1</ele>
   </trkpt>
   <trkpt lat="48.3189820" lon="-70.3256650">
    <ele>264.2</ele>
   </trkpt>
   <trkpt lat="48.3189740" lon="-70.3256790">
    <ele>264.4</ele>
   </trkpt>
   <trkpt lat="48.3189600" lon="-70.3256940">
    <ele>264.6</ele>
   </trkpt>
   <trkpt lat="48.3189510" lon="-70.3257050">
    <ele>264.7</ele>
   </trkpt>
   <trkpt lat="48.3189450" lon="-70.3257060">
    <ele>264.8</ele>
   </trkpt>
   <trkpt lat="48.3189300" lon="-70.3257200">
    <ele>265.0</ele>
   </trkpt>
   <trkpt lat="48.3189260" lon="-70.3257270">
    <ele>265.1</ele>
   </trkpt>
   <trkpt lat="48.3189160" lon="-70.3257370">
    <ele>265.2</ele>
   </trkpt>
   <trkpt lat="48.3189120" lon="-70.3257360">
    <ele>265.3</ele>
   </trkpt>
   <trkpt lat="48.3189090" lon="-70.3257430">
    <ele>265.3</ele>
   </trkpt>
   <trkpt lat="48.3188990" lon="-70.3257450">
    <ele>265.4</ele>
   </trkpt>
   <trkpt lat="48.3188930" lon="-70.3257410">
    <ele>265.5</ele>
   </trkpt>
   <trkpt lat="48.3188900" lon="-70.3257360">
    <ele>265.6</ele>
   </trkpt>
   <trkpt lat="48.3188820" lon="-70.3257380">
    <ele>265.6</ele>
   </trkpt>
   <trkpt lat="48.3188740" lon="-70.3257290">
    <ele>265.8</ele>
   </trkpt>
   <trkpt lat="48.3188640" lon="-70.3257190">
    <ele>265.9</ele>
   </trkpt>
   <trkpt lat="48.3188600" lon="-70.3257190">
    <ele>265.9</ele>
   </trkpt>
   <trkpt lat="48.3188530" lon="-70.3257210">
    <ele>266.0</ele>
   </trkpt>
   <trkpt lat="48.3188420" lon="-70.3257230">
    <ele>266.1</ele>
   </trkpt>
   <trkpt lat="48.3188380" lon="-70.3257260">
    <ele>266.2</ele>
   </trkpt>
   <trkpt lat="48.3188360" lon="-70.3257280">
    <ele>266.2</ele>
   </trkpt>
   <trkpt lat="48.3188260" lon="-70.3257260">
    <ele>266.3</ele>
   </trkpt>
   <trkpt lat="48.3188190" lon="-70.3257270">
    <ele>266.4</ele>
   </trkpt>
   <trkpt lat="48.3188170" lon="-70.3257250">
    <ele>266.4</ele>
   </trkpt>
   <trkpt lat="48.3188090" lon="-70.3257260">
    <ele>266.5</ele>
   </trkpt>
   <trkpt lat="48.3187990" lon="-70.3257290">
    <ele>266.6</ele>
   </trkpt>
   <trkpt lat="48.3187870" lon="-70.3257320">
    <ele>266.7</ele>
   </trkpt>
   <trkpt lat="48.3187750" lon="-70.3257330">
    <ele>266.8</ele>
   </trkpt>
   <trkpt lat="48.3187640" lon="-70.3257330">
    <ele>266.9</ele>
   </trkpt>
   <trkpt lat="48.3187500" lon="-70.3257280">
    <ele>267.1</ele>
   </trkpt>
   <trkpt lat="48.3187370" lon="-70.3257270">
    <ele>267.2</ele>
   </trkpt>
   <trkpt lat="48.3187200" lon="-70.3257190">
    <ele>267.4</ele>
   </trkpt>
   <trkpt lat="48.3187140" lon="-70.3257230">
    <ele>267.5</ele>
   </trkpt>
   <trkpt lat="48.3187070" lon="-70.3257210">
    <ele>267.6</ele>
   </trkpt>
   <trkpt lat="48.3186950" lon="-70.3257190">
    <ele>267.8</ele>
   </trkpt>
   <trkpt lat="48.3186910" lon="-70.3257150">
    <ele>267.8</ele>
   </trkpt>
   <trkpt lat="48.3186850" lon="-70.3257080">
    <ele>267.9</ele>
   </trkpt>
   <trkpt lat="48.3186710" lon="-70.3257080">
    <ele>268.1</ele>
   </trkpt>
   <trkpt lat="48.3186680" lon="-70.3257150">
    <ele>268.2</ele>
   </trkpt>
   <trkpt lat="48.3186620" lon="-70.3257090">
    <ele>268.3</ele>
   </trkpt>
   <trkpt lat="48.3186510" lon="-70.3257040">
    <ele>268.5</ele>
   </trkpt>
   <trkpt lat="48.3186420" lon="-70.3256970">
    <ele>268.7</ele>
   </trkpt>
   <trkpt lat="48.3186330" lon="-70.3256860">
    <ele>268.9</ele>
   </trkpt>
   <trkpt lat="48.3186230" lon="-70.3256770">
    <ele>269.1</ele>
   </trkpt>
   <trkpt lat="48.3186150" lon="-70.3256750">
    <ele>269.3</ele>
   </trkpt>
   <trkpt lat="48.3186110" lon="-70.3256720">
    <ele>269.4</ele>
   </trkpt>
   <trkpt lat="48.3186010" lon="-70.3256660">
    <ele>269.6</ele>
   </trkpt>
   <trkpt lat="48.3185900" lon="-70.3256610">
    <ele>269.8</ele>
   </trkpt>
   <trkpt lat="48.3185830" lon="-70.3256550">
    <ele>270.0</ele>
   </trkpt>
   <trkpt lat="48.3185740" lon="-70.3256480">
    <ele>270.2</ele>
   </trkpt>
   <trkpt lat="48.3185580" lon="-70.3256450">
    <ele>270.5</ele>
   </trkpt>
   <trkpt lat="48.3185500" lon="-70.3256420">
    <ele>270.7</ele>
   </trkpt>
   <trkpt lat="48.3185420" lon="-70.3256340">
    <ele>270.9</ele>
   </trkpt>
   <trkpt lat="48.3185350" lon="-70.3256300">
    <ele>271.0</ele>
   </trkpt>
   <trkpt lat="48.3185270" lon="-70.3256210">
    <ele>271.2</ele>
   </trkpt>
   <trkpt lat="48.3185160" lon="-70.3256190">
    <ele>271.5</ele>
   </trkpt>
   <trkpt lat="48.3185060" lon="-70.3256180">
    <ele>271.7</ele>
   </trkpt>
   <trkpt lat="48.3184920" lon="-70.3256110">
    <ele>271.9</ele>
   </trkpt>
   <trkpt lat="48.3184850" lon="-70.3256090">
    <ele>272.1</ele>
   </trkpt>
   <trkpt lat="48.3184760" lon="-70.3256080">
    <ele>272.3</ele>
   </trkpt>
   <trkpt lat="48.3184670" lon="-70.3256070">
    <ele>272.4</ele>
   </trkpt>
   <trkpt lat="48.3184600" lon="-70.3256050">
    <ele>272.6</ele>
   </trkpt>
   <trkpt lat="48.3184500" lon="-70.3255960">
    <ele>272.8</ele>
   </trkpt>
   <trkpt lat="48.3184420" lon="-70.3255940">
    <ele>272.9</ele>
   </trkpt>
   <trkpt lat="48.3184280" lon="-70.3255940">
    <ele>273.2</ele>
   </trkpt>
   <trkpt lat="48.3184170" lon="-70.3255940">
    <ele>273.4</ele>
   </trkpt>
   <trkpt lat="48.3184100" lon="-70.3255920">
    <ele>273.5</ele>
   </trkpt>
   <trkpt lat="48.3184010" lon="-70.3255880">
    <ele>273.6</ele>
   </trkpt>
   <trkpt lat="48.3183870" lon="-70.3255760">
    <ele>273.9</ele>
   </trkpt>
   <trkpt lat="48.3183750" lon="-70.3255690">
    <ele>274.2</ele>
   </trkpt>
   <trkpt lat="48.3183670" lon="-70.3255660">
    <ele>274.3</ele>
   </trkpt>
   <trkpt lat="48.3183580" lon="-70.3255640">
    <ele>274.4</ele>
   </trkpt>
   <trkpt lat="48.3183450" lon="-70.3255590">
    <ele>274.7</ele>
   </trkpt>
   <trkpt lat="48.3183380" lon="-70.3255610">
    <ele>274.8</ele>
   </trkpt>
   <trkpt lat="48.3183340" lon="-70.3255650">
    <ele>274.8</ele>
   </trkpt>
   <trkpt lat="48.3183250" lon="-70.3255570">
    <ele>275.0</ele>
   </trkpt>
   <trkpt lat="48.3183100" lon="-70.3255540">
    <ele>275.2</ele>
   </trkpt>
   <trkpt lat="48.3182960" lon="-70.3255510">
    <ele>275.4</ele>
   </trkpt>
   <trkpt lat="48.3182890" lon="-70.3255490">
    <ele>275.5</ele>
   </trkpt>
   <trkpt lat="48.3182830" lon="-70.3255570">
    <ele>275.7</ele>
   </trkpt>
   <trkpt lat="48.3182800" lon="-70.3255580">
    <ele>275.7</ele>
   </trkpt>
   <trkpt lat="48.3182740" lon="-70.3255620">
    <ele>275.8</ele>
   </trkpt>
   <trkpt lat="48.3182660" lon="-70.3255700">
    <ele>275.9</ele>
   </trkpt>
   <trkpt lat="48.3182570" lon="-70.3255790">
    <ele>276.1</ele>
   </trkpt>
   <trkpt lat="48.3182470" lon="-70.3255840">
    <ele>276.2</ele>
   </trkpt>
   <trkpt lat="48.3182440" lon="-70.3255880">
    <ele>276.2</ele>
   </trkpt>
   <trkpt lat="48.3182340" lon="-70.3255930">
    <ele>276.4</ele>
   </trkpt>
   <trkpt lat="48.3182260" lon="-70.3255950">
    <ele>276.5</ele>
   </trkpt>
   <trkpt lat="48.3182080" lon="-70.3255970">
    <ele>276.7</ele>
   </trkpt>
   <trkpt lat="48.3181960" lon="-70.3256070">
    <ele>276.9</ele>
   </trkpt>
   <trkpt lat="48.3181820" lon="-70.3256080">
    <ele>277.0</ele>
   </trkpt>
   <trkpt lat="48.3181720" lon="-70.3256100">
    <ele>277.1</ele>
   </trkpt>
   <trkpt lat="48.3181600" lon="-70.3256130">
    <ele>277.3</ele>
   </trkpt>
   <trkpt lat="48.3181490" lon="-70.3256170">
    <ele>277.4</ele>
   </trkpt>
   <trkpt lat="48.3181350" lon="-70.3256230">
    <ele>277.6</ele>
   </trkpt>
   <trkpt lat="48.3181250" lon="-70.3256290">
    <ele>277.7</ele>
   </trkpt>
   <trkpt lat="48.3181220" lon="-70.3256360">
    <ele>277.8</ele>
   </trkpt>
   <trkpt lat="48.3181090" lon="-70.3256310">
    <ele>278.0</ele>
   </trkpt>
   <trkpt lat="48.3180940" lon="-70.3256250">
    <ele>278.1</ele>
   </trkpt>
   <trkpt lat="48.3180830" lon="-70.3256200">
    <ele>278.3</ele>
   </trkpt>
   <trkpt lat="48.3180810" lon="-70.3256170">
    <ele>278.3</ele>
   </trkpt>
   <trkpt lat="48.3180750" lon="-70.3256190">
    <ele>278.4</ele>
   </trkpt>
   <trkpt lat="48.3180750" lon="-70.3256300">
    <ele>278.5</ele>
   </trkpt>
   <trkpt lat="48.3180660" lon="-70.3256280">
    <ele>278.6</ele>
   </trkpt>
   <trkpt lat="48.3180510" lon="-70.3256220">
    <ele>278.8</ele>
   </trkpt>
   <trkpt lat="48.3180390" lon="-70.3256240">
    <ele>279.0</ele>
   </trkpt>
   <trkpt lat="48.3180350" lon="-70.3256280">
    <ele>279.1</ele>
   </trkpt>
   <trkpt lat="48.3180310" lon="-70.3256380">
    <ele>279.2</ele>
   </trkpt>
   <trkpt lat="48.3180230" lon="-70.3256400">
    <ele>279.3</ele>
   </trkpt>
   <trkpt lat="48.3180180" lon="-70.3256420">
    <ele>279.3</ele>
   </trkpt>
   <trkpt lat="48.3180090" lon="-70.3256500">
    <ele>279.5</ele>
   </trkpt>
   <trkpt lat="48.3180040" lon="-70.3256550">
    <ele>279.6</ele>
   </trkpt>
   <trkpt lat="48.3179970" lon="-70.3256590">
    <ele>279.7</ele>
   </trkpt>
   <trkpt lat="48.3179920" lon="-70.3256630">
    <ele>279.8</ele>
   </trkpt>
   <trkpt lat="48.3179840" lon="-70.3256660">
    <ele>279.9</ele>
   </trkpt>
   <trkpt lat="48.3179730" lon="-70.3256710">
    <ele>280.1</ele>
   </trkpt>
   <trkpt lat="48.3179710" lon="-70.3256680">
    <ele>280.1</ele>
   </trkpt>
   <trkpt lat="48.3179570" lon="-70.3256750">
    <ele>280.4</ele>
   </trkpt>
   <trkpt lat="48.3179490" lon="-70.3256740">
    <ele>280.5</ele>
   </trkpt>
   <trkpt lat="48.3179450" lon="-70.3256700">
    <ele>280.6</ele>
   </trkpt>
   <trkpt lat="48.3179440" lon="-70.3256730">
    <ele>280.7</ele>
   </trkpt>
   <trkpt lat="48.3179380" lon="-70.3256760">
    <ele>280.8</ele>
   </trkpt>
   <trkpt lat="48.3179290" lon="-70.3256810">
    <ele>280.9</ele>
   </trkpt>
   <trkpt lat="48.3179190" lon="-70.3256820">
    <ele>281.1</ele>
   </trkpt>
   <trkpt lat="48.3179120" lon="-70.3256860">
    <ele>281.2</ele>
   </trkpt>
   <trkpt lat="48.3179050" lon="-70.3256950">
    <ele>281.4</ele>
   </trkpt>
   <trkpt lat="48.3178960" lon="-70.3256980">
    <ele>281.6</ele>
   </trkpt>
   <trkpt lat="48.3178880" lon="-70.3257060">
    <ele>281.7</ele>
   </trkpt>
   <trkpt lat="48.3178780" lon="-70.3257060">
    <ele>281.9</ele>
   </trkpt>
   <trkpt lat="48.3178710" lon="-70.3257030">
    <ele>282.0</ele>
   </trkpt>
   <trkpt lat="48.3178580" lon="-70.3257030">
    <ele>282.2</ele>
   </trkpt>
   <trkpt lat="48.3178490" lon="-70.3256970">
    <ele>282.4</ele>
   </trkpt>
   <trkpt lat="48.3178340" lon="-70.3257010">
    <ele>282.7</ele>
   </trkpt>
   <trkpt lat="48.3178250" lon="-70.3257040">
    <ele>282.8</ele>
   </trkpt>
   <trkpt lat="48.3178180" lon="-70.3257070">
    <ele>282.9</ele>
   </trkpt>
   <trkpt lat="48.3178080" lon="-70.3257080">
    <ele>283.1</ele>
   </trkpt>
   <trkpt lat="48.3178030" lon="-70.3257070">
    <ele>283.1</ele>
   </trkpt>
   <trkpt lat="48.3177980" lon="-70.3257150">
    <ele>283.2</ele>
   </trkpt>
   <trkpt lat="48.3177860" lon="-70.3257220">
    <ele>283.4</ele>
   </trkpt>
   <trkpt lat="48.3177770" lon="-70.3257250">
    <ele>283.5</ele>
   </trkpt>
   <trkpt lat="48.3177710" lon="-70.3257320">
    <ele>283.6</ele>
   </trkpt>
   <trkpt lat="48.3177640" lon="-70.3257410">
    <ele>283.7</ele>
   </trkpt>
   <trkpt lat="48.3177550" lon="-70.3257440">
    <ele>283.9</ele>
   </trkpt>
   <trkpt lat="48.3177490" lon="-70.3257480">
    <ele>283.9</ele>
   </trkpt>
   <trkpt lat="48.3177350" lon="-70.3257530">
    <ele>284.1</ele>
   </trkpt>
   <trkpt lat="48.3177240" lon="-70.3257640">
    <ele>284.2</ele>
   </trkpt>
   <trkpt lat="48.3177200" lon="-70.3257690">
    <ele>284.3</ele>
   </trkpt>
   <trkpt lat="48.3177190" lon="-70.3257820">
    <ele>284.4</ele>
   </trkpt>
   <trkpt lat="48.3177010" lon="-70.3257940">
    <ele>284.6</ele>
   </trkpt>
   <trkpt lat="48.3176820" lon="-70.3258000">
    <ele>284.8</ele>
   </trkpt>
   <trkpt lat="48.3176680" lon="-70.3258000">
    <ele>284.9</ele>
   </trkpt>
   <trkpt lat="48.3176550" lon="-70.3258030">
    <ele>285.0</ele>
   </trkpt>
   <trkpt lat="48.3176360" lon="-70.3258070">
    <ele>285.2</ele>
   </trkpt>
   <trkpt lat="48.3176190" lon="-70.3258170">
    <ele>285.4</ele>
   </trkpt>
   <trkpt lat="48.3176050" lon="-70.3258270">
    <ele>285.5</ele>
   </trkpt>
   <trkpt lat="48.3175890" lon="-70.3258240">
    <ele>285.7</ele>
   </trkpt>
   <trkpt lat="48.3175870" lon="-70.3258270">
    <ele>285.7</ele>
   </trkpt>
   <trkpt lat="48.3175750" lon="-70.3258350">
    <ele>285.8</ele>
   </trkpt>
   <trkpt lat="48.3175550" lon="-70.3258430">
    <ele>286.0</ele>
   </trkpt>
   <trkpt lat="48.3175430" lon="-70.3258510">
    <ele>286.1</ele>
   </trkpt>
   <trkpt lat="48.3175320" lon="-70.3258570">
    <ele>286.2</ele>
   </trkpt>
   <trkpt lat="48.3175240" lon="-70.3258590">
    <ele>286.3</ele>
   </trkpt>
   <trkpt lat="48.3175140" lon="-70.3258660">
    <ele>286.4</ele>
   </trkpt>
   <trkpt lat="48.3175020" lon="-70.3258710">
    <ele>286.5</ele>
   </trkpt>
   <trkpt lat="48.3174960" lon="-70.3258750">
    <ele>286.6</ele>
   </trkpt>
   <trkpt lat="48.3174870" lon="-70.3258800">
    <ele>286.7</ele>
   </trkpt>
   <trkpt lat="48.3174790" lon="-70.3258970">
    <ele>286.8</ele>
   </trkpt>
   <trkpt lat="48.3174670" lon="-70.3258970">
    <ele>286.9</ele>
   </trkpt>
   <trkpt lat="48.3174550" lon="-70.3258990">
    <ele>287.0</ele>
   </trkpt>
   <trkpt lat="48.3174480" lon="-70.3259010">
    <ele>287.1</ele>
   </trkpt>
   <trkpt lat="48.3174320" lon="-70.3259040">
    <ele>287.2</ele>
   </trkpt>
   <trkpt lat="48.3174210" lon="-70.3259060">
    <ele>287.3</ele>
   </trkpt>
   <trkpt lat="48.3174170" lon="-70.3259160">
    <ele>287.4</ele>
   </trkpt>
   <trkpt lat="48.3174140" lon="-70.3259250">
    <ele>287.4</ele>
   </trkpt>
   <trkpt lat="48.3174030" lon="-70.3259360">
    <ele>287.6</ele>
   </trkpt>
   <trkpt lat="48.3173970" lon="-70.3259500">
    <ele>287.7</ele>
   </trkpt>
   <trkpt lat="48.3173930" lon="-70.3259570">
    <ele>287.7</ele>
   </trkpt>
   <trkpt lat="48.3173810" lon="-70.3259670">
    <ele>287.8</ele>
   </trkpt>
   <trkpt lat="48.3173690" lon="-70.3259770">
    <ele>287.9</ele>
   </trkpt>
   <trkpt lat="48.3173650" lon="-70.3259850">
    <ele>287.9</ele>
   </trkpt>
   <trkpt lat="48.3173620" lon="-70.3260040">
    <ele>288.0</ele>
   </trkpt>
   <trkpt lat="48.3173580" lon="-70.3260120">
    <ele>288.0</ele>
   </trkpt>
   <trkpt lat="48.3173490" lon="-70.3260190">
    <ele>288.1</ele>
   </trkpt>
   <trkpt lat="48.3173350" lon="-70.3260260">
    <ele>288.1</ele>
   </trkpt>
   <trkpt lat="48.3173330" lon="-70.3260320">
    <ele>288.1</ele>
   </trkpt>
   <trkpt lat="48.3173250" lon="-70.3260340">
    <ele>288.2</ele>
   </trkpt>
   <trkpt lat="48.3173220" lon="-70.3260420">
    <ele>288.2</ele>
   </trkpt>
   <trkpt lat="48.3173160" lon="-70.3260510">
    <ele>288.2</ele>
   </trkpt>
   <trkpt lat="48.3173070" lon="-70.3260650">
    <ele>288.2</ele>
   </trkpt>
   <trkpt lat="48.3173080" lon="-70.3260770">
    <ele>288.2</ele>
   </trkpt>
   <trkpt lat="48.3173030" lon="-70.3260860">
    <ele>288.2</ele>
   </trkpt>
   <trkpt lat="48.3172980" lon="-70.3260950">
    <ele>288.1</ele>
   </trkpt>
   <trkpt lat="48.3172940" lon="-70.3261120">
    <ele>288.1</ele>
   </trkpt>
   <trkpt lat="48.3172890" lon="-70.3261200">
    <ele>288.1</ele>
   </trkpt>
   <trkpt lat="48.3172840" lon="-70.3261320">
    <ele>288.1</ele>
   </trkpt>
   <trkpt lat="48.3172740" lon="-70.3261470">
    <ele>288.0</ele>
   </trkpt>
   <trkpt lat="48.3172670" lon="-70.3261610">
    <ele>287.9</ele>
   </trkpt>
   <trkpt lat="48.3172560" lon="-70.3261780">
    <ele>287.9</ele>
   </trkpt>
   <trkpt lat="48.3172490" lon="-70.3261910">
    <ele>287.8</ele>
   </trkpt>
   <trkpt lat="48.3172440" lon="-70.3262210">
    <ele>287.7</ele>
   </trkpt>
   <trkpt lat="48.3172400" lon="-70.3262330">
    <ele>287.6</ele>
   </trkpt>
   <trkpt lat="48.3172320" lon="-70.3262430">
    <ele>287.6</ele>
   </trkpt>
   <trkpt lat="48.3172200" lon="-70.3262530">
    <ele>287.5</ele>
   </trkpt>
   <trkpt lat="48.3172120" lon="-70.3262630">
    <ele>287.5</ele>
   </trkpt>
   <trkpt lat="48.3172000" lon="-70.3262790">
    <ele>287.4</ele>
   </trkpt>
   <trkpt lat="48.3171960" lon="-70.3262910">
    <ele>287.3</ele>
   </trkpt>
   <trkpt lat="48.3171910" lon="-70.3263000">
    <ele>287.3</ele>
   </trkpt>
   <trkpt lat="48.3171930" lon="-70.3263120">
    <ele>287.2</ele>
   </trkpt>
   <trkpt lat="48.3171920" lon="-70.3263200">
    <ele>287.2</ele>
   </trkpt>
   <trkpt lat="48.3171790" lon="-70.3263290">
    <ele>287.1</ele>
   </trkpt>
   <trkpt lat="48.3171740" lon="-70.3263360">
    <ele>287.1</ele>
   </trkpt>
   <trkpt lat="48.3171670" lon="-70.3263440">
    <ele>287.0</ele>
   </trkpt>
   <trkpt lat="48.3171540" lon="-70.3263640">
    <ele>287.0</ele>
   </trkpt>
   <trkpt lat="48.3171410" lon="-70.3263660">
    <ele>286.9</ele>
   </trkpt>
   <trkpt lat="48.3171410" lon="-70.3263680">
    <ele>286.9</ele>
   </trkpt>
   <trkpt lat="48.3171390" lon="-70.3263730">
    <ele>286.9</ele>
   </trkpt>
   <trkpt lat="48.3171300" lon="-70.3263810">
    <ele>286.9</ele>
   </trkpt>
   <trkpt lat="48.3171180" lon="-70.3263790">
    <ele>286.8</ele>
   </trkpt>
   <trkpt lat="48.3171110" lon="-70.3263810">
    <ele>286.8</ele>
   </trkpt>
   <trkpt lat="48.3171030" lon="-70.3263850">
    <ele>286.8</ele>
   </trkpt>
   <trkpt lat="48.3170880" lon="-70.3263830">
    <ele>286.8</ele>
   </trkpt>
   <trkpt lat="48.3170820" lon="-70.3263890">
    <ele>286.8</ele>
   </trkpt>
   <trkpt lat="48.3170670" lon="-70.3263850">
    <ele>286.8</ele>
   </trkpt>
   <trkpt lat="48.3170560" lon="-70.3263760">
    <ele>286.8</ele>
   </trkpt>
   <trkpt lat="48.3170450" lon="-70.3263800">
    <ele>286.8</ele>
   </trkpt>
   <trkpt lat="48.3170420" lon="-70.3263780">
    <ele>286.8</ele>
   </trkpt>
   <trkpt lat="48.3170370" lon="-70.3263760">
    <ele>286.8</ele>
   </trkpt>
   <trkpt lat="48.3170210" lon="-70.3263710">
    <ele>286.8</ele>
   </trkpt>
   <trkpt lat="48.3170100" lon="-70.3263750">
    <ele>286.8</ele>
   </trkpt>
   <trkpt lat="48.3170050" lon="-70.3263730">
    <ele>286.8</ele>
   </trkpt>
   <trkpt lat="48.3169900" lon="-70.3263710">
    <ele>286.8</ele>
   </trkpt>
   <trkpt lat="48.3169840" lon="-70.3263710">
    <ele>286.8</ele>
   </trkpt>
   <trkpt lat="48.3169740" lon="-70.3263600">
    <ele>286.9</ele>
   </trkpt>
   <trkpt lat="48.3169660" lon="-70.3263570">
    <ele>286.9</ele>
   </trkpt>
   <trkpt lat="48.3169490" lon="-70.3263510">
    <ele>286.9</ele>
   </trkpt>
   <trkpt lat="48.3169320" lon="-70.3263480">
    <ele>287.0</ele>
   </trkpt>
   <trkpt lat="48.3169180" lon="-70.3263460">
    <ele>287.0</ele>
   </trkpt>
   <trkpt lat="48.3169050" lon="-70.3263380">
    <ele>287.0</ele>
   </trkpt>
   <trkpt lat="48.3168920" lon="-70.3263240">
    <ele>287.1</ele>
   </trkpt>
   <trkpt lat="48.3168790" lon="-70.3263230">
    <ele>287.1</ele>
   </trkpt>
   <trkpt lat="48.3168640" lon="-70.3263160">
    <ele>287.1</ele>
   </trkpt>
   <trkpt lat="48.3168470" lon="-70.3263090">
    <ele>287.1</ele>
   </trkpt>
   <trkpt lat="48.3168390" lon="-70.3263050">
    <ele>287.2</ele>
   </trkpt>
   <trkpt lat="48.3168300" lon="-70.3262970">
    <ele>287.2</ele>
   </trkpt>
   <trkpt lat="48.3168230" lon="-70.3262930">
    <ele>287.2</ele>
   </trkpt>
   <trkpt lat="48.3168200" lon="-70.3262880">
    <ele>287.2</ele>
   </trkpt>
   <trkpt lat="48.3168090" lon="-70.3262810">
    <ele>287.2</ele>
   </trkpt>
   <trkpt lat="48.3167940" lon="-70.3262860">
    <ele>287.2</ele>
   </trkpt>
   <trkpt lat="48.3167890" lon="-70.3262770">
    <ele>287.2</ele>
   </trkpt>
   <trkpt lat="48.3167780" lon="-70.3262670">
    <ele>287.1</ele>
   </trkpt>
   <trkpt lat="48.3167700" lon="-70.3262590">
    <ele>287.1</ele>
   </trkpt>
   <trkpt lat="48.3167600" lon="-70.3262510">
    <ele>287.1</ele>
   </trkpt>
   <trkpt lat="48.3167480" lon="-70.3262450">
    <ele>287.1</ele>
   </trkpt>
   <trkpt lat="48.3167350" lon="-70.3262330">
    <ele>287.0</ele>
   </trkpt>
   <trkpt lat="48.3167270" lon="-70.3262250">
    <ele>287.0</ele>
   </trkpt>
   <trkpt lat="48.3167170" lon="-70.3262090">
    <ele>287.0</ele>
   </trkpt>
   <trkpt lat="48.3167130" lon="-70.3262000">
    <ele>286.9</ele>
   </trkpt>
   <trkpt lat="48.3167020" lon="-70.3262000">
    <ele>286.9</ele>
   </trkpt>
   <trkpt lat="48.3166990" lon="-70.3261980">
    <ele>286.9</ele>
   </trkpt>
   <trkpt lat="48.3166960" lon="-70.3261920">
    <ele>286.9</ele>
   </trkpt>
   <trkpt lat="48.3166890" lon="-70.3261850">
    <ele>286.8</ele>
   </trkpt>
   <trkpt lat="48.3166770" lon="-70.3261700">
    <ele>286.8</ele>
   </trkpt>
   <trkpt lat="48.3166690" lon="-70.3261610">
    <ele>286.8</ele>
   </trkpt>
   <trkpt lat="48.3166570" lon="-70.3261550">
    <ele>286.7</ele>
   </trkpt>
   <trkpt lat="48.3166460" lon="-70.3261530">
    <ele>286.7</ele>
   </trkpt>
   <trkpt lat="48.3166390" lon="-70.3261430">
    <ele>286.6</ele>
   </trkpt>
   <trkpt lat="48.3166240" lon="-70.3261310">
    <ele>286.6</ele>
   </trkpt>
   <trkpt lat="48.3166190" lon="-70.3261300">
    <ele>286.5</ele>
   </trkpt>
   <trkpt lat="48.3166140" lon="-70.3261180">
    <ele>286.5</ele>
   </trkpt>
   <trkpt lat="48.3166060" lon="-70.3261010">
    <ele>286.4</ele>
   </trkpt>
   <trkpt lat="48.3165970" lon="-70.3260930">
    <ele>286.4</ele>
   </trkpt>
   <trkpt lat="48.3165860" lon="-70.3260910">
    <ele>286.3</ele>
   </trkpt>
   <trkpt lat="48.3165750" lon="-70.3260840">
    <ele>286.3</ele>
   </trkpt>
   <trkpt lat="48.3165630" lon="-70.3260740">
    <ele>286.2</ele>
   </trkpt>
   <trkpt lat="48.3165530" lon="-70.3260640">
    <ele>286.2</ele>
   </trkpt>
   <trkpt lat="48.3165440" lon="-70.3260550">
    <ele>286.1</ele>
   </trkpt>
   <trkpt lat="48.3165380" lon="-70.3260440">
    <ele>286.1</ele>
   </trkpt>
   <trkpt lat="48.3165310" lon="-70.3260340">
    <ele>286.0</ele>
   </trkpt>
   <trkpt lat="48.3165180" lon="-70.3260070">
    <ele>285.9</ele>
   </trkpt>
   <trkpt lat="48.3165050" lon="-70.3259970">
    <ele>285.8</ele>
   </trkpt>
   <trkpt lat="48.3164970" lon="-70.3259890">
    <ele>285.8</ele>
   </trkpt>
   <trkpt lat="48.3164840" lon="-70.3259830">
    <ele>285.7</ele>
   </trkpt>
   <trkpt lat="48.3164820" lon="-70.3259750">
    <ele>285.7</ele>
   </trkpt>
   <trkpt lat="48.3164780" lon="-70.3259600">
    <ele>285.7</ele>
   </trkpt>
   <trkpt lat="48.3164770" lon="-70.3259560">
    <ele>285.6</ele>
   </trkpt>
   <trkpt lat="48.3164710" lon="-70.3259450">
    <ele>285.6</ele>
   </trkpt>
   <trkpt lat="48.3164640" lon="-70.3259370">
    <ele>285.5</ele>
   </trkpt>
   <trkpt lat="48.3164540" lon="-70.3259230">
    <ele>285.5</ele>
   </trkpt>
   <trkpt lat="48.3164450" lon="-70.3259140">
    <ele>285.4</ele>
   </trkpt>
   <trkpt lat="48.3164410" lon="-70.3259050">
    <ele>285.4</ele>
   </trkpt>
   <trkpt lat="48.3164340" lon="-70.3259020">
    <ele>285.4</ele>
   </trkpt>
   <trkpt lat="48.3164220" lon="-70.3258910">
    <ele>285.3</ele>
   </trkpt>
   <trkpt lat="48.3164110" lon="-70.3258880">
    <ele>285.3</ele>
   </trkpt>
   <trkpt lat="48.3164000" lon="-70.3258780">
    <ele>285.2</ele>
   </trkpt>
   <trkpt lat="48.3163920" lon="-70.3258730">
    <ele>285.2</ele>
   </trkpt>
   <trkpt lat="48.3163840" lon="-70.3258670">
    <ele>285.1</ele>
   </trkpt>
   <trkpt lat="48.3163770" lon="-70.3258650">
    <ele>285.1</ele>
   </trkpt>
   <trkpt lat="48.3163680" lon="-70.3258530">
    <ele>285.1</ele>
   </trkpt>
   <trkpt lat="48.3163570" lon="-70.3258340">
    <ele>285.0</ele>
   </trkpt>
   <trkpt lat="48.3163500" lon="-70.3258220">
    <ele>285.0</ele>
   </trkpt>
   <trkpt lat="48.3163440" lon="-70.3258080">
    <ele>285.0</ele>
   </trkpt>
   <trkpt lat="48.3163380" lon="-70.3258000">
    <ele>284.9</ele>
   </trkpt>
   <trkpt lat="48.3163260" lon="-70.3257900">
    <ele>284.9</ele>
   </trkpt>
   <trkpt lat="48.3163170" lon="-70.3257790">
    <ele>284.9</ele>
   </trkpt>
   <trkpt lat="48.3163070" lon="-70.3257750">
    <ele>284.9</ele>
   </trkpt>
   <trkpt lat="48.3162940" lon="-70.3257640">
    <ele>284.8</ele>
   </trkpt>
   <trkpt lat="48.3162830" lon="-70.3257600">
    <ele>284.8</ele>
   </trkpt>
   <trkpt lat="48.3162730" lon="-70.3257520">
    <ele>284.8</ele>
   </trkpt>
   <trkpt lat="48.3162660" lon="-70.3257430">
    <ele>284.8</ele>
   </trkpt>
   <trkpt lat="48.3162590" lon="-70.3257400">
    <ele>284.7</ele>
   </trkpt>
   <trkpt lat="48.3162430" lon="-70.3257140">
    <ele>284.7</ele>
   </trkpt>
   <trkpt lat="48.3162350" lon="-70.3257100">
    <ele>284.7</ele>
   </trkpt>
   <trkpt lat="48.3162260" lon="-70.3257050">
    <ele>284.6</ele>
   </trkpt>
   <trkpt lat="48.3162130" lon="-70.3257020">
    <ele>284.6</ele>
   </trkpt>
   <trkpt lat="48.3162040" lon="-70.3256980">
    <ele>284.6</ele>
   </trkpt>
   <trkpt lat="48.3162000" lon="-70.3256970">
    <ele>284.6</ele>
   </trkpt>
   <trkpt lat="48.3161970" lon="-70.3256900">
    <ele>284.5</ele>
   </trkpt>
   <trkpt lat="48.3161850" lon="-70.3256840">
    <ele>284.5</ele>
   </trkpt>
   <trkpt lat="48.3161760" lon="-70.3256760">
    <ele>284.5</ele>
   </trkpt>
   <trkpt lat="48.3161770" lon="-70.3256720">
    <ele>284.5</ele>
   </trkpt>
   <trkpt lat="48.3161640" lon="-70.3256710">
    <ele>284.4</ele>
   </trkpt>
   <trkpt lat="48.3161490" lon="-70.3256640">
    <ele>284.3</ele>
   </trkpt>
   <trkpt lat="48.3161380" lon="-70.3256510">
    <ele>284.3</ele>
   </trkpt>
   <trkpt lat="48.3161330" lon="-70.3256480">
    <ele>284.2</ele>
   </trkpt>
   <trkpt lat="48.3161180" lon="-70.3256470">
    <ele>284.1</ele>
   </trkpt>
   <trkpt lat="48.3161090" lon="-70.3256470">
    <ele>284.1</ele>
   </trkpt>
   <trkpt lat="48.3161010" lon="-70.3256480">
    <ele>284.1</ele>
   </trkpt>
   <trkpt lat="48.3160880" lon="-70.3256440">
    <ele>284.0</ele>
   </trkpt>
   <trkpt lat="48.3160780" lon="-70.3256420">
    <ele>283.9</ele>
   </trkpt>
   <trkpt lat="48.3160700" lon="-70.3256420">
    <ele>283.9</ele>
   </trkpt>
   <trkpt lat="48.3160600" lon="-70.3256500">
    <ele>283.8</ele>
   </trkpt>
   <trkpt lat="48.3160560" lon="-70.3256560">
    <ele>283.8</ele>
   </trkpt>
   <trkpt lat="48.3160410" lon="-70.3256670">
    <ele>283.7</ele>
   </trkpt>
   <trkpt lat="48.3160310" lon="-70.3256750">
    <ele>283.7</ele>
   </trkpt>
   <trkpt lat="48.3160280" lon="-70.3256770">
    <ele>283.7</ele>
   </trkpt>
   <trkpt lat="48.3160210" lon="-70.3256880">
    <ele>283.6</ele>
   </trkpt>
   <trkpt lat="48.3160170" lon="-70.3257000">
    <ele>283.6</ele>
   </trkpt>
   <trkpt lat="48.3160110" lon="-70.3257100">
    <ele>283.6</ele>
   </trkpt>
   <trkpt lat="48.3160010" lon="-70.3257250">
    <ele>283.5</ele>
   </trkpt>
   <trkpt lat="48.3159980" lon="-70.3257330">
    <ele>283.5</ele>
   </trkpt>
   <trkpt lat="48.3159920" lon="-70.3257380">
    <ele>283.5</ele>
   </trkpt>
   <trkpt lat="48.3159830" lon="-70.3257510">
    <ele>283.5</ele>
   </trkpt>
   <trkpt lat="48.3159780" lon="-70.3257660">
    <ele>283.4</ele>
   </trkpt>
   <trkpt lat="48.3159760" lon="-70.3257680">
    <ele>283.4</ele>
   </trkpt>
   <trkpt lat="48.3159670" lon="-70.3257790">
    <ele>283.4</ele>
   </trkpt>
   <trkpt lat="48.3159620" lon="-70.3257830">
    <ele>283.4</ele>
   </trkpt>
   <trkpt lat="48.3159530" lon="-70.3257990">
    <ele>283.4</ele>
   </trkpt>
   <trkpt lat="48.3159410" lon="-70.3258150">
    <ele>283.4</ele>
   </trkpt>
   <trkpt lat="48.3159270" lon="-70.3258330">
    <ele>283.4</ele>
   </trkpt>
   <trkpt lat="48.3159160" lon="-70.3258470">
    <ele>283.4</ele>
   </trkpt>
   <trkpt lat="48.3159080" lon="-70.3258630">
    <ele>283.4</ele>
   </trkpt>
   <trkpt lat="48.3159060" lon="-70.3258820">
    <ele>283.4</ele>
   </trkpt>
   <trkpt lat="48.3159030" lon="-70.3258950">
    <ele>283.4</ele>
   </trkpt>
   <trkpt lat="48.3159040" lon="-70.3259040">
    <ele>283.4</ele>
   </trkpt>
   <trkpt lat="48.3159010" lon="-70.3259170">
    <ele>283.5</ele>
   </trkpt>
   <trkpt lat="48.3158930" lon="-70.3259320">
    <ele>283.5</ele>
   </trkpt>
   <trkpt lat="48.3158930" lon="-70.3259390">
    <ele>283.5</ele>
   </trkpt>
   <trkpt lat="48.3158900" lon="-70.3259470">
    <ele>283.5</ele>
   </trkpt>
   <trkpt lat="48.3158850" lon="-70.3259510">
    <ele>283.5</ele>
   </trkpt>
   <trkpt lat="48.3158770" lon="-70.3259550">
    <ele>283.5</ele>
   </trkpt>
   <trkpt lat="48.3158660" lon="-70.3259620">
    <ele>283.5</ele>
   </trkpt>
   <trkpt lat="48.3158480" lon="-70.3259690">
    <ele>283.5</ele>
   </trkpt>
   <trkpt lat="48.3158360" lon="-70.3259710">
    <ele>283.5</ele>
   </trkpt>
   <trkpt lat="48.3158270" lon="-70.3259700">
    <ele>283.5</ele>
   </trkpt>
   <trkpt lat="48.3158130" lon="-70.3259760">
    <ele>283.5</ele>
   </trkpt>
   <trkpt lat="48.3157880" lon="-70.3259780">
    <ele>283.5</ele>
   </trkpt>
   <trkpt lat="48.3157750" lon="-70.3259710">
    <ele>283.4</ele>
   </trkpt>
   <trkpt lat="48.3157670" lon="-70.3259640">
    <ele>283.4</ele>
   </trkpt>
   <trkpt lat="48.3157580" lon="-70.3259530">
    <ele>283.4</ele>
   </trkpt>
   <trkpt lat="48.3157450" lon="-70.3259420">
    <ele>283.4</ele>
   </trkpt>
   <trkpt lat="48.3157330" lon="-70.3259320">
    <ele>283.4</ele>
   </trkpt>
   <trkpt lat="48.3157260" lon="-70.3259240">
    <ele>283.3</ele>
   </trkpt>
   <trkpt lat="48.3157150" lon="-70.3259160">
    <ele>283.3</ele>
   </trkpt>
   <trkpt lat="48.3156990" lon="-70.3259040">
    <ele>283.3</ele>
   </trkpt>
   <trkpt lat="48.3156900" lon="-70.3258920">
    <ele>283.3</ele>
   </trkpt>
   <trkpt lat="48.3156820" lon="-70.3258880">
    <ele>283.2</ele>
   </trkpt>
   <trkpt lat="48.3156690" lon="-70.3258810">
    <ele>283.2</ele>
   </trkpt>
   <trkpt lat="48.3156630" lon="-70.3258760">
    <ele>283.2</ele>
   </trkpt>
   <trkpt lat="48.3156580" lon="-70.3258650">
    <ele>283.2</ele>
   </trkpt>
   <trkpt lat="48.3156550" lon="-70.3258480">
    <ele>283.1</ele>
   </trkpt>
   <trkpt lat="48.3156460" lon="-70.3258390">
    <ele>283.1</ele>
   </trkpt>
   <trkpt lat="48.3156370" lon="-70.3258390">
    <ele>283.1</ele>
   </trkpt>
   <trkpt lat="48.3156250" lon="-70.3258340">
    <ele>283.1</ele>
   </trkpt>
   <trkpt lat="48.3156170" lon="-70.3258300">
    <ele>283.0</ele>
   </trkpt>
   <trkpt lat="48.3156100" lon="-70.3258230">
    <ele>283.0</ele>
   </trkpt>
   <trkpt lat="48.3155990" lon="-70.3258150">
    <ele>283.0</ele>
   </trkpt>
   <trkpt lat="48.3155950" lon="-70.3258100">
    <ele>283.0</ele>
   </trkpt>
   <trkpt lat="48.3155850" lon="-70.3258050">
    <ele>282.9</ele>
   </trkpt>
   <trkpt lat="48.3155750" lon="-70.3257970">
    <ele>282.9</ele>
   </trkpt>
   <trkpt lat="48.3155650" lon="-70.3257870">
    <ele>282.9</ele>
   </trkpt>
   <trkpt lat="48.3155580" lon="-70.3257790">
    <ele>282.9</ele>
   </trkpt>
   <trkpt lat="48.3155560" lon="-70.3257700">
    <ele>282.9</ele>
   </trkpt>
   <trkpt lat="48.3155490" lon="-70.3257610">
    <ele>282.8</ele>
   </trkpt>
   <trkpt lat="48.3155450" lon="-70.3257520">
    <ele>282.8</ele>
   </trkpt>
   <trkpt lat="48.3155350" lon="-70.3257400">
    <ele>282.8</ele>
   </trkpt>
   <trkpt lat="48.3155310" lon="-70.3257380">
    <ele>282.7</ele>
   </trkpt>
   <trkpt lat="48.3155190" lon="-70.3257250">
    <ele>282.7</ele>
   </trkpt>
   <trkpt lat="48.3155080" lon="-70.3257100">
    <ele>282.6</ele>
   </trkpt>
   <trkpt lat="48.3154980" lon="-70.3257040">
    <ele>282.6</ele>
   </trkpt>
   <trkpt lat="48.3154980" lon="-70.3257010">
    <ele>282.5</ele>
   </trkpt>
   <trkpt lat="48.3154910" lon="-70.3256990">
    <ele>282.5</ele>
   </trkpt>
   <trkpt lat="48.3154910" lon="-70.3256860">
    <ele>282.5</ele>
   </trkpt>
   <trkpt lat="48.3154770" lon="-70.3256790">
    <ele>282.4</ele>
   </trkpt>
   <trkpt lat="48.3154620" lon="-70.3256750">
    <ele>282.2</ele>
   </trkpt>
   <trkpt lat="48.3154510" lon="-70.3256810">
    <ele>282.1</ele>
   </trkpt>
   <trkpt lat="48.3154400" lon="-70.3256840">
    <ele>282.0</ele>
   </trkpt>
   <trkpt lat="48.3154300" lon="-70.3256810">
    <ele>281.9</ele>
   </trkpt>
   <trkpt lat="48.3154200" lon="-70.3256730">
    <ele>281.8</ele>
   </trkpt>
   <trkpt lat="48.3154080" lon="-70.3256670">
    <ele>281.6</ele>
   </trkpt>
   <trkpt lat="48.3153910" lon="-70.3256600">
    <ele>281.4</ele>
   </trkpt>
   <trkpt lat="48.3153720" lon="-70.3256590">
    <ele>281.2</ele>
   </trkpt>
   <trkpt lat="48.3153560" lon="-70.3256510">
    <ele>280.9</ele>
   </trkpt>
   <trkpt lat="48.3153440" lon="-70.3256370">
    <ele>280.7</ele>
   </trkpt>
   <trkpt lat="48.3153310" lon="-70.3256280">
    <ele>280.5</ele>
   </trkpt>
   <trkpt lat="48.3153120" lon="-70.3256170">
    <ele>280.2</ele>
   </trkpt>
   <trkpt lat="48.3153030" lon="-70.3256130">
    <ele>280.0</ele>
   </trkpt>
   <trkpt lat="48.3152930" lon="-70.3256080">
    <ele>279.9</ele>
   </trkpt>
   <trkpt lat="48.3152870" lon="-70.3255990">
    <ele>279.7</ele>
   </trkpt>
   <trkpt lat="48.3152860" lon="-70.3255950">
    <ele>279.7</ele>
   </trkpt>
   <trkpt lat="48.3152780" lon="-70.3255920">
    <ele>279.6</ele>
   </trkpt>
   <trkpt lat="48.3152720" lon="-70.3255930">
    <ele>279.5</ele>
   </trkpt>
   <trkpt lat="48.3152690" lon="-70.3255910">
    <ele>279.5</ele>
   </trkpt>
   <trkpt lat="48.3152530" lon="-70.3255830">
    <ele>279.2</ele>
   </trkpt>
   <trkpt lat="48.3152480" lon="-70.3255760">
    <ele>279.1</ele>
   </trkpt>
   <trkpt lat="48.3152420" lon="-70.3255760">
    <ele>279.1</ele>
   </trkpt>
   <trkpt lat="48.3152220" lon="-70.3255720">
    <ele>278.8</ele>
   </trkpt>
   <trkpt lat="48.3152060" lon="-70.3255630">
    <ele>278.6</ele>
   </trkpt>
   <trkpt lat="48.3151940" lon="-70.3255580">
    <ele>278.5</ele>
   </trkpt>
   <trkpt lat="48.3151810" lon="-70.3255600">
    <ele>278.3</ele>
   </trkpt>
   <trkpt lat="48.3151740" lon="-70.3255600">
    <ele>278.3</ele>
   </trkpt>
   <trkpt lat="48.3151670" lon="-70.3255660">
    <ele>278.2</ele>
   </trkpt>
   <trkpt lat="48.3151560" lon="-70.3255690">
    <ele>278.1</ele>
   </trkpt>
   <trkpt lat="48.3151470" lon="-70.3255720">
    <ele>278.0</ele>
   </trkpt>
   <trkpt lat="48.3151350" lon="-70.3255810">
    <ele>277.8</ele>
   </trkpt>
   <trkpt lat="48.3151150" lon="-70.3255830">
    <ele>277.7</ele>
   </trkpt>
   <trkpt lat="48.3151020" lon="-70.3255840">
    <ele>277.5</ele>
   </trkpt>
   <trkpt lat="48.3150910" lon="-70.3255850">
    <ele>277.4</ele>
   </trkpt>
   <trkpt lat="48.3150840" lon="-70.3255870">
    <ele>277.3</ele>
   </trkpt>
   <trkpt lat="48.3150840" lon="-70.3255880">
    <ele>277.3</ele>
   </trkpt>
   <trkpt lat="48.3150740" lon="-70.3255880">
    <ele>277.2</ele>
   </trkpt>
   <trkpt lat="48.3150630" lon="-70.3255890">
    <ele>277.1</ele>
   </trkpt>
   <trkpt lat="48.3150540" lon="-70.3255940">
    <ele>277.0</ele>
   </trkpt>
   <trkpt lat="48.3150370" lon="-70.3255920">
    <ele>276.8</ele>
   </trkpt>
   <trkpt lat="48.3150280" lon="-70.3255890">
    <ele>276.7</ele>
   </trkpt>
   <trkpt lat="48.3150110" lon="-70.3255820">
    <ele>276.4</ele>
   </trkpt>
   <trkpt lat="48.3149960" lon="-70.3255770">
    <ele>276.2</ele>
   </trkpt>
   <trkpt lat="48.3149860" lon="-70.3255760">
    <ele>276.1</ele>
   </trkpt>
   <trkpt lat="48.3149900" lon="-70.3255910">
    <ele>276.0</ele>
   </trkpt>
   <trkpt lat="48.3149900" lon="-70.3255960">
    <ele>275.9</ele>
   </trkpt>
   <trkpt lat="48.3149830" lon="-70.3255970">
    <ele>275.8</ele>
   </trkpt>
   <trkpt lat="48.3149740" lon="-70.3255920">
    <ele>275.7</ele>
   </trkpt>
   <trkpt lat="48.3149670" lon="-70.3255960">
    <ele>275.6</ele>
   </trkpt>
   <trkpt lat="48.3149560" lon="-70.3255970">
    <ele>275.4</ele>
   </trkpt>
   <trkpt lat="48.3149430" lon="-70.3256050">
    <ele>275.2</ele>
   </trkpt>
   <trkpt lat="48.3149300" lon="-70.3256110">
    <ele>275.0</ele>
   </trkpt>
   <trkpt lat="48.3149260" lon="-70.3256100">
    <ele>274.9</ele>
   </trkpt>
   <trkpt lat="48.3149230" lon="-70.3256070">
    <ele>274.9</ele>
   </trkpt>
   <trkpt lat="48.3149170" lon="-70.3256040">
    <ele>274.8</ele>
   </trkpt>
   <trkpt lat="48.3149100" lon="-70.3255970">
    <ele>274.7</ele>
   </trkpt>
   <trkpt lat="48.3148900" lon="-70.3255890">
    <ele>274.4</ele>
   </trkpt>
   <trkpt lat="48.3148750" lon="-70.3255740">
    <ele>274.1</ele>
   </trkpt>
   <trkpt lat="48.3148640" lon="-70.3255640">
    <ele>273.9</ele>
   </trkpt>
   <trkpt lat="48.3148560" lon="-70.3255530">
    <ele>273.8</ele>
   </trkpt>
   <trkpt lat="48.3148460" lon="-70.3255410">
    <ele>273.6</ele>
   </trkpt>
   <trkpt lat="48.3148340" lon="-70.3255310">
    <ele>273.4</ele>
   </trkpt>
   <trkpt lat="48.3148220" lon="-70.3255220">
    <ele>273.2</ele>
   </trkpt>
   <trkpt lat="48.3148100" lon="-70.3255190">
    <ele>273.0</ele>
   </trkpt>
   <trkpt lat="48.3147970" lon="-70.3255100">
    <ele>272.8</ele>
   </trkpt>
   <trkpt lat="48.3147880" lon="-70.3255050">
    <ele>272.7</ele>
   </trkpt>
   <trkpt lat="48.3147770" lon="-70.3254940">
    <ele>272.5</ele>
   </trkpt>
   <trkpt lat="48.3147690" lon="-70.3254870">
    <ele>272.4</ele>
   </trkpt>
   <trkpt lat="48.3147610" lon="-70.3254860">
    <ele>272.3</ele>
   </trkpt>
   <trkpt lat="48.3147520" lon="-70.3254840">
    <ele>272.1</ele>
   </trkpt>
   <trkpt lat="48.3147390" lon="-70.3254780">
    <ele>271.9</ele>
   </trkpt>
   <trkpt lat="48.3147250" lon="-70.3254650">
    <ele>271.7</ele>
   </trkpt>
   <trkpt lat="48.3147170" lon="-70.3254580">
    <ele>271.6</ele>
   </trkpt>
   <trkpt lat="48.3147070" lon="-70.3254510">
    <ele>271.4</ele>
   </trkpt>
   <trkpt lat="48.3146970" lon="-70.3254560">
    <ele>271.3</ele>
   </trkpt>
   <trkpt lat="48.3146920" lon="-70.3254590">
    <ele>271.2</ele>
   </trkpt>
   <trkpt lat="48.3146770" lon="-70.3254520">
    <ele>271.0</ele>
   </trkpt>
   <trkpt lat="48.3146620" lon="-70.3254500">
    <ele>270.8</ele>
   </trkpt>
   <trkpt lat="48.3146500" lon="-70.3254470">
    <ele>270.6</ele>
   </trkpt>
   <trkpt lat="48.3146420" lon="-70.3254470">
    <ele>270.5</ele>
   </trkpt>
   <trkpt lat="48.3146380" lon="-70.3254510">
    <ele>270.4</ele>
   </trkpt>
   <trkpt lat="48.3146330" lon="-70.3254460">
    <ele>270.3</ele>
   </trkpt>
   <trkpt lat="48.3146270" lon="-70.3254370">
    <ele>270.2</ele>
   </trkpt>
   <trkpt lat="48.3146150" lon="-70.3254410">
    <ele>270.1</ele>
   </trkpt>
   <trkpt lat="48.3146010" lon="-70.3254390">
    <ele>269.9</ele>
   </trkpt>
   <trkpt lat="48.3145860" lon="-70.3254380">
    <ele>269.7</ele>
   </trkpt>
   <trkpt lat="48.3145740" lon="-70.3254280">
    <ele>269.5</ele>
   </trkpt>
   <trkpt lat="48.3145570" lon="-70.3254260">
    <ele>269.3</ele>
   </trkpt>
   <trkpt lat="48.3145410" lon="-70.3254230">
    <ele>269.1</ele>
   </trkpt>
   <trkpt lat="48.3145350" lon="-70.3254200">
    <ele>269.0</ele>
   </trkpt>
   <trkpt lat="48.3145190" lon="-70.3254200">
    <ele>268.8</ele>
   </trkpt>
   <trkpt lat="48.3145050" lon="-70.3254200">
    <ele>268.7</ele>
   </trkpt>
   <trkpt lat="48.3144860" lon="-70.3254230">
    <ele>268.4</ele>
   </trkpt>
   <trkpt lat="48.3144710" lon="-70.3254240">
    <ele>268.3</ele>
   </trkpt>
   <trkpt lat="48.3144600" lon="-70.3254230">
    <ele>268.2</ele>
   </trkpt>
   <trkpt lat="48.3144490" lon="-70.3254210">
    <ele>268.1</ele>
   </trkpt>
   <trkpt lat="48.3144330" lon="-70.3254270">
    <ele>267.9</ele>
   </trkpt>
   <trkpt lat="48.3144260" lon="-70.3254290">
    <ele>267.8</ele>
   </trkpt>
   <trkpt lat="48.3144120" lon="-70.3254390">
    <ele>267.7</ele>
   </trkpt>
   <trkpt lat="48.3144000" lon="-70.3254450">
    <ele>267.6</ele>
   </trkpt>
   <trkpt lat="48.3143960" lon="-70.3254580">
    <ele>267.5</ele>
   </trkpt>
   <trkpt lat="48.3143920" lon="-70.3254670">
    <ele>267.4</ele>
   </trkpt>
   <trkpt lat="48.3143840" lon="-70.3254710">
    <ele>267.4</ele>
   </trkpt>
   <trkpt lat="48.3143800" lon="-70.3254780">
    <ele>267.3</ele>
   </trkpt>
   <trkpt lat="48.3143720" lon="-70.3254820">
    <ele>267.3</ele>
   </trkpt>
   <trkpt lat="48.3143640" lon="-70.3254990">
    <ele>267.1</ele>
   </trkpt>
   <trkpt lat="48.3143560" lon="-70.3255060">
    <ele>267.1</ele>
   </trkpt>
   <trkpt lat="48.3143460" lon="-70.3255090">
    <ele>267.0</ele>
   </trkpt>
   <trkpt lat="48.3143390" lon="-70.3255100">
    <ele>266.9</ele>
   </trkpt>
   <trkpt lat="48.3143330" lon="-70.3255130">
    <ele>266.9</ele>
   </trkpt>
   <trkpt lat="48.3143220" lon="-70.3255260">
    <ele>266.7</ele>
   </trkpt>
   <trkpt lat="48.3143090" lon="-70.3255400">
    <ele>266.6</ele>
   </trkpt>
   <trkpt lat="48.3143030" lon="-70.3255400">
    <ele>266.6</ele>
   </trkpt>
   <trkpt lat="48.3143000" lon="-70.3255450">
    <ele>266.5</ele>
   </trkpt>
   <trkpt lat="48.3142940" lon="-70.3255540">
    <ele>266.4</ele>
   </trkpt>
   <trkpt lat="48.3142880" lon="-70.3255670">
    <ele>266.4</ele>
   </trkpt>
   <trkpt lat="48.3142830" lon="-70.3255750">
    <ele>266.3</ele>
   </trkpt>
   <trkpt lat="48.3142780" lon="-70.3255900">
    <ele>266.2</ele>
   </trkpt>
   <trkpt lat="48.3142710" lon="-70.3256030">
    <ele>266.1</ele>
   </trkpt>
   <trkpt lat="48.3142690" lon="-70.3256100">
    <ele>266.1</ele>
   </trkpt>
   <trkpt lat="48.3142640" lon="-70.3256190">
    <ele>266.0</ele>
   </trkpt>
   <trkpt lat="48.3142540" lon="-70.3256330">
    <ele>265.9</ele>
   </trkpt>
   <trkpt lat="48.3142510" lon="-70.3256400">
    <ele>265.9</ele>
   </trkpt>
   <trkpt lat="48.3142440" lon="-70.3256530">
    <ele>265.8</ele>
   </trkpt>
   <trkpt lat="48.3142390" lon="-70.3256640">
    <ele>265.7</ele>
   </trkpt>
   <trkpt lat="48.3142350" lon="-70.3256710">
    <ele>265.7</ele>
   </trkpt>
   <trkpt lat="48.3142280" lon="-70.3256830">
    <ele>265.6</ele>
   </trkpt>
   <trkpt lat="48.3142260" lon="-70.3256890">
    <ele>265.6</ele>
   </trkpt>
   <trkpt lat="48.3142180" lon="-70.3256960">
    <ele>265.5</ele>
   </trkpt>
   <trkpt lat="48.3142160" lon="-70.3256980">
    <ele>265.5</ele>
   </trkpt>
   <trkpt lat="48.3142130" lon="-70.3257030">
    <ele>265.4</ele>
   </trkpt>
   <trkpt lat="48.3142140" lon="-70.3257030">
    <ele>265.4</ele>
   </trkpt>
   <trkpt lat="48.3142090" lon="-70.3257100">
    <ele>265.4</ele>
   </trkpt>
   <trkpt lat="48.3142080" lon="-70.3257120">
    <ele>265.4</ele>
   </trkpt>
   <trkpt lat="48.3142070" lon="-70.3257150">
    <ele>265.4</ele>
   </trkpt>
   <trkpt lat="48.3142060" lon="-70.3257180">
    <ele>265.3</ele>
   </trkpt>
   <trkpt lat="48.3142030" lon="-70.3257200">
    <ele>265.3</ele>
   </trkpt>
   <trkpt lat="48.3142020" lon="-70.3257260">
    <ele>265.3</ele>
   </trkpt>
   <trkpt lat="48.3142010" lon="-70.3257330">
    <ele>265.2</ele>
   </trkpt>
   <trkpt lat="48.3141960" lon="-70.3257380">
    <ele>265.2</ele>
   </trkpt>
   <trkpt lat="48.3141900" lon="-70.3257410">
    <ele>265.2</ele>
   </trkpt>
   <trkpt lat="48.3141810" lon="-70.3257460">
    <ele>265.1</ele>
   </trkpt>
   <trkpt lat="48.3141720" lon="-70.3257480">
    <ele>265.0</ele>
   </trkpt>
   <trkpt lat="48.3141670" lon="-70.3257510">
    <ele>265.0</ele>
   </trkpt>
   <trkpt lat="48.3141630" lon="-70.3257510">
    <ele>264.9</ele>
   </trkpt>
   <trkpt lat="48.3141550" lon="-70.3257570">
    <ele>264.9</ele>
   </trkpt>
   <trkpt lat="48.3141470" lon="-70.3257630">
    <ele>264.8</ele>
   </trkpt>
   <trkpt lat="48.3141410" lon="-70.3257690">
    <ele>264.8</ele>
   </trkpt>
   <trkpt lat="48.3141330" lon="-70.3257730">
    <ele>264.7</ele>
   </trkpt>
   <trkpt lat="48.3141270" lon="-70.3257680">
    <ele>264.6</ele>
   </trkpt>
   <trkpt lat="48.3141110" lon="-70.3257690">
    <ele>264.5</ele>
   </trkpt>
   <trkpt lat="48.3140980" lon="-70.3257750">
    <ele>264.4</ele>
   </trkpt>
   <trkpt lat="48.3140930" lon="-70.3257900">
    <ele>264.3</ele>
   </trkpt>
   <trkpt lat="48.3140870" lon="-70.3257970">
    <ele>264.3</ele>
   </trkpt>
   <trkpt lat="48.3140790" lon="-70.3257980">
    <ele>264.2</ele>
   </trkpt>
   <trkpt lat="48.3140720" lon="-70.3258000">
    <ele>264.1</ele>
   </trkpt>
   <trkpt lat="48.3140630" lon="-70.3258070">
    <ele>264.0</ele>
   </trkpt>
   <trkpt lat="48.3140470" lon="-70.3258170">
    <ele>263.9</ele>
   </trkpt>
   <trkpt lat="48.3140420" lon="-70.3258240">
    <ele>263.8</ele>
   </trkpt>
   <trkpt lat="48.3140370" lon="-70.3258240">
    <ele>263.8</ele>
   </trkpt>
   <trkpt lat="48.3140350" lon="-70.3258270">
    <ele>263.7</ele>
   </trkpt>
   <trkpt lat="48.3140310" lon="-70.3258340">
    <ele>263.7</ele>
   </trkpt>
   <trkpt lat="48.3140210" lon="-70.3258320">
    <ele>263.6</ele>
   </trkpt>
   <trkpt lat="48.3140220" lon="-70.3258310">
    <ele>263.6</ele>
   </trkpt>
   <trkpt lat="48.3140180" lon="-70.3258340">
    <ele>263.5</ele>
   </trkpt>
   <trkpt lat="48.3140180" lon="-70.3258340">
    <ele>263.5</ele>
   </trkpt>
   <trkpt lat="48.3140090" lon="-70.3258330">
    <ele>263.4</ele>
   </trkpt>
   <trkpt lat="48.3139970" lon="-70.3258310">
    <ele>263.3</ele>
   </trkpt>
   <trkpt lat="48.3139920" lon="-70.3258290">
    <ele>263.2</ele>
   </trkpt>
   <trkpt lat="48.3139900" lon="-70.3258300">
    <ele>263.2</ele>
   </trkpt>
   <trkpt lat="48.3139850" lon="-70.3258410">
    <ele>263.1</ele>
   </trkpt>
   <trkpt lat="48.3139850" lon="-70.3258410">
    <ele>263.1</ele>
   </trkpt>
   <trkpt lat="48.3139760" lon="-70.3258450">
    <ele>263.0</ele>
   </trkpt>
   <trkpt lat="48.3139730" lon="-70.3258420">
    <ele>263.0</ele>
   </trkpt>
   <trkpt lat="48.3139730" lon="-70.3258420">
    <ele>263.0</ele>
   </trkpt>
   <trkpt lat="48.3139680" lon="-70.3258380">
    <ele>262.9</ele>
   </trkpt>
   <trkpt lat="48.3139660" lon="-70.3258360">
    <ele>262.9</ele>
   </trkpt>
   <trkpt lat="48.3139580" lon="-70.3258380">
    <ele>262.8</ele>
   </trkpt>
   <trkpt lat="48.3139490" lon="-70.3258400">
    <ele>262.6</ele>
   </trkpt>
   <trkpt lat="48.3139380" lon="-70.3258410">
    <ele>262.5</ele>
   </trkpt>
   <trkpt lat="48.3139350" lon="-70.3258360">
    <ele>262.4</ele>
   </trkpt>
   <trkpt lat="48.3139250" lon="-70.3258340">
    <ele>262.3</ele>
   </trkpt>
   <trkpt lat="48.3139240" lon="-70.3258320">
    <ele>262.3</ele>
   </trkpt>
   <trkpt lat="48.3139270" lon="-70.3258350">
    <ele>262.2</ele>
   </trkpt>
   <trkpt lat="48.3139220" lon="-70.3258370">
    <ele>262.1</ele>
   </trkpt>
   <trkpt lat="48.3139220" lon="-70.3258350">
    <ele>262.1</ele>
   </trkpt>
   <trkpt lat="48.3139150" lon="-70.3258350">
    <ele>262.0</ele>
   </trkpt>
   <trkpt lat="48.3139100" lon="-70.3258340">
    <ele>261.9</ele>
   </trkpt>
   <trkpt lat="48.3139070" lon="-70.3258340">
    <ele>261.9</ele>
   </trkpt>
   <trkpt lat="48.3139040" lon="-70.3258430">
    <ele>261.8</ele>
   </trkpt>
   <trkpt lat="48.3139020" lon="-70.3258380">
    <ele>261.7</ele>
   </trkpt>
   <trkpt lat="48.3138970" lon="-70.3258310">
    <ele>261.6</ele>
   </trkpt>
   <trkpt lat="48.3138930" lon="-70.3258250">
    <ele>261.5</ele>
   </trkpt>
   <trkpt lat="48.3138820" lon="-70.3258230">
    <ele>261.3</ele>
   </trkpt>
   <trkpt lat="48.3138720" lon="-70.3258210">
    <ele>261.1</ele>
   </trkpt>
   <trkpt lat="48.3138620" lon="-70.3258140">
    <ele>260.9</ele>
   </trkpt>
   <trkpt lat="48.3138520" lon="-70.3258100">
    <ele>260.8</ele>
   </trkpt>
   <trkpt lat="48.3138450" lon="-70.3258050">
    <ele>260.6</ele>
   </trkpt>
   <trkpt lat="48.3138370" lon="-70.3258090">
    <ele>260.5</ele>
   </trkpt>
   <trkpt lat="48.3138260" lon="-70.3258090">
    <ele>260.3</ele>
   </trkpt>
   <trkpt lat="48.3138190" lon="-70.3258050">
    <ele>260.1</ele>
   </trkpt>
   <trkpt lat="48.3138120" lon="-70.3258020">
    <ele>260.0</ele>
   </trkpt>
   <trkpt lat="48.3138060" lon="-70.3258020">
    <ele>259.9</ele>
   </trkpt>
   <trkpt lat="48.3137970" lon="-70.3257990">
    <ele>259.7</ele>
   </trkpt>
   <trkpt lat="48.3137860" lon="-70.3257980">
    <ele>259.5</ele>
   </trkpt>
   <trkpt lat="48.3137770" lon="-70.3257940">
    <ele>259.3</ele>
   </trkpt>
   <trkpt lat="48.3137700" lon="-70.3257990">
    <ele>259.2</ele>
   </trkpt>
   <trkpt lat="48.3137690" lon="-70.3258020">
    <ele>259.1</ele>
   </trkpt>
   <trkpt lat="48.3137650" lon="-70.3258000">
    <ele>259.1</ele>
   </trkpt>
   <trkpt lat="48.3137580" lon="-70.3258040">
    <ele>258.9</ele>
   </trkpt>
   <trkpt lat="48.3137480" lon="-70.3257970">
    <ele>258.7</ele>
   </trkpt>
   <trkpt lat="48.3137440" lon="-70.3257940">
    <ele>258.6</ele>
   </trkpt>
   <trkpt lat="48.3137370" lon="-70.3257930">
    <ele>258.5</ele>
   </trkpt>
   <trkpt lat="48.3137310" lon="-70.3257990">
    <ele>258.4</ele>
   </trkpt>
   <trkpt lat="48.3137220" lon="-70.3258020">
    <ele>258.2</ele>
   </trkpt>
   <trkpt lat="48.3137160" lon="-70.3258060">
    <ele>258.1</ele>
   </trkpt>
   <trkpt lat="48.3137100" lon="-70.3258080">
    <ele>258.0</ele>
   </trkpt>
   <trkpt lat="48.3137100" lon="-70.3258120">
    <ele>257.9</ele>
   </trkpt>
   <trkpt lat="48.3136930" lon="-70.3258090">
    <ele>257.6</ele>
   </trkpt>
   <trkpt lat="48.3136800" lon="-70.3257990">
    <ele>257.3</ele>
   </trkpt>
   <trkpt lat="48.3136710" lon="-70.3258010">
    <ele>257.2</ele>
   </trkpt>
   <trkpt lat="48.3136660" lon="-70.3258000">
    <ele>257.1</ele>
   </trkpt>
   <trkpt lat="48.3136580" lon="-70.3257960">
    <ele>256.9</ele>
   </trkpt>
   <trkpt lat="48.3136510" lon="-70.3257980">
    <ele>256.8</ele>
   </trkpt>
   <trkpt lat="48.3136420" lon="-70.3257970">
    <ele>256.6</ele>
   </trkpt>
   <trkpt lat="48.3136320" lon="-70.3257980">
    <ele>256.4</ele>
   </trkpt>
   <trkpt lat="48.3136200" lon="-70.3258020">
    <ele>256.2</ele>
   </trkpt>
   <trkpt lat="48.3136130" lon="-70.3258070">
    <ele>256.0</ele>
   </trkpt>
   <trkpt lat="48.3136080" lon="-70.3258130">
    <ele>255.9</ele>
   </trkpt>
   <trkpt lat="48.3136020" lon="-70.3258070">
    <ele>255.7</ele>
   </trkpt>
   <trkpt lat="48.3135960" lon="-70.3258070">
    <ele>255.6</ele>
   </trkpt>
   <trkpt lat="48.3135820" lon="-70.3258220">
    <ele>255.3</ele>
   </trkpt>
   <trkpt lat="48.3135800" lon="-70.3258220">
    <ele>255.2</ele>
   </trkpt>
   <trkpt lat="48.3135730" lon="-70.3258240">
    <ele>255.1</ele>
   </trkpt>
   <trkpt lat="48.3135570" lon="-70.3258300">
    <ele>254.7</ele>
   </trkpt>
   <trkpt lat="48.3135430" lon="-70.3258180">
    <ele>254.4</ele>
   </trkpt>
   <trkpt lat="48.3135350" lon="-70.3258080">
    <ele>254.2</ele>
   </trkpt>
   <trkpt lat="48.3135290" lon="-70.3258020">
    <ele>254.0</ele>
   </trkpt>
   <trkpt lat="48.3135330" lon="-70.3258080">
    <ele>253.9</ele>
   </trkpt>
   <trkpt lat="48.3135290" lon="-70.3258000">
    <ele>253.8</ele>
   </trkpt>
   <trkpt lat="48.3135270" lon="-70.3257950">
    <ele>253.7</ele>
   </trkpt>
   <trkpt lat="48.3135240" lon="-70.3257960">
    <ele>253.6</ele>
   </trkpt>
   <trkpt lat="48.3135110" lon="-70.3258000">
    <ele>253.4</ele>
   </trkpt>
   <trkpt lat="48.3135050" lon="-70.3257920">
    <ele>253.2</ele>
   </trkpt>
   <trkpt lat="48.3135000" lon="-70.3257810">
    <ele>253.0</ele>
   </trkpt>
   <trkpt lat="48.3134930" lon="-70.3257820">
    <ele>252.9</ele>
   </trkpt>
   <trkpt lat="48.3134800" lon="-70.3257930">
    <ele>252.6</ele>
   </trkpt>
   <trkpt lat="48.3134750" lon="-70.3257980">
    <ele>252.4</ele>
   </trkpt>
   <trkpt lat="48.3134650" lon="-70.3257950">
    <ele>252.2</ele>
   </trkpt>
   <trkpt lat="48.3134670" lon="-70.3258030">
    <ele>252.1</ele>
   </trkpt>
   <trkpt lat="48.3134620" lon="-70.3257980">
    <ele>252.0</ele>
   </trkpt>
   <trkpt lat="48.3134580" lon="-70.3257940">
    <ele>251.9</ele>
   </trkpt>
   <trkpt lat="48.3134440" lon="-70.3257900">
    <ele>251.6</ele>
   </trkpt>
   <trkpt lat="48.3134330" lon="-70.3257910">
    <ele>251.4</ele>
   </trkpt>
   <trkpt lat="48.3134270" lon="-70.3257910">
    <ele>251.3</ele>
   </trkpt>
   <trkpt lat="48.3134200" lon="-70.3257850">
    <ele>251.1</ele>
   </trkpt>
   <trkpt lat="48.3134150" lon="-70.3257870">
    <ele>251.0</ele>
   </trkpt>
   <trkpt lat="48.3134110" lon="-70.3257860">
    <ele>251.0</ele>
   </trkpt>
   <trkpt lat="48.3134030" lon="-70.3257870">
    <ele>250.8</ele>
   </trkpt>
   <trkpt lat="48.3133960" lon="-70.3257940">
    <ele>250.7</ele>
   </trkpt>
   <trkpt lat="48.3133860" lon="-70.3257930">
    <ele>250.5</ele>
   </trkpt>
   <trkpt lat="48.3133830" lon="-70.3257960">
    <ele>250.4</ele>
   </trkpt>
   <trkpt lat="48.3133750" lon="-70.3258000">
    <ele>250.2</ele>
   </trkpt>
   <trkpt lat="48.3133700" lon="-70.3258040">
    <ele>250.1</ele>
   </trkpt>
   <trkpt lat="48.3133680" lon="-70.3258080">
    <ele>250.1</ele>
   </trkpt>
   <trkpt lat="48.3133620" lon="-70.3258150">
    <ele>249.9</ele>
   </trkpt>
   <trkpt lat="48.3133530" lon="-70.3258200">
    <ele>249.7</ele>
   </trkpt>
   <trkpt lat="48.3133390" lon="-70.3258250">
    <ele>249.4</ele>
   </trkpt>
   <trkpt lat="48.3133260" lon="-70.3258240">
    <ele>249.2</ele>
   </trkpt>
   <trkpt lat="48.3133210" lon="-70.3258300">
    <ele>249.1</ele>
   </trkpt>
   <trkpt lat="48.3133190" lon="-70.3258450">
    <ele>248.9</ele>
   </trkpt>
   <trkpt lat="48.3133130" lon="-70.3258500">
    <ele>248.8</ele>
   </trkpt>
   <trkpt lat="48.3133040" lon="-70.3258480">
    <ele>248.6</ele>
   </trkpt>
   <trkpt lat="48.3132970" lon="-70.3258520">
    <ele>248.5</ele>
   </trkpt>
   <trkpt lat="48.3132900" lon="-70.3258640">
    <ele>248.3</ele>
   </trkpt>
   <trkpt lat="48.3132770" lon="-70.3258740">
    <ele>248.0</ele>
   </trkpt>
   <trkpt lat="48.3132670" lon="-70.3258820">
    <ele>247.9</ele>
   </trkpt>
   <trkpt lat="48.3132600" lon="-70.3258880">
    <ele>247.7</ele>
   </trkpt>
   <trkpt lat="48.3132430" lon="-70.3258960">
    <ele>247.5</ele>
   </trkpt>
   <trkpt lat="48.3132320" lon="-70.3259050">
    <ele>247.3</ele>
   </trkpt>
   <trkpt lat="48.3132230" lon="-70.3259120">
    <ele>247.2</ele>
   </trkpt>
   <trkpt lat="48.3132110" lon="-70.3259140">
    <ele>247.0</ele>
   </trkpt>
   <trkpt lat="48.3132070" lon="-70.3259150">
    <ele>247.0</ele>
   </trkpt>
   <trkpt lat="48.3132020" lon="-70.3259150">
    <ele>246.9</ele>
   </trkpt>
   <trkpt lat="48.3131950" lon="-70.3259200">
    <ele>246.9</ele>
   </trkpt>
   <trkpt lat="48.3131830" lon="-70.3259210">
    <ele>246.7</ele>
   </trkpt>
   <trkpt lat="48.3131780" lon="-70.3259140">
    <ele>246.7</ele>
   </trkpt>
   <trkpt lat="48.3131660" lon="-70.3259210">
    <ele>246.6</ele>
   </trkpt>
   <trkpt lat="48.3131550" lon="-70.3259270">
    <ele>246.5</ele>
   </trkpt>
   <trkpt lat="48.3131420" lon="-70.3259330">
    <ele>246.4</ele>
   </trkpt>
   <trkpt lat="48.3131300" lon="-70.3259350">
    <ele>246.3</ele>
   </trkpt>
   <trkpt lat="48.3131230" lon="-70.3259380">
    <ele>246.2</ele>
   </trkpt>
   <trkpt lat="48.3131190" lon="-70.3259510">
    <ele>246.2</ele>
   </trkpt>
   <trkpt lat="48.3131160" lon="-70.3259650">
    <ele>246.1</ele>
   </trkpt>
   <trkpt lat="48.3131120" lon="-70.3259820">
    <ele>246.1</ele>
   </trkpt>
   <trkpt lat="48.3131010" lon="-70.3260020">
    <ele>246.0</ele>
   </trkpt>
   <trkpt lat="48.3130980" lon="-70.3260220">
    <ele>245.9</ele>
   </trkpt>
   <trkpt lat="48.3130930" lon="-70.3260360">
    <ele>245.9</ele>
   </trkpt>
   <trkpt lat="48.3130880" lon="-70.3260480">
    <ele>245.9</ele>
   </trkpt>
   <trkpt lat="48.3130780" lon="-70.3260440">
    <ele>245.9</ele>
   </trkpt>
   <trkpt lat="48.3130670" lon="-70.3260440">
    <ele>245.8</ele>
   </trkpt>
   <trkpt lat="48.3130590" lon="-70.3260500">
    <ele>245.8</ele>
   </trkpt>
   <trkpt lat="48.3130540" lon="-70.3260540">
    <ele>245.8</ele>
   </trkpt>
   <trkpt lat="48.3130530" lon="-70.3260570">
    <ele>245.8</ele>
   </trkpt>
   <trkpt lat="48.3130420" lon="-70.3260670">
    <ele>245.8</ele>
   </trkpt>
   <trkpt lat="48.3130320" lon="-70.3260720">
    <ele>245.8</ele>
   </trkpt>
   <trkpt lat="48.3130260" lon="-70.3260820">
    <ele>245.8</ele>
   </trkpt>
   <trkpt lat="48.3130180" lon="-70.3260890">
    <ele>245.8</ele>
   </trkpt>
   <trkpt lat="48.3130150" lon="-70.3260960">
    <ele>245.8</ele>
   </trkpt>
   <trkpt lat="48.3130070" lon="-70.3261030">
    <ele>245.8</ele>
   </trkpt>
   <trkpt lat="48.3129990" lon="-70.3261120">
    <ele>245.8</ele>
   </trkpt>
   <trkpt lat="48.3129940" lon="-70.3261220">
    <ele>245.8</ele>
   </trkpt>
   <trkpt lat="48.3129900" lon="-70.3261340">
    <ele>245.8</ele>
   </trkpt>
   <trkpt lat="48.3129840" lon="-70.3261330">
    <ele>245.8</ele>
   </trkpt>
   <trkpt lat="48.3129780" lon="-70.3261420">
    <ele>245.8</ele>
   </trkpt>
   <trkpt lat="48.3129800" lon="-70.3261500">
    <ele>245.8</ele>
   </trkpt>
   <trkpt lat="48.3129650" lon="-70.3261580">
    <ele>245.8</ele>
   </trkpt>
   <trkpt lat="48.3129550" lon="-70.3261710">
    <ele>245.8</ele>
   </trkpt>
   <trkpt lat="48.3129430" lon="-70.3261810">
    <ele>245.8</ele>
   </trkpt>
   <trkpt lat="48.3129300" lon="-70.3261860">
    <ele>245.8</ele>
   </trkpt>
   <trkpt lat="48.3129170" lon="-70.3261920">
    <ele>245.9</ele>
   </trkpt>
   <trkpt lat="48.3129060" lon="-70.3262030">
    <ele>245.9</ele>
   </trkpt>
   <trkpt lat="48.3128980" lon="-70.3262160">
    <ele>245.9</ele>
   </trkpt>
   <trkpt lat="48.3128840" lon="-70.3262280">
    <ele>245.9</ele>
   </trkpt>
   <trkpt lat="48.3128790" lon="-70.3262250">
    <ele>245.9</ele>
   </trkpt>
   <trkpt lat="48.3128700" lon="-70.3262360">
    <ele>245.9</ele>
   </trkpt>
   <trkpt lat="48.3128520" lon="-70.3262420">
    <ele>245.9</ele>
   </trkpt>
   <trkpt lat="48.3128470" lon="-70.3262490">
    <ele>245.9</ele>
   </trkpt>
   <trkpt lat="48.3128480" lon="-70.3262530">
    <ele>245.9</ele>
   </trkpt>
   <trkpt lat="48.3128430" lon="-70.3262560">
    <ele>245.9</ele>
   </trkpt>
   <trkpt lat="48.3128360" lon="-70.3262620">
    <ele>245.9</ele>
   </trkpt>
   <trkpt lat="48.3128330" lon="-70.3262670">
    <ele>245.9</ele>
   </trkpt>
   <trkpt lat="48.3128300" lon="-70.3262670">
    <ele>245.9</ele>
   </trkpt>
   <trkpt lat="48.3128300" lon="-70.3262670">
    <ele>245.9</ele>
   </trkpt>
   <trkpt lat="48.3128300" lon="-70.3262670">
    <ele>245.9</ele>
   </trkpt>
   <trkpt lat="48.3128300" lon="-70.3262670">
    <ele>245.9</ele>
   </trkpt>
   <trkpt lat="48.3128300" lon="-70.3262810">
    <ele>245.9</ele>
   </trkpt>
   <trkpt lat="48.3128290" lon="-70.3262870">
    <ele>245.9</ele>
   </trkpt>
   <trkpt lat="48.3128290" lon="-70.3262870">
    <ele>245.9</ele>
   </trkpt>
   <trkpt lat="48.3128290" lon="-70.3262870">
    <ele>245.9</ele>
   </trkpt>
   <trkpt lat="48.3128290" lon="-70.3262870">
    <ele>245.9</ele>
   </trkpt>
   <trkpt lat="48.3128290" lon="-70.3262870">
    <ele>245.9</ele>
   </trkpt>
   <trkpt lat="48.3128310" lon="-70.3262980">
    <ele>245.9</ele>
   </trkpt>
   <trkpt lat="48.3128310" lon="-70.3262970">
    <ele>245.9</ele>
   </trkpt>
   <trkpt lat="48.3128240" lon="-70.3262990">
    <ele>245.9</ele>
   </trkpt>
   <trkpt lat="48.3128160" lon="-70.3262930">
    <ele>245.9</ele>
   </trkpt>
   <trkpt lat="48.3128140" lon="-70.3262880">
    <ele>245.9</ele>
   </trkpt>
   <trkpt lat="48.3128090" lon="-70.3262900">
    <ele>245.9</ele>
   </trkpt>
   <trkpt lat="48.3128080" lon="-70.3262930">
    <ele>245.9</ele>
   </trkpt>
   <trkpt lat="48.3128060" lon="-70.3262960">
    <ele>245.9</ele>
   </trkpt>
   <trkpt lat="48.3127990" lon="-70.3262970">
    <ele>245.9</ele>
   </trkpt>
   <trkpt lat="48.3127900" lon="-70.3262970">
    <ele>245.8</ele>
   </trkpt>
   <trkpt lat="48.3127870" lon="-70.3263050">
    <ele>245.8</ele>
   </trkpt>
   <trkpt lat="48.3127670" lon="-70.3262960">
    <ele>245.8</ele>
   </trkpt>
   <trkpt lat="48.3127560" lon="-70.3262980">
    <ele>245.7</ele>
   </trkpt>
   <trkpt lat="48.3127460" lon="-70.3262930">
    <ele>245.7</ele>
   </trkpt>
   <trkpt lat="48.3127410" lon="-70.3262950">
    <ele>245.7</ele>
   </trkpt>
   <trkpt lat="48.3127320" lon="-70.3262950">
    <ele>245.6</ele>
   </trkpt>
   <trkpt lat="48.3127110" lon="-70.3262930">
    <ele>245.6</ele>
   </trkpt>
   <trkpt lat="48.3127000" lon="-70.3263000">
    <ele>245.5</ele>
   </trkpt>
   <trkpt lat="48.3126860" lon="-70.3263000">
    <ele>245.5</ele>
   </trkpt>
   <trkpt lat="48.3126690" lon="-70.3262920">
    <ele>245.4</ele>
   </trkpt>
   <trkpt lat="48.3126520" lon="-70.3262880">
    <ele>245.3</ele>
   </trkpt>
   <trkpt lat="48.3126380" lon="-70.3262930">
    <ele>245.3</ele>
   </trkpt>
   <trkpt lat="48.3126220" lon="-70.3262910">
    <ele>245.2</ele>
   </trkpt>
   <trkpt lat="48.3126120" lon="-70.3262880">
    <ele>245.2</ele>
   </trkpt>
   <trkpt lat="48.3125970" lon="-70.3262800">
    <ele>245.1</ele>
   </trkpt>
   <trkpt lat="48.3125880" lon="-70.3262810">
    <ele>245.1</ele>
   </trkpt>
   <trkpt lat="48.3125790" lon="-70.3262850">
    <ele>245.1</ele>
   </trkpt>
   <trkpt lat="48.3125680" lon="-70.3262900">
    <ele>245.1</ele>
   </trkpt>
   <trkpt lat="48.3125550" lon="-70.3262900">
    <ele>245.0</ele>
   </trkpt>
   <trkpt lat="48.3125470" lon="-70.3262870">
    <ele>245.0</ele>
   </trkpt>
   <trkpt lat="48.3125410" lon="-70.3262880">
    <ele>245.0</ele>
   </trkpt>
   <trkpt lat="48.3125380" lon="-70.3262810">
    <ele>245.0</ele>
   </trkpt>
   <trkpt lat="48.3125290" lon="-70.3262780">
    <ele>245.0</ele>
   </trkpt>
   <trkpt lat="48.3125250" lon="-70.3262760">
    <ele>245.0</ele>
   </trkpt>
   <trkpt lat="48.3125190" lon="-70.3262710">
    <ele>245.0</ele>
   </trkpt>
   <trkpt lat="48.3125080" lon="-70.3262690">
    <ele>244.9</ele>
   </trkpt>
   <trkpt lat="48.3125000" lon="-70.3262680">
    <ele>244.9</ele>
   </trkpt>
   <trkpt lat="48.3124900" lon="-70.3262680">
    <ele>244.9</ele>
   </trkpt>
   <trkpt lat="48.3124810" lon="-70.3262690">
    <ele>244.9</ele>
   </trkpt>
   <trkpt lat="48.3124690" lon="-70.3262720">
    <ele>244.9</ele>
   </trkpt>
   <trkpt lat="48.3124530" lon="-70.3262750">
    <ele>244.9</ele>
   </trkpt>
   <trkpt lat="48.3124410" lon="-70.3262700">
    <ele>244.9</ele>
   </trkpt>
   <trkpt lat="48.3124340" lon="-70.3262620">
    <ele>244.9</ele>
   </trkpt>
   <trkpt lat="48.3124320" lon="-70.3262520">
    <ele>244.8</ele>
   </trkpt>
   <trkpt lat="48.3124210" lon="-70.3262500">
    <ele>244.8</ele>
   </trkpt>
   <trkpt lat="48.3124080" lon="-70.3262450">
    <ele>244.8</ele>
   </trkpt>
   <trkpt lat="48.3123970" lon="-70.3262390">
    <ele>244.8</ele>
   </trkpt>
   <trkpt lat="48.3123860" lon="-70.3262360">
    <ele>244.8</ele>
   </trkpt>
   <trkpt lat="48.3123740" lon="-70.3262320">
    <ele>244.8</ele>
   </trkpt>
   <trkpt lat="48.3123650" lon="-70.3262290">
    <ele>244.8</ele>
   </trkpt>
   <trkpt lat="48.3123600" lon="-70.3262240">
    <ele>244.7</ele>
   </trkpt>
   <trkpt lat="48.3123510" lon="-70.3262130">
    <ele>244.7</ele>
   </trkpt>
   <trkpt lat="48.3123410" lon="-70.3262050">
    <ele>244.7</ele>
   </trkpt>
   <trkpt lat="48.3123250" lon="-70.3262090">
    <ele>244.7</ele>
   </trkpt>
   <trkpt lat="48.3123070" lon="-70.3261930">
    <ele>244.7</ele>
   </trkpt>
   <trkpt lat="48.3122930" lon="-70.3261810">
    <ele>244.6</ele>
   </trkpt>
   <trkpt lat="48.3122870" lon="-70.3261730">
    <ele>244.6</ele>
   </trkpt>
   <trkpt lat="48.3122710" lon="-70.3261650">
    <ele>244.5</ele>
   </trkpt>
   <trkpt lat="48.3122620" lon="-70.3261540">
    <ele>244.5</ele>
   </trkpt>
   <trkpt lat="48.3122550" lon="-70.3261490">
    <ele>244.5</ele>
   </trkpt>
   <trkpt lat="48.3122400" lon="-70.3261400">
    <ele>244.4</ele>
   </trkpt>
   <trkpt lat="48.3122300" lon="-70.3261310">
    <ele>244.3</ele>
   </trkpt>
   <trkpt lat="48.3122170" lon="-70.3261220">
    <ele>244.3</ele>
   </trkpt>
   <trkpt lat="48.3122000" lon="-70.3261160">
    <ele>244.2</ele>
   </trkpt>
   <trkpt lat="48.3121800" lon="-70.3261130">
    <ele>244.0</ele>
   </trkpt>
   <trkpt lat="48.3121690" lon="-70.3261120">
    <ele>244.0</ele>
   </trkpt>
   <trkpt lat="48.3121630" lon="-70.3261070">
    <ele>243.9</ele>
   </trkpt>
   <trkpt lat="48.3121560" lon="-70.3261040">
    <ele>243.9</ele>
   </trkpt>
   <trkpt lat="48.3121490" lon="-70.3260970">
    <ele>243.8</ele>
   </trkpt>
   <trkpt lat="48.3121400" lon="-70.3260950">
    <ele>243.7</ele>
   </trkpt>
   <trkpt lat="48.3121260" lon="-70.3260820">
    <ele>243.6</ele>
   </trkpt>
   <trkpt lat="48.3121210" lon="-70.3260780">
    <ele>243.6</ele>
   </trkpt>
   <trkpt lat="48.3121170" lon="-70.3260710">
    <ele>243.5</ele>
   </trkpt>
   <trkpt lat="48.3121070" lon="-70.3260700">
    <ele>243.4</ele>
   </trkpt>
   <trkpt lat="48.3120990" lon="-70.3260620">
    <ele>243.4</ele>
   </trkpt>
   <trkpt lat="48.3120900" lon="-70.3260600">
    <ele>243.3</ele>
   </trkpt>
   <trkpt lat="48.3120860" lon="-70.3260640">
    <ele>243.2</ele>
   </trkpt>
   <trkpt lat="48.3120820" lon="-70.3260620">
    <ele>243.2</ele>
   </trkpt>
   <trkpt lat="48.3120760" lon="-70.3260550">
    <ele>243.1</ele>
   </trkpt>
   <trkpt lat="48.3120630" lon="-70.3260540">
    <ele>243.0</ele>
   </trkpt>
   <trkpt lat="48.3120470" lon="-70.3260540">
    <ele>242.9</ele>
   </trkpt>
   <trkpt lat="48.3120300" lon="-70.3260520">
    <ele>242.7</ele>
   </trkpt>
   <trkpt lat="48.3120180" lon="-70.3260510">
    <ele>242.6</ele>
   </trkpt>
   <trkpt lat="48.3119960" lon="-70.3260500">
    <ele>242.4</ele>
   </trkpt>
   <trkpt lat="48.3119870" lon="-70.3260560">
    <ele>242.3</ele>
   </trkpt>
   <trkpt lat="48.3119800" lon="-70.3260580">
    <ele>242.2</ele>
   </trkpt>
   <trkpt lat="48.3119730" lon="-70.3260580">
    <ele>242.2</ele>
   </trkpt>
   <trkpt lat="48.3119670" lon="-70.3260650">
    <ele>242.1</ele>
   </trkpt>
   <trkpt lat="48.3119550" lon="-70.3260720">
    <ele>242.0</ele>
   </trkpt>
   <trkpt lat="48.3119560" lon="-70.3260650">
    <ele>241.9</ele>
   </trkpt>
   <trkpt lat="48.3119510" lon="-70.3260740">
    <ele>241.8</ele>
   </trkpt>
   <trkpt lat="48.3119470" lon="-70.3260920">
    <ele>241.7</ele>
   </trkpt>
   <trkpt lat="48.3119340" lon="-70.3260940">
    <ele>241.6</ele>
   </trkpt>
   <trkpt lat="48.3119320" lon="-70.3261010">
    <ele>241.5</ele>
   </trkpt>
   <trkpt lat="48.3119220" lon="-70.3261120">
    <ele>241.4</ele>
   </trkpt>
   <trkpt lat="48.3119070" lon="-70.3261250">
    <ele>241.2</ele>
   </trkpt>
   <trkpt lat="48.3118930" lon="-70.3261350">
    <ele>241.0</ele>
   </trkpt>
   <trkpt lat="48.3118850" lon="-70.3261350">
    <ele>240.9</ele>
   </trkpt>
   <trkpt lat="48.3118750" lon="-70.3261460">
    <ele>240.7</ele>
   </trkpt>
   <trkpt lat="48.3118680" lon="-70.3261580">
    <ele>240.6</ele>
   </trkpt>
   <trkpt lat="48.3118550" lon="-70.3261580">
    <ele>240.4</ele>
   </trkpt>
   <trkpt lat="48.3118460" lon="-70.3261620">
    <ele>240.3</ele>
   </trkpt>
   <trkpt lat="48.3118390" lon="-70.3261670">
    <ele>240.2</ele>
   </trkpt>
   <trkpt lat="48.3118380" lon="-70.3261690">
    <ele>240.2</ele>
   </trkpt>
   <trkpt lat="48.3118350" lon="-70.3261820">
    <ele>240.1</ele>
   </trkpt>
   <trkpt lat="48.3118330" lon="-70.3261890">
    <ele>240.0</ele>
   </trkpt>
   <trkpt lat="48.3118250" lon="-70.3261990">
    <ele>239.9</ele>
   </trkpt>
   <trkpt lat="48.3118270" lon="-70.3262010">
    <ele>239.9</ele>
   </trkpt>
   <trkpt lat="48.3118310" lon="-70.3262060">
    <ele>239.8</ele>
   </trkpt>
   <trkpt lat="48.3118310" lon="-70.3262100">
    <ele>239.8</ele>
   </trkpt>
   <trkpt lat="48.3118300" lon="-70.3262170">
    <ele>239.7</ele>
   </trkpt>
   <trkpt lat="48.3118280" lon="-70.3262240">
    <ele>239.7</ele>
   </trkpt>
   <trkpt lat="48.3118340" lon="-70.3262290">
    <ele>239.6</ele>
   </trkpt>
   <trkpt lat="48.3118360" lon="-70.3262340">
    <ele>239.5</ele>
   </trkpt>
   <trkpt lat="48.3118240" lon="-70.3262300">
    <ele>239.4</ele>
   </trkpt>
   <trkpt lat="48.3118190" lon="-70.3262310">
    <ele>239.3</ele>
   </trkpt>
   <trkpt lat="48.3118140" lon="-70.3262340">
    <ele>239.3</ele>
   </trkpt>
   <trkpt lat="48.3118180" lon="-70.3262360">
    <ele>239.2</ele>
   </trkpt>
   <trkpt lat="48.3118100" lon="-70.3262360">
    <ele>239.1</ele>
   </trkpt>
   <trkpt lat="48.3118040" lon="-70.3262360">
    <ele>239.0</ele>
   </trkpt>
   <trkpt lat="48.3117960" lon="-70.3262330">
    <ele>238.9</ele>
   </trkpt>
   <trkpt lat="48.3117870" lon="-70.3262400">
    <ele>238.8</ele>
   </trkpt>
   <trkpt lat="48.3117750" lon="-70.3262490">
    <ele>238.7</ele>
   </trkpt>
   <trkpt lat="48.3117650" lon="-70.3262570">
    <ele>238.6</ele>
   </trkpt>
   <trkpt lat="48.3117530" lon="-70.3262640">
    <ele>238.4</ele>
   </trkpt>
   <trkpt lat="48.3117420" lon="-70.3262740">
    <ele>238.3</ele>
   </trkpt>
   <trkpt lat="48.3117310" lon="-70.3262830">
    <ele>238.2</ele>
   </trkpt>
   <trkpt lat="48.3117200" lon="-70.3262970">
    <ele>238.1</ele>
   </trkpt>
   <trkpt lat="48.3117080" lon="-70.3263050">
    <ele>238.0</ele>
   </trkpt>
   <trkpt lat="48.3117010" lon="-70.3263110">
    <ele>237.9</ele>
   </trkpt>
   <trkpt lat="48.3116940" lon="-70.3263120">
    <ele>237.9</ele>
   </trkpt>
   <trkpt lat="48.3116900" lon="-70.3263160">
    <ele>237.8</ele>
   </trkpt>
   <trkpt lat="48.3116670" lon="-70.3263300">
    <ele>237.7</ele>
   </trkpt>
   <trkpt lat="48.3116530" lon="-70.3263270">
    <ele>237.6</ele>
   </trkpt>
   <trkpt lat="48.3116430" lon="-70.3263300">
    <ele>237.6</ele>
   </trkpt>
   <trkpt lat="48.3116380" lon="-70.3263330">
    <ele>237.6</ele>
   </trkpt>
   <trkpt lat="48.3116350" lon="-70.3263380">
    <ele>237.5</ele>
   </trkpt>
   <trkpt lat="48.3116270" lon="-70.3263420">
    <ele>237.5</ele>
   </trkpt>
   <trkpt lat="48.3116110" lon="-70.3263470">
    <ele>237.5</ele>
   </trkpt>
   <trkpt lat="48.3115950" lon="-70.3263500">
    <ele>237.4</ele>
   </trkpt>
   <trkpt lat="48.3115780" lon="-70.3263490">
    <ele>237.4</ele>
   </trkpt>
   <trkpt lat="48.3115600" lon="-70.3263540">
    <ele>237.4</ele>
   </trkpt>
   <trkpt lat="48.3115480" lon="-70.3263580">
    <ele>237.3</ele>
   </trkpt>
   <trkpt lat="48.3115390" lon="-70.3263630">
    <ele>237.3</ele>
   </trkpt>
   <trkpt lat="48.3115270" lon="-70.3263630">
    <ele>237.3</ele>
   </trkpt>
   <trkpt lat="48.3115160" lon="-70.3263660">
    <ele>237.3</ele>
   </trkpt>
   <trkpt lat="48.3115080" lon="-70.3263650">
    <ele>237.3</ele>
   </trkpt>
   <trkpt lat="48.3114930" lon="-70.3263600">
    <ele>237.3</ele>
   </trkpt>
   <trkpt lat="48.3114870" lon="-70.3263600">
    <ele>237.3</ele>
   </trkpt>
   <trkpt lat="48.3114770" lon="-70.3263610">
    <ele>237.3</ele>
   </trkpt>
   <trkpt lat="48.3114720" lon="-70.3263700">
    <ele>237.3</ele>
   </trkpt>
   <trkpt lat="48.3114660" lon="-70.3263740">
    <ele>237.3</ele>
   </trkpt>
   <trkpt lat="48.3114640" lon="-70.3263800">
    <ele>237.3</ele>
   </trkpt>
   <trkpt lat="48.3114520" lon="-70.3263750">
    <ele>237.4</ele>
   </trkpt>
   <trkpt lat="48.3114420" lon="-70.3263740">
    <ele>237.4</ele>
   </trkpt>
   <trkpt lat="48.3114320" lon="-70.3263800">
    <ele>237.4</ele>
   </trkpt>
   <trkpt lat="48.3114300" lon="-70.3263840">
    <ele>237.4</ele>
   </trkpt>
   <trkpt lat="48.3114250" lon="-70.3263880">
    <ele>237.5</ele>
   </trkpt>
   <trkpt lat="48.3114110" lon="-70.3263960">
    <ele>237.5</ele>
   </trkpt>
   <trkpt lat="48.3114010" lon="-70.3264000">
    <ele>237.6</ele>
   </trkpt>
   <trkpt lat="48.3113840" lon="-70.3264040">
    <ele>237.7</ele>
   </trkpt>
   <trkpt lat="48.3113750" lon="-70.3264090">
    <ele>237.8</ele>
   </trkpt>
   <trkpt lat="48.3113710" lon="-70.3264100">
    <ele>237.8</ele>
   </trkpt>
   <trkpt lat="48.3113540" lon="-70.3264110">
    <ele>237.9</ele>
   </trkpt>
   <trkpt lat="48.3113470" lon="-70.3264080">
    <ele>238.0</ele>
   </trkpt>
   <trkpt lat="48.3113380" lon="-70.3264010">
    <ele>238.1</ele>
   </trkpt>
   <trkpt lat="48.3113300" lon="-70.3264020">
    <ele>238.2</ele>
   </trkpt>
   <trkpt lat="48.3113250" lon="-70.3264050">
    <ele>238.2</ele>
   </trkpt>
   <trkpt lat="48.3113120" lon="-70.3264060">
    <ele>238.4</ele>
   </trkpt>
   <trkpt lat="48.3113020" lon="-70.3264120">
    <ele>238.5</ele>
   </trkpt>
   <trkpt lat="48.3112940" lon="-70.3264220">
    <ele>238.6</ele>
   </trkpt>
   <trkpt lat="48.3112820" lon="-70.3264220">
    <ele>238.7</ele>
   </trkpt>
   <trkpt lat="48.3112780" lon="-70.3264210">
    <ele>238.8</ele>
   </trkpt>
   <trkpt lat="48.3112700" lon="-70.3264270">
    <ele>238.9</ele>
   </trkpt>
   <trkpt lat="48.3112600" lon="-70.3264300">
    <ele>239.0</ele>
   </trkpt>
   <trkpt lat="48.3112430" lon="-70.3264330">
    <ele>239.2</ele>
   </trkpt>
   <trkpt lat="48.3112330" lon="-70.3264350">
    <ele>239.3</ele>
   </trkpt>
   <trkpt lat="48.3112180" lon="-70.3264410">
    <ele>239.5</ele>
   </trkpt>
   <trkpt lat="48.3112100" lon="-70.3264440">
    <ele>239.6</ele>
   </trkpt>
   <trkpt lat="48.3112050" lon="-70.3264470">
    <ele>239.6</ele>
   </trkpt>
   <trkpt lat="48.3111900" lon="-70.3264550">
    <ele>239.7</ele>
   </trkpt>
   <trkpt lat="48.3111750" lon="-70.3264590">
    <ele>239.8</ele>
   </trkpt>
   <trkpt lat="48.3111670" lon="-70.3264660">
    <ele>239.9</ele>
   </trkpt>
   <trkpt lat="48.3111600" lon="-70.3264670">
    <ele>240.0</ele>
   </trkpt>
   <trkpt lat="48.3111480" lon="-70.3264660">
    <ele>240.0</ele>
   </trkpt>
   <trkpt lat="48.3111360" lon="-70.3264650">
    <ele>240.1</ele>
   </trkpt>
   <trkpt lat="48.3111280" lon="-70.3264710">
    <ele>240.1</ele>
   </trkpt>
   <trkpt lat="48.3111270" lon="-70.3264760">
    <ele>240.1</ele>
   </trkpt>
   <trkpt lat="48.3111170" lon="-70.3264760">
    <ele>240.2</ele>
   </trkpt>
   <trkpt lat="48.3111100" lon="-70.3264770">
    <ele>240.2</ele>
   </trkpt>
   <trkpt lat="48.3111020" lon="-70.3264890">
    <ele>240.2</ele>
   </trkpt>
   <trkpt lat="48.3110920" lon="-70.3264860">
    <ele>240.2</ele>
   </trkpt>
   <trkpt lat="48.3110720" lon="-70.3264810">
    <ele>240.2</ele>
   </trkpt>
   <trkpt lat="48.3110470" lon="-70.3264810">
    <ele>240.2</ele>
   </trkpt>
   <trkpt lat="48.3110260" lon="-70.3264770">
    <ele>240.1</ele>
   </trkpt>
   <trkpt lat="48.3110160" lon="-70.3264810">
    <ele>240.1</ele>
   </trkpt>
   <trkpt lat="48.3109970" lon="-70.3264740">
    <ele>240.1</ele>
   </trkpt>
   <trkpt lat="48.3109880" lon="-70.3264820">
    <ele>240.0</ele>
   </trkpt>
   <trkpt lat="48.3109800" lon="-70.3264880">
    <ele>240.0</ele>
   </trkpt>
   <trkpt lat="48.3109680" lon="-70.3264880">
    <ele>240.0</ele>
   </trkpt>
   <trkpt lat="48.3109580" lon="-70.3264850">
    <ele>240.0</ele>
   </trkpt>
   <trkpt lat="48.3109480" lon="-70.3264940">
    <ele>239.9</ele>
   </trkpt>
   <trkpt lat="48.3109360" lon="-70.3265040">
    <ele>239.9</ele>
   </trkpt>
   <trkpt lat="48.3109210" lon="-70.3265190">
    <ele>239.8</ele>
   </trkpt>
   <trkpt lat="48.3109100" lon="-70.3265280">
    <ele>239.7</ele>
   </trkpt>
   <trkpt lat="48.3109090" lon="-70.3265310">
    <ele>239.7</ele>
   </trkpt>
   <trkpt lat="48.3109040" lon="-70.3265330">
    <ele>239.7</ele>
   </trkpt>
   <trkpt lat="48.3109000" lon="-70.3265530">
    <ele>239.7</ele>
   </trkpt>
   <trkpt lat="48.3108940" lon="-70.3265720">
    <ele>239.6</ele>
   </trkpt>
   <trkpt lat="48.3108880" lon="-70.3265810">
    <ele>239.5</ele>
   </trkpt>
   <trkpt lat="48.3108820" lon="-70.3265900">
    <ele>239.5</ele>
   </trkpt>
   <trkpt lat="48.3108740" lon="-70.3265850">
    <ele>239.5</ele>
   </trkpt>
   <trkpt lat="48.3108730" lon="-70.3265880">
    <ele>239.4</ele>
   </trkpt>
   <trkpt lat="48.3108700" lon="-70.3265930">
    <ele>239.4</ele>
   </trkpt>
   <trkpt lat="48.3108730" lon="-70.3265940">
    <ele>239.4</ele>
   </trkpt>
   <trkpt lat="48.3108730" lon="-70.3265940">
    <ele>239.4</ele>
   </trkpt>
   <trkpt lat="48.3108700" lon="-70.3265940">
    <ele>239.4</ele>
   </trkpt>
   <trkpt lat="48.3108700" lon="-70.3265940">
    <ele>239.4</ele>
   </trkpt>
   <trkpt lat="48.3108660" lon="-70.3265920">
    <ele>239.4</ele>
   </trkpt>
   <trkpt lat="48.3108680" lon="-70.3265890">
    <ele>239.3</ele>
   </trkpt>
   <trkpt lat="48.3108640" lon="-70.3265920">
    <ele>239.3</ele>
   </trkpt>
   <trkpt lat="48.3108570" lon="-70.3266020">
    <ele>239.2</ele>
   </trkpt>
   <trkpt lat="48.3108550" lon="-70.3266180">
    <ele>239.1</ele>
   </trkpt>
   <trkpt lat="48.3108500" lon="-70.3266280">
    <ele>239.1</ele>
   </trkpt>
   <trkpt lat="48.3108440" lon="-70.3266350">
    <ele>239.0</ele>
   </trkpt>
   <trkpt lat="48.3108390" lon="-70.3266510">
    <ele>238.9</ele>
   </trkpt>
   <trkpt lat="48.3108350" lon="-70.3266700">
    <ele>238.8</ele>
   </trkpt>
   <trkpt lat="48.3108320" lon="-70.3266810">
    <ele>238.7</ele>
   </trkpt>
   <trkpt lat="48.3108320" lon="-70.3266900">
    <ele>238.7</ele>
   </trkpt>
   <trkpt lat="48.3108300" lon="-70.3267060">
    <ele>238.6</ele>
   </trkpt>
   <trkpt lat="48.3108250" lon="-70.3267210">
    <ele>238.5</ele>
   </trkpt>
   <trkpt lat="48.3108210" lon="-70.3267300">
    <ele>238.4</ele>
   </trkpt>
   <trkpt lat="48.3108170" lon="-70.3267430">
    <ele>238.3</ele>
   </trkpt>
   <trkpt lat="48.3108200" lon="-70.3267510">
    <ele>238.3</ele>
   </trkpt>
   <trkpt lat="48.3108170" lon="-70.3267590">
    <ele>238.2</ele>
   </trkpt>
   <trkpt lat="48.3108100" lon="-70.3267620">
    <ele>238.1</ele>
   </trkpt>
   <trkpt lat="48.3108070" lon="-70.3267630">
    <ele>238.1</ele>
   </trkpt>
   <trkpt lat="48.3108090" lon="-70.3267700">
    <ele>238.1</ele>
   </trkpt>
   <trkpt lat="48.3108070" lon="-70.3267750">
    <ele>238.0</ele>
   </trkpt>
   <trkpt lat="48.3107990" lon="-70.3267890">
    <ele>237.9</ele>
   </trkpt>
   <trkpt lat="48.3107900" lon="-70.3268080">
    <ele>237.7</ele>
   </trkpt>
   <trkpt lat="48.3107890" lon="-70.3268210">
    <ele>237.6</ele>
   </trkpt>
   <trkpt lat="48.3107850" lon="-70.3268310">
    <ele>237.6</ele>
   </trkpt>
   <trkpt lat="48.3107830" lon="-70.3268390">
    <ele>237.5</ele>
   </trkpt>
   <trkpt lat="48.3107840" lon="-70.3268520">
    <ele>237.4</ele>
   </trkpt>
   <trkpt lat="48.3107830" lon="-70.3268590">
    <ele>237.3</ele>
   </trkpt>
   <trkpt lat="48.3107820" lon="-70.3268690">
    <ele>237.3</ele>
   </trkpt>
   <trkpt lat="48.3107810" lon="-70.3268910">
    <ele>237.1</ele>
   </trkpt>
   <trkpt lat="48.3107800" lon="-70.3268850">
    <ele>237.1</ele>
   </trkpt>
   <trkpt lat="48.3107820" lon="-70.3269030">
    <ele>236.9</ele>
   </trkpt>
   <trkpt lat="48.3107750" lon="-70.3269170">
    <ele>236.8</ele>
   </trkpt>
   <trkpt lat="48.3107700" lon="-70.3269290">
    <ele>236.7</ele>
   </trkpt>
   <trkpt lat="48.3107670" lon="-70.3269410">
    <ele>236.6</ele>
   </trkpt>
   <trkpt lat="48.3107590" lon="-70.3269520">
    <ele>236.4</ele>
   </trkpt>
   <trkpt lat="48.3107520" lon="-70.3269620">
    <ele>236.3</ele>
   </trkpt>
   <trkpt lat="48.3107480" lon="-70.3269730">
    <ele>236.2</ele>
   </trkpt>
   <trkpt lat="48.3107460" lon="-70.3269800">
    <ele>236.1</ele>
   </trkpt>
   <trkpt lat="48.3107430" lon="-70.3269880">
    <ele>236.1</ele>
   </trkpt>
   <trkpt lat="48.3107400" lon="-70.3269940">
    <ele>236.0</ele>
   </trkpt>
   <trkpt lat="48.3107400" lon="-70.3270010">
    <ele>236.0</ele>
   </trkpt>
   <trkpt lat="48.3107370" lon="-70.3270170">
    <ele>235.8</ele>
   </trkpt>
   <trkpt lat="48.3107350" lon="-70.3270430">
    <ele>235.6</ele>
   </trkpt>
   <trkpt lat="48.3107360" lon="-70.3270610">
    <ele>235.5</ele>
   </trkpt>
   <trkpt lat="48.3107340" lon="-70.3270710">
    <ele>235.4</ele>
   </trkpt>
   <trkpt lat="48.3107260" lon="-70.3270890">
    <ele>235.2</ele>
   </trkpt>
   <trkpt lat="48.3107210" lon="-70.3271070">
    <ele>235.1</ele>
   </trkpt>
   <trkpt lat="48.3107180" lon="-70.3271120">
    <ele>235.0</ele>
   </trkpt>
   <trkpt lat="48.3107150" lon="-70.3271310">
    <ele>234.9</ele>
   </trkpt>
   <trkpt lat="48.3107100" lon="-70.3271500">
    <ele>234.7</ele>
   </trkpt>
   <trkpt lat="48.3107080" lon="-70.3271660">
    <ele>234.6</ele>
   </trkpt>
   <trkpt lat="48.3107110" lon="-70.3271710">
    <ele>234.5</ele>
   </trkpt>
   <trkpt lat="48.3107090" lon="-70.3271760">
    <ele>234.5</ele>
   </trkpt>
   <trkpt lat="48.3107030" lon="-70.3271840">
    <ele>234.4</ele>
   </trkpt>
   <trkpt lat="48.3107010" lon="-70.3271880">
    <ele>234.4</ele>
   </trkpt>
   <trkpt lat="48.3106990" lon="-70.3271840">
    <ele>234.3</ele>
   </trkpt>
   <trkpt lat="48.3107000" lon="-70.3271950">
    <ele>234.3</ele>
   </trkpt>
   <trkpt lat="48.3107010" lon="-70.3271960">
    <ele>234.3</ele>
   </trkpt>
   <trkpt lat="48.3107000" lon="-70.3272010">
    <ele>234.2</ele>
   </trkpt>
   <trkpt lat="48.3106970" lon="-70.3272080">
    <ele>234.2</ele>
   </trkpt>
   <trkpt lat="48.3106940" lon="-70.3272130">
    <ele>234.1</ele>
   </trkpt>
   <trkpt lat="48.3106940" lon="-70.3272250">
    <ele>234.0</ele>
   </trkpt>
   <trkpt lat="48.3106940" lon="-70.3272290">
    <ele>234.0</ele>
   </trkpt>
   <trkpt lat="48.3106910" lon="-70.3272460">
    <ele>233.9</ele>
   </trkpt>
   <trkpt lat="48.3106890" lon="-70.3272540">
    <ele>233.8</ele>
   </trkpt>
   <trkpt lat="48.3106910" lon="-70.3272590">
    <ele>233.8</ele>
   </trkpt>
   <trkpt lat="48.3106910" lon="-70.3272680">
    <ele>233.7</ele>
   </trkpt>
   <trkpt lat="48.3106920" lon="-70.3272660">
    <ele>233.7</ele>
   </trkpt>
   <trkpt lat="48.3106890" lon="-70.3272750">
    <ele>233.6</ele>
   </trkpt>
   <trkpt lat="48.3106780" lon="-70.3272860">
    <ele>233.5</ele>
   </trkpt>
   <trkpt lat="48.3106730" lon="-70.3272910">
    <ele>233.4</ele>
   </trkpt>
   <trkpt lat="48.3106710" lon="-70.3273030">
    <ele>233.3</ele>
   </trkpt>
   <trkpt lat="48.3106670" lon="-70.3273180">
    <ele>233.2</ele>
   </trkpt>
   <trkpt lat="48.3106640" lon="-70.3273340">
    <ele>233.1</ele>
   </trkpt>
   <trkpt lat="48.3106560" lon="-70.3273470">
    <ele>232.9</ele>
   </trkpt>
   <trkpt lat="48.3106520" lon="-70.3273590">
    <ele>232.8</ele>
   </trkpt>
   <trkpt lat="48.3106460" lon="-70.3273690">
    <ele>232.7</ele>
   </trkpt>
   <trkpt lat="48.3106440" lon="-70.3273840">
    <ele>232.6</ele>
   </trkpt>
   <trkpt lat="48.3106440" lon="-70.3274000">
    <ele>232.5</ele>
   </trkpt>
   <trkpt lat="48.3106450" lon="-70.3274110">
    <ele>232.4</ele>
   </trkpt>
   <trkpt lat="48.3106500" lon="-70.3274310">
    <ele>232.2</ele>
   </trkpt>
   <trkpt lat="48.3106460" lon="-70.3274390">
    <ele>232.2</ele>
   </trkpt>
   <trkpt lat="48.3106430" lon="-70.3274500">
    <ele>232.1</ele>
   </trkpt>
   <trkpt lat="48.3106410" lon="-70.3274570">
    <ele>232.0</ele>
   </trkpt>
   <trkpt lat="48.3106420" lon="-70.3274630">
    <ele>232.0</ele>
   </trkpt>
   <trkpt lat="48.3106400" lon="-70.3274810">
    <ele>231.8</ele>
   </trkpt>
   <trkpt lat="48.3106380" lon="-70.3274950">
    <ele>231.7</ele>
   </trkpt>
   <trkpt lat="48.3106340" lon="-70.3275120">
    <ele>231.5</ele>
   </trkpt>
   <trkpt lat="48.3106210" lon="-70.3275130">
    <ele>231.4</ele>
   </trkpt>
   <trkpt lat="48.3106190" lon="-70.3275260">
    <ele>231.2</ele>
   </trkpt>
   <trkpt lat="48.3106180" lon="-70.3275370">
    <ele>231.1</ele>
   </trkpt>
   <trkpt lat="48.3106170" lon="-70.3275460">
    <ele>231.0</ele>
   </trkpt>
   <trkpt lat="48.3106190" lon="-70.3275570">
    <ele>230.9</ele>
   </trkpt>
   <trkpt lat="48.3106200" lon="-70.3275700">
    <ele>230.8</ele>
   </trkpt>
   <trkpt lat="48.3106190" lon="-70.3275850">
    <ele>230.7</ele>
   </trkpt>
   <trkpt lat="48.3106130" lon="-70.3276010">
    <ele>230.4</ele>
   </trkpt>
   <trkpt lat="48.3106080" lon="-70.3276160">
    <ele>230.3</ele>
   </trkpt>
   <trkpt lat="48.3106060" lon="-70.3276290">
    <ele>230.1</ele>
   </trkpt>
   <trkpt lat="48.3105950" lon="-70.3276350">
    <ele>229.9</ele>
   </trkpt>
   <trkpt lat="48.3105870" lon="-70.3276500">
    <ele>229.7</ele>
   </trkpt>
   <trkpt lat="48.3105870" lon="-70.3276660">
    <ele>229.4</ele>
   </trkpt>
   <trkpt lat="48.3105730" lon="-70.3276850">
    <ele>229.0</ele>
   </trkpt>
   <trkpt lat="48.3105760" lon="-70.3276900">
    <ele>228.9</ele>
   </trkpt>
   <trkpt lat="48.3105810" lon="-70.3276970">
    <ele>228.8</ele>
   </trkpt>
   <trkpt lat="48.3105800" lon="-70.3277050">
    <ele>228.7</ele>
   </trkpt>
   <trkpt lat="48.3105790" lon="-70.3277070">
    <ele>228.6</ele>
   </trkpt>
   <trkpt lat="48.3105780" lon="-70.3277130">
    <ele>228.6</ele>
   </trkpt>
   <trkpt lat="48.3105780" lon="-70.3277160">
    <ele>228.5</ele>
   </trkpt>
   <trkpt lat="48.3105770" lon="-70.3277180">
    <ele>228.5</ele>
   </trkpt>
   <trkpt lat="48.3105770" lon="-70.3277180">
    <ele>228.5</ele>
   </trkpt>
   <trkpt lat="48.3105770" lon="-70.3277180">
    <ele>228.5</ele>
   </trkpt>
   <trkpt lat="48.3105770" lon="-70.3277180">
    <ele>228.5</ele>
   </trkpt>
   <trkpt lat="48.3105770" lon="-70.3277180">
    <ele>228.5</ele>
   </trkpt>
   <trkpt lat="48.3105720" lon="-70.3277270">
    <ele>228.3</ele>
   </trkpt>
   <trkpt lat="48.3105720" lon="-70.3277270">
    <ele>228.3</ele>
   </trkpt>
   <trkpt lat="48.3105720" lon="-70.3277270">
    <ele>228.3</ele>
   </trkpt>
   <trkpt lat="48.3105720" lon="-70.3277270">
    <ele>228.3</ele>
   </trkpt>
   <trkpt lat="48.3105720" lon="-70.3277270">
    <ele>228.3</ele>
   </trkpt>
   <trkpt lat="48.3105720" lon="-70.3277270">
    <ele>228.3</ele>
   </trkpt>
   <trkpt lat="48.3105720" lon="-70.3277270">
    <ele>228.3</ele>
   </trkpt>
   <trkpt lat="48.3105720" lon="-70.3277270">
    <ele>228.3</ele>
   </trkpt>
   <trkpt lat="48.3105720" lon="-70.3277270">
    <ele>228.3</ele>
   </trkpt>
   <trkpt lat="48.3105720" lon="-70.3277270">
    <ele>228.3</ele>
   </trkpt>
   <trkpt lat="48.3105670" lon="-70.3277340">
    <ele>228.1</ele>
   </trkpt>
   <trkpt lat="48.3105640" lon="-70.3277370">
    <ele>228.0</ele>
   </trkpt>
   <trkpt lat="48.3105630" lon="-70.3277360">
    <ele>228.0</ele>
   </trkpt>
   <trkpt lat="48.3105670" lon="-70.3277280">
    <ele>227.8</ele>
   </trkpt>
   <trkpt lat="48.3105650" lon="-70.3277350">
    <ele>227.6</ele>
   </trkpt>
   <trkpt lat="48.3105650" lon="-70.3277310">
    <ele>227.6</ele>
   </trkpt>
   <trkpt lat="48.3105670" lon="-70.3277330">
    <ele>227.5</ele>
   </trkpt>
   <trkpt lat="48.3105640" lon="-70.3277350">
    <ele>227.4</ele>
   </trkpt>
   <trkpt lat="48.3105640" lon="-70.3277290">
    <ele>227.3</ele>
   </trkpt>
   <trkpt lat="48.3105670" lon="-70.3277290">
    <ele>227.2</ele>
   </trkpt>
   <trkpt lat="48.3105720" lon="-70.3277320">
    <ele>227.1</ele>
   </trkpt>
   <trkpt lat="48.3105710" lon="-70.3277310">
    <ele>227.1</ele>
   </trkpt>
   <trkpt lat="48.3105690" lon="-70.3277330">
    <ele>227.0</ele>
   </trkpt>
   <trkpt lat="48.3105730" lon="-70.3277300">
    <ele>226.9</ele>
   </trkpt>
   <trkpt lat="48.3105700" lon="-70.3277330">
    <ele>226.8</ele>
   </trkpt>
   <trkpt lat="48.3105690" lon="-70.3277320">
    <ele>226.7</ele>
   </trkpt>
   <trkpt lat="48.3105730" lon="-70.3277320">
    <ele>226.6</ele>
   </trkpt>
   <trkpt lat="48.3105730" lon="-70.3277320">
    <ele>226.6</ele>
   </trkpt>
   <trkpt lat="48.3105740" lon="-70.3277320">
    <ele>226.6</ele>
   </trkpt>
   <trkpt lat="48.3105750" lon="-70.3277330">
    <ele>226.5</ele>
   </trkpt>
   <trkpt lat="48.3105760" lon="-70.3277330">
    <ele>226.5</ele>
   </trkpt>
   <trkpt lat="48.3105760" lon="-70.3277330">
    <ele>226.5</ele>
   </trkpt>
   <trkpt lat="48.3105760" lon="-70.3277330">
    <ele>226.5</ele>
   </trkpt>
   <trkpt lat="48.3105760" lon="-70.3277330">
    <ele>226.5</ele>
   </trkpt>
   <trkpt lat="48.3105770" lon="-70.3277330">
    <ele>226.5</ele>
   </trkpt>
   <trkpt lat="48.3105770" lon="-70.3277350">
    <ele>226.4</ele>
   </trkpt>
   <trkpt lat="48.3105800" lon="-70.3277390">
    <ele>226.3</ele>
   </trkpt>
   <trkpt lat="48.3105800" lon="-70.3277420">
    <ele>226.3</ele>
   </trkpt>
   <trkpt lat="48.3105740" lon="-70.3277450">
    <ele>226.1</ele>
   </trkpt>
   <trkpt lat="48.3105710" lon="-70.3277270">
    <ele>225.7</ele>
   </trkpt>
   <trkpt lat="48.3105730" lon="-70.3277350">
    <ele>225.5</ele>
   </trkpt>
   <trkpt lat="48.3105760" lon="-70.3277370">
    <ele>225.4</ele>
   </trkpt>
   <trkpt lat="48.3105760" lon="-70.3277370">
    <ele>225.4</ele>
   </trkpt>
   <trkpt lat="48.3105760" lon="-70.3277370">
    <ele>225.4</ele>
   </trkpt>
   <trkpt lat="48.3105760" lon="-70.3277370">
    <ele>225.4</ele>
   </trkpt>
   <trkpt lat="48.3105760" lon="-70.3277370">
    <ele>225.4</ele>
   </trkpt>
   <trkpt lat="48.3105760" lon="-70.3277370">
    <ele>225.4</ele>
   </trkpt>
   <trkpt lat="48.3105760" lon="-70.3277370">
    <ele>225.4</ele>
   </trkpt>
   <trkpt lat="48.3105760" lon="-70.3277370">
    <ele>225.4</ele>
   </trkpt>
   <trkpt lat="48.3105680" lon="-70.3277550">
    <ele>225.0</ele>
   </trkpt>
   <trkpt lat="48.3105690" lon="-70.3277560">
    <ele>225.0</ele>
   </trkpt>
   <trkpt lat="48.3105700" lon="-70.3277570">
    <ele>224.9</ele>
   </trkpt>
   <trkpt lat="48.3105700" lon="-70.3277570">
    <ele>224.9</ele>
   </trkpt>
   <trkpt lat="48.3105700" lon="-70.3277570">
    <ele>224.9</ele>
   </trkpt>
   <trkpt lat="48.3105700" lon="-70.3277570">
    <ele>224.9</ele>
   </trkpt>
   <trkpt lat="48.3105700" lon="-70.3277570">
    <ele>224.9</ele>
   </trkpt>
   <trkpt lat="48.3105740" lon="-70.3277610">
    <ele>224.8</ele>
   </trkpt>
   <trkpt lat="48.3105740" lon="-70.3277610">
    <ele>224.8</ele>
   </trkpt>
   <trkpt lat="48.3105740" lon="-70.3277610">
    <ele>224.8</ele>
   </trkpt>
   <trkpt lat="48.3105740" lon="-70.3277580">
    <ele>224.7</ele>
   </trkpt>
   <trkpt lat="48.3105750" lon="-70.3277570">
    <ele>224.7</ele>
   </trkpt>
   <trkpt lat="48.3105770" lon="-70.3277550">
    <ele>224.6</ele>
   </trkpt>
   <trkpt lat="48.3105780" lon="-70.3277550">
    <ele>224.6</ele>
   </trkpt>
   <trkpt lat="48.3105780" lon="-70.3277540">
    <ele>224.6</ele>
   </trkpt>
   <trkpt lat="48.3105780" lon="-70.3277550">
    <ele>224.5</ele>
   </trkpt>
   <trkpt lat="48.3105790" lon="-70.3277560">
    <ele>224.5</ele>
   </trkpt>
   <trkpt lat="48.3105790" lon="-70.3277550">
    <ele>224.5</ele>
   </trkpt>
   <trkpt lat="48.3105790" lon="-70.3277530">
    <ele>224.4</ele>
   </trkpt>
   <trkpt lat="48.3105790" lon="-70.3277530">
    <ele>224.4</ele>
   </trkpt>
   <trkpt lat="48.3105790" lon="-70.3277530">
    <ele>224.4</ele>
   </trkpt>
   <trkpt lat="48.3105790" lon="-70.3277530">
    <ele>224.4</ele>
   </trkpt>
   <trkpt lat="48.3105780" lon="-70.3277530">
    <ele>224.4</ele>
   </trkpt>
   <trkpt lat="48.3105690" lon="-70.3277530">
    <ele>224.1</ele>
   </trkpt>
   <trkpt lat="48.3105610" lon="-70.3277620">
    <ele>223.8</ele>
   </trkpt>
   <trkpt lat="48.3105640" lon="-70.3277660">
    <ele>223.7</ele>
   </trkpt>
   <trkpt lat="48.3105650" lon="-70.3277620">
    <ele>223.6</ele>
   </trkpt>
   <trkpt lat="48.3105660" lon="-70.3277620">
    <ele>223.6</ele>
   </trkpt>
   <trkpt lat="48.3105690" lon="-70.3277620">
    <ele>223.5</ele>
   </trkpt>
   <trkpt lat="48.3105690" lon="-70.3277620">
    <ele>223.5</ele>
   </trkpt>
   <trkpt lat="48.3105680" lon="-70.3277600">
    <ele>223.4</ele>
   </trkpt>
   <trkpt lat="48.3105700" lon="-70.3277610">
    <ele>223.4</ele>
   </trkpt>
   <trkpt lat="48.3105700" lon="-70.3277620">
    <ele>223.4</ele>
   </trkpt>
   <trkpt lat="48.3105700" lon="-70.3277610">
    <ele>223.3</ele>
   </trkpt>
   <trkpt lat="48.3105710" lon="-70.3277600">
    <ele>223.3</ele>
   </trkpt>
   <trkpt lat="48.3105720" lon="-70.3277580">
    <ele>223.3</ele>
   </trkpt>
   <trkpt lat="48.3105710" lon="-70.3277610">
    <ele>223.2</ele>
   </trkpt>
   <trkpt lat="48.3105720" lon="-70.3277600">
    <ele>223.2</ele>
   </trkpt>
   <trkpt lat="48.3105720" lon="-70.3277610">
    <ele>223.1</ele>
   </trkpt>
   <trkpt lat="48.3105700" lon="-70.3277580">
    <ele>223.0</ele>
   </trkpt>
   <trkpt lat="48.3105710" lon="-70.3277590">
    <ele>223.0</ele>
   </trkpt>
   <trkpt lat="48.3105720" lon="-70.3277590">
    <ele>223.0</ele>
   </trkpt>
   <trkpt lat="48.3105720" lon="-70.3277610">
    <ele>222.9</ele>
   </trkpt>
   <trkpt lat="48.3105700" lon="-70.3277580">
    <ele>222.9</ele>
   </trkpt>
   <trkpt lat="48.3105720" lon="-70.3277590">
    <ele>222.8</ele>
   </trkpt>
   <trkpt lat="48.3105720" lon="-70.3277580">
    <ele>222.8</ele>
   </trkpt>
   <trkpt lat="48.3105710" lon="-70.3277570">
    <ele>222.7</ele>
   </trkpt>
   <trkpt lat="48.3105700" lon="-70.3277540">
    <ele>222.7</ele>
   </trkpt>
   <trkpt lat="48.3105700" lon="-70.3277530">
    <ele>222.6</ele>
   </trkpt>
   <trkpt lat="48.3105700" lon="-70.3277560">
    <ele>222.6</ele>
   </trkpt>
   <trkpt lat="48.3105710" lon="-70.3277560">
    <ele>222.6</ele>
   </trkpt>
   <trkpt lat="48.3105700" lon="-70.3277580">
    <ele>222.5</ele>
   </trkpt>
   <trkpt lat="48.3105680" lon="-70.3277550">
    <ele>222.4</ele>
   </trkpt>
   <trkpt lat="48.3105680" lon="-70.3277550">
    <ele>222.4</ele>
   </trkpt>
   <trkpt lat="48.3105680" lon="-70.3277560">
    <ele>222.4</ele>
   </trkpt>
   <trkpt lat="48.3105690" lon="-70.3277560">
    <ele>222.4</ele>
   </trkpt>
   <trkpt lat="48.3105680" lon="-70.3277570">
    <ele>222.3</ele>
   </trkpt>
   <trkpt lat="48.3105670" lon="-70.3277520">
    <ele>222.2</ele>
   </trkpt>
   <trkpt lat="48.3105660" lon="-70.3277540">
    <ele>222.2</ele>
   </trkpt>
   <trkpt lat="48.3105670" lon="-70.3277570">
    <ele>222.1</ele>
   </trkpt>
   <trkpt lat="48.3105640" lon="-70.3277570">
    <ele>222.0</ele>
   </trkpt>
   <trkpt lat="48.3105660" lon="-70.3277550">
    <ele>221.9</ele>
   </trkpt>
   <trkpt lat="48.3105680" lon="-70.3277590">
    <ele>221.8</ele>
   </trkpt>
   <trkpt lat="48.3105690" lon="-70.3277600">
    <ele>221.8</ele>
   </trkpt>
   <trkpt lat="48.3105690" lon="-70.3277630">
    <ele>221.7</ele>
   </trkpt>
   <trkpt lat="48.3105700" lon="-70.3277630">
    <ele>221.7</ele>
   </trkpt>
   <trkpt lat="48.3105700" lon="-70.3277630">
    <ele>221.7</ele>
   </trkpt>
   <trkpt lat="48.3105690" lon="-70.3277630">
    <ele>221.7</ele>
   </trkpt>
   <trkpt lat="48.3105680" lon="-70.3277660">
    <ele>221.6</ele>
   </trkpt>
   <trkpt lat="48.3105660" lon="-70.3277650">
    <ele>221.6</ele>
   </trkpt>
   <trkpt lat="48.3105650" lon="-70.3277660">
    <ele>221.5</ele>
   </trkpt>
   <trkpt lat="48.3105610" lon="-70.3277780">
    <ele>221.3</ele>
   </trkpt>
   <trkpt lat="48.3105600" lon="-70.3277880">
    <ele>221.1</ele>
   </trkpt>
   <trkpt lat="48.3105590" lon="-70.3277920">
    <ele>221.0</ele>
   </trkpt>
   <trkpt lat="48.3105500" lon="-70.3277990">
    <ele>220.8</ele>
   </trkpt>
   <trkpt lat="48.3105460" lon="-70.3278060">
    <ele>220.6</ele>
   </trkpt>
   <trkpt lat="48.3105490" lon="-70.3278060">
    <ele>220.5</ele>
   </trkpt>
   <trkpt lat="48.3105510" lon="-70.3278090">
    <ele>220.5</ele>
   </trkpt>
   <trkpt lat="48.3105530" lon="-70.3278070">
    <ele>220.4</ele>
   </trkpt>
   <trkpt lat="48.3105570" lon="-70.3278080">
    <ele>220.3</ele>
   </trkpt>
   <trkpt lat="48.3105580" lon="-70.3278070">
    <ele>220.3</ele>
   </trkpt>
   <trkpt lat="48.3105570" lon="-70.3278110">
    <ele>220.2</ele>
   </trkpt>
   <trkpt lat="48.3105590" lon="-70.3278070">
    <ele>220.1</ele>
   </trkpt>
   <trkpt lat="48.3105610" lon="-70.3278100">
    <ele>220.0</ele>
   </trkpt>
   <trkpt lat="48.3105620" lon="-70.3278100">
    <ele>220.0</ele>
   </trkpt>
   <trkpt lat="48.3105620" lon="-70.3278100">
    <ele>220.0</ele>
   </trkpt>
   <trkpt lat="48.3105620" lon="-70.3278100">
    <ele>220.0</ele>
   </trkpt>
   <trkpt lat="48.3105620" lon="-70.3278100">
    <ele>220.0</ele>
   </trkpt>
   <trkpt lat="48.3105620" lon="-70.3278100">
    <ele>220.0</ele>
   </trkpt>
   <trkpt lat="48.3105620" lon="-70.3278120">
    <ele>220.0</ele>
   </trkpt>
   <trkpt lat="48.3105620" lon="-70.3278120">
    <ele>220.0</ele>
   </trkpt>
   <trkpt lat="48.3105620" lon="-70.3278130">
    <ele>220.0</ele>
   </trkpt>
   <trkpt lat="48.3105640" lon="-70.3278140">
    <ele>219.9</ele>
   </trkpt>
   <trkpt lat="48.3105610" lon="-70.3278190">
    <ele>219.8</ele>
   </trkpt>
   <trkpt lat="48.3105600" lon="-70.3278370">
    <ele>219.6</ele>
   </trkpt>
   <trkpt lat="48.3105470" lon="-70.3278450">
    <ele>219.3</ele>
   </trkpt>
   <trkpt lat="48.3105470" lon="-70.3278480">
    <ele>219.2</ele>
   </trkpt>
   <trkpt lat="48.3105410" lon="-70.3278520">
    <ele>219.1</ele>
   </trkpt>
   <trkpt lat="48.3105400" lon="-70.3278550">
    <ele>219.0</ele>
   </trkpt>
   <trkpt lat="48.3105380" lon="-70.3278690">
    <ele>218.8</ele>
   </trkpt>
   <trkpt lat="48.3105380" lon="-70.3278770">
    <ele>218.7</ele>
   </trkpt>
   <trkpt lat="48.3105400" lon="-70.3278840">
    <ele>218.6</ele>
   </trkpt>
   <trkpt lat="48.3105450" lon="-70.3278850">
    <ele>218.5</ele>
   </trkpt>
   <trkpt lat="48.3105430" lon="-70.3278960">
    <ele>218.3</ele>
   </trkpt>
   <trkpt lat="48.3105430" lon="-70.3278990">
    <ele>218.3</ele>
   </trkpt>
   <trkpt lat="48.3105470" lon="-70.3279020">
    <ele>218.2</ele>
   </trkpt>
   <trkpt lat="48.3105470" lon="-70.3279010">
    <ele>218.2</ele>
   </trkpt>
   <trkpt lat="48.3105500" lon="-70.3279050">
    <ele>218.1</ele>
   </trkpt>
   <trkpt lat="48.3105510" lon="-70.3279100">
    <ele>218.1</ele>
   </trkpt>
   <trkpt lat="48.3105500" lon="-70.3279120">
    <ele>218.0</ele>
   </trkpt>
   <trkpt lat="48.3105470" lon="-70.3279200">
    <ele>217.9</ele>
   </trkpt>
   <trkpt lat="48.3105470" lon="-70.3279300">
    <ele>217.8</ele>
   </trkpt>
   <trkpt lat="48.3105450" lon="-70.3279340">
    <ele>217.7</ele>
   </trkpt>
   <trkpt lat="48.3105430" lon="-70.3279300">
    <ele>217.7</ele>
   </trkpt>
   <trkpt lat="48.3105410" lon="-70.3279340">
    <ele>217.6</ele>
   </trkpt>
   <trkpt lat="48.3105370" lon="-70.3279390">
    <ele>217.5</ele>
   </trkpt>
   <trkpt lat="48.3105360" lon="-70.3279450">
    <ele>217.4</ele>
   </trkpt>
   <trkpt lat="48.3105370" lon="-70.3279500">
    <ele>217.4</ele>
   </trkpt>
   <trkpt lat="48.3105350" lon="-70.3279550">
    <ele>217.3</ele>
   </trkpt>
   <trkpt lat="48.3105320" lon="-70.3279560">
    <ele>217.2</ele>
   </trkpt>
   <trkpt lat="48.3105310" lon="-70.3279530">
    <ele>217.2</ele>
   </trkpt>
   <trkpt lat="48.3105310" lon="-70.3279590">
    <ele>217.1</ele>
   </trkpt>
   <trkpt lat="48.3105290" lon="-70.3279670">
    <ele>217.0</ele>
   </trkpt>
   <trkpt lat="48.3105290" lon="-70.3279690">
    <ele>217.0</ele>
   </trkpt>
   <trkpt lat="48.3105220" lon="-70.3279750">
    <ele>216.8</ele>
   </trkpt>
   <trkpt lat="48.3105180" lon="-70.3279840">
    <ele>216.7</ele>
   </trkpt>
   <trkpt lat="48.3105180" lon="-70.3279880">
    <ele>216.6</ele>
   </trkpt>
   <trkpt lat="48.3105190" lon="-70.3279970">
    <ele>216.5</ele>
   </trkpt>
   <trkpt lat="48.3105150" lon="-70.3280210">
    <ele>216.2</ele>
   </trkpt>
   <trkpt lat="48.3105160" lon="-70.3280340">
    <ele>216.0</ele>
   </trkpt>
   <trkpt lat="48.3105210" lon="-70.3280390">
    <ele>215.9</ele>
   </trkpt>
   <trkpt lat="48.3105180" lon="-70.3280520">
    <ele>215.7</ele>
   </trkpt>
   <trkpt lat="48.3105150" lon="-70.3280710">
    <ele>215.5</ele>
   </trkpt>
   <trkpt lat="48.3105190" lon="-70.3280870">
    <ele>215.3</ele>
   </trkpt>
   <trkpt lat="48.3105180" lon="-70.3280950">
    <ele>215.2</ele>
   </trkpt>
   <trkpt lat="48.3105180" lon="-70.3281070">
    <ele>215.0</ele>
   </trkpt>
   <trkpt lat="48.3105220" lon="-70.3281210">
    <ele>214.8</ele>
   </trkpt>
   <trkpt lat="48.3105210" lon="-70.3281390">
    <ele>214.5</ele>
   </trkpt>
   <trkpt lat="48.3105210" lon="-70.3281560">
    <ele>214.3</ele>
   </trkpt>
   <trkpt lat="48.3105150" lon="-70.3281670">
    <ele>214.1</ele>
   </trkpt>
   <trkpt lat="48.3105120" lon="-70.3281750">
    <ele>214.0</ele>
   </trkpt>
   <trkpt lat="48.3105090" lon="-70.3281900">
    <ele>213.8</ele>
   </trkpt>
   <trkpt lat="48.3105070" lon="-70.3282070">
    <ele>213.6</ele>
   </trkpt>
   <trkpt lat="48.3105030" lon="-70.3282180">
    <ele>213.4</ele>
   </trkpt>
   <trkpt lat="48.3105040" lon="-70.3282240">
    <ele>213.3</ele>
   </trkpt>
   <trkpt lat="48.3105020" lon="-70.3282270">
    <ele>213.2</ele>
   </trkpt>
   <trkpt lat="48.3105010" lon="-70.3282390">
    <ele>213.1</ele>
   </trkpt>
   <trkpt lat="48.3105000" lon="-70.3282460">
    <ele>213.0</ele>
   </trkpt>
   <trkpt lat="48.3105010" lon="-70.3282590">
    <ele>212.8</ele>
   </trkpt>
   <trkpt lat="48.3105030" lon="-70.3282710">
    <ele>212.6</ele>
   </trkpt>
   <trkpt lat="48.3105030" lon="-70.3282780">
    <ele>212.6</ele>
   </trkpt>
   <trkpt lat="48.3105000" lon="-70.3282780">
    <ele>212.5</ele>
   </trkpt>
   <trkpt lat="48.3105000" lon="-70.3282850">
    <ele>212.4</ele>
   </trkpt>
   <trkpt lat="48.3104970" lon="-70.3282900">
    <ele>212.3</ele>
   </trkpt>
   <trkpt lat="48.3105040" lon="-70.3282990">
    <ele>212.1</ele>
   </trkpt>
   <trkpt lat="48.3105030" lon="-70.3283080">
    <ele>212.0</ele>
   </trkpt>
   <trkpt lat="48.3105020" lon="-70.3283130">
    <ele>212.0</ele>
   </trkpt>
   <trkpt lat="48.3105060" lon="-70.3283240">
    <ele>211.8</ele>
   </trkpt>
   <trkpt lat="48.3105070" lon="-70.3283350">
    <ele>211.7</ele>
   </trkpt>
   <trkpt lat="48.3105050" lon="-70.3283450">
    <ele>211.6</ele>
   </trkpt>
   <trkpt lat="48.3105090" lon="-70.3283550">
    <ele>211.4</ele>
   </trkpt>
   <trkpt lat="48.3105080" lon="-70.3283670">
    <ele>211.3</ele>
   </trkpt>
   <trkpt lat="48.3105070" lon="-70.3283750">
    <ele>211.2</ele>
   </trkpt>
   <trkpt lat="48.3105060" lon="-70.3283830">
    <ele>211.1</ele>
   </trkpt>
   <trkpt lat="48.3105070" lon="-70.3283850">
    <ele>211.1</ele>
   </trkpt>
   <trkpt lat="48.3105100" lon="-70.3283960">
    <ele>211.0</ele>
   </trkpt>
   <trkpt lat="48.3105120" lon="-70.3283980">
    <ele>211.0</ele>
   </trkpt>
   <trkpt lat="48.3105060" lon="-70.3284140">
    <ele>210.8</ele>
   </trkpt>
   <trkpt lat="48.3105050" lon="-70.3284210">
    <ele>210.7</ele>
   </trkpt>
   <trkpt lat="48.3105050" lon="-70.3284330">
    <ele>210.6</ele>
   </trkpt>
   <trkpt lat="48.3105020" lon="-70.3284400">
    <ele>210.5</ele>
   </trkpt>
   <trkpt lat="48.3105010" lon="-70.3284520">
    <ele>210.4</ele>
   </trkpt>
   <trkpt lat="48.3104980" lon="-70.3284650">
    <ele>210.3</ele>
   </trkpt>
   <trkpt lat="48.3104960" lon="-70.3284800">
    <ele>210.2</ele>
   </trkpt>
   <trkpt lat="48.3104890" lon="-70.3284790">
    <ele>210.1</ele>
   </trkpt>
   <trkpt lat="48.3104850" lon="-70.3284810">
    <ele>210.0</ele>
   </trkpt>
   <trkpt lat="48.3104820" lon="-70.3284860">
    <ele>210.0</ele>
   </trkpt>
   <trkpt lat="48.3104790" lon="-70.3284940">
    <ele>209.9</ele>
   </trkpt>
   <trkpt lat="48.3104770" lon="-70.3285050">
    <ele>209.8</ele>
   </trkpt>
   <trkpt lat="48.3104780" lon="-70.3285120">
    <ele>209.8</ele>
   </trkpt>
   <trkpt lat="48.3104780" lon="-70.3285280">
    <ele>209.7</ele>
   </trkpt>
   <trkpt lat="48.3104800" lon="-70.3285300">
    <ele>209.6</ele>
   </trkpt>
   <trkpt lat="48.3104780" lon="-70.3285350">
    <ele>209.6</ele>
   </trkpt>
   <trkpt lat="48.3104790" lon="-70.3285430">
    <ele>209.5</ele>
   </trkpt>
   <trkpt lat="48.3104770" lon="-70.3285490">
    <ele>209.5</ele>
   </trkpt>
   <trkpt lat="48.3104800" lon="-70.3285590">
    <ele>209.4</ele>
   </trkpt>
   <trkpt lat="48.3104790" lon="-70.3285690">
    <ele>209.3</ele>
   </trkpt>
   <trkpt lat="48.3104750" lon="-70.3285840">
    <ele>209.2</ele>
   </trkpt>
   <trkpt lat="48.3104690" lon="-70.3286030">
    <ele>209.1</ele>
   </trkpt>
   <trkpt lat="48.3104630" lon="-70.3286300">
    <ele>208.8</ele>
   </trkpt>
   <trkpt lat="48.3104600" lon="-70.3286490">
    <ele>208.7</ele>
   </trkpt>
   <trkpt lat="48.3104650" lon="-70.3286530">
    <ele>208.6</ele>
   </trkpt>
   <trkpt lat="48.3104600" lon="-70.3286660">
    <ele>208.5</ele>
   </trkpt>
   <trkpt lat="48.3104570" lon="-70.3286850">
    <ele>208.3</ele>
   </trkpt>
   <trkpt lat="48.3104620" lon="-70.3287000">
    <ele>208.2</ele>
   </trkpt>
   <trkpt lat="48.3104660" lon="-70.3287220">
    <ele>208.0</ele>
   </trkpt>
   <trkpt lat="48.3104700" lon="-70.3287410">
    <ele>207.7</ele>
   </trkpt>
   <trkpt lat="48.3104720" lon="-70.3287570">
    <ele>207.6</ele>
   </trkpt>
   <trkpt lat="48.3104770" lon="-70.3287630">
    <ele>207.4</ele>
   </trkpt>
   <trkpt lat="48.3104780" lon="-70.3287640">
    <ele>207.4</ele>
   </trkpt>
   <trkpt lat="48.3104790" lon="-70.3287690">
    <ele>207.4</ele>
   </trkpt>
   <trkpt lat="48.3104800" lon="-70.3287710">
    <ele>207.3</ele>
   </trkpt>
   <trkpt lat="48.3104820" lon="-70.3287740">
    <ele>207.3</ele>
   </trkpt>
   <trkpt lat="48.3104830" lon="-70.3287800">
    <ele>207.2</ele>
   </trkpt>
   <trkpt lat="48.3104810" lon="-70.3287890">
    <ele>207.1</ele>
   </trkpt>
   <trkpt lat="48.3104810" lon="-70.3288090">
    <ele>206.9</ele>
   </trkpt>
   <trkpt lat="48.3104860" lon="-70.3288280">
    <ele>206.6</ele>
   </trkpt>
   <trkpt lat="48.3104970" lon="-70.3288480">
    <ele>206.2</ele>
   </trkpt>
   <trkpt lat="48.3105010" lon="-70.3288590">
    <ele>206.0</ele>
   </trkpt>
   <trkpt lat="48.3105070" lon="-70.3288650">
    <ele>205.9</ele>
   </trkpt>
   <trkpt lat="48.3105100" lon="-70.3288770">
    <ele>205.7</ele>
   </trkpt>
   <trkpt lat="48.3105140" lon="-70.3288960">
    <ele>205.4</ele>
   </trkpt>
   <trkpt lat="48.3105140" lon="-70.3289010">
    <ele>205.3</ele>
   </trkpt>
   <trkpt lat="48.3105270" lon="-70.3289120">
    <ele>205.0</ele>
   </trkpt>
   <trkpt lat="48.3105260" lon="-70.3289120">
    <ele>204.9</ele>
   </trkpt>
   <trkpt lat="48.3105240" lon="-70.3289120">
    <ele>204.9</ele>
   </trkpt>
   <trkpt lat="48.3105240" lon="-70.3289120">
    <ele>204.9</ele>
   </trkpt>
   <trkpt lat="48.3105240" lon="-70.3289120">
    <ele>204.9</ele>
   </trkpt>
   <trkpt lat="48.3105240" lon="-70.3289170">
    <ele>204.8</ele>
   </trkpt>
   <trkpt lat="48.3105290" lon="-70.3289210">
    <ele>204.7</ele>
   </trkpt>
   <trkpt lat="48.3105290" lon="-70.3289330">
    <ele>204.5</ele>
   </trkpt>
   <trkpt lat="48.3105370" lon="-70.3289390">
    <ele>204.3</ele>
   </trkpt>
   <trkpt lat="48.3105480" lon="-70.3289540">
    <ele>203.9</ele>
   </trkpt>
   <trkpt lat="48.3105510" lon="-70.3289580">
    <ele>203.8</ele>
   </trkpt>
   <trkpt lat="48.3105470" lon="-70.3289520">
    <ele>203.6</ele>
   </trkpt>
   <trkpt lat="48.3105520" lon="-70.3289620">
    <ele>203.4</ele>
   </trkpt>
   <trkpt lat="48.3105570" lon="-70.3289630">
    <ele>203.3</ele>
   </trkpt>
   <trkpt lat="48.3105650" lon="-70.3289670">
    <ele>203.0</ele>
   </trkpt>
   <trkpt lat="48.3105650" lon="-70.3289720">
    <ele>203.0</ele>
   </trkpt>
   <trkpt lat="48.3105680" lon="-70.3289820">
    <ele>202.8</ele>
   </trkpt>
   <trkpt lat="48.3105740" lon="-70.3289920">
    <ele>202.5</ele>
   </trkpt>
   <trkpt lat="48.3105730" lon="-70.3290030">
    <ele>202.3</ele>
   </trkpt>
   <trkpt lat="48.3105740" lon="-70.3290140">
    <ele>202.1</ele>
   </trkpt>
   <trkpt lat="48.3105720" lon="-70.3290270">
    <ele>201.9</ele>
   </trkpt>
   <trkpt lat="48.3105750" lon="-70.3290320">
    <ele>201.8</ele>
   </trkpt>
   <trkpt lat="48.3105800" lon="-70.3290340">
    <ele>201.6</ele>
   </trkpt>
   <trkpt lat="48.3105860" lon="-70.3290450">
    <ele>201.4</ele>
   </trkpt>
   <trkpt lat="48.3105910" lon="-70.3290500">
    <ele>201.2</ele>
   </trkpt>
   <trkpt lat="48.3105880" lon="-70.3290500">
    <ele>201.1</ele>
   </trkpt>
   <trkpt lat="48.3105890" lon="-70.3290510">
    <ele>201.1</ele>
   </trkpt>
   <trkpt lat="48.3105840" lon="-70.3290600">
    <ele>200.9</ele>
   </trkpt>
   <trkpt lat="48.3105760" lon="-70.3290580">
    <ele>200.7</ele>
   </trkpt>
   <trkpt lat="48.3105730" lon="-70.3290630">
    <ele>200.6</ele>
   </trkpt>
   <trkpt lat="48.3105750" lon="-70.3290690">
    <ele>200.5</ele>
   </trkpt>
   <trkpt lat="48.3105710" lon="-70.3290720">
    <ele>200.4</ele>
   </trkpt>
   <trkpt lat="48.3105690" lon="-70.3290780">
    <ele>200.2</ele>
   </trkpt>
   <trkpt lat="48.3105640" lon="-70.3290840">
    <ele>200.1</ele>
   </trkpt>
   <trkpt lat="48.3105680" lon="-70.3290920">
    <ele>199.9</ele>
   </trkpt>
   <trkpt lat="48.3105660" lon="-70.3291030">
    <ele>199.7</ele>
   </trkpt>
   <trkpt lat="48.3105620" lon="-70.3291090">
    <ele>199.6</ele>
   </trkpt>
   <trkpt lat="48.3105680" lon="-70.3291120">
    <ele>199.4</ele>
   </trkpt>
   <trkpt lat="48.3105760" lon="-70.3291240">
    <ele>199.1</ele>
   </trkpt>
   <trkpt lat="48.3105710" lon="-70.3291360">
    <ele>198.9</ele>
   </trkpt>
   <trkpt lat="48.3105710" lon="-70.3291450">
    <ele>198.8</ele>
   </trkpt>
   <trkpt lat="48.3105690" lon="-70.3291480">
    <ele>198.7</ele>
   </trkpt>
   <trkpt lat="48.3105670" lon="-70.3291590">
    <ele>198.5</ele>
   </trkpt>
   <trkpt lat="48.3105650" lon="-70.3291710">
    <ele>198.3</ele>
   </trkpt>
   <trkpt lat="48.3105630" lon="-70.3291850">
    <ele>198.1</ele>
   </trkpt>
   <trkpt lat="48.3105620" lon="-70.3291860">
    <ele>198.1</ele>
   </trkpt>
   <trkpt lat="48.3105580" lon="-70.3291900">
    <ele>197.9</ele>
   </trkpt>
   <trkpt lat="48.3105560" lon="-70.3292040">
    <ele>197.7</ele>
   </trkpt>
   <trkpt lat="48.3105580" lon="-70.3292090">
    <ele>197.6</ele>
   </trkpt>
   <trkpt lat="48.3105580" lon="-70.3292050">
    <ele>197.6</ele>
   </trkpt>
   <trkpt lat="48.3105560" lon="-70.3292180">
    <ele>197.4</ele>
   </trkpt>
   <trkpt lat="48.3105600" lon="-70.3292210">
    <ele>197.3</ele>
   </trkpt>
   <trkpt lat="48.3105580" lon="-70.3292240">
    <ele>197.2</ele>
   </trkpt>
   <trkpt lat="48.3105560" lon="-70.3292340">
    <ele>197.0</ele>
   </trkpt>
   <trkpt lat="48.3105570" lon="-70.3292460">
    <ele>196.9</ele>
   </trkpt>
   <trkpt lat="48.3105520" lon="-70.3292530">
    <ele>196.7</ele>
   </trkpt>
   <trkpt lat="48.3105510" lon="-70.3292600">
    <ele>196.6</ele>
   </trkpt>
   <trkpt lat="48.3105500" lon="-70.3292650">
    <ele>196.5</ele>
   </trkpt>
   <trkpt lat="48.3105460" lon="-70.3292730">
    <ele>196.4</ele>
   </trkpt>
   <trkpt lat="48.3105520" lon="-70.3292730">
    <ele>196.2</ele>
   </trkpt>
   <trkpt lat="48.3105470" lon="-70.3292900">
    <ele>196.0</ele>
   </trkpt>
   <trkpt lat="48.3105440" lon="-70.3292960">
    <ele>195.8</ele>
   </trkpt>
   <trkpt lat="48.3105470" lon="-70.3293090">
    <ele>195.6</ele>
   </trkpt>
   <trkpt lat="48.3105480" lon="-70.3293210">
    <ele>195.5</ele>
   </trkpt>
   <trkpt lat="48.3105470" lon="-70.3293270">
    <ele>195.4</ele>
   </trkpt>
   <trkpt lat="48.3105450" lon="-70.3293410">
    <ele>195.1</ele>
   </trkpt>
   <trkpt lat="48.3105470" lon="-70.3293550">
    <ele>194.9</ele>
   </trkpt>
   <trkpt lat="48.3105460" lon="-70.3293630">
    <ele>194.8</ele>
   </trkpt>
   <trkpt lat="48.3105500" lon="-70.3293890">
    <ele>194.5</ele>
   </trkpt>
   <trkpt lat="48.3105470" lon="-70.3294010">
    <ele>194.3</ele>
   </trkpt>
   <trkpt lat="48.3105470" lon="-70.3294160">
    <ele>194.1</ele>
   </trkpt>
   <trkpt lat="48.3105480" lon="-70.3294290">
    <ele>193.9</ele>
   </trkpt>
   <trkpt lat="48.3105500" lon="-70.3294380">
    <ele>193.8</ele>
   </trkpt>
   <trkpt lat="48.3105550" lon="-70.3294530">
    <ele>193.6</ele>
   </trkpt>
   <trkpt lat="48.3105570" lon="-70.3294690">
    <ele>193.4</ele>
   </trkpt>
   <trkpt lat="48.3105550" lon="-70.3294790">
    <ele>193.2</ele>
   </trkpt>
   <trkpt lat="48.3105540" lon="-70.3294880">
    <ele>193.1</ele>
   </trkpt>
   <trkpt lat="48.3105510" lon="-70.3294910">
    <ele>193.1</ele>
   </trkpt>
   <trkpt lat="48.3105500" lon="-70.3294970">
    <ele>193.0</ele>
   </trkpt>
   <trkpt lat="48.3105490" lon="-70.3295050">
    <ele>192.9</ele>
   </trkpt>
   <trkpt lat="48.3105480" lon="-70.3295170">
    <ele>192.7</ele>
   </trkpt>
   <trkpt lat="48.3105430" lon="-70.3295350">
    <ele>192.5</ele>
   </trkpt>
   <trkpt lat="48.3105410" lon="-70.3295410">
    <ele>192.5</ele>
   </trkpt>
   <trkpt lat="48.3105430" lon="-70.3295450">
    <ele>192.4</ele>
   </trkpt>
   <trkpt lat="48.3105410" lon="-70.3295570">
    <ele>192.3</ele>
   </trkpt>
   <trkpt lat="48.3105440" lon="-70.3295560">
    <ele>192.2</ele>
   </trkpt>
   <trkpt lat="48.3105380" lon="-70.3295600">
    <ele>192.1</ele>
   </trkpt>
   <trkpt lat="48.3105380" lon="-70.3295650">
    <ele>192.0</ele>
   </trkpt>
   <trkpt lat="48.3105330" lon="-70.3295760">
    <ele>191.9</ele>
   </trkpt>
   <trkpt lat="48.3105330" lon="-70.3295810">
    <ele>191.8</ele>
   </trkpt>
   <trkpt lat="48.3105270" lon="-70.3295970">
    <ele>191.6</ele>
   </trkpt>
   <trkpt lat="48.3105240" lon="-70.3296040">
    <ele>191.6</ele>
   </trkpt>
   <trkpt lat="48.3105230" lon="-70.3296080">
    <ele>191.5</ele>
   </trkpt>
   <trkpt lat="48.3105190" lon="-70.3296250">
    <ele>191.3</ele>
   </trkpt>
   <trkpt lat="48.3105210" lon="-70.3296410">
    <ele>191.2</ele>
   </trkpt>
   <trkpt lat="48.3105180" lon="-70.3296540">
    <ele>191.0</ele>
   </trkpt>
   <trkpt lat="48.3105220" lon="-70.3296510">
    <ele>191.0</ele>
   </trkpt>
   <trkpt lat="48.3105210" lon="-70.3296540">
    <ele>190.9</ele>
   </trkpt>
   <trkpt lat="48.3105190" lon="-70.3296610">
    <ele>190.9</ele>
   </trkpt>
   <trkpt lat="48.3105210" lon="-70.3296580">
    <ele>190.8</ele>
   </trkpt>
   <trkpt lat="48.3105140" lon="-70.3296650">
    <ele>190.7</ele>
   </trkpt>
   <trkpt lat="48.3105040" lon="-70.3296630">
    <ele>190.6</ele>
   </trkpt>
   <trkpt lat="48.3104870" lon="-70.3296460">
    <ele>190.3</ele>
   </trkpt>
   <trkpt lat="48.3104860" lon="-70.3296460">
    <ele>190.2</ele>
   </trkpt>
   <trkpt lat="48.3104800" lon="-70.3296450">
    <ele>190.1</ele>
   </trkpt>
   <trkpt lat="48.3104700" lon="-70.3296380">
    <ele>190.0</ele>
   </trkpt>
   <trkpt lat="48.3104570" lon="-70.3296320">
    <ele>189.8</ele>
   </trkpt>
   <trkpt lat="48.3104370" lon="-70.3296190">
    <ele>189.5</ele>
   </trkpt>
   <trkpt lat="48.3104220" lon="-70.3296120">
    <ele>189.2</ele>
   </trkpt>
   <trkpt lat="48.3104140" lon="-70.3296090">
    <ele>189.1</ele>
   </trkpt>
   <trkpt lat="48.3104060" lon="-70.3296050">
    <ele>189.0</ele>
   </trkpt>
   <trkpt lat="48.3103930" lon="-70.3295940">
    <ele>188.7</ele>
   </trkpt>
   <trkpt lat="48.3103830" lon="-70.3295770">
    <ele>188.5</ele>
   </trkpt>
   <trkpt lat="48.3103800" lon="-70.3295710">
    <ele>188.4</ele>
   </trkpt>
   <trkpt lat="48.3103690" lon="-70.3295570">
    <ele>188.2</ele>
   </trkpt>
   <trkpt lat="48.3103590" lon="-70.3295410">
    <ele>187.9</ele>
   </trkpt>
   <trkpt lat="48.3103500" lon="-70.3295280">
    <ele>187.6</ele>
   </trkpt>
   <trkpt lat="48.3103450" lon="-70.3295150">
    <ele>187.5</ele>
   </trkpt>
   <trkpt lat="48.3103350" lon="-70.3294970">
    <ele>187.2</ele>
   </trkpt>
   <trkpt lat="48.3103250" lon="-70.3294780">
    <ele>186.8</ele>
   </trkpt>
   <trkpt lat="48.3103170" lon="-70.3294660">
    <ele>186.6</ele>
   </trkpt>
   <trkpt lat="48.3103140" lon="-70.3294510">
    <ele>186.4</ele>
   </trkpt>
   <trkpt lat="48.3103100" lon="-70.3294380">
    <ele>186.1</ele>
   </trkpt>
   <trkpt lat="48.3103110" lon="-70.3294270">
    <ele>186.0</ele>
   </trkpt>
   <trkpt lat="48.3103070" lon="-70.3294140">
    <ele>185.8</ele>
   </trkpt>
   <trkpt lat="48.3103040" lon="-70.3293990">
    <ele>185.5</ele>
   </trkpt>
   <trkpt lat="48.3103000" lon="-70.3293770">
    <ele>185.2</ele>
   </trkpt>
   <trkpt lat="48.3102980" lon="-70.3293670">
    <ele>185.0</ele>
   </trkpt>
   <trkpt lat="48.3103000" lon="-70.3293560">
    <ele>184.8</ele>
   </trkpt>
   <trkpt lat="48.3102970" lon="-70.3293480">
    <ele>184.7</ele>
   </trkpt>
   <trkpt lat="48.3102940" lon="-70.3293380">
    <ele>184.5</ele>
   </trkpt>
   <trkpt lat="48.3102920" lon="-70.3293250">
    <ele>184.3</ele>
   </trkpt>
   <trkpt lat="48.3102950" lon="-70.3293200">
    <ele>184.1</ele>
   </trkpt>
   <trkpt lat="48.3102930" lon="-70.3293100">
    <ele>184.0</ele>
   </trkpt>
   <trkpt lat="48.3102880" lon="-70.3293010">
    <ele>183.8</ele>
   </trkpt>
   <trkpt lat="48.3102870" lon="-70.3292890">
    <ele>183.5</ele>
   </trkpt>
   <trkpt lat="48.3102860" lon="-70.3292810">
    <ele>183.4</ele>
   </trkpt>
   <trkpt lat="48.3102820" lon="-70.3292720">
    <ele>183.2</ele>
   </trkpt>
   <trkpt lat="48.3102780" lon="-70.3292530">
    <ele>182.9</ele>
   </trkpt>
   <trkpt lat="48.3102820" lon="-70.3292430">
    <ele>182.7</ele>
   </trkpt>
   <trkpt lat="48.3102820" lon="-70.3292290">
    <ele>182.4</ele>
   </trkpt>
   <trkpt lat="48.3102800" lon="-70.3292180">
    <ele>182.2</ele>
   </trkpt>
   <trkpt lat="48.3102830" lon="-70.3292190">
    <ele>182.1</ele>
   </trkpt>
   <trkpt lat="48.3102730" lon="-70.3292040">
    <ele>181.8</ele>
   </trkpt>
   <trkpt lat="48.3102660" lon="-70.3291970">
    <ele>181.6</ele>
   </trkpt>
   <trkpt lat="48.3102660" lon="-70.3291930">
    <ele>181.5</ele>
   </trkpt>
   <trkpt lat="48.3102600" lon="-70.3291860">
    <ele>181.3</ele>
   </trkpt>
   <trkpt lat="48.3102570" lon="-70.3291840">
    <ele>181.2</ele>
   </trkpt>
   <trkpt lat="48.3102630" lon="-70.3291770">
    <ele>181.0</ele>
   </trkpt>
   <trkpt lat="48.3102620" lon="-70.3291680">
    <ele>180.9</ele>
   </trkpt>
   <trkpt lat="48.3102620" lon="-70.3291580">
    <ele>180.7</ele>
   </trkpt>
   <trkpt lat="48.3102630" lon="-70.3291450">
    <ele>180.5</ele>
   </trkpt>
   <trkpt lat="48.3102640" lon="-70.3291390">
    <ele>180.3</ele>
   </trkpt>
   <trkpt lat="48.3102660" lon="-70.3291330">
    <ele>180.2</ele>
   </trkpt>
   <trkpt lat="48.3102670" lon="-70.3291260">
    <ele>180.1</ele>
   </trkpt>
   <trkpt lat="48.3102660" lon="-70.3291230">
    <ele>180.0</ele>
   </trkpt>
   <trkpt lat="48.3102660" lon="-70.3291170">
    <ele>179.9</ele>
   </trkpt>
   <trkpt lat="48.3102660" lon="-70.3291140">
    <ele>179.9</ele>
   </trkpt>
   <trkpt lat="48.3102660" lon="-70.3291140">
    <ele>179.9</ele>
   </trkpt>
   <trkpt lat="48.3102640" lon="-70.3291040">
    <ele>179.7</ele>
   </trkpt>
   <trkpt lat="48.3102640" lon="-70.3291100">
    <ele>179.6</ele>
   </trkpt>
   <trkpt lat="48.3102630" lon="-70.3291100">
    <ele>179.6</ele>
   </trkpt>
   <trkpt lat="48.3102600" lon="-70.3291130">
    <ele>179.5</ele>
   </trkpt>
   <trkpt lat="48.3102650" lon="-70.3291120">
    <ele>179.4</ele>
   </trkpt>
   <trkpt lat="48.3102650" lon="-70.3291120">
    <ele>179.4</ele>
   </trkpt>
   <trkpt lat="48.3102660" lon="-70.3291100">
    <ele>179.3</ele>
   </trkpt>
   <trkpt lat="48.3102680" lon="-70.3291080">
    <ele>179.3</ele>
   </trkpt>
   <trkpt lat="48.3102680" lon="-70.3291090">
    <ele>179.3</ele>
   </trkpt>
   <trkpt lat="48.3102700" lon="-70.3291080">
    <ele>179.2</ele>
   </trkpt>
   <trkpt lat="48.3102700" lon="-70.3291080">
    <ele>179.2</ele>
   </trkpt>
   <trkpt lat="48.3102730" lon="-70.3291080">
    <ele>179.1</ele>
   </trkpt>
   <trkpt lat="48.3102750" lon="-70.3291110">
    <ele>179.1</ele>
   </trkpt>
   <trkpt lat="48.3102750" lon="-70.3291100">
    <ele>179.0</ele>
   </trkpt>
   <trkpt lat="48.3102680" lon="-70.3291080">
    <ele>178.9</ele>
   </trkpt>
   <trkpt lat="48.3102680" lon="-70.3291060">
    <ele>178.8</ele>
   </trkpt>
   <trkpt lat="48.3102640" lon="-70.3291080">
    <ele>178.7</ele>
   </trkpt>
   <trkpt lat="48.3102620" lon="-70.3291090">
    <ele>178.7</ele>
   </trkpt>
   <trkpt lat="48.3102530" lon="-70.3291030">
    <ele>178.4</ele>
   </trkpt>
   <trkpt lat="48.3102430" lon="-70.3291020">
    <ele>178.2</ele>
   </trkpt>
   <trkpt lat="48.3102270" lon="-70.3291010">
    <ele>177.8</ele>
   </trkpt>
   <trkpt lat="48.3102180" lon="-70.3291080">
    <ele>177.5</ele>
   </trkpt>
   <trkpt lat="48.3102090" lon="-70.3291130">
    <ele>177.3</ele>
   </trkpt>
   <trkpt lat="48.3101930" lon="-70.3291150">
    <ele>176.9</ele>
   </trkpt>
   <trkpt lat="48.3101900" lon="-70.3291130">
    <ele>176.8</ele>
   </trkpt>
   <trkpt lat="48.3101820" lon="-70.3290990">
    <ele>176.6</ele>
   </trkpt>
   <trkpt lat="48.3101710" lon="-70.3291020">
    <ele>176.3</ele>
   </trkpt>
   <trkpt lat="48.3101560" lon="-70.3291050">
    <ele>175.9</ele>
   </trkpt>
   <trkpt lat="48.3101430" lon="-70.3291060">
    <ele>175.6</ele>
   </trkpt>
   <trkpt lat="48.3101330" lon="-70.3291090">
    <ele>175.4</ele>
   </trkpt>
   <trkpt lat="48.3101260" lon="-70.3291090">
    <ele>175.2</ele>
   </trkpt>
   <trkpt lat="48.3101170" lon="-70.3291170">
    <ele>174.9</ele>
   </trkpt>
   <trkpt lat="48.3101080" lon="-70.3291180">
    <ele>174.7</ele>
   </trkpt>
   <trkpt lat="48.3101120" lon="-70.3291240">
    <ele>174.6</ele>
   </trkpt>
   <trkpt lat="48.3101000" lon="-70.3291280">
    <ele>174.3</ele>
   </trkpt>
   <trkpt lat="48.3100840" lon="-70.3291360">
    <ele>173.9</ele>
   </trkpt>
   <trkpt lat="48.3100730" lon="-70.3291440">
    <ele>173.6</ele>
   </trkpt>
   <trkpt lat="48.3100700" lon="-70.3291470">
    <ele>173.5</ele>
   </trkpt>
   <trkpt lat="48.3100640" lon="-70.3291530">
    <ele>173.3</ele>
   </trkpt>
   <trkpt lat="48.3100560" lon="-70.3291560">
    <ele>173.1</ele>
   </trkpt>
   <trkpt lat="48.3100420" lon="-70.3291660">
    <ele>172.7</ele>
   </trkpt>
   <trkpt lat="48.3100330" lon="-70.3291840">
    <ele>172.4</ele>
   </trkpt>
   <trkpt lat="48.3100310" lon="-70.3291920">
    <ele>172.2</ele>
   </trkpt>
   <trkpt lat="48.3100220" lon="-70.3292090">
    <ele>171.9</ele>
   </trkpt>
   <trkpt lat="48.3100130" lon="-70.3292130">
    <ele>171.7</ele>
   </trkpt>
   <trkpt lat="48.3100060" lon="-70.3292190">
    <ele>171.5</ele>
   </trkpt>
   <trkpt lat="48.3100070" lon="-70.3292290">
    <ele>171.3</ele>
   </trkpt>
   <trkpt lat="48.3100020" lon="-70.3292380">
    <ele>171.1</ele>
   </trkpt>
   <trkpt lat="48.3099970" lon="-70.3292450">
    <ele>170.9</ele>
   </trkpt>
   <trkpt lat="48.3099930" lon="-70.3292530">
    <ele>170.8</ele>
   </trkpt>
   <trkpt lat="48.3099900" lon="-70.3292610">
    <ele>170.6</ele>
   </trkpt>
   <trkpt lat="48.3099860" lon="-70.3292670">
    <ele>170.5</ele>
   </trkpt>
   <trkpt lat="48.3099810" lon="-70.3292720">
    <ele>170.4</ele>
   </trkpt>
   <trkpt lat="48.3099780" lon="-70.3292820">
    <ele>170.2</ele>
   </trkpt>
   <trkpt lat="48.3099720" lon="-70.3292940">
    <ele>169.9</ele>
   </trkpt>
   <trkpt lat="48.3099660" lon="-70.3293010">
    <ele>169.7</ele>
   </trkpt>
   <trkpt lat="48.3099630" lon="-70.3293090">
    <ele>169.6</ele>
   </trkpt>
   <trkpt lat="48.3099620" lon="-70.3293110">
    <ele>169.6</ele>
   </trkpt>
   <trkpt lat="48.3099560" lon="-70.3293160">
    <ele>169.4</ele>
   </trkpt>
   <trkpt lat="48.3099540" lon="-70.3293220">
    <ele>169.3</ele>
   </trkpt>
   <trkpt lat="48.3099500" lon="-70.3293270">
    <ele>169.2</ele>
   </trkpt>
   <trkpt lat="48.3099480" lon="-70.3293350">
    <ele>169.0</ele>
   </trkpt>
   <trkpt lat="48.3099300" lon="-70.3293370">
    <ele>168.6</ele>
   </trkpt>
   <trkpt lat="48.3099320" lon="-70.3293480">
    <ele>168.4</ele>
   </trkpt>
   <trkpt lat="48.3099280" lon="-70.3293520">
    <ele>168.3</ele>
   </trkpt>
   <trkpt lat="48.3099130" lon="-70.3293650">
    <ele>167.9</ele>
   </trkpt>
   <trkpt lat="48.3099090" lon="-70.3293790">
    <ele>167.6</ele>
   </trkpt>
   <trkpt lat="48.3099060" lon="-70.3293950">
    <ele>167.3</ele>
   </trkpt>
   <trkpt lat="48.3098990" lon="-70.3294130">
    <ele>167.0</ele>
   </trkpt>
   <trkpt lat="48.3098950" lon="-70.3294160">
    <ele>166.9</ele>
   </trkpt>
   <trkpt lat="48.3098890" lon="-70.3294300">
    <ele>166.6</ele>
   </trkpt>
   <trkpt lat="48.3098870" lon="-70.3294430">
    <ele>166.4</ele>
   </trkpt>
   <trkpt lat="48.3098800" lon="-70.3294510">
    <ele>166.2</ele>
   </trkpt>
   <trkpt lat="48.3098800" lon="-70.3294600">
    <ele>166.1</ele>
   </trkpt>
   <trkpt lat="48.3098780" lon="-70.3294760">
    <ele>165.8</ele>
   </trkpt>
   <trkpt lat="48.3098730" lon="-70.3294880">
    <ele>165.6</ele>
   </trkpt>
   <trkpt lat="48.3098730" lon="-70.3294970">
    <ele>165.5</ele>
   </trkpt>
   <trkpt lat="48.3098720" lon="-70.3295030">
    <ele>165.4</ele>
   </trkpt>
   <trkpt lat="48.3098680" lon="-70.3295210">
    <ele>165.1</ele>
   </trkpt>
   <trkpt lat="48.3098630" lon="-70.3295390">
    <ele>164.8</ele>
   </trkpt>
   <trkpt lat="48.3098660" lon="-70.3295540">
    <ele>164.5</ele>
   </trkpt>
   <trkpt lat="48.3098660" lon="-70.3295620">
    <ele>164.4</ele>
   </trkpt>
   <trkpt lat="48.3098630" lon="-70.3295750">
    <ele>164.2</ele>
   </trkpt>
   <trkpt lat="48.3098620" lon="-70.3295820">
    <ele>164.1</ele>
   </trkpt>
   <trkpt lat="48.3098610" lon="-70.3295920">
    <ele>164.0</ele>
   </trkpt>
   <trkpt lat="48.3098600" lon="-70.3296020">
    <ele>163.8</ele>
   </trkpt>
   <trkpt lat="48.3098550" lon="-70.3296090">
    <ele>163.7</ele>
   </trkpt>
   <trkpt lat="48.3098480" lon="-70.3296220">
    <ele>163.4</ele>
   </trkpt>
   <trkpt lat="48.3098430" lon="-70.3296290">
    <ele>163.3</ele>
   </trkpt>
   <trkpt lat="48.3098380" lon="-70.3296320">
    <ele>163.1</ele>
   </trkpt>
   <trkpt lat="48.3098340" lon="-70.3296470">
    <ele>162.9</ele>
   </trkpt>
   <trkpt lat="48.3098290" lon="-70.3296590">
    <ele>162.7</ele>
   </trkpt>
   <trkpt lat="48.3098270" lon="-70.3296680">
    <ele>162.5</ele>
   </trkpt>
   <trkpt lat="48.3098230" lon="-70.3296800">
    <ele>162.4</ele>
   </trkpt>
   <trkpt lat="48.3098280" lon="-70.3296890">
    <ele>162.2</ele>
   </trkpt>
   <trkpt lat="48.3098240" lon="-70.3297030">
    <ele>162.0</ele>
   </trkpt>
   <trkpt lat="48.3098210" lon="-70.3297090">
    <ele>161.9</ele>
   </trkpt>
   <trkpt lat="48.3098200" lon="-70.3297220">
    <ele>161.7</ele>
   </trkpt>
   <trkpt lat="48.3098150" lon="-70.3297280">
    <ele>161.5</ele>
   </trkpt>
   <trkpt lat="48.3098120" lon="-70.3297390">
    <ele>161.4</ele>
   </trkpt>
   <trkpt lat="48.3098110" lon="-70.3297540">
    <ele>161.2</ele>
   </trkpt>
   <trkpt lat="48.3098040" lon="-70.3297660">
    <ele>160.9</ele>
   </trkpt>
   <trkpt lat="48.3097940" lon="-70.3297770">
    <ele>160.7</ele>
   </trkpt>
   <trkpt lat="48.3097900" lon="-70.3297870">
    <ele>160.5</ele>
   </trkpt>
   <trkpt lat="48.3097850" lon="-70.3297980">
    <ele>160.3</ele>
   </trkpt>
   <trkpt lat="48.3097810" lon="-70.3298080">
    <ele>160.2</ele>
   </trkpt>
   <trkpt lat="48.3097760" lon="-70.3298130">
    <ele>160.0</ele>
   </trkpt>
   <trkpt lat="48.3097770" lon="-70.3298130">
    <ele>160.0</ele>
   </trkpt>
   <trkpt lat="48.3097760" lon="-70.3298140">
    <ele>160.0</ele>
   </trkpt>
   <trkpt lat="48.3097780" lon="-70.3298260">
    <ele>159.8</ele>
   </trkpt>
   <trkpt lat="48.3097750" lon="-70.3298420">
    <ele>159.6</ele>
   </trkpt>
   <trkpt lat="48.3097770" lon="-70.3298520">
    <ele>159.4</ele>
   </trkpt>
   <trkpt lat="48.3097770" lon="-70.3298610">
    <ele>159.3</ele>
   </trkpt>
   <trkpt lat="48.3097770" lon="-70.3298680">
    <ele>159.2</ele>
   </trkpt>
   <trkpt lat="48.3097740" lon="-70.3298770">
    <ele>159.1</ele>
   </trkpt>
   <trkpt lat="48.3097680" lon="-70.3298870">
    <ele>158.9</ele>
   </trkpt>
   <trkpt lat="48.3097640" lon="-70.3298970">
    <ele>158.7</ele>
   </trkpt>
   <trkpt lat="48.3097640" lon="-70.3299120">
    <ele>158.5</ele>
   </trkpt>
   <trkpt lat="48.3097670" lon="-70.3299150">
    <ele>158.4</ele>
   </trkpt>
   <trkpt lat="48.3097670" lon="-70.3299170">
    <ele>158.4</ele>
   </trkpt>
   <trkpt lat="48.3097670" lon="-70.3299250">
    <ele>158.3</ele>
   </trkpt>
   <trkpt lat="48.3097670" lon="-70.3299320">
    <ele>158.2</ele>
   </trkpt>
   <trkpt lat="48.3097670" lon="-70.3299330">
    <ele>158.2</ele>
   </trkpt>
   <trkpt lat="48.3097660" lon="-70.3299390">
    <ele>158.1</ele>
   </trkpt>
   <trkpt lat="48.3097630" lon="-70.3299440">
    <ele>158.0</ele>
   </trkpt>
   <trkpt lat="48.3097640" lon="-70.3299460">
    <ele>158.0</ele>
   </trkpt>
   <trkpt lat="48.3097640" lon="-70.3299460">
    <ele>158.0</ele>
   </trkpt>
   <trkpt lat="48.3097640" lon="-70.3299490">
    <ele>158.0</ele>
   </trkpt>
   <trkpt lat="48.3097650" lon="-70.3299520">
    <ele>157.9</ele>
   </trkpt>
   <trkpt lat="48.3097660" lon="-70.3299550">
    <ele>157.9</ele>
   </trkpt>
   <trkpt lat="48.3097630" lon="-70.3299610">
    <ele>157.8</ele>
   </trkpt>
   <trkpt lat="48.3097640" lon="-70.3299680">
    <ele>157.7</ele>
   </trkpt>
   <trkpt lat="48.3097680" lon="-70.3299680">
    <ele>157.6</ele>
   </trkpt>
   <trkpt lat="48.3097560" lon="-70.3299820">
    <ele>157.3</ele>
   </trkpt>
   <trkpt lat="48.3097580" lon="-70.3299840">
    <ele>157.3</ele>
   </trkpt>
   <trkpt lat="48.3097590" lon="-70.3299850">
    <ele>157.2</ele>
   </trkpt>
   <trkpt lat="48.3097590" lon="-70.3299970">
    <ele>157.1</ele>
   </trkpt>
   <trkpt lat="48.3097550" lon="-70.3300020">
    <ele>157.0</ele>
   </trkpt>
   <trkpt lat="48.3097480" lon="-70.3300170">
    <ele>156.7</ele>
   </trkpt>
   <trkpt lat="48.3097440" lon="-70.3300190">
    <ele>156.7</ele>
   </trkpt>
   <trkpt lat="48.3097440" lon="-70.3300320">
    <ele>156.5</ele>
   </trkpt>
   <trkpt lat="48.3097400" lon="-70.3300440">
    <ele>156.3</ele>
   </trkpt>
   <trkpt lat="48.3097350" lon="-70.3300580">
    <ele>156.1</ele>
   </trkpt>
   <trkpt lat="48.3097330" lon="-70.3300700">
    <ele>156.0</ele>
   </trkpt>
   <trkpt lat="48.3097310" lon="-70.3300780">
    <ele>155.9</ele>
   </trkpt>
   <trkpt lat="48.3097320" lon="-70.3300930">
    <ele>155.7</ele>
   </trkpt>
   <trkpt lat="48.3097330" lon="-70.3301000">
    <ele>155.7</ele>
   </trkpt>
   <trkpt lat="48.3097340" lon="-70.3301050">
    <ele>155.6</ele>
   </trkpt>
   <trkpt lat="48.3097350" lon="-70.3301130">
    <ele>155.5</ele>
   </trkpt>
   <trkpt lat="48.3097400" lon="-70.3301200">
    <ele>155.4</ele>
   </trkpt>
   <trkpt lat="48.3097430" lon="-70.3301300">
    <ele>155.3</ele>
   </trkpt>
   <trkpt lat="48.3097450" lon="-70.3301390">
    <ele>155.2</ele>
   </trkpt>
   <trkpt lat="48.3097450" lon="-70.3301500">
    <ele>155.1</ele>
   </trkpt>
   <trkpt lat="48.3097410" lon="-70.3301560">
    <ele>155.0</ele>
   </trkpt>
   <trkpt lat="48.3097400" lon="-70.3301690">
    <ele>154.8</ele>
   </trkpt>
   <trkpt lat="48.3097410" lon="-70.3301840">
    <ele>154.7</ele>
   </trkpt>
   <trkpt lat="48.3097420" lon="-70.3301950">
    <ele>154.6</ele>
   </trkpt>
   <trkpt lat="48.3097410" lon="-70.3302080">
    <ele>154.4</ele>
   </trkpt>
   <trkpt lat="48.3097420" lon="-70.3302230">
    <ele>154.3</ele>
   </trkpt>
   <trkpt lat="48.3097440" lon="-70.3302340">
    <ele>154.2</ele>
   </trkpt>
   <trkpt lat="48.3097470" lon="-70.3302500">
    <ele>154.0</ele>
   </trkpt>
   <trkpt lat="48.3097510" lon="-70.3302650">
    <ele>153.9</ele>
   </trkpt>
   <trkpt lat="48.3097620" lon="-70.3302820">
    <ele>153.6</ele>
   </trkpt>
   <trkpt lat="48.3097630" lon="-70.3302950">
    <ele>153.5</ele>
   </trkpt>
   <trkpt lat="48.3097610" lon="-70.3303050">
    <ele>153.4</ele>
   </trkpt>
   <trkpt lat="48.3097650" lon="-70.3303140">
    <ele>153.3</ele>
   </trkpt>
   <trkpt lat="48.3097690" lon="-70.3303230">
    <ele>153.2</ele>
   </trkpt>
   <trkpt lat="48.3097730" lon="-70.3303280">
    <ele>153.1</ele>
   </trkpt>
   <trkpt lat="48.3097800" lon="-70.3303320">
    <ele>153.0</ele>
   </trkpt>
   <trkpt lat="48.3097830" lon="-70.3303330">
    <ele>153.0</ele>
   </trkpt>
   <trkpt lat="48.3097850" lon="-70.3303390">
    <ele>152.9</ele>
   </trkpt>
   <trkpt lat="48.3097850" lon="-70.3303390">
    <ele>152.9</ele>
   </trkpt>
   <trkpt lat="48.3097860" lon="-70.3303500">
    <ele>152.8</ele>
   </trkpt>
   <trkpt lat="48.3097860" lon="-70.3303520">
    <ele>152.8</ele>
   </trkpt>
   <trkpt lat="48.3097860" lon="-70.3303540">
    <ele>152.8</ele>
   </trkpt>
   <trkpt lat="48.3097870" lon="-70.3303590">
    <ele>152.7</ele>
   </trkpt>
   <trkpt lat="48.3097890" lon="-70.3303670">
    <ele>152.6</ele>
   </trkpt>
   <trkpt lat="48.3097900" lon="-70.3303840">
    <ele>152.5</ele>
   </trkpt>
   <trkpt lat="48.3097890" lon="-70.3304010">
    <ele>152.3</ele>
   </trkpt>
   <trkpt lat="48.3097860" lon="-70.3304010">
    <ele>152.3</ele>
   </trkpt>
   <trkpt lat="48.3097880" lon="-70.3304170">
    <ele>152.1</ele>
   </trkpt>
   <trkpt lat="48.3097880" lon="-70.3304290">
    <ele>152.0</ele>
   </trkpt>
   <trkpt lat="48.3097840" lon="-70.3304460">
    <ele>151.8</ele>
   </trkpt>
   <trkpt lat="48.3097820" lon="-70.3304550">
    <ele>151.7</ele>
   </trkpt>
   <trkpt lat="48.3097770" lon="-70.3304730">
    <ele>151.5</ele>
   </trkpt>
   <trkpt lat="48.3097790" lon="-70.3304810">
    <ele>151.4</ele>
   </trkpt>
   <trkpt lat="48.3097780" lon="-70.3305080">
    <ele>151.2</ele>
   </trkpt>
   <trkpt lat="48.3097810" lon="-70.3305190">
    <ele>151.0</ele>
   </trkpt>
   <trkpt lat="48.3097870" lon="-70.3305320">
    <ele>150.9</ele>
   </trkpt>
   <trkpt lat="48.3097920" lon="-70.3305480">
    <ele>150.7</ele>
   </trkpt>
   <trkpt lat="48.3097960" lon="-70.3305680">
    <ele>150.5</ele>
   </trkpt>
   <trkpt lat="48.3098010" lon="-70.3305830">
    <ele>150.3</ele>
   </trkpt>
   <trkpt lat="48.3098050" lon="-70.3306060">
    <ele>150.0</ele>
   </trkpt>
   <trkpt lat="48.3098010" lon="-70.3306180">
    <ele>149.9</ele>
   </trkpt>
   <trkpt lat="48.3098030" lon="-70.3306320">
    <ele>149.7</ele>
   </trkpt>
   <trkpt lat="48.3098040" lon="-70.3306530">
    <ele>149.5</ele>
   </trkpt>
   <trkpt lat="48.3097980" lon="-70.3306680">
    <ele>149.3</ele>
   </trkpt>
   <trkpt lat="48.3097970" lon="-70.3306840">
    <ele>149.1</ele>
   </trkpt>
   <trkpt lat="48.3097960" lon="-70.3307080">
    <ele>148.8</ele>
   </trkpt>
   <trkpt lat="48.3097910" lon="-70.3307200">
    <ele>148.6</ele>
   </trkpt>
   <trkpt lat="48.3097880" lon="-70.3307360">
    <ele>148.4</ele>
   </trkpt>
   <trkpt lat="48.3097890" lon="-70.3307530">
    <ele>148.2</ele>
   </trkpt>
   <trkpt lat="48.3097860" lon="-70.3307730">
    <ele>148.0</ele>
   </trkpt>
   <trkpt lat="48.3097840" lon="-70.3307830">
    <ele>147.8</ele>
   </trkpt>
   <trkpt lat="48.3097800" lon="-70.3308030">
    <ele>147.5</ele>
   </trkpt>
   <trkpt lat="48.3097750" lon="-70.3308030">
    <ele>147.4</ele>
   </trkpt>
   <trkpt lat="48.3097700" lon="-70.3308140">
    <ele>147.3</ele>
   </trkpt>
   <trkpt lat="48.3097680" lon="-70.3308270">
    <ele>147.1</ele>
   </trkpt>
   <trkpt lat="48.3097670" lon="-70.3308390">
    <ele>146.9</ele>
   </trkpt>
   <trkpt lat="48.3097610" lon="-70.3308580">
    <ele>146.6</ele>
   </trkpt>
   <trkpt lat="48.3097620" lon="-70.3308600">
    <ele>146.6</ele>
   </trkpt>
   <trkpt lat="48.3097580" lon="-70.3308660">
    <ele>146.5</ele>
   </trkpt>
   <trkpt lat="48.3097520" lon="-70.3308700">
    <ele>146.3</ele>
   </trkpt>
   <trkpt lat="48.3097470" lon="-70.3308670">
    <ele>146.2</ele>
   </trkpt>
   <trkpt lat="48.3097400" lon="-70.3308620">
    <ele>146.0</ele>
   </trkpt>
   <trkpt lat="48.3097360" lon="-70.3308590">
    <ele>145.9</ele>
   </trkpt>
   <trkpt lat="48.3097380" lon="-70.3308600">
    <ele>145.9</ele>
   </trkpt>
   <trkpt lat="48.3097380" lon="-70.3308400">
    <ele>145.6</ele>
   </trkpt>
   <trkpt lat="48.3097390" lon="-70.3308210">
    <ele>145.3</ele>
   </trkpt>
   <trkpt lat="48.3097450" lon="-70.3308080">
    <ele>145.1</ele>
   </trkpt>
   <trkpt lat="48.3097440" lon="-70.3307970">
    <ele>144.9</ele>
   </trkpt>
   <trkpt lat="48.3097430" lon="-70.3307930">
    <ele>144.8</ele>
   </trkpt>
   <trkpt lat="48.3097430" lon="-70.3307870">
    <ele>144.7</ele>
   </trkpt>
   <trkpt lat="48.3097450" lon="-70.3307800">
    <ele>144.6</ele>
   </trkpt>
   <trkpt lat="48.3097460" lon="-70.3307830">
    <ele>144.5</ele>
   </trkpt>
   <trkpt lat="48.3097470" lon="-70.3307750">
    <ele>144.4</ele>
   </trkpt>
   <trkpt lat="48.3097430" lon="-70.3307690">
    <ele>144.2</ele>
   </trkpt>
   <trkpt lat="48.3097430" lon="-70.3307580">
    <ele>144.0</ele>
   </trkpt>
   <trkpt lat="48.3097460" lon="-70.3307520">
    <ele>143.9</ele>
   </trkpt>
   <trkpt lat="48.3097480" lon="-70.3307470">
    <ele>143.8</ele>
   </trkpt>
   <trkpt lat="48.3097430" lon="-70.3307440">
    <ele>143.7</ele>
   </trkpt>
   <trkpt lat="48.3097450" lon="-70.3307420">
    <ele>143.6</ele>
   </trkpt>
   <trkpt lat="48.3097440" lon="-70.3307390">
    <ele>143.6</ele>
   </trkpt>
   <trkpt lat="48.3097360" lon="-70.3307400">
    <ele>143.3</ele>
   </trkpt>
   <trkpt lat="48.3097290" lon="-70.3307400">
    <ele>143.2</ele>
   </trkpt>
   <trkpt lat="48.3097280" lon="-70.3307410">
    <ele>143.1</ele>
   </trkpt>
   <trkpt lat="48.3097240" lon="-70.3307460">
    <ele>143.0</ele>
   </trkpt>
   <trkpt lat="48.3097230" lon="-70.3307440">
    <ele>142.9</ele>
   </trkpt>
   <trkpt lat="48.3097170" lon="-70.3307370">
    <ele>142.7</ele>
   </trkpt>
   <trkpt lat="48.3097150" lon="-70.3307380">
    <ele>142.7</ele>
   </trkpt>
   <trkpt lat="48.3097110" lon="-70.3307380">
    <ele>142.6</ele>
   </trkpt>
   <trkpt lat="48.3097060" lon="-70.3307350">
    <ele>142.4</ele>
   </trkpt>
   <trkpt lat="48.3097030" lon="-70.3307330">
    <ele>142.3</ele>
   </trkpt>
   <trkpt lat="48.3097010" lon="-70.3307260">
    <ele>142.2</ele>
   </trkpt>
   <trkpt lat="48.3096950" lon="-70.3307280">
    <ele>142.0</ele>
   </trkpt>
   <trkpt lat="48.3096940" lon="-70.3307240">
    <ele>141.9</ele>
   </trkpt>
   <trkpt lat="48.3096900" lon="-70.3307190">
    <ele>141.8</ele>
   </trkpt>
   <trkpt lat="48.3096880" lon="-70.3307150">
    <ele>141.7</ele>
   </trkpt>
   <trkpt lat="48.3096850" lon="-70.3307130">
    <ele>141.6</ele>
   </trkpt>
   <trkpt lat="48.3096800" lon="-70.3307080">
    <ele>141.4</ele>
   </trkpt>
   <trkpt lat="48.3096730" lon="-70.3307060">
    <ele>141.2</ele>
   </trkpt>
   <trkpt lat="48.3096770" lon="-70.3306980">
    <ele>141.1</ele>
   </trkpt>
   <trkpt lat="48.3096780" lon="-70.3307020">
    <ele>141.0</ele>
   </trkpt>
   <trkpt lat="48.3096700" lon="-70.3306940">
    <ele>140.7</ele>
   </trkpt>
   <trkpt lat="48.3096680" lon="-70.3306890">
    <ele>140.6</ele>
   </trkpt>
   <trkpt lat="48.3096690" lon="-70.3306910">
    <ele>140.6</ele>
   </trkpt>
   <trkpt lat="48.3096650" lon="-70.3306810">
    <ele>140.4</ele>
   </trkpt>
   <trkpt lat="48.3096650" lon="-70.3306800">
    <ele>140.3</ele>
   </trkpt>
   <trkpt lat="48.3096620" lon="-70.3306770">
    <ele>140.2</ele>
   </trkpt>
   <trkpt lat="48.3096540" lon="-70.3306770">
    <ele>140.0</ele>
   </trkpt>
   <trkpt lat="48.3096530" lon="-70.3306710">
    <ele>139.9</ele>
   </trkpt>
   <trkpt lat="48.3096530" lon="-70.3306650">
    <ele>139.8</ele>
   </trkpt>
   <trkpt lat="48.3096470" lon="-70.3306650">
    <ele>139.6</ele>
   </trkpt>
   <trkpt lat="48.3096460" lon="-70.3306550">
    <ele>139.4</ele>
   </trkpt>
   <trkpt lat="48.3096470" lon="-70.3306400">
    <ele>139.2</ele>
   </trkpt>
   <trkpt lat="48.3096450" lon="-70.3306390">
    <ele>139.1</ele>
   </trkpt>
   <trkpt lat="48.3096410" lon="-70.3306390">
    <ele>139.0</ele>
   </trkpt>
   <trkpt lat="48.3096350" lon="-70.3306360">
    <ele>138.8</ele>
   </trkpt>
   <trkpt lat="48.3096320" lon="-70.3306310">
    <ele>138.7</ele>
   </trkpt>
   <trkpt lat="48.3096300" lon="-70.3306310">
    <ele>138.7</ele>
   </trkpt>
   <trkpt lat="48.3096300" lon="-70.3306270">
    <ele>138.6</ele>
   </trkpt>
   <trkpt lat="48.3096310" lon="-70.3306230">
    <ele>138.5</ele>
   </trkpt>
   <trkpt lat="48.3096260" lon="-70.3306210">
    <ele>138.4</ele>
   </trkpt>
   <trkpt lat="48.3096190" lon="-70.3306180">
    <ele>138.2</ele>
   </trkpt>
   <trkpt lat="48.3096210" lon="-70.3306150">
    <ele>138.1</ele>
   </trkpt>
   <trkpt lat="48.3096200" lon="-70.3306150">
    <ele>138.1</ele>
   </trkpt>
   <trkpt lat="48.3096210" lon="-70.3306090">
    <ele>137.9</ele>
   </trkpt>
   <trkpt lat="48.3096160" lon="-70.3306100">
    <ele>137.8</ele>
   </trkpt>
   <trkpt lat="48.3096150" lon="-70.3306090">
    <ele>137.8</ele>
   </trkpt>
   <trkpt lat="48.3096130" lon="-70.3306160">
    <ele>137.6</ele>
   </trkpt>
   <trkpt lat="48.3096110" lon="-70.3306130">
    <ele>137.6</ele>
   </trkpt>
   <trkpt lat="48.3096080" lon="-70.3306110">
    <ele>137.5</ele>
   </trkpt>
   <trkpt lat="48.3096070" lon="-70.3306100">
    <ele>137.4</ele>
   </trkpt>
   <trkpt lat="48.3096020" lon="-70.3306080">
    <ele>137.3</ele>
   </trkpt>
   <trkpt lat="48.3095960" lon="-70.3306110">
    <ele>137.1</ele>
   </trkpt>
   <trkpt lat="48.3095930" lon="-70.3306090">
    <ele>137.0</ele>
   </trkpt>
   <trkpt lat="48.3095910" lon="-70.3306100">
    <ele>137.0</ele>
   </trkpt>
   <trkpt lat="48.3095910" lon="-70.3306100">
    <ele>137.0</ele>
   </trkpt>
   <trkpt lat="48.3095930" lon="-70.3306060">
    <ele>136.9</ele>
   </trkpt>
   <trkpt lat="48.3095900" lon="-70.3306060">
    <ele>136.8</ele>
   </trkpt>
   <trkpt lat="48.3095910" lon="-70.3306100">
    <ele>136.7</ele>
   </trkpt>
   <trkpt lat="48.3095870" lon="-70.3306040">
    <ele>136.6</ele>
   </trkpt>
   <trkpt lat="48.3095850" lon="-70.3306030">
    <ele>136.5</ele>
   </trkpt>
   <trkpt lat="48.3095850" lon="-70.3306030">
    <ele>136.5</ele>
   </trkpt>
   <trkpt lat="48.3095830" lon="-70.3306020">
    <ele>136.4</ele>
   </trkpt>
   <trkpt lat="48.3095830" lon="-70.3306020">
    <ele>136.4</ele>
   </trkpt>
   <trkpt lat="48.3095800" lon="-70.3306000">
    <ele>136.4</ele>
   </trkpt>
   <trkpt lat="48.3095780" lon="-70.3306010">
    <ele>136.3</ele>
   </trkpt>
   <trkpt lat="48.3095810" lon="-70.3306030">
    <ele>136.2</ele>
   </trkpt>
   <trkpt lat="48.3095780" lon="-70.3306010">
    <ele>136.1</ele>
   </trkpt>
   <trkpt lat="48.3095780" lon="-70.3305960">
    <ele>136.0</ele>
   </trkpt>
   <trkpt lat="48.3095800" lon="-70.3305920">
    <ele>135.9</ele>
   </trkpt>
   <trkpt lat="48.3095760" lon="-70.3305970">
    <ele>135.8</ele>
   </trkpt>
   <trkpt lat="48.3095770" lon="-70.3305920">
    <ele>135.7</ele>
   </trkpt>
   <trkpt lat="48.3095770" lon="-70.3305900">
    <ele>135.7</ele>
   </trkpt>
   <trkpt lat="48.3095780" lon="-70.3305870">
    <ele>135.6</ele>
   </trkpt>
   <trkpt lat="48.3095780" lon="-70.3305850">
    <ele>135.6</ele>
   </trkpt>
   <trkpt lat="48.3095810" lon="-70.3305880">
    <ele>135.5</ele>
   </trkpt>
   <trkpt lat="48.3095830" lon="-70.3305850">
    <ele>135.4</ele>
   </trkpt>
   <trkpt lat="48.3095840" lon="-70.3305860">
    <ele>135.3</ele>
   </trkpt>
   <trkpt lat="48.3095860" lon="-70.3305810">
    <ele>135.2</ele>
   </trkpt>
   <trkpt lat="48.3095820" lon="-70.3305760">
    <ele>135.1</ele>
   </trkpt>
   <trkpt lat="48.3095790" lon="-70.3305780">
    <ele>135.0</ele>
   </trkpt>
   <trkpt lat="48.3095750" lon="-70.3305720">
    <ele>134.9</ele>
   </trkpt>
   <trkpt lat="48.3095810" lon="-70.3305660">
    <ele>134.7</ele>
   </trkpt>
   <trkpt lat="48.3095810" lon="-70.3305610">
    <ele>134.6</ele>
   </trkpt>
   <trkpt lat="48.3095840" lon="-70.3305560">
    <ele>134.4</ele>
   </trkpt>
   <trkpt lat="48.3095840" lon="-70.3305580">
    <ele>134.4</ele>
   </trkpt>
   <trkpt lat="48.3095810" lon="-70.3305540">
    <ele>134.3</ele>
   </trkpt>
   <trkpt lat="48.3095770" lon="-70.3305640">
    <ele>134.1</ele>
   </trkpt>
   <trkpt lat="48.3095730" lon="-70.3305680">
    <ele>134.0</ele>
   </trkpt>
   <trkpt lat="48.3095810" lon="-70.3305940">
    <ele>133.4</ele>
   </trkpt>
   <trkpt lat="48.3095720" lon="-70.3305990">
    <ele>133.2</ele>
   </trkpt>
   <trkpt lat="48.3095560" lon="-70.3305980">
    <ele>132.8</ele>
   </trkpt>
   <trkpt lat="48.3095550" lon="-70.3306070">
    <ele>132.6</ele>
   </trkpt>
   <trkpt lat="48.3095560" lon="-70.3306120">
    <ele>132.5</ele>
   </trkpt>
   <trkpt lat="48.3095530" lon="-70.3306180">
    <ele>132.4</ele>
   </trkpt>
   <trkpt lat="48.3095510" lon="-70.3306210">
    <ele>132.3</ele>
   </trkpt>
   <trkpt lat="48.3095440" lon="-70.3306280">
    <ele>132.1</ele>
   </trkpt>
   <trkpt lat="48.3095430" lon="-70.3306330">
    <ele>132.0</ele>
   </trkpt>
   <trkpt lat="48.3095450" lon="-70.3306440">
    <ele>131.8</ele>
   </trkpt>
   <trkpt lat="48.3095500" lon="-70.3306540">
    <ele>131.5</ele>
   </trkpt>
   <trkpt lat="48.3095500" lon="-70.3306670">
    <ele>131.3</ele>
   </trkpt>
   <trkpt lat="48.3095490" lon="-70.3306770">
    <ele>131.1</ele>
   </trkpt>
   <trkpt lat="48.3095480" lon="-70.3306820">
    <ele>131.0</ele>
   </trkpt>
   <trkpt lat="48.3095480" lon="-70.3306890">
    <ele>130.9</ele>
   </trkpt>
   <trkpt lat="48.3095490" lon="-70.3306990">
    <ele>130.7</ele>
   </trkpt>
   <trkpt lat="48.3095490" lon="-70.3307050">
    <ele>130.6</ele>
   </trkpt>
   <trkpt lat="48.3095460" lon="-70.3307170">
    <ele>130.4</ele>
   </trkpt>
   <trkpt lat="48.3095460" lon="-70.3307230">
    <ele>130.3</ele>
   </trkpt>
   <trkpt lat="48.3095440" lon="-70.3307390">
    <ele>130.0</ele>
   </trkpt>
   <trkpt lat="48.3095460" lon="-70.3307500">
    <ele>129.9</ele>
   </trkpt>
   <trkpt lat="48.3095480" lon="-70.3307480">
    <ele>129.8</ele>
   </trkpt>
   <trkpt lat="48.3095480" lon="-70.3307650">
    <ele>129.5</ele>
   </trkpt>
   <trkpt lat="48.3095580" lon="-70.3307860">
    <ele>129.1</ele>
   </trkpt>
   <trkpt lat="48.3095580" lon="-70.3307770">
    <ele>128.9</ele>
   </trkpt>
   <trkpt lat="48.3095580" lon="-70.3307750">
    <ele>128.9</ele>
   </trkpt>
   <trkpt lat="48.3095570" lon="-70.3307810">
    <ele>128.8</ele>
   </trkpt>
   <trkpt lat="48.3095540" lon="-70.3307890">
    <ele>128.7</ele>
   </trkpt>
   <trkpt lat="48.3095470" lon="-70.3307940">
    <ele>128.5</ele>
   </trkpt>
   <trkpt lat="48.3095500" lon="-70.3307970">
    <ele>128.4</ele>
   </trkpt>
   <trkpt lat="48.3095500" lon="-70.3307980">
    <ele>128.4</ele>
   </trkpt>
   <trkpt lat="48.3095500" lon="-70.3307990">
    <ele>128.4</ele>
   </trkpt>
   <trkpt lat="48.3095470" lon="-70.3308050">
    <ele>128.3</ele>
   </trkpt>
   <trkpt lat="48.3095470" lon="-70.3308050">
    <ele>128.3</ele>
   </trkpt>
   <trkpt lat="48.3095470" lon="-70.3308050">
    <ele>128.3</ele>
   </trkpt>
   <trkpt lat="48.3095470" lon="-70.3308050">
    <ele>128.3</ele>
   </trkpt>
   <trkpt lat="48.3095470" lon="-70.3308050">
    <ele>128.3</ele>
   </trkpt>
   <trkpt lat="48.3095430" lon="-70.3308100">
    <ele>128.1</ele>
   </trkpt>
   <trkpt lat="48.3095420" lon="-70.3308110">
    <ele>128.1</ele>
   </trkpt>
   <trkpt lat="48.3095410" lon="-70.3308070">
    <ele>128.0</ele>
   </trkpt>
   <trkpt lat="48.3095300" lon="-70.3307980">
    <ele>127.7</ele>
   </trkpt>
   <trkpt lat="48.3095290" lon="-70.3307930">
    <ele>127.7</ele>
   </trkpt>
   <trkpt lat="48.3095410" lon="-70.3307930">
    <ele>127.4</ele>
   </trkpt>
   <trkpt lat="48.3095380" lon="-70.3307920">
    <ele>127.3</ele>
   </trkpt>
   <trkpt lat="48.3095320" lon="-70.3307950">
    <ele>127.2</ele>
   </trkpt>
   <trkpt lat="48.3095300" lon="-70.3307960">
    <ele>127.1</ele>
   </trkpt>
   <trkpt lat="48.3095270" lon="-70.3307980">
    <ele>127.1</ele>
   </trkpt>
   <trkpt lat="48.3095250" lon="-70.3307950">
    <ele>127.0</ele>
   </trkpt>
   <trkpt lat="48.3095230" lon="-70.3307910">
    <ele>126.9</ele>
   </trkpt>
   <trkpt lat="48.3095190" lon="-70.3307940">
    <ele>126.8</ele>
   </trkpt>
   <trkpt lat="48.3095210" lon="-70.3307910">
    <ele>126.8</ele>
   </trkpt>
   <trkpt lat="48.3095180" lon="-70.3307860">
    <ele>126.7</ele>
   </trkpt>
   <trkpt lat="48.3095130" lon="-70.3307820">
    <ele>126.6</ele>
   </trkpt>
   <trkpt lat="48.3095170" lon="-70.3307830">
    <ele>126.5</ele>
   </trkpt>
   <trkpt lat="48.3095180" lon="-70.3307790">
    <ele>126.4</ele>
   </trkpt>
   <trkpt lat="48.3095170" lon="-70.3307750">
    <ele>126.3</ele>
   </trkpt>
   <trkpt lat="48.3095180" lon="-70.3307740">
    <ele>126.3</ele>
   </trkpt>
   <trkpt lat="48.3095170" lon="-70.3307710">
    <ele>126.3</ele>
   </trkpt>
   <trkpt lat="48.3095160" lon="-70.3307700">
    <ele>126.3</ele>
   </trkpt>
   <trkpt lat="48.3095160" lon="-70.3307700">
    <ele>126.3</ele>
   </trkpt>
   <trkpt lat="48.3095090" lon="-70.3307730">
    <ele>126.1</ele>
   </trkpt>
   <trkpt lat="48.3095040" lon="-70.3307690">
    <ele>126.0</ele>
   </trkpt>
   <trkpt lat="48.3095040" lon="-70.3307690">
    <ele>126.0</ele>
   </trkpt>
   <trkpt lat="48.3095040" lon="-70.3307690">
    <ele>126.0</ele>
   </trkpt>
   <trkpt lat="48.3095040" lon="-70.3307690">
    <ele>126.0</ele>
   </trkpt>
   <trkpt lat="48.3095060" lon="-70.3307610">
    <ele>125.9</ele>
   </trkpt>
   <trkpt lat="48.3095060" lon="-70.3307610">
    <ele>125.9</ele>
   </trkpt>
   <trkpt lat="48.3095060" lon="-70.3307610">
    <ele>125.9</ele>
   </trkpt>
   <trkpt lat="48.3095020" lon="-70.3307560">
    <ele>125.8</ele>
   </trkpt>
   <trkpt lat="48.3095000" lon="-70.3307550">
    <ele>125.7</ele>
   </trkpt>
   <trkpt lat="48.3094980" lon="-70.3307520">
    <ele>125.7</ele>
   </trkpt>
   <trkpt lat="48.3094880" lon="-70.3307600">
    <ele>125.4</ele>
   </trkpt>
   <trkpt lat="48.3094860" lon="-70.3307630">
    <ele>125.4</ele>
   </trkpt>
   <trkpt lat="48.3094840" lon="-70.3307600">
    <ele>125.3</ele>
   </trkpt>
   <trkpt lat="48.3094860" lon="-70.3307640">
    <ele>125.2</ele>
   </trkpt>
   <trkpt lat="48.3094840" lon="-70.3307640">
    <ele>125.2</ele>
   </trkpt>
   <trkpt lat="48.3094840" lon="-70.3307630">
    <ele>125.2</ele>
   </trkpt>
   <trkpt lat="48.3094880" lon="-70.3307620">
    <ele>125.1</ele>
   </trkpt>
   <trkpt lat="48.3094880" lon="-70.3307610">
    <ele>125.1</ele>
   </trkpt>
   <trkpt lat="48.3094890" lon="-70.3307590">
    <ele>125.1</ele>
   </trkpt>
   <trkpt lat="48.3094880" lon="-70.3307590">
    <ele>125.0</ele>
   </trkpt>
   <trkpt lat="48.3094850" lon="-70.3307660">
    <ele>124.9</ele>
   </trkpt>
   <trkpt lat="48.3094830" lon="-70.3307740">
    <ele>124.8</ele>
   </trkpt>
   <trkpt lat="48.3094820" lon="-70.3307740">
    <ele>124.8</ele>
   </trkpt>
   <trkpt lat="48.3094780" lon="-70.3307840">
    <ele>124.6</ele>
   </trkpt>
   <trkpt lat="48.3094770" lon="-70.3307910">
    <ele>124.5</ele>
   </trkpt>
   <trkpt lat="48.3094780" lon="-70.3307880">
    <ele>124.5</ele>
   </trkpt>
   <trkpt lat="48.3094770" lon="-70.3307990">
    <ele>124.3</ele>
   </trkpt>
   <trkpt lat="48.3094780" lon="-70.3308030">
    <ele>124.3</ele>
   </trkpt>
   <trkpt lat="48.3094760" lon="-70.3308040">
    <ele>124.2</ele>
   </trkpt>
   <trkpt lat="48.3094700" lon="-70.3308090">
    <ele>124.1</ele>
   </trkpt>
   <trkpt lat="48.3094670" lon="-70.3308220">
    <ele>123.9</ele>
   </trkpt>
   <trkpt lat="48.3094690" lon="-70.3308330">
    <ele>123.8</ele>
   </trkpt>
   <trkpt lat="48.3094690" lon="-70.3308380">
    <ele>123.7</ele>
   </trkpt>
   <trkpt lat="48.3094660" lon="-70.3308460">
    <ele>123.6</ele>
   </trkpt>
   <trkpt lat="48.3094630" lon="-70.3308540">
    <ele>123.4</ele>
   </trkpt>
   <trkpt lat="48.3094590" lon="-70.3308690">
    <ele>123.2</ele>
   </trkpt>
   <trkpt lat="48.3094620" lon="-70.3308750">
    <ele>123.1</ele>
   </trkpt>
   <trkpt lat="48.3094590" lon="-70.3308930">
    <ele>122.9</ele>
   </trkpt>
   <trkpt lat="48.3094560" lon="-70.3309050">
    <ele>122.7</ele>
   </trkpt>
   <trkpt lat="48.3094620" lon="-70.3309080">
    <ele>122.6</ele>
   </trkpt>
   <trkpt lat="48.3094610" lon="-70.3309060">
    <ele>122.5</ele>
   </trkpt>
   <trkpt lat="48.3094600" lon="-70.3309140">
    <ele>122.4</ele>
   </trkpt>
   <trkpt lat="48.3094600" lon="-70.3309250">
    <ele>122.3</ele>
   </trkpt>
   <trkpt lat="48.3094580" lon="-70.3309340">
    <ele>122.1</ele>
   </trkpt>
   <trkpt lat="48.3094550" lon="-70.3309350">
    <ele>122.1</ele>
   </trkpt>
   <trkpt lat="48.3094530" lon="-70.3309450">
    <ele>121.9</ele>
   </trkpt>
   <trkpt lat="48.3094520" lon="-70.3309470">
    <ele>121.9</ele>
   </trkpt>
   <trkpt lat="48.3094490" lon="-70.3309560">
    <ele>121.8</ele>
   </trkpt>
   <trkpt lat="48.3094480" lon="-70.3309650">
    <ele>121.6</ele>
   </trkpt>
   <trkpt lat="48.3094450" lon="-70.3309720">
    <ele>121.5</ele>
   </trkpt>
   <trkpt lat="48.3094380" lon="-70.3309730">
    <ele>121.4</ele>
   </trkpt>
   <trkpt lat="48.3094370" lon="-70.3309750">
    <ele>121.3</ele>
   </trkpt>
   <trkpt lat="48.3094340" lon="-70.3309820">
    <ele>121.2</ele>
   </trkpt>
   <trkpt lat="48.3094320" lon="-70.3309900">
    <ele>121.1</ele>
   </trkpt>
   <trkpt lat="48.3094290" lon="-70.3309990">
    <ele>121.0</ele>
   </trkpt>
   <trkpt lat="48.3094270" lon="-70.3310010">
    <ele>120.9</ele>
   </trkpt>
   <trkpt lat="48.3094200" lon="-70.3310090">
    <ele>120.7</ele>
   </trkpt>
   <trkpt lat="48.3094190" lon="-70.3310070">
    <ele>120.7</ele>
   </trkpt>
   <trkpt lat="48.3094150" lon="-70.3310160">
    <ele>120.6</ele>
   </trkpt>
   <trkpt lat="48.3094070" lon="-70.3310220">
    <ele>120.4</ele>
   </trkpt>
   <trkpt lat="48.3094030" lon="-70.3310300">
    <ele>120.2</ele>
   </trkpt>
   <trkpt lat="48.3094020" lon="-70.3310360">
    <ele>120.1</ele>
   </trkpt>
   <trkpt lat="48.3094000" lon="-70.3310340">
    <ele>120.1</ele>
   </trkpt>
   <trkpt lat="48.3093980" lon="-70.3310390">
    <ele>120.0</ele>
   </trkpt>
   <trkpt lat="48.3093920" lon="-70.3310400">
    <ele>119.9</ele>
   </trkpt>
   <trkpt lat="48.3093890" lon="-70.3310500">
    <ele>119.7</ele>
   </trkpt>
   <trkpt lat="48.3093700" lon="-70.3310500">
    <ele>119.3</ele>
   </trkpt>
   <trkpt lat="48.3093640" lon="-70.3310550">
    <ele>119.2</ele>
   </trkpt>
   <trkpt lat="48.3093690" lon="-70.3310550">
    <ele>119.1</ele>
   </trkpt>
   <trkpt lat="48.3093610" lon="-70.3310590">
    <ele>118.9</ele>
   </trkpt>
   <trkpt lat="48.3093550" lon="-70.3310610">
    <ele>118.8</ele>
   </trkpt>
   <trkpt lat="48.3093500" lon="-70.3310640">
    <ele>118.7</ele>
   </trkpt>
   <trkpt lat="48.3093480" lon="-70.3310630">
    <ele>118.6</ele>
   </trkpt>
   <trkpt lat="48.3093500" lon="-70.3310640">
    <ele>118.6</ele>
   </trkpt>
   <trkpt lat="48.3093490" lon="-70.3310680">
    <ele>118.5</ele>
   </trkpt>
   <trkpt lat="48.3093440" lon="-70.3310680">
    <ele>118.4</ele>
   </trkpt>
   <trkpt lat="48.3093360" lon="-70.3310740">
    <ele>118.2</ele>
   </trkpt>
   <trkpt lat="48.3093290" lon="-70.3310770">
    <ele>118.1</ele>
   </trkpt>
   <trkpt lat="48.3093240" lon="-70.3310820">
    <ele>118.0</ele>
   </trkpt>
   <trkpt lat="48.3093260" lon="-70.3310840">
    <ele>117.9</ele>
   </trkpt>
   <trkpt lat="48.3093230" lon="-70.3310870">
    <ele>117.8</ele>
   </trkpt>
   <trkpt lat="48.3093220" lon="-70.3310890">
    <ele>117.8</ele>
   </trkpt>
   <trkpt lat="48.3093160" lon="-70.3310910">
    <ele>117.7</ele>
   </trkpt>
   <trkpt lat="48.3093100" lon="-70.3310960">
    <ele>117.5</ele>
   </trkpt>
   <trkpt lat="48.3093050" lon="-70.3311020">
    <ele>117.4</ele>
   </trkpt>
   <trkpt lat="48.3092960" lon="-70.3311050">
    <ele>117.2</ele>
   </trkpt>
   <trkpt lat="48.3092850" lon="-70.3311170">
    <ele>116.9</ele>
   </trkpt>
   <trkpt lat="48.3092830" lon="-70.3311150">
    <ele>116.9</ele>
   </trkpt>
   <trkpt lat="48.3092810" lon="-70.3311170">
    <ele>116.8</ele>
   </trkpt>
   <trkpt lat="48.3092740" lon="-70.3311280">
    <ele>116.6</ele>
   </trkpt>
   <trkpt lat="48.3092700" lon="-70.3311330">
    <ele>116.5</ele>
   </trkpt>
   <trkpt lat="48.3092600" lon="-70.3311320">
    <ele>116.3</ele>
   </trkpt>
   <trkpt lat="48.3092520" lon="-70.3311440">
    <ele>116.0</ele>
   </trkpt>
   <trkpt lat="48.3092460" lon="-70.3311490">
    <ele>115.9</ele>
   </trkpt>
   <trkpt lat="48.3092400" lon="-70.3311520">
    <ele>115.7</ele>
   </trkpt>
   <trkpt lat="48.3092330" lon="-70.3311620">
    <ele>115.5</ele>
   </trkpt>
   <trkpt lat="48.3092400" lon="-70.3311610">
    <ele>115.4</ele>
   </trkpt>
   <trkpt lat="48.3092370" lon="-70.3311700">
    <ele>115.2</ele>
   </trkpt>
   <trkpt lat="48.3092340" lon="-70.3311690">
    <ele>115.2</ele>
   </trkpt>
   <trkpt lat="48.3092260" lon="-70.3311750">
    <ele>115.0</ele>
   </trkpt>
   <trkpt lat="48.3092230" lon="-70.3311880">
    <ele>114.8</ele>
   </trkpt>
   <trkpt lat="48.3092240" lon="-70.3311910">
    <ele>114.7</ele>
   </trkpt>
   <trkpt lat="48.3092240" lon="-70.3312000">
    <ele>114.6</ele>
   </trkpt>
   <trkpt lat="48.3092170" lon="-70.3312110">
    <ele>114.3</ele>
   </trkpt>
   <trkpt lat="48.3092170" lon="-70.3312210">
    <ele>114.2</ele>
   </trkpt>
   <trkpt lat="48.3092130" lon="-70.3312270">
    <ele>114.1</ele>
   </trkpt>
   <trkpt lat="48.3092100" lon="-70.3312320">
    <ele>113.9</ele>
   </trkpt>
   <trkpt lat="48.3092070" lon="-70.3312370">
    <ele>113.8</ele>
   </trkpt>
   <trkpt lat="48.3092070" lon="-70.3312390">
    <ele>113.8</ele>
   </trkpt>
   <trkpt lat="48.3092100" lon="-70.3312530">
    <ele>113.6</ele>
   </trkpt>
   <trkpt lat="48.3092110" lon="-70.3312610">
    <ele>113.4</ele>
   </trkpt>
   <trkpt lat="48.3092050" lon="-70.3312670">
    <ele>113.2</ele>
   </trkpt>
   <trkpt lat="48.3092050" lon="-70.3312770">
    <ele>113.1</ele>
   </trkpt>
   <trkpt lat="48.3092050" lon="-70.3312870">
    <ele>112.9</ele>
   </trkpt>
   <trkpt lat="48.3092050" lon="-70.3312950">
    <ele>112.8</ele>
   </trkpt>
   <trkpt lat="48.3092030" lon="-70.3313060">
    <ele>112.6</ele>
   </trkpt>
   <trkpt lat="48.3091980" lon="-70.3313090">
    <ele>112.4</ele>
   </trkpt>
   <trkpt lat="48.3091960" lon="-70.3313180">
    <ele>112.3</ele>
   </trkpt>
   <trkpt lat="48.3091920" lon="-70.3313280">
    <ele>112.1</ele>
   </trkpt>
   <trkpt lat="48.3091860" lon="-70.3313440">
    <ele>111.7</ele>
   </trkpt>
   <trkpt lat="48.3091890" lon="-70.3313560">
    <ele>111.5</ele>
   </trkpt>
   <trkpt lat="48.3091820" lon="-70.3313690">
    <ele>111.2</ele>
   </trkpt>
   <trkpt lat="48.3091800" lon="-70.3313810">
    <ele>110.9</ele>
   </trkpt>
   <trkpt lat="48.3091850" lon="-70.3313900">
    <ele>110.7</ele>
   </trkpt>
   <trkpt lat="48.3091880" lon="-70.3314060">
    <ele>110.4</ele>
   </trkpt>
   <trkpt lat="48.3091900" lon="-70.3314220">
    <ele>110.1</ele>
   </trkpt>
   <trkpt lat="48.3091890" lon="-70.3314340">
    <ele>109.9</ele>
   </trkpt>
   <trkpt lat="48.3091910" lon="-70.3314550">
    <ele>109.5</ele>
   </trkpt>
   <trkpt lat="48.3091870" lon="-70.3314640">
    <ele>109.2</ele>
   </trkpt>
   <trkpt lat="48.3091880" lon="-70.3314790">
    <ele>109.0</ele>
   </trkpt>
   <trkpt lat="48.3091870" lon="-70.3314940">
    <ele>108.7</ele>
   </trkpt>
   <trkpt lat="48.3091870" lon="-70.3315110">
    <ele>108.3</ele>
   </trkpt>
   <trkpt lat="48.3091890" lon="-70.3315220">
    <ele>108.1</ele>
   </trkpt>
   <trkpt lat="48.3091900" lon="-70.3315380">
    <ele>107.8</ele>
   </trkpt>
   <trkpt lat="48.3091880" lon="-70.3315480">
    <ele>107.6</ele>
   </trkpt>
   <trkpt lat="48.3091880" lon="-70.3315600">
    <ele>107.4</ele>
   </trkpt>
   <trkpt lat="48.3091810" lon="-70.3315710">
    <ele>107.1</ele>
   </trkpt>
   <trkpt lat="48.3091770" lon="-70.3315710">
    <ele>107.0</ele>
   </trkpt>
   <trkpt lat="48.3091780" lon="-70.3315770">
    <ele>106.8</ele>
   </trkpt>
   <trkpt lat="48.3091720" lon="-70.3315880">
    <ele>106.6</ele>
   </trkpt>
   <trkpt lat="48.3091680" lon="-70.3316050">
    <ele>106.2</ele>
   </trkpt>
   <trkpt lat="48.3091730" lon="-70.3316120">
    <ele>106.0</ele>
   </trkpt>
   <trkpt lat="48.3091700" lon="-70.3316090">
    <ele>105.9</ele>
   </trkpt>
   <trkpt lat="48.3091680" lon="-70.3316120">
    <ele>105.9</ele>
   </trkpt>
   <trkpt lat="48.3091670" lon="-70.3316180">
    <ele>105.7</ele>
   </trkpt>
   <trkpt lat="48.3091700" lon="-70.3316210">
    <ele>105.6</ele>
   </trkpt>
   <trkpt lat="48.3091700" lon="-70.3316260">
    <ele>105.6</ele>
   </trkpt>
   <trkpt lat="48.3091700" lon="-70.3316260">
    <ele>105.6</ele>
   </trkpt>
   <trkpt lat="48.3091720" lon="-70.3316290">
    <ele>105.5</ele>
   </trkpt>
   <trkpt lat="48.3091750" lon="-70.3316340">
    <ele>105.4</ele>
   </trkpt>
   <trkpt lat="48.3091740" lon="-70.3316310">
    <ele>105.3</ele>
   </trkpt>
   <trkpt lat="48.3091750" lon="-70.3316330">
    <ele>105.2</ele>
   </trkpt>
   <trkpt lat="48.3091780" lon="-70.3316460">
    <ele>105.0</ele>
   </trkpt>
   <trkpt lat="48.3091740" lon="-70.3316410">
    <ele>104.9</ele>
   </trkpt>
   <trkpt lat="48.3091750" lon="-70.3316460">
    <ele>104.8</ele>
   </trkpt>
   <trkpt lat="48.3091730" lon="-70.3316470">
    <ele>104.7</ele>
   </trkpt>
   <trkpt lat="48.3091730" lon="-70.3316510">
    <ele>104.6</ele>
   </trkpt>
   <trkpt lat="48.3091740" lon="-70.3316620">
    <ele>104.4</ele>
   </trkpt>
   <trkpt lat="48.3091710" lon="-70.3316580">
    <ele>104.3</ele>
   </trkpt>
   <trkpt lat="48.3091710" lon="-70.3316620">
    <ele>104.3</ele>
   </trkpt>
   <trkpt lat="48.3091660" lon="-70.3316610">
    <ele>104.1</ele>
   </trkpt>
   <trkpt lat="48.3091640" lon="-70.3316630">
    <ele>104.1</ele>
   </trkpt>
   <trkpt lat="48.3091600" lon="-70.3316640">
    <ele>104.0</ele>
   </trkpt>
   <trkpt lat="48.3091580" lon="-70.3316710">
    <ele>103.8</ele>
   </trkpt>
   <trkpt lat="48.3091570" lon="-70.3316820">
    <ele>103.6</ele>
   </trkpt>
   <trkpt lat="48.3091550" lon="-70.3316770">
    <ele>103.5</ele>
   </trkpt>
   <trkpt lat="48.3091570" lon="-70.3316760">
    <ele>103.5</ele>
   </trkpt>
   <trkpt lat="48.3091540" lon="-70.3316760">
    <ele>103.4</ele>
   </trkpt>
   <trkpt lat="48.3091490" lon="-70.3316820">
    <ele>103.3</ele>
   </trkpt>
   <trkpt lat="48.3091450" lon="-70.3316780">
    <ele>103.1</ele>
   </trkpt>
   <trkpt lat="48.3091430" lon="-70.3316820">
    <ele>103.1</ele>
   </trkpt>
   <trkpt lat="48.3091410" lon="-70.3316870">
    <ele>103.0</ele>
   </trkpt>
   <trkpt lat="48.3091420" lon="-70.3316860">
    <ele>102.9</ele>
   </trkpt>
   <trkpt lat="48.3091390" lon="-70.3316900">
    <ele>102.8</ele>
   </trkpt>
   <trkpt lat="48.3091420" lon="-70.3316920">
    <ele>102.7</ele>
   </trkpt>
   <trkpt lat="48.3091380" lon="-70.3316940">
    <ele>102.6</ele>
   </trkpt>
   <trkpt lat="48.3091370" lon="-70.3316920">
    <ele>102.6</ele>
   </trkpt>
   <trkpt lat="48.3091340" lon="-70.3316920">
    <ele>102.5</ele>
   </trkpt>
   <trkpt lat="48.3091300" lon="-70.3316920">
    <ele>102.4</ele>
   </trkpt>
   <trkpt lat="48.3091270" lon="-70.3316910">
    <ele>102.4</ele>
   </trkpt>
   <trkpt lat="48.3091230" lon="-70.3316980">
    <ele>102.2</ele>
   </trkpt>
   <trkpt lat="48.3091210" lon="-70.3316930">
    <ele>102.1</ele>
   </trkpt>
   <trkpt lat="48.3091210" lon="-70.3316890">
    <ele>102.1</ele>
   </trkpt>
   <trkpt lat="48.3091050" lon="-70.3316910">
    <ele>101.7</ele>
   </trkpt>
   <trkpt lat="48.3091010" lon="-70.3316910">
    <ele>101.6</ele>
   </trkpt>
   <trkpt lat="48.3090980" lon="-70.3316930">
    <ele>101.5</ele>
   </trkpt>
   <trkpt lat="48.3090960" lon="-70.3316960">
    <ele>101.4</ele>
   </trkpt>
   <trkpt lat="48.3090950" lon="-70.3316960">
    <ele>101.4</ele>
   </trkpt>
   <trkpt lat="48.3090940" lon="-70.3316980">
    <ele>101.4</ele>
   </trkpt>
   <trkpt lat="48.3090860" lon="-70.3317000">
    <ele>101.2</ele>
   </trkpt>
   <trkpt lat="48.3090790" lon="-70.3317030">
    <ele>101.0</ele>
   </trkpt>
   <trkpt lat="48.3090730" lon="-70.3317070">
    <ele>100.9</ele>
   </trkpt>
   <trkpt lat="48.3090750" lon="-70.3317050">
    <ele>100.8</ele>
   </trkpt>
   <trkpt lat="48.3090740" lon="-70.3317020">
    <ele>100.8</ele>
   </trkpt>
   <trkpt lat="48.3090740" lon="-70.3317070">
    <ele>100.7</ele>
   </trkpt>
   <trkpt lat="48.3090670" lon="-70.3317010">
    <ele>100.5</ele>
   </trkpt>
   <trkpt lat="48.3090620" lon="-70.3317020">
    <ele>100.4</ele>
   </trkpt>
   <trkpt lat="48.3090630" lon="-70.3317020">
    <ele>100.4</ele>
   </trkpt>
   <trkpt lat="48.3090540" lon="-70.3317030">
    <ele>100.2</ele>
   </trkpt>
   <trkpt lat="48.3090520" lon="-70.3317070">
    <ele>100.1</ele>
   </trkpt>
   <trkpt lat="48.3090470" lon="-70.3317130">
    <ele>99.9</ele>
   </trkpt>
   <trkpt lat="48.3090450" lon="-70.3317170">
    <ele>99.9</ele>
   </trkpt>
   <trkpt lat="48.3090310" lon="-70.3317160">
    <ele>99.6</ele>
   </trkpt>
   <trkpt lat="48.3090260" lon="-70.3317170">
    <ele>99.4</ele>
   </trkpt>
   <trkpt lat="48.3090190" lon="-70.3317230">
    <ele>99.3</ele>
   </trkpt>
   <trkpt lat="48.3090150" lon="-70.3317260">
    <ele>99.2</ele>
   </trkpt>
   <trkpt lat="48.3090120" lon="-70.3317240">
    <ele>99.1</ele>
   </trkpt>
   <trkpt lat="48.3089970" lon="-70.3317340">
    <ele>98.8</ele>
   </trkpt>
   <trkpt lat="48.3089930" lon="-70.3317390">
    <ele>98.7</ele>
   </trkpt>
   <trkpt lat="48.3089900" lon="-70.3317360">
    <ele>98.6</ele>
   </trkpt>
   <trkpt lat="48.3089820" lon="-70.3317310">
    <ele>98.4</ele>
   </trkpt>
   <trkpt lat="48.3089830" lon="-70.3317350">
    <ele>98.3</ele>
   </trkpt>
   <trkpt lat="48.3089770" lon="-70.3317390">
    <ele>98.2</ele>
   </trkpt>
   <trkpt lat="48.3089660" lon="-70.3317430">
    <ele>98.0</ele>
   </trkpt>
   <trkpt lat="48.3089620" lon="-70.3317510">
    <ele>97.9</ele>
   </trkpt>
   <trkpt lat="48.3089580" lon="-70.3317610">
    <ele>97.7</ele>
   </trkpt>
   <trkpt lat="48.3089470" lon="-70.3317660">
    <ele>97.5</ele>
   </trkpt>
   <trkpt lat="48.3089420" lon="-70.3317730">
    <ele>97.3</ele>
   </trkpt>
   <trkpt lat="48.3089370" lon="-70.3317780">
    <ele>97.2</ele>
   </trkpt>
   <trkpt lat="48.3089340" lon="-70.3317850">
    <ele>97.1</ele>
   </trkpt>
   <trkpt lat="48.3089370" lon="-70.3317940">
    <ele>97.0</ele>
   </trkpt>
   <trkpt lat="48.3089310" lon="-70.3318000">
    <ele>96.9</ele>
   </trkpt>
   <trkpt lat="48.3089270" lon="-70.3318110">
    <ele>96.7</ele>
   </trkpt>
   <trkpt lat="48.3089190" lon="-70.3318150">
    <ele>96.6</ele>
   </trkpt>
   <trkpt lat="48.3089090" lon="-70.3318260">
    <ele>96.4</ele>
   </trkpt>
   <trkpt lat="48.3088970" lon="-70.3318210">
    <ele>96.2</ele>
   </trkpt>
   <trkpt lat="48.3088920" lon="-70.3318220">
    <ele>96.1</ele>
   </trkpt>
   <trkpt lat="48.3088870" lon="-70.3318140">
    <ele>96.0</ele>
   </trkpt>
   <trkpt lat="48.3088850" lon="-70.3318100">
    <ele>95.9</ele>
   </trkpt>
   <trkpt lat="48.3088850" lon="-70.3318100">
    <ele>95.9</ele>
   </trkpt>
   <trkpt lat="48.3088800" lon="-70.3318180">
    <ele>95.8</ele>
   </trkpt>
   <trkpt lat="48.3088790" lon="-70.3318210">
    <ele>95.8</ele>
   </trkpt>
   <trkpt lat="48.3088800" lon="-70.3318180">
    <ele>95.8</ele>
   </trkpt>
   <trkpt lat="48.3088850" lon="-70.3318160">
    <ele>95.7</ele>
   </trkpt>
   <trkpt lat="48.3088870" lon="-70.3318150">
    <ele>95.6</ele>
   </trkpt>
   <trkpt lat="48.3088880" lon="-70.3318140">
    <ele>95.6</ele>
   </trkpt>
   <trkpt lat="48.3088850" lon="-70.3318100">
    <ele>95.6</ele>
   </trkpt>
   <trkpt lat="48.3088830" lon="-70.3318110">
    <ele>95.5</ele>
   </trkpt>
   <trkpt lat="48.3088820" lon="-70.3318020">
    <ele>95.4</ele>
   </trkpt>
   <trkpt lat="48.3088840" lon="-70.3318030">
    <ele>95.4</ele>
   </trkpt>
   <trkpt lat="48.3088780" lon="-70.3318030">
    <ele>95.3</ele>
   </trkpt>
   <trkpt lat="48.3088790" lon="-70.3318010">
    <ele>95.3</ele>
   </trkpt>
   <trkpt lat="48.3088780" lon="-70.3317950">
    <ele>95.2</ele>
   </trkpt>
   <trkpt lat="48.3088780" lon="-70.3317850">
    <ele>95.1</ele>
   </trkpt>
   <trkpt lat="48.3088760" lon="-70.3317880">
    <ele>95.1</ele>
   </trkpt>
   <trkpt lat="48.3088740" lon="-70.3317890">
    <ele>95.1</ele>
   </trkpt>
   <trkpt lat="48.3088700" lon="-70.3317850">
    <ele>95.0</ele>
   </trkpt>
   <trkpt lat="48.3088650" lon="-70.3317840">
    <ele>94.9</ele>
   </trkpt>
   <trkpt lat="48.3088610" lon="-70.3317850">
    <ele>94.9</ele>
   </trkpt>
   <trkpt lat="48.3088500" lon="-70.3317840">
    <ele>94.7</ele>
   </trkpt>
   <trkpt lat="48.3088420" lon="-70.3317860">
    <ele>94.6</ele>
   </trkpt>
   <trkpt lat="48.3088340" lon="-70.3317930">
    <ele>94.5</ele>
   </trkpt>
   <trkpt lat="48.3088230" lon="-70.3318070">
    <ele>94.2</ele>
   </trkpt>
   <trkpt lat="48.3088130" lon="-70.3318160">
    <ele>94.1</ele>
   </trkpt>
   <trkpt lat="48.3088070" lon="-70.3318170">
    <ele>94.0</ele>
   </trkpt>
   <trkpt lat="48.3087950" lon="-70.3318300">
    <ele>93.8</ele>
   </trkpt>
   <trkpt lat="48.3087820" lon="-70.3318360">
    <ele>93.6</ele>
   </trkpt>
   <trkpt lat="48.3087730" lon="-70.3318420">
    <ele>93.4</ele>
   </trkpt>
   <trkpt lat="48.3087680" lon="-70.3318460">
    <ele>93.3</ele>
   </trkpt>
   <trkpt lat="48.3087540" lon="-70.3318560">
    <ele>93.1</ele>
   </trkpt>
   <trkpt lat="48.3087450" lon="-70.3318630">
    <ele>92.9</ele>
   </trkpt>
   <trkpt lat="48.3087350" lon="-70.3318750">
    <ele>92.7</ele>
   </trkpt>
   <trkpt lat="48.3087240" lon="-70.3318900">
    <ele>92.5</ele>
   </trkpt>
   <trkpt lat="48.3087230" lon="-70.3318960">
    <ele>92.4</ele>
   </trkpt>
   <trkpt lat="48.3087190" lon="-70.3319020">
    <ele>92.3</ele>
   </trkpt>
   <trkpt lat="48.3087110" lon="-70.3319150">
    <ele>92.1</ele>
   </trkpt>
   <trkpt lat="48.3087020" lon="-70.3319190">
    <ele>91.9</ele>
   </trkpt>
   <trkpt lat="48.3086880" lon="-70.3319300">
    <ele>91.6</ele>
   </trkpt>
   <trkpt lat="48.3086780" lon="-70.3319430">
    <ele>91.3</ele>
   </trkpt>
   <trkpt lat="48.3086700" lon="-70.3319570">
    <ele>91.1</ele>
   </trkpt>
   <trkpt lat="48.3086640" lon="-70.3319650">
    <ele>90.9</ele>
   </trkpt>
   <trkpt lat="48.3086630" lon="-70.3319790">
    <ele>90.7</ele>
   </trkpt>
   <trkpt lat="48.3086490" lon="-70.3319900">
    <ele>90.4</ele>
   </trkpt>
   <trkpt lat="48.3086400" lon="-70.3319950">
    <ele>90.2</ele>
   </trkpt>
   <trkpt lat="48.3086350" lon="-70.3319980">
    <ele>90.1</ele>
   </trkpt>
   <trkpt lat="48.3086320" lon="-70.3319960">
    <ele>90.0</ele>
   </trkpt>
   <trkpt lat="48.3086230" lon="-70.3319930">
    <ele>89.8</ele>
   </trkpt>
   <trkpt lat="48.3086270" lon="-70.3319960">
    <ele>89.7</ele>
   </trkpt>
   <trkpt lat="48.3086270" lon="-70.3320010">
    <ele>89.6</ele>
   </trkpt>
   <trkpt lat="48.3086230" lon="-70.3320020">
    <ele>89.5</ele>
   </trkpt>
   <trkpt lat="48.3086170" lon="-70.3320040">
    <ele>89.4</ele>
   </trkpt>
   <trkpt lat="48.3086150" lon="-70.3320120">
    <ele>89.2</ele>
   </trkpt>
   <trkpt lat="48.3086130" lon="-70.3320100">
    <ele>89.2</ele>
   </trkpt>
   <trkpt lat="48.3086060" lon="-70.3320060">
    <ele>89.0</ele>
   </trkpt>
   <trkpt lat="48.3086040" lon="-70.3320010">
    <ele>88.9</ele>
   </trkpt>
   <trkpt lat="48.3086050" lon="-70.3319920">
    <ele>88.8</ele>
   </trkpt>
   <trkpt lat="48.3086000" lon="-70.3319920">
    <ele>88.6</ele>
   </trkpt>
   <trkpt lat="48.3086010" lon="-70.3319910">
    <ele>88.6</ele>
   </trkpt>
   <trkpt lat="48.3086010" lon="-70.3319880">
    <ele>88.6</ele>
   </trkpt>
   <trkpt lat="48.3086010" lon="-70.3319840">
    <ele>88.5</ele>
   </trkpt>
   <trkpt lat="48.3085980" lon="-70.3319750">
    <ele>88.3</ele>
   </trkpt>
   <trkpt lat="48.3085990" lon="-70.3319680">
    <ele>88.2</ele>
   </trkpt>
   <trkpt lat="48.3085990" lon="-70.3319700">
    <ele>88.2</ele>
   </trkpt>
   <trkpt lat="48.3086000" lon="-70.3319520">
    <ele>87.9</ele>
   </trkpt>
   <trkpt lat="48.3086010" lon="-70.3319510">
    <ele>87.9</ele>
   </trkpt>
   <trkpt lat="48.3086010" lon="-70.3319410">
    <ele>87.7</ele>
   </trkpt>
   <trkpt lat="48.3086020" lon="-70.3319290">
    <ele>87.5</ele>
   </trkpt>
   <trkpt lat="48.3086030" lon="-70.3319250">
    <ele>87.4</ele>
   </trkpt>
   <trkpt lat="48.3086040" lon="-70.3319230">
    <ele>87.4</ele>
   </trkpt>
   <trkpt lat="48.3086000" lon="-70.3319100">
    <ele>87.1</ele>
   </trkpt>
   <trkpt lat="48.3086000" lon="-70.3319040">
    <ele>87.0</ele>
   </trkpt>
   <trkpt lat="48.3086050" lon="-70.3318930">
    <ele>86.8</ele>
   </trkpt>
   <trkpt lat="48.3086010" lon="-70.3318890">
    <ele>86.7</ele>
   </trkpt>
   <trkpt lat="48.3085980" lon="-70.3318850">
    <ele>86.6</ele>
   </trkpt>
   <trkpt lat="48.3085980" lon="-70.3318810">
    <ele>86.5</ele>
   </trkpt>
   <trkpt lat="48.3085890" lon="-70.3318740">
    <ele>86.2</ele>
   </trkpt>
   <trkpt lat="48.3085860" lon="-70.3318740">
    <ele>86.1</ele>
   </trkpt>
   <trkpt lat="48.3085870" lon="-70.3318680">
    <ele>86.0</ele>
   </trkpt>
   <trkpt lat="48.3085780" lon="-70.3318580">
    <ele>85.7</ele>
   </trkpt>
   <trkpt lat="48.3085720" lon="-70.3318540">
    <ele>85.6</ele>
   </trkpt>
   <trkpt lat="48.3085650" lon="-70.3318480">
    <ele>85.4</ele>
   </trkpt>
   <trkpt lat="48.3085560" lon="-70.3318440">
    <ele>85.1</ele>
   </trkpt>
   <trkpt lat="48.3085490" lon="-70.3318390">
    <ele>84.9</ele>
   </trkpt>
   <trkpt lat="48.3085460" lon="-70.3318340">
    <ele>84.8</ele>
   </trkpt>
   <trkpt lat="48.3085390" lon="-70.3318280">
    <ele>84.6</ele>
   </trkpt>
   <trkpt lat="48.3085310" lon="-70.3318260">
    <ele>84.4</ele>
   </trkpt>
   <trkpt lat="48.3085260" lon="-70.3318250">
    <ele>84.2</ele>
   </trkpt>
   <trkpt lat="48.3085170" lon="-70.3318260">
    <ele>84.0</ele>
   </trkpt>
   <trkpt lat="48.3085120" lon="-70.3318240">
    <ele>83.8</ele>
   </trkpt>
   <trkpt lat="48.3085080" lon="-70.3318230">
    <ele>83.7</ele>
   </trkpt>
   <trkpt lat="48.3085030" lon="-70.3318230">
    <ele>83.6</ele>
   </trkpt>
   <trkpt lat="48.3084980" lon="-70.3318270">
    <ele>83.4</ele>
   </trkpt>
   <trkpt lat="48.3084880" lon="-70.3318290">
    <ele>83.2</ele>
   </trkpt>
   <trkpt lat="48.3084760" lon="-70.3318320">
    <ele>82.8</ele>
   </trkpt>
   <trkpt lat="48.3084660" lon="-70.3318380">
    <ele>82.5</ele>
   </trkpt>
   <trkpt lat="48.3084570" lon="-70.3318400">
    <ele>82.3</ele>
   </trkpt>
   <trkpt lat="48.3084440" lon="-70.3318410">
    <ele>81.9</ele>
   </trkpt>
   <trkpt lat="48.3084390" lon="-70.3318440">
    <ele>81.8</ele>
   </trkpt>
   <trkpt lat="48.3084320" lon="-70.3318620">
    <ele>81.4</ele>
   </trkpt>
   <trkpt lat="48.3084240" lon="-70.3318580">
    <ele>81.1</ele>
   </trkpt>
   <trkpt lat="48.3084260" lon="-70.3318620">
    <ele>81.0</ele>
   </trkpt>
   <trkpt lat="48.3084190" lon="-70.3318640">
    <ele>80.9</ele>
   </trkpt>
   <trkpt lat="48.3084090" lon="-70.3318640">
    <ele>80.6</ele>
   </trkpt>
   <trkpt lat="48.3084120" lon="-70.3318660">
    <ele>80.5</ele>
   </trkpt>
   <trkpt lat="48.3084080" lon="-70.3318640">
    <ele>80.4</ele>
   </trkpt>
   <trkpt lat="48.3084020" lon="-70.3318600">
    <ele>80.2</ele>
   </trkpt>
   <trkpt lat="48.3084020" lon="-70.3318600">
    <ele>80.2</ele>
   </trkpt>
   <trkpt lat="48.3083990" lon="-70.3318510">
    <ele>80.0</ele>
   </trkpt>
   <trkpt lat="48.3083960" lon="-70.3318520">
    <ele>79.9</ele>
   </trkpt>
   <trkpt lat="48.3083890" lon="-70.3318500">
    <ele>79.7</ele>
   </trkpt>
   <trkpt lat="48.3083910" lon="-70.3318370">
    <ele>79.5</ele>
   </trkpt>
   <trkpt lat="48.3083790" lon="-70.3318300">
    <ele>79.1</ele>
   </trkpt>
   <trkpt lat="48.3083730" lon="-70.3318290">
    <ele>78.9</ele>
   </trkpt>
   <trkpt lat="48.3083650" lon="-70.3318310">
    <ele>78.7</ele>
   </trkpt>
   <trkpt lat="48.3083650" lon="-70.3318290">
    <ele>78.7</ele>
   </trkpt>
   <trkpt lat="48.3083610" lon="-70.3318270">
    <ele>78.6</ele>
   </trkpt>
   <trkpt lat="48.3083500" lon="-70.3318220">
    <ele>78.2</ele>
   </trkpt>
   <trkpt lat="48.3083480" lon="-70.3318200">
    <ele>78.2</ele>
   </trkpt>
   <trkpt lat="48.3083400" lon="-70.3318200">
    <ele>78.0</ele>
   </trkpt>
   <trkpt lat="48.3083320" lon="-70.3318250">
    <ele>77.7</ele>
   </trkpt>
   <trkpt lat="48.3083260" lon="-70.3318230">
    <ele>77.5</ele>
   </trkpt>
   <trkpt lat="48.3083150" lon="-70.3318230">
    <ele>77.2</ele>
   </trkpt>
   <trkpt lat="48.3083120" lon="-70.3318210">
    <ele>77.2</ele>
   </trkpt>
   <trkpt lat="48.3083100" lon="-70.3318200">
    <ele>77.1</ele>
   </trkpt>
   <trkpt lat="48.3083040" lon="-70.3318220">
    <ele>76.9</ele>
   </trkpt>
   <trkpt lat="48.3082980" lon="-70.3318200">
    <ele>76.8</ele>
   </trkpt>
   <trkpt lat="48.3082910" lon="-70.3318190">
    <ele>76.6</ele>
   </trkpt>
   <trkpt lat="48.3082860" lon="-70.3318270">
    <ele>76.4</ele>
   </trkpt>
   <trkpt lat="48.3082770" lon="-70.3318300">
    <ele>76.1</ele>
   </trkpt>
   <trkpt lat="48.3082660" lon="-70.3318260">
    <ele>75.8</ele>
   </trkpt>
   <trkpt lat="48.3082560" lon="-70.3318210">
    <ele>75.5</ele>
   </trkpt>
   <trkpt lat="48.3082510" lon="-70.3318170">
    <ele>75.3</ele>
   </trkpt>
   <trkpt lat="48.3082440" lon="-70.3318160">
    <ele>75.1</ele>
   </trkpt>
   <trkpt lat="48.3082350" lon="-70.3318140">
    <ele>74.9</ele>
   </trkpt>
   <trkpt lat="48.3082290" lon="-70.3318140">
    <ele>74.7</ele>
   </trkpt>
   <trkpt lat="48.3082250" lon="-70.3318130">
    <ele>74.6</ele>
   </trkpt>
   <trkpt lat="48.3082140" lon="-70.3318140">
    <ele>74.3</ele>
   </trkpt>
   <trkpt lat="48.3082080" lon="-70.3318130">
    <ele>74.1</ele>
   </trkpt>
   <trkpt lat="48.3082000" lon="-70.3318060">
    <ele>73.9</ele>
   </trkpt>
   <trkpt lat="48.3081960" lon="-70.3318040">
    <ele>73.8</ele>
   </trkpt>
   <trkpt lat="48.3081950" lon="-70.3317990">
    <ele>73.7</ele>
   </trkpt>
   <trkpt lat="48.3081940" lon="-70.3317890">
    <ele>73.5</ele>
   </trkpt>
   <trkpt lat="48.3081880" lon="-70.3317870">
    <ele>73.3</ele>
   </trkpt>
   <trkpt lat="48.3081900" lon="-70.3317830">
    <ele>73.2</ele>
   </trkpt>
   <trkpt lat="48.3081910" lon="-70.3317850">
    <ele>73.2</ele>
   </trkpt>
   <trkpt lat="48.3081890" lon="-70.3317790">
    <ele>73.0</ele>
   </trkpt>
   <trkpt lat="48.3081900" lon="-70.3317750">
    <ele>73.0</ele>
   </trkpt>
   <trkpt lat="48.3081910" lon="-70.3317560">
    <ele>72.6</ele>
   </trkpt>
   <trkpt lat="48.3081960" lon="-70.3317470">
    <ele>72.4</ele>
   </trkpt>
   <trkpt lat="48.3082000" lon="-70.3317380">
    <ele>72.2</ele>
   </trkpt>
   <trkpt lat="48.3081970" lon="-70.3317280">
    <ele>72.0</ele>
   </trkpt>
   <trkpt lat="48.3081970" lon="-70.3317190">
    <ele>71.9</ele>
   </trkpt>
   <trkpt lat="48.3081910" lon="-70.3317110">
    <ele>71.6</ele>
   </trkpt>
   <trkpt lat="48.3081870" lon="-70.3317050">
    <ele>71.5</ele>
   </trkpt>
   <trkpt lat="48.3081880" lon="-70.3316990">
    <ele>71.4</ele>
   </trkpt>
   <trkpt lat="48.3081870" lon="-70.3316980">
    <ele>71.3</ele>
   </trkpt>
   <trkpt lat="48.3081870" lon="-70.3316980">
    <ele>71.3</ele>
   </trkpt>
   <trkpt lat="48.3081780" lon="-70.3316880">
    <ele>71.0</ele>
   </trkpt>
   <trkpt lat="48.3081680" lon="-70.3316820">
    <ele>70.8</ele>
   </trkpt>
   <trkpt lat="48.3081600" lon="-70.3316810">
    <ele>70.5</ele>
   </trkpt>
   <trkpt lat="48.3081540" lon="-70.3316720">
    <ele>70.3</ele>
   </trkpt>
   <trkpt lat="48.3081410" lon="-70.3316680">
    <ele>69.9</ele>
   </trkpt>
   <trkpt lat="48.3081270" lon="-70.3316580">
    <ele>69.5</ele>
   </trkpt>
   <trkpt lat="48.3081250" lon="-70.3316450">
    <ele>69.3</ele>
   </trkpt>
   <trkpt lat="48.3081240" lon="-70.3316450">
    <ele>69.3</ele>
   </trkpt>
   <trkpt lat="48.3081230" lon="-70.3316460">
    <ele>69.2</ele>
   </trkpt>
   <trkpt lat="48.3081170" lon="-70.3316440">
    <ele>69.1</ele>
   </trkpt>
   <trkpt lat="48.3081100" lon="-70.3316400">
    <ele>68.9</ele>
   </trkpt>
   <trkpt lat="48.3081000" lon="-70.3316360">
    <ele>68.6</ele>
   </trkpt>
   <trkpt lat="48.3080970" lon="-70.3316380">
    <ele>68.6</ele>
   </trkpt>
   <trkpt lat="48.3080910" lon="-70.3316390">
    <ele>68.4</ele>
   </trkpt>
   <trkpt lat="48.3080830" lon="-70.3316370">
    <ele>68.2</ele>
   </trkpt>
   <trkpt lat="48.3080750" lon="-70.3316480">
    <ele>67.9</ele>
   </trkpt>
   <trkpt lat="48.3080710" lon="-70.3316500">
    <ele>67.8</ele>
   </trkpt>
   <trkpt lat="48.3080680" lon="-70.3316540">
    <ele>67.7</ele>
   </trkpt>
   <trkpt lat="48.3080600" lon="-70.3316570">
    <ele>67.5</ele>
   </trkpt>
   <trkpt lat="48.3080570" lon="-70.3316590">
    <ele>67.4</ele>
   </trkpt>
   <trkpt lat="48.3080520" lon="-70.3316660">
    <ele>67.3</ele>
   </trkpt>
   <trkpt lat="48.3080440" lon="-70.3316670">
    <ele>67.1</ele>
   </trkpt>
   <trkpt lat="48.3080360" lon="-70.3316660">
    <ele>66.9</ele>
   </trkpt>
   <trkpt lat="48.3080260" lon="-70.3316660">
    <ele>66.6</ele>
   </trkpt>
   <trkpt lat="48.3080220" lon="-70.3316640">
    <ele>66.5</ele>
   </trkpt>
   <trkpt lat="48.3080180" lon="-70.3316690">
    <ele>66.4</ele>
   </trkpt>
   <trkpt lat="48.3080090" lon="-70.3316720">
    <ele>66.2</ele>
   </trkpt>
   <trkpt lat="48.3080030" lon="-70.3316700">
    <ele>66.1</ele>
   </trkpt>
   <trkpt lat="48.3079920" lon="-70.3316680">
    <ele>65.8</ele>
   </trkpt>
   <trkpt lat="48.3079870" lon="-70.3316690">
    <ele>65.7</ele>
   </trkpt>
   <trkpt lat="48.3079810" lon="-70.3316760">
    <ele>65.5</ele>
   </trkpt>
   <trkpt lat="48.3079760" lon="-70.3316800">
    <ele>65.4</ele>
   </trkpt>
   <trkpt lat="48.3079690" lon="-70.3316770">
    <ele>65.2</ele>
   </trkpt>
   <trkpt lat="48.3079640" lon="-70.3316780">
    <ele>65.1</ele>
   </trkpt>
   <trkpt lat="48.3079540" lon="-70.3316760">
    <ele>64.9</ele>
   </trkpt>
   <trkpt lat="48.3079510" lon="-70.3316710">
    <ele>64.8</ele>
   </trkpt>
   <trkpt lat="48.3079490" lon="-70.3316720">
    <ele>64.7</ele>
   </trkpt>
   <trkpt lat="48.3079430" lon="-70.3316710">
    <ele>64.6</ele>
   </trkpt>
   <trkpt lat="48.3079370" lon="-70.3316680">
    <ele>64.5</ele>
   </trkpt>
   <trkpt lat="48.3079360" lon="-70.3316630">
    <ele>64.4</ele>
   </trkpt>
   <trkpt lat="48.3079380" lon="-70.3316630">
    <ele>64.4</ele>
   </trkpt>
   <trkpt lat="48.3079360" lon="-70.3316520">
    <ele>64.2</ele>
   </trkpt>
   <trkpt lat="48.3079390" lon="-70.3316500">
    <ele>64.1</ele>
   </trkpt>
   <trkpt lat="48.3079400" lon="-70.3316430">
    <ele>64.0</ele>
   </trkpt>
   <trkpt lat="48.3079380" lon="-70.3316250">
    <ele>63.8</ele>
   </trkpt>
   <trkpt lat="48.3079400" lon="-70.3316220">
    <ele>63.7</ele>
   </trkpt>
   <trkpt lat="48.3079420" lon="-70.3316140">
    <ele>63.6</ele>
   </trkpt>
   <trkpt lat="48.3079470" lon="-70.3316000">
    <ele>63.4</ele>
   </trkpt>
   <trkpt lat="48.3079470" lon="-70.3315950">
    <ele>63.3</ele>
   </trkpt>
   <trkpt lat="48.3079510" lon="-70.3315890">
    <ele>63.2</ele>
   </trkpt>
   <trkpt lat="48.3079580" lon="-70.3315840">
    <ele>63.0</ele>
   </trkpt>
   <trkpt lat="48.3079630" lon="-70.3315770">
    <ele>62.9</ele>
   </trkpt>
   <trkpt lat="48.3079670" lon="-70.3315720">
    <ele>62.8</ele>
   </trkpt>
   <trkpt lat="48.3079730" lon="-70.3315600">
    <ele>62.6</ele>
   </trkpt>
   <trkpt lat="48.3079770" lon="-70.3315540">
    <ele>62.4</ele>
   </trkpt>
   <trkpt lat="48.3079800" lon="-70.3315480">
    <ele>62.3</ele>
   </trkpt>
   <trkpt lat="48.3079830" lon="-70.3315430">
    <ele>62.2</ele>
   </trkpt>
   <trkpt lat="48.3079840" lon="-70.3315360">
    <ele>62.1</ele>
   </trkpt>
   <trkpt lat="48.3079860" lon="-70.3315340">
    <ele>62.1</ele>
   </trkpt>
   <trkpt lat="48.3079870" lon="-70.3315340">
    <ele>62.1</ele>
   </trkpt>
   <trkpt lat="48.3079870" lon="-70.3315330">
    <ele>62.1</ele>
   </trkpt>
   <trkpt lat="48.3079860" lon="-70.3315310">
    <ele>62.0</ele>
   </trkpt>
   <trkpt lat="48.3079880" lon="-70.3315330">
    <ele>62.0</ele>
   </trkpt>
   <trkpt lat="48.3079880" lon="-70.3315280">
    <ele>61.9</ele>
   </trkpt>
   <trkpt lat="48.3079870" lon="-70.3315250">
    <ele>61.9</ele>
   </trkpt>
   <trkpt lat="48.3079870" lon="-70.3315190">
    <ele>61.8</ele>
   </trkpt>
   <trkpt lat="48.3079860" lon="-70.3315210">
    <ele>61.7</ele>
   </trkpt>
   <trkpt lat="48.3079850" lon="-70.3315200">
    <ele>61.7</ele>
   </trkpt>
   <trkpt lat="48.3079870" lon="-70.3315200">
    <ele>61.7</ele>
   </trkpt>
   <trkpt lat="48.3079870" lon="-70.3315200">
    <ele>61.7</ele>
   </trkpt>
   <trkpt lat="48.3079850" lon="-70.3315200">
    <ele>61.6</ele>
   </trkpt>
   <trkpt lat="48.3079840" lon="-70.3315210">
    <ele>61.6</ele>
   </trkpt>
   <trkpt lat="48.3079840" lon="-70.3315210">
    <ele>61.6</ele>
   </trkpt>
   <trkpt lat="48.3079810" lon="-70.3315210">
    <ele>61.5</ele>
   </trkpt>
   <trkpt lat="48.3079800" lon="-70.3315230">
    <ele>61.5</ele>
   </trkpt>
   <trkpt lat="48.3079800" lon="-70.3315230">
    <ele>61.5</ele>
   </trkpt>
   <trkpt lat="48.3079800" lon="-70.3315230">
    <ele>61.5</ele>
   </trkpt>
   <trkpt lat="48.3079800" lon="-70.3315230">
    <ele>61.5</ele>
   </trkpt>
   <trkpt lat="48.3079800" lon="-70.3315230">
    <ele>61.5</ele>
   </trkpt>
   <trkpt lat="48.3079780" lon="-70.3315280">
    <ele>61.4</ele>
   </trkpt>
   <trkpt lat="48.3079770" lon="-70.3315300">
    <ele>61.4</ele>
   </trkpt>
   <trkpt lat="48.3079740" lon="-70.3315310">
    <ele>61.3</ele>
   </trkpt>
   <trkpt lat="48.3079740" lon="-70.3315310">
    <ele>61.3</ele>
   </trkpt>
   <trkpt lat="48.3079740" lon="-70.3315310">
    <ele>61.3</ele>
   </trkpt>
   <trkpt lat="48.3079740" lon="-70.3315310">
    <ele>61.3</ele>
   </trkpt>
   <trkpt lat="48.3079740" lon="-70.3315310">
    <ele>61.3</ele>
   </trkpt>
   <trkpt lat="48.3079740" lon="-70.3315310">
    <ele>61.3</ele>
   </trkpt>
   <trkpt lat="48.3079740" lon="-70.3315310">
    <ele>61.3</ele>
   </trkpt>
   <trkpt lat="48.3079740" lon="-70.3315310">
    <ele>61.3</ele>
   </trkpt>
   <trkpt lat="48.3079740" lon="-70.3315310">
    <ele>61.3</ele>
   </trkpt>
   <trkpt lat="48.3079740" lon="-70.3315310">
    <ele>61.3</ele>
   </trkpt>
   <trkpt lat="48.3079740" lon="-70.3315310">
    <ele>61.3</ele>
   </trkpt>
   <trkpt lat="48.3079740" lon="-70.3315310">
    <ele>61.3</ele>
   </trkpt>
   <trkpt lat="48.3079740" lon="-70.3315310">
    <ele>61.3</ele>
   </trkpt>
   <trkpt lat="48.3079740" lon="-70.3315310">
    <ele>61.3</ele>
   </trkpt>
   <trkpt lat="48.3079740" lon="-70.3315310">
    <ele>61.3</ele>
   </trkpt>
   <trkpt lat="48.3079740" lon="-70.3315310">
    <ele>61.3</ele>
   </trkpt>
   <trkpt lat="48.3079740" lon="-70.3315300">
    <ele>61.3</ele>
   </trkpt>
   <trkpt lat="48.3079730" lon="-70.3315280">
    <ele>61.3</ele>
   </trkpt>
   <trkpt lat="48.3079730" lon="-70.3315280">
    <ele>61.3</ele>
   </trkpt>
   <trkpt lat="48.3079720" lon="-70.3315280">
    <ele>61.3</ele>
   </trkpt>
   <trkpt lat="48.3079700" lon="-70.3315300">
    <ele>61.2</ele>
   </trkpt>
   <trkpt lat="48.3079700" lon="-70.3315260">
    <ele>61.2</ele>
   </trkpt>
   <trkpt lat="48.3079680" lon="-70.3315290">
    <ele>61.1</ele>
   </trkpt>
   <trkpt lat="48.3079670" lon="-70.3315230">
    <ele>61.0</ele>
   </trkpt>
   <trkpt lat="48.3079670" lon="-70.3315100">
    <ele>60.8</ele>
   </trkpt>
   <trkpt lat="48.3079660" lon="-70.3315120">
    <ele>60.8</ele>
   </trkpt>
   <trkpt lat="48.3079630" lon="-70.3315130">
    <ele>60.7</ele>
   </trkpt>
   <trkpt lat="48.3079620" lon="-70.3315170">
    <ele>60.7</ele>
   </trkpt>
   <trkpt lat="48.3079570" lon="-70.3315110">
    <ele>60.5</ele>
   </trkpt>
   <trkpt lat="48.3079550" lon="-70.3315130">
    <ele>60.5</ele>
   </trkpt>
   <trkpt lat="48.3079530" lon="-70.3315120">
    <ele>60.4</ele>
   </trkpt>
   <trkpt lat="48.3079490" lon="-70.3315100">
    <ele>60.4</ele>
   </trkpt>
   <trkpt lat="48.3079460" lon="-70.3315140">
    <ele>60.3</ele>
   </trkpt>
   <trkpt lat="48.3079460" lon="-70.3315150">
    <ele>60.3</ele>
   </trkpt>
   <trkpt lat="48.3079440" lon="-70.3315130">
    <ele>60.2</ele>
   </trkpt>
   <trkpt lat="48.3079360" lon="-70.3315090">
    <ele>60.0</ele>
   </trkpt>
   <trkpt lat="48.3079280" lon="-70.3315090">
    <ele>59.9</ele>
   </trkpt>
   <trkpt lat="48.3079250" lon="-70.3315050">
    <ele>59.8</ele>
   </trkpt>
   <trkpt lat="48.3079180" lon="-70.3315090">
    <ele>59.6</ele>
   </trkpt>
   <trkpt lat="48.3079140" lon="-70.3315110">
    <ele>59.5</ele>
   </trkpt>
   <trkpt lat="48.3079040" lon="-70.3315110">
    <ele>59.3</ele>
   </trkpt>
   <trkpt lat="48.3078940" lon="-70.3315040">
    <ele>59.0</ele>
   </trkpt>
   <trkpt lat="48.3078910" lon="-70.3315060">
    <ele>59.0</ele>
   </trkpt>
   <trkpt lat="48.3078800" lon="-70.3315140">
    <ele>58.7</ele>
   </trkpt>
   <trkpt lat="48.3078640" lon="-70.3315070">
    <ele>58.3</ele>
   </trkpt>
   <trkpt lat="48.3078610" lon="-70.3315070">
    <ele>58.2</ele>
   </trkpt>
   <trkpt lat="48.3078510" lon="-70.3315030">
    <ele>58.0</ele>
   </trkpt>
   <trkpt lat="48.3078420" lon="-70.3314970">
    <ele>57.8</ele>
   </trkpt>
   <trkpt lat="48.3078390" lon="-70.3314960">
    <ele>57.7</ele>
   </trkpt>
   <trkpt lat="48.3078340" lon="-70.3314930">
    <ele>57.6</ele>
   </trkpt>
   <trkpt lat="48.3078300" lon="-70.3314900">
    <ele>57.5</ele>
   </trkpt>
   <trkpt lat="48.3078230" lon="-70.3314860">
    <ele>57.3</ele>
   </trkpt>
   <trkpt lat="48.3078070" lon="-70.3314790">
    <ele>56.9</ele>
   </trkpt>
   <trkpt lat="48.3078000" lon="-70.3314760">
    <ele>56.8</ele>
   </trkpt>
   <trkpt lat="48.3077960" lon="-70.3314710">
    <ele>56.6</ele>
   </trkpt>
   <trkpt lat="48.3078020" lon="-70.3314690">
    <ele>56.5</ele>
   </trkpt>
   <trkpt lat="48.3077900" lon="-70.3314650">
    <ele>56.2</ele>
   </trkpt>
   <trkpt lat="48.3077800" lon="-70.3314620">
    <ele>56.0</ele>
   </trkpt>
   <trkpt lat="48.3077700" lon="-70.3314560">
    <ele>55.7</ele>
   </trkpt>
   <trkpt lat="48.3077540" lon="-70.3314560">
    <ele>55.4</ele>
   </trkpt>
   <trkpt lat="48.3077430" lon="-70.3314530">
    <ele>55.1</ele>
   </trkpt>
   <trkpt lat="48.3077330" lon="-70.3314510">
    <ele>54.9</ele>
   </trkpt>
   <trkpt lat="48.3077260" lon="-70.3314460">
    <ele>54.7</ele>
   </trkpt>
   <trkpt lat="48.3077200" lon="-70.3314420">
    <ele>54.5</ele>
   </trkpt>
   <trkpt lat="48.3077050" lon="-70.3314310">
    <ele>54.1</ele>
   </trkpt>
   <trkpt lat="48.3076990" lon="-70.3314200">
    <ele>53.9</ele>
   </trkpt>
   <trkpt lat="48.3076920" lon="-70.3314260">
    <ele>53.7</ele>
   </trkpt>
   <trkpt lat="48.3076860" lon="-70.3314120">
    <ele>53.5</ele>
   </trkpt>
   <trkpt lat="48.3076820" lon="-70.3314040">
    <ele>53.3</ele>
   </trkpt>
   <trkpt lat="48.3076750" lon="-70.3314020">
    <ele>53.2</ele>
   </trkpt>
   <trkpt lat="48.3076700" lon="-70.3313950">
    <ele>53.0</ele>
   </trkpt>
   <trkpt lat="48.3076610" lon="-70.3313870">
    <ele>52.8</ele>
   </trkpt>
   <trkpt lat="48.3076600" lon="-70.3313900">
    <ele>52.7</ele>
   </trkpt>
   <trkpt lat="48.3076400" lon="-70.3313700">
    <ele>52.2</ele>
   </trkpt>
   <trkpt lat="48.3076310" lon="-70.3313680">
    <ele>51.9</ele>
   </trkpt>
   <trkpt lat="48.3076300" lon="-70.3313650">
    <ele>51.9</ele>
   </trkpt>
   <trkpt lat="48.3076190" lon="-70.3313540">
    <ele>51.6</ele>
   </trkpt>
   <trkpt lat="48.3076110" lon="-70.3313470">
    <ele>51.4</ele>
   </trkpt>
   <trkpt lat="48.3076020" lon="-70.3313380">
    <ele>51.1</ele>
   </trkpt>
   <trkpt lat="48.3075920" lon="-70.3313350">
    <ele>50.9</ele>
   </trkpt>
   <trkpt lat="48.3075870" lon="-70.3313370">
    <ele>50.8</ele>
   </trkpt>
   <trkpt lat="48.3075830" lon="-70.3313340">
    <ele>50.7</ele>
   </trkpt>
   <trkpt lat="48.3075680" lon="-70.3313220">
    <ele>50.3</ele>
   </trkpt>
   <trkpt lat="48.3075620" lon="-70.3313150">
    <ele>50.1</ele>
   </trkpt>
   <trkpt lat="48.3075610" lon="-70.3313110">
    <ele>50.0</ele>
   </trkpt>
   <trkpt lat="48.3075560" lon="-70.3313050">
    <ele>49.9</ele>
   </trkpt>
   <trkpt lat="48.3075540" lon="-70.3312980">
    <ele>49.8</ele>
   </trkpt>
   <trkpt lat="48.3075460" lon="-70.3312920">
    <ele>49.5</ele>
   </trkpt>
   <trkpt lat="48.3075400" lon="-70.3312850">
    <ele>49.4</ele>
   </trkpt>
   <trkpt lat="48.3075310" lon="-70.3312800">
    <ele>49.2</ele>
   </trkpt>
   <trkpt lat="48.3075240" lon="-70.3312790">
    <ele>49.0</ele>
   </trkpt>
   <trkpt lat="48.3075140" lon="-70.3312800">
    <ele>48.7</ele>
   </trkpt>
   <trkpt lat="48.3075080" lon="-70.3312690">
    <ele>48.5</ele>
   </trkpt>
   <trkpt lat="48.3075050" lon="-70.3312650">
    <ele>48.4</ele>
   </trkpt>
   <trkpt lat="48.3074990" lon="-70.3312640">
    <ele>48.3</ele>
   </trkpt>
   <trkpt lat="48.3074900" lon="-70.3312590">
    <ele>48.0</ele>
   </trkpt>
   <trkpt lat="48.3074840" lon="-70.3312620">
    <ele>47.9</ele>
   </trkpt>
   <trkpt lat="48.3074760" lon="-70.3312590">
    <ele>47.7</ele>
   </trkpt>
   <trkpt lat="48.3074640" lon="-70.3312590">
    <ele>47.4</ele>
   </trkpt>
   <trkpt lat="48.3074620" lon="-70.3312600">
    <ele>47.3</ele>
   </trkpt>
   <trkpt lat="48.3074620" lon="-70.3312610">
    <ele>47.3</ele>
   </trkpt>
   <trkpt lat="48.3074590" lon="-70.3312570">
    <ele>47.2</ele>
   </trkpt>
   <trkpt lat="48.3074520" lon="-70.3312500">
    <ele>47.0</ele>
   </trkpt>
   <trkpt lat="48.3074320" lon="-70.3312520">
    <ele>46.5</ele>
   </trkpt>
   <trkpt lat="48.3074340" lon="-70.3312450">
    <ele>46.3</ele>
   </trkpt>
   <trkpt lat="48.3074320" lon="-70.3312390">
    <ele>46.2</ele>
   </trkpt>
   <trkpt lat="48.3074300" lon="-70.3312370">
    <ele>46.2</ele>
   </trkpt>
   <trkpt lat="48.3074300" lon="-70.3312320">
    <ele>46.1</ele>
   </trkpt>
   <trkpt lat="48.3074280" lon="-70.3312310">
    <ele>46.0</ele>
   </trkpt>
   <trkpt lat="48.3074270" lon="-70.3312300">
    <ele>46.0</ele>
   </trkpt>
   <trkpt lat="48.3074270" lon="-70.3312280">
    <ele>46.0</ele>
   </trkpt>
   <trkpt lat="48.3074270" lon="-70.3312280">
    <ele>46.0</ele>
   </trkpt>
   <trkpt lat="48.3074220" lon="-70.3312260">
    <ele>45.8</ele>
   </trkpt>
   <trkpt lat="48.3074120" lon="-70.3312250">
    <ele>45.6</ele>
   </trkpt>
   <trkpt lat="48.3074040" lon="-70.3312220">
    <ele>45.3</ele>
   </trkpt>
   <trkpt lat="48.3074000" lon="-70.3312200">
    <ele>45.2</ele>
   </trkpt>
   <trkpt lat="48.3073950" lon="-70.3312220">
    <ele>45.1</ele>
   </trkpt>
   <trkpt lat="48.3073870" lon="-70.3312220">
    <ele>44.9</ele>
   </trkpt>
   <trkpt lat="48.3073770" lon="-70.3312230">
    <ele>44.6</ele>
   </trkpt>
   <trkpt lat="48.3073720" lon="-70.3312330">
    <ele>44.4</ele>
   </trkpt>
   <trkpt lat="48.3073650" lon="-70.3312280">
    <ele>44.2</ele>
   </trkpt>
   <trkpt lat="48.3073590" lon="-70.3312310">
    <ele>44.1</ele>
   </trkpt>
   <trkpt lat="48.3073540" lon="-70.3312380">
    <ele>43.9</ele>
   </trkpt>
   <trkpt lat="48.3073460" lon="-70.3312450">
    <ele>43.6</ele>
   </trkpt>
   <trkpt lat="48.3073340" lon="-70.3312440">
    <ele>43.3</ele>
   </trkpt>
   <trkpt lat="48.3073280" lon="-70.3312420">
    <ele>43.2</ele>
   </trkpt>
   <trkpt lat="48.3073250" lon="-70.3312380">
    <ele>43.1</ele>
   </trkpt>
   <trkpt lat="48.3073190" lon="-70.3312470">
    <ele>42.9</ele>
   </trkpt>
   <trkpt lat="48.3073110" lon="-70.3312500">
    <ele>42.7</ele>
   </trkpt>
   <trkpt lat="48.3073130" lon="-70.3312580">
    <ele>42.5</ele>
   </trkpt>
   <trkpt lat="48.3073110" lon="-70.3312560">
    <ele>42.5</ele>
   </trkpt>
   <trkpt lat="48.3073050" lon="-70.3312570">
    <ele>42.3</ele>
   </trkpt>
   <trkpt lat="48.3072980" lon="-70.3312610">
    <ele>42.1</ele>
   </trkpt>
   <trkpt lat="48.3072900" lon="-70.3312590">
    <ele>41.9</ele>
   </trkpt>
   <trkpt lat="48.3072810" lon="-70.3312520">
    <ele>41.7</ele>
   </trkpt>
   <trkpt lat="48.3072710" lon="-70.3312540">
    <ele>41.4</ele>
   </trkpt>
   <trkpt lat="48.3072630" lon="-70.3312510">
    <ele>41.2</ele>
   </trkpt>
   <trkpt lat="48.3072570" lon="-70.3312450">
    <ele>41.1</ele>
   </trkpt>
   <trkpt lat="48.3072560" lon="-70.3312440">
    <ele>41.1</ele>
   </trkpt>
   <trkpt lat="48.3072520" lon="-70.3312470">
    <ele>41.0</ele>
   </trkpt>
   <trkpt lat="48.3072420" lon="-70.3312460">
    <ele>40.7</ele>
   </trkpt>
   <trkpt lat="48.3072420" lon="-70.3312480">
    <ele>40.7</ele>
   </trkpt>
   <trkpt lat="48.3072320" lon="-70.3312480">
    <ele>40.5</ele>
   </trkpt>
   <trkpt lat="48.3072220" lon="-70.3312510">
    <ele>40.2</ele>
   </trkpt>
   <trkpt lat="48.3072110" lon="-70.3312450">
    <ele>40.0</ele>
   </trkpt>
   <trkpt lat="48.3071970" lon="-70.3312470">
    <ele>39.7</ele>
   </trkpt>
   <trkpt lat="48.3071880" lon="-70.3312470">
    <ele>39.5</ele>
   </trkpt>
   <trkpt lat="48.3071780" lon="-70.3312540">
    <ele>39.3</ele>
   </trkpt>
   <trkpt lat="48.3071690" lon="-70.3312670">
    <ele>39.0</ele>
   </trkpt>
   <trkpt lat="48.3071640" lon="-70.3312760">
    <ele>38.9</ele>
   </trkpt>
   <trkpt lat="48.3071590" lon="-70.3312780">
    <ele>38.8</ele>
   </trkpt>
   <trkpt lat="48.3071540" lon="-70.3312830">
    <ele>38.7</ele>
   </trkpt>
   <trkpt lat="48.3071500" lon="-70.3312870">
    <ele>38.6</ele>
   </trkpt>
   <trkpt lat="48.3071470" lon="-70.3312840">
    <ele>38.5</ele>
   </trkpt>
   <trkpt lat="48.3071460" lon="-70.3312890">
    <ele>38.4</ele>
   </trkpt>
   <trkpt lat="48.3071430" lon="-70.3312930">
    <ele>38.4</ele>
   </trkpt>
   <trkpt lat="48.3071410" lon="-70.3312920">
    <ele>38.3</ele>
   </trkpt>
   <trkpt lat="48.3071390" lon="-70.3312930">
    <ele>38.3</ele>
   </trkpt>
   <trkpt lat="48.3071380" lon="-70.3312930">
    <ele>38.3</ele>
   </trkpt>
   <trkpt lat="48.3071380" lon="-70.3312930">
    <ele>38.3</ele>
   </trkpt>
   <trkpt lat="48.3071350" lon="-70.3312940">
    <ele>38.2</ele>
   </trkpt>
   <trkpt lat="48.3071350" lon="-70.3312940">
    <ele>38.2</ele>
   </trkpt>
   <trkpt lat="48.3071350" lon="-70.3312940">
    <ele>38.2</ele>
   </trkpt>
   <trkpt lat="48.3071340" lon="-70.3312960">
    <ele>38.2</ele>
   </trkpt>
   <trkpt lat="48.3071340" lon="-70.3312960">
    <ele>38.2</ele>
   </trkpt>
   <trkpt lat="48.3071270" lon="-70.3313020">
    <ele>38.0</ele>
   </trkpt>
   <trkpt lat="48.3071130" lon="-70.3313070">
    <ele>37.8</ele>
   </trkpt>
   <trkpt lat="48.3071170" lon="-70.3313200">
    <ele>37.6</ele>
   </trkpt>
   <trkpt lat="48.3071130" lon="-70.3313270">
    <ele>37.5</ele>
   </trkpt>
   <trkpt lat="48.3071080" lon="-70.3313320">
    <ele>37.4</ele>
   </trkpt>
   <trkpt lat="48.3071030" lon="-70.3313420">
    <ele>37.3</ele>
   </trkpt>
   <trkpt lat="48.3070990" lon="-70.3313530">
    <ele>37.1</ele>
   </trkpt>
   <trkpt lat="48.3070920" lon="-70.3313650">
    <ele>37.0</ele>
   </trkpt>
   <trkpt lat="48.3070920" lon="-70.3313770">
    <ele>36.8</ele>
   </trkpt>
   <trkpt lat="48.3070920" lon="-70.3313830">
    <ele>36.8</ele>
   </trkpt>
   <trkpt lat="48.3070880" lon="-70.3313920">
    <ele>36.6</ele>
   </trkpt>
   <trkpt lat="48.3070890" lon="-70.3314070">
    <ele>36.5</ele>
   </trkpt>
   <trkpt lat="48.3070860" lon="-70.3314160">
    <ele>36.4</ele>
   </trkpt>
   <trkpt lat="48.3070830" lon="-70.3314240">
    <ele>36.3</ele>
   </trkpt>
   <trkpt lat="48.3070750" lon="-70.3314340">
    <ele>36.1</ele>
   </trkpt>
   <trkpt lat="48.3070670" lon="-70.3314540">
    <ele>35.9</ele>
   </trkpt>
   <trkpt lat="48.3070600" lon="-70.3314670">
    <ele>35.7</ele>
   </trkpt>
   <trkpt lat="48.3070540" lon="-70.3314830">
    <ele>35.6</ele>
   </trkpt>
   <trkpt lat="48.3070510" lon="-70.3314990">
    <ele>35.4</ele>
   </trkpt>
   <trkpt lat="48.3070470" lon="-70.3315080">
    <ele>35.3</ele>
   </trkpt>
   <trkpt lat="48.3070410" lon="-70.3315180">
    <ele>35.2</ele>
   </trkpt>
   <trkpt lat="48.3070370" lon="-70.3315360">
    <ele>35.0</ele>
   </trkpt>
   <trkpt lat="48.3070320" lon="-70.3315460">
    <ele>34.9</ele>
   </trkpt>
   <trkpt lat="48.3070270" lon="-70.3315480">
    <ele>34.8</ele>
   </trkpt>
   <trkpt lat="48.3070240" lon="-70.3315600">
    <ele>34.7</ele>
   </trkpt>
   <trkpt lat="48.3070140" lon="-70.3315700">
    <ele>34.5</ele>
   </trkpt>
   <trkpt lat="48.3070060" lon="-70.3315750">
    <ele>34.4</ele>
   </trkpt>
   <trkpt lat="48.3070010" lon="-70.3315850">
    <ele>34.3</ele>
   </trkpt>
   <trkpt lat="48.3069900" lon="-70.3315950">
    <ele>34.1</ele>
   </trkpt>
   <trkpt lat="48.3069760" lon="-70.3316190">
    <ele>33.8</ele>
   </trkpt>
   <trkpt lat="48.3069720" lon="-70.3316280">
    <ele>33.7</ele>
   </trkpt>
   <trkpt lat="48.3069650" lon="-70.3316380">
    <ele>33.6</ele>
   </trkpt>
   <trkpt lat="48.3069680" lon="-70.3316450">
    <ele>33.5</ele>
   </trkpt>
   <trkpt lat="48.3069620" lon="-70.3316580">
    <ele>33.4</ele>
   </trkpt>
   <trkpt lat="48.3069540" lon="-70.3316670">
    <ele>33.3</ele>
   </trkpt>
   <trkpt lat="48.3069490" lon="-70.3316800">
    <ele>33.2</ele>
   </trkpt>
   <trkpt lat="48.3069410" lon="-70.3316880">
    <ele>33.1</ele>
   </trkpt>
   <trkpt lat="48.3069360" lon="-70.3316920">
    <ele>33.0</ele>
   </trkpt>
   <trkpt lat="48.3069250" lon="-70.3317020">
    <ele>32.9</ele>
   </trkpt>
   <trkpt lat="48.3069200" lon="-70.3317160">
    <ele>32.8</ele>
   </trkpt>
   <trkpt lat="48.3069080" lon="-70.3317350">
    <ele>32.6</ele>
   </trkpt>
   <trkpt lat="48.3069030" lon="-70.3317480">
    <ele>32.5</ele>
   </trkpt>
   <trkpt lat="48.3069020" lon="-70.3317540">
    <ele>32.5</ele>
   </trkpt>
   <trkpt lat="48.3068950" lon="-70.3317780">
    <ele>32.3</ele>
   </trkpt>
   <trkpt lat="48.3068890" lon="-70.3318020">
    <ele>32.2</ele>
   </trkpt>
   <trkpt lat="48.3068850" lon="-70.3318260">
    <ele>32.1</ele>
   </trkpt>
   <trkpt lat="48.3068840" lon="-70.3318440">
    <ele>32.0</ele>
   </trkpt>
   <trkpt lat="48.3068800" lon="-70.3318630">
    <ele>31.9</ele>
   </trkpt>
   <trkpt lat="48.3068790" lon="-70.3318880">
    <ele>31.9</ele>
   </trkpt>
   <trkpt lat="48.3068760" lon="-70.3319160">
    <ele>31.8</ele>
   </trkpt>
   <trkpt lat="48.3068700" lon="-70.3319350">
    <ele>31.7</ele>
   </trkpt>
   <trkpt lat="48.3068630" lon="-70.3319530">
    <ele>31.7</ele>
   </trkpt>
   <trkpt lat="48.3068600" lon="-70.3319690">
    <ele>31.7</ele>
   </trkpt>
   <trkpt lat="48.3068620" lon="-70.3319870">
    <ele>31.6</ele>
   </trkpt>
   <trkpt lat="48.3068610" lon="-70.3320020">
    <ele>31.6</ele>
   </trkpt>
   <trkpt lat="48.3068540" lon="-70.3320150">
    <ele>31.6</ele>
   </trkpt>
   <trkpt lat="48.3068490" lon="-70.3320280">
    <ele>31.6</ele>
   </trkpt>
   <trkpt lat="48.3068470" lon="-70.3320420">
    <ele>31.6</ele>
   </trkpt>
   <trkpt lat="48.3068460" lon="-70.3320570">
    <ele>31.6</ele>
   </trkpt>
   <trkpt lat="48.3068460" lon="-70.3320670">
    <ele>31.6</ele>
   </trkpt>
   <trkpt lat="48.3068480" lon="-70.3320770">
    <ele>31.6</ele>
   </trkpt>
   <trkpt lat="48.3068480" lon="-70.3320950">
    <ele>31.6</ele>
   </trkpt>
   <trkpt lat="48.3068490" lon="-70.3321140">
    <ele>31.6</ele>
   </trkpt>
   <trkpt lat="48.3068430" lon="-70.3321270">
    <ele>31.6</ele>
   </trkpt>
   <trkpt lat="48.3068400" lon="-70.3321420">
    <ele>31.6</ele>
   </trkpt>
   <trkpt lat="48.3068340" lon="-70.3321520">
    <ele>31.6</ele>
   </trkpt>
   <trkpt lat="48.3068260" lon="-70.3321690">
    <ele>31.6</ele>
   </trkpt>
   <trkpt lat="48.3068220" lon="-70.3321760">
    <ele>31.6</ele>
   </trkpt>
   <trkpt lat="48.3068180" lon="-70.3321900">
    <ele>31.6</ele>
   </trkpt>
   <trkpt lat="48.3068110" lon="-70.3322120">
    <ele>31.6</ele>
   </trkpt>
   <trkpt lat="48.3068030" lon="-70.3322370">
    <ele>31.6</ele>
   </trkpt>
   <trkpt lat="48.3067970" lon="-70.3322560">
    <ele>31.6</ele>
   </trkpt>
   <trkpt lat="48.3067900" lon="-70.3322820">
    <ele>31.6</ele>
   </trkpt>
   <trkpt lat="48.3067870" lon="-70.3322990">
    <ele>31.6</ele>
   </trkpt>
   <trkpt lat="48.3067860" lon="-70.3323160">
    <ele>31.5</ele>
   </trkpt>
   <trkpt lat="48.3067880" lon="-70.3323290">
    <ele>31.5</ele>
   </trkpt>
   <trkpt lat="48.3067840" lon="-70.3323270">
    <ele>31.5</ele>
   </trkpt>
   <trkpt lat="48.3067820" lon="-70.3323380">
    <ele>31.5</ele>
   </trkpt>
   <trkpt lat="48.3067780" lon="-70.3323520">
    <ele>31.5</ele>
   </trkpt>
   <trkpt lat="48.3067760" lon="-70.3323530">
    <ele>31.5</ele>
   </trkpt>
   <trkpt lat="48.3067680" lon="-70.3323640">
    <ele>31.5</ele>
   </trkpt>
   <trkpt lat="48.3067600" lon="-70.3323740">
    <ele>31.5</ele>
   </trkpt>
   <trkpt lat="48.3067580" lon="-70.3323770">
    <ele>31.5</ele>
   </trkpt>
   <trkpt lat="48.3067510" lon="-70.3323800">
    <ele>31.5</ele>
   </trkpt>
   <trkpt lat="48.3067370" lon="-70.3323900">
    <ele>31.5</ele>
   </trkpt>
   <trkpt lat="48.3067270" lon="-70.3324030">
    <ele>31.4</ele>
   </trkpt>
   <trkpt lat="48.3067190" lon="-70.3324170">
    <ele>31.4</ele>
   </trkpt>
   <trkpt lat="48.3067100" lon="-70.3324240">
    <ele>31.4</ele>
   </trkpt>
   <trkpt lat="48.3066990" lon="-70.3324390">
    <ele>31.4</ele>
   </trkpt>
   <trkpt lat="48.3066850" lon="-70.3324490">
    <ele>31.3</ele>
   </trkpt>
   <trkpt lat="48.3066770" lon="-70.3324560">
    <ele>31.3</ele>
   </trkpt>
   <trkpt lat="48.3066700" lon="-70.3324650">
    <ele>31.3</ele>
   </trkpt>
   <trkpt lat="48.3066580" lon="-70.3324800">
    <ele>31.3</ele>
   </trkpt>
   <trkpt lat="48.3066500" lon="-70.3324850">
    <ele>31.3</ele>
   </trkpt>
   <trkpt lat="48.3066350" lon="-70.3324860">
    <ele>31.2</ele>
   </trkpt>
   <trkpt lat="48.3066260" lon="-70.3324890">
    <ele>31.2</ele>
   </trkpt>
   <trkpt lat="48.3066240" lon="-70.3324940">
    <ele>31.2</ele>
   </trkpt>
   <trkpt lat="48.3066230" lon="-70.3324970">
    <ele>31.2</ele>
   </trkpt>
   <trkpt lat="48.3066170" lon="-70.3324990">
    <ele>31.2</ele>
   </trkpt>
   <trkpt lat="48.3066060" lon="-70.3325000">
    <ele>31.2</ele>
   </trkpt>
   <trkpt lat="48.3065980" lon="-70.3325060">
    <ele>31.2</ele>
   </trkpt>
   <trkpt lat="48.3065870" lon="-70.3325110">
    <ele>31.2</ele>
   </trkpt>
   <trkpt lat="48.3065750" lon="-70.3325250">
    <ele>31.1</ele>
   </trkpt>
   <trkpt lat="48.3065690" lon="-70.3325290">
    <ele>31.1</ele>
   </trkpt>
   <trkpt lat="48.3065640" lon="-70.3325290">
    <ele>31.1</ele>
   </trkpt>
   <trkpt lat="48.3065570" lon="-70.3325350">
    <ele>31.1</ele>
   </trkpt>
   <trkpt lat="48.3065530" lon="-70.3325380">
    <ele>31.1</ele>
   </trkpt>
   <trkpt lat="48.3065490" lon="-70.3325400">
    <ele>31.1</ele>
   </trkpt>
   <trkpt lat="48.3065410" lon="-70.3325500">
    <ele>31.1</ele>
   </trkpt>
   <trkpt lat="48.3065340" lon="-70.3325510">
    <ele>31.1</ele>
   </trkpt>
   <trkpt lat="48.3065150" lon="-70.3325570">
    <ele>31.0</ele>
   </trkpt>
   <trkpt lat="48.3065020" lon="-70.3325740">
    <ele>31.0</ele>
   </trkpt>
   <trkpt lat="48.3064980" lon="-70.3325880">
    <ele>30.9</ele>
   </trkpt>
   <trkpt lat="48.3064980" lon="-70.3325960">
    <ele>30.9</ele>
   </trkpt>
   <trkpt lat="48.3064920" lon="-70.3326110">
    <ele>30.9</ele>
   </trkpt>
   <trkpt lat="48.3064900" lon="-70.3326210">
    <ele>30.9</ele>
   </trkpt>
   <trkpt lat="48.3064830" lon="-70.3326270">
    <ele>30.8</ele>
   </trkpt>
   <trkpt lat="48.3064740" lon="-70.3326360">
    <ele>30.8</ele>
   </trkpt>
   <trkpt lat="48.3064620" lon="-70.3326400">
    <ele>30.7</ele>
   </trkpt>
   <trkpt lat="48.3064500" lon="-70.3326410">
    <ele>30.7</ele>
   </trkpt>
   <trkpt lat="48.3064270" lon="-70.3326500">
    <ele>30.6</ele>
   </trkpt>
   <trkpt lat="48.3064220" lon="-70.3326590">
    <ele>30.5</ele>
   </trkpt>
   <trkpt lat="48.3064130" lon="-70.3326680">
    <ele>30.5</ele>
   </trkpt>
   <trkpt lat="48.3064020" lon="-70.3326760">
    <ele>30.4</ele>
   </trkpt>
   <trkpt lat="48.3063960" lon="-70.3326810">
    <ele>30.3</ele>
   </trkpt>
   <trkpt lat="48.3063840" lon="-70.3326970">
    <ele>30.2</ele>
   </trkpt>
   <trkpt lat="48.3063720" lon="-70.3327120">
    <ele>30.1</ele>
   </trkpt>
   <trkpt lat="48.3063590" lon="-70.3327250">
    <ele>30.0</ele>
   </trkpt>
   <trkpt lat="48.3063480" lon="-70.3327380">
    <ele>29.9</ele>
   </trkpt>
   <trkpt lat="48.3063400" lon="-70.3327510">
    <ele>29.9</ele>
   </trkpt>
   <trkpt lat="48.3063240" lon="-70.3327620">
    <ele>29.7</ele>
   </trkpt>
   <trkpt lat="48.3063130" lon="-70.3327730">
    <ele>29.6</ele>
   </trkpt>
   <trkpt lat="48.3063100" lon="-70.3327810">
    <ele>29.6</ele>
   </trkpt>
   <trkpt lat="48.3063050" lon="-70.3327940">
    <ele>29.5</ele>
   </trkpt>
   <trkpt lat="48.3062930" lon="-70.3328100">
    <ele>29.4</ele>
   </trkpt>
   <trkpt lat="48.3062840" lon="-70.3328170">
    <ele>29.4</ele>
   </trkpt>
   <trkpt lat="48.3062760" lon="-70.3328250">
    <ele>29.3</ele>
   </trkpt>
   <trkpt lat="48.3062690" lon="-70.3328270">
    <ele>29.2</ele>
   </trkpt>
   <trkpt lat="48.3062590" lon="-70.3328300">
    <ele>29.2</ele>
   </trkpt>
   <trkpt lat="48.3062530" lon="-70.3328320">
    <ele>29.1</ele>
   </trkpt>
   <trkpt lat="48.3062450" lon="-70.3328360">
    <ele>29.1</ele>
   </trkpt>
   <trkpt lat="48.3062360" lon="-70.3328330">
    <ele>29.0</ele>
   </trkpt>
   <trkpt lat="48.3062250" lon="-70.3328470">
    <ele>28.9</ele>
   </trkpt>
   <trkpt lat="48.3062130" lon="-70.3328560">
    <ele>28.8</ele>
   </trkpt>
   <trkpt lat="48.3062030" lon="-70.3328660">
    <ele>28.7</ele>
   </trkpt>
   <trkpt lat="48.3061900" lon="-70.3328730">
    <ele>28.6</ele>
   </trkpt>
   <trkpt lat="48.3061790" lon="-70.3328820">
    <ele>28.4</ele>
   </trkpt>
   <trkpt lat="48.3061680" lon="-70.3328880">
    <ele>28.4</ele>
   </trkpt>
   <trkpt lat="48.3061590" lon="-70.3328950">
    <ele>28.3</ele>
   </trkpt>
   <trkpt lat="48.3061560" lon="-70.3328990">
    <ele>28.2</ele>
   </trkpt>
   <trkpt lat="48.3061460" lon="-70.3329050">
    <ele>28.1</ele>
   </trkpt>
   <trkpt lat="48.3061390" lon="-70.3328990">
    <ele>28.0</ele>
   </trkpt>
   <trkpt lat="48.3061360" lon="-70.3329010">
    <ele>28.0</ele>
   </trkpt>
   <trkpt lat="48.3061310" lon="-70.3329030">
    <ele>28.0</ele>
   </trkpt>
   <trkpt lat="48.3061130" lon="-70.3329050">
    <ele>27.8</ele>
   </trkpt>
   <trkpt lat="48.3061010" lon="-70.3329110">
    <ele>27.7</ele>
   </trkpt>
   <trkpt lat="48.3060860" lon="-70.3329160">
    <ele>27.5</ele>
   </trkpt>
   <trkpt lat="48.3060720" lon="-70.3329280">
    <ele>27.3</ele>
   </trkpt>
   <trkpt lat="48.3060600" lon="-70.3329360">
    <ele>27.2</ele>
   </trkpt>
   <trkpt lat="48.3060570" lon="-70.3329370">
    <ele>27.2</ele>
   </trkpt>
   <trkpt lat="48.3060530" lon="-70.3329380">
    <ele>27.1</ele>
   </trkpt>
   <trkpt lat="48.3060510" lon="-70.3329370">
    <ele>27.1</ele>
   </trkpt>
   <trkpt lat="48.3060370" lon="-70.3329360">
    <ele>27.0</ele>
   </trkpt>
   <trkpt lat="48.3060260" lon="-70.3329290">
    <ele>26.8</ele>
   </trkpt>
   <trkpt lat="48.3060200" lon="-70.3329320">
    <ele>26.8</ele>
   </trkpt>
   <trkpt lat="48.3060190" lon="-70.3329340">
    <ele>26.8</ele>
   </trkpt>
   <trkpt lat="48.3060160" lon="-70.3329380">
    <ele>26.7</ele>
   </trkpt>
   <trkpt lat="48.3060080" lon="-70.3329410">
    <ele>26.6</ele>
   </trkpt>
   <trkpt lat="48.3059970" lon="-70.3329450">
    <ele>26.5</ele>
   </trkpt>
   <trkpt lat="48.3059760" lon="-70.3329500">
    <ele>26.3</ele>
   </trkpt>
   <trkpt lat="48.3059680" lon="-70.3329450">
    <ele>26.2</ele>
   </trkpt>
   <trkpt lat="48.3059540" lon="-70.3329430">
    <ele>26.1</ele>
   </trkpt>
   <trkpt lat="48.3059480" lon="-70.3329410">
    <ele>26.0</ele>
   </trkpt>
   <trkpt lat="48.3059340" lon="-70.3329450">
    <ele>25.9</ele>
   </trkpt>
   <trkpt lat="48.3059090" lon="-70.3329520">
    <ele>25.7</ele>
   </trkpt>
   <trkpt lat="48.3059000" lon="-70.3329560">
    <ele>25.6</ele>
   </trkpt>
   <trkpt lat="48.3058850" lon="-70.3329580">
    <ele>25.4</ele>
   </trkpt>
   <trkpt lat="48.3058650" lon="-70.3329630">
    <ele>25.3</ele>
   </trkpt>
   <trkpt lat="48.3058440" lon="-70.3329730">
    <ele>25.1</ele>
   </trkpt>
   <trkpt lat="48.3058270" lon="-70.3329720">
    <ele>25.0</ele>
   </trkpt>
   <trkpt lat="48.3058030" lon="-70.3329720">
    <ele>24.8</ele>
   </trkpt>
   <trkpt lat="48.3057890" lon="-70.3329740">
    <ele>24.7</ele>
   </trkpt>
   <trkpt lat="48.3057700" lon="-70.3329770">
    <ele>24.6</ele>
   </trkpt>
   <trkpt lat="48.3057480" lon="-70.3329820">
    <ele>24.4</ele>
   </trkpt>
   <trkpt lat="48.3057340" lon="-70.3329880">
    <ele>24.4</ele>
   </trkpt>
   <trkpt lat="48.3057180" lon="-70.3329910">
    <ele>24.3</ele>
   </trkpt>
   <trkpt lat="48.3057110" lon="-70.3330050">
    <ele>24.2</ele>
   </trkpt>
   <trkpt lat="48.3057120" lon="-70.3330140">
    <ele>24.2</ele>
   </trkpt>
   <trkpt lat="48.3057110" lon="-70.3330220">
    <ele>24.2</ele>
   </trkpt>
   <trkpt lat="48.3056960" lon="-70.3330310">
    <ele>24.1</ele>
   </trkpt>
   <trkpt lat="48.3056800" lon="-70.3330440">
    <ele>24.0</ele>
   </trkpt>
   <trkpt lat="48.3056650" lon="-70.3330530">
    <ele>24.0</ele>
   </trkpt>
   <trkpt lat="48.3056510" lon="-70.3330580">
    <ele>24.0</ele>
   </trkpt>
   <trkpt lat="48.3056380" lon="-70.3330720">
    <ele>23.9</ele>
   </trkpt>
   <trkpt lat="48.3056300" lon="-70.3330800">
    <ele>23.9</ele>
   </trkpt>
   <trkpt lat="48.3056210" lon="-70.3330850">
    <ele>23.9</ele>
   </trkpt>
   <trkpt lat="48.3056140" lon="-70.3330970">
    <ele>23.9</ele>
   </trkpt>
   <trkpt lat="48.3055940" lon="-70.3331030">
    <ele>23.9</ele>
   </trkpt>
   <trkpt lat="48.3055870" lon="-70.3331090">
    <ele>23.9</ele>
   </trkpt>
   <trkpt lat="48.3055860" lon="-70.3331110">
    <ele>23.9</ele>
   </trkpt>
   <trkpt lat="48.3055830" lon="-70.3331130">
    <ele>23.9</ele>
   </trkpt>
   <trkpt lat="48.3055730" lon="-70.3331030">
    <ele>23.8</ele>
   </trkpt>
   <trkpt lat="48.3055660" lon="-70.3331000">
    <ele>23.8</ele>
   </trkpt>
   <trkpt lat="48.3055550" lon="-70.3331050">
    <ele>23.8</ele>
   </trkpt>
   <trkpt lat="48.3055410" lon="-70.3331100">
    <ele>23.8</ele>
   </trkpt>
   <trkpt lat="48.3055250" lon="-70.3331130">
    <ele>23.8</ele>
   </trkpt>
   <trkpt lat="48.3055120" lon="-70.3331080">
    <ele>23.8</ele>
   </trkpt>
   <trkpt lat="48.3055070" lon="-70.3331030">
    <ele>23.8</ele>
   </trkpt>
   <trkpt lat="48.3054980" lon="-70.3331070">
    <ele>23.8</ele>
   </trkpt>
   <trkpt lat="48.3054840" lon="-70.3331150">
    <ele>23.8</ele>
   </trkpt>
   <trkpt lat="48.3054670" lon="-70.3331180">
    <ele>23.8</ele>
   </trkpt>
   <trkpt lat="48.3054480" lon="-70.3331190">
    <ele>23.7</ele>
   </trkpt>
   <trkpt lat="48.3054310" lon="-70.3331220">
    <ele>23.7</ele>
   </trkpt>
   <trkpt lat="48.3054170" lon="-70.3331240">
    <ele>23.7</ele>
   </trkpt>
   <trkpt lat="48.3053990" lon="-70.3331170">
    <ele>23.7</ele>
   </trkpt>
   <trkpt lat="48.3053870" lon="-70.3331120">
    <ele>23.7</ele>
   </trkpt>
   <trkpt lat="48.3053760" lon="-70.3331120">
    <ele>23.6</ele>
   </trkpt>
   <trkpt lat="48.3053680" lon="-70.3331220">
    <ele>23.6</ele>
   </trkpt>
   <trkpt lat="48.3053530" lon="-70.3331310">
    <ele>23.6</ele>
   </trkpt>
   <trkpt lat="48.3053530" lon="-70.3331360">
    <ele>23.5</ele>
   </trkpt>
   <trkpt lat="48.3053440" lon="-70.3331480">
    <ele>23.3</ele>
   </trkpt>
   <trkpt lat="48.3053380" lon="-70.3331550">
    <ele>23.2</ele>
   </trkpt>
   <trkpt lat="48.3053260" lon="-70.3331560">
    <ele>23.0</ele>
   </trkpt>
   <trkpt lat="48.3053180" lon="-70.3331560">
    <ele>22.8</ele>
   </trkpt>
   <trkpt lat="48.3053140" lon="-70.3331620">
    <ele>22.7</ele>
   </trkpt>
   <trkpt lat="48.3053180" lon="-70.3331610">
    <ele>22.7</ele>
   </trkpt>
   <trkpt lat="48.3053070" lon="-70.3331630">
    <ele>22.5</ele>
   </trkpt>
   <trkpt lat="48.3052970" lon="-70.3331660">
    <ele>22.3</ele>
   </trkpt>
   <trkpt lat="48.3052900" lon="-70.3331610">
    <ele>22.2</ele>
   </trkpt>
   <trkpt lat="48.3052880" lon="-70.3331600">
    <ele>22.1</ele>
   </trkpt>
   <trkpt lat="48.3052810" lon="-70.3331650">
    <ele>22.0</ele>
   </trkpt>
   <trkpt lat="48.3052700" lon="-70.3331560">
    <ele>21.8</ele>
   </trkpt>
   <trkpt lat="48.3052570" lon="-70.3331580">
    <ele>21.6</ele>
   </trkpt>
   <trkpt lat="48.3052480" lon="-70.3331590">
    <ele>21.4</ele>
   </trkpt>
   <trkpt lat="48.3052380" lon="-70.3331610">
    <ele>21.2</ele>
   </trkpt>
   <trkpt lat="48.3052290" lon="-70.3331560">
    <ele>21.0</ele>
   </trkpt>
   <trkpt lat="48.3052250" lon="-70.3331690">
    <ele>20.9</ele>
   </trkpt>
   <trkpt lat="48.3052140" lon="-70.3331620">
    <ele>20.7</ele>
   </trkpt>
   <trkpt lat="48.3052020" lon="-70.3331540">
    <ele>20.4</ele>
   </trkpt>
   <trkpt lat="48.3051880" lon="-70.3331410">
    <ele>20.1</ele>
   </trkpt>
   <trkpt lat="48.3051720" lon="-70.3331420">
    <ele>19.8</ele>
   </trkpt>
   <trkpt lat="48.3051620" lon="-70.3331380">
    <ele>19.6</ele>
   </trkpt>
   <trkpt lat="48.3051560" lon="-70.3331360">
    <ele>19.5</ele>
   </trkpt>
   <trkpt lat="48.3051480" lon="-70.3331310">
    <ele>19.3</ele>
   </trkpt>
   <trkpt lat="48.3051390" lon="-70.3331250">
    <ele>19.1</ele>
   </trkpt>
   <trkpt lat="48.3051290" lon="-70.3331150">
    <ele>18.9</ele>
   </trkpt>
   <trkpt lat="48.3051150" lon="-70.3331060">
    <ele>18.6</ele>
   </trkpt>
   <trkpt lat="48.3051020" lon="-70.3330980">
    <ele>18.3</ele>
   </trkpt>
   <trkpt lat="48.3050940" lon="-70.3330960">
    <ele>18.2</ele>
   </trkpt>
   <trkpt lat="48.3050790" lon="-70.3330930">
    <ele>17.9</ele>
   </trkpt>
   <trkpt lat="48.3050660" lon="-70.3330960">
    <ele>17.6</ele>
   </trkpt>
   <trkpt lat="48.3050530" lon="-70.3330970">
    <ele>17.4</ele>
   </trkpt>
   <trkpt lat="48.3050420" lon="-70.3331010">
    <ele>17.2</ele>
   </trkpt>
   <trkpt lat="48.3050310" lon="-70.3331070">
    <ele>17.0</ele>
   </trkpt>
   <trkpt lat="48.3050150" lon="-70.3331120">
    <ele>16.6</ele>
   </trkpt>
   <trkpt lat="48.3050020" lon="-70.3331150">
    <ele>16.4</ele>
   </trkpt>
   <trkpt lat="48.3049900" lon="-70.3331220">
    <ele>16.2</ele>
   </trkpt>
   <trkpt lat="48.3049760" lon="-70.3331300">
    <ele>15.9</ele>
   </trkpt>
   <trkpt lat="48.3049650" lon="-70.3331400">
    <ele>15.7</ele>
   </trkpt>
   <trkpt lat="48.3049580" lon="-70.3331400">
    <ele>15.5</ele>
   </trkpt>
   <trkpt lat="48.3049430" lon="-70.3331510">
    <ele>15.2</ele>
   </trkpt>
   <trkpt lat="48.3049320" lon="-70.3331600">
    <ele>15.0</ele>
   </trkpt>
   <trkpt lat="48.3049210" lon="-70.3331550">
    <ele>14.8</ele>
   </trkpt>
   <trkpt lat="48.3049090" lon="-70.3331540">
    <ele>14.6</ele>
   </trkpt>
   <trkpt lat="48.3049040" lon="-70.3331530">
    <ele>14.5</ele>
   </trkpt>
   <trkpt lat="48.3048950" lon="-70.3331430">
    <ele>14.3</ele>
   </trkpt>
   <trkpt lat="48.3049010" lon="-70.3331410">
    <ele>14.1</ele>
   </trkpt>
   <trkpt lat="48.3049000" lon="-70.3331420">
    <ele>14.1</ele>
   </trkpt>
   <trkpt lat="48.3048970" lon="-70.3331430">
    <ele>14.0</ele>
   </trkpt>
   <trkpt lat="48.3048980" lon="-70.3331410">
    <ele>13.9</ele>
   </trkpt>
   <trkpt lat="48.3048970" lon="-70.3331310">
    <ele>13.7</ele>
   </trkpt>
   <trkpt lat="48.3049010" lon="-70.3331200">
    <ele>13.5</ele>
   </trkpt>
   <trkpt lat="48.3049060" lon="-70.3331170">
    <ele>13.4</ele>
   </trkpt>
   <trkpt lat="48.3049110" lon="-70.3331040">
    <ele>13.1</ele>
   </trkpt>
   <trkpt lat="48.3049160" lon="-70.3330910">
    <ele>12.8</ele>
   </trkpt>
   <trkpt lat="48.3049200" lon="-70.3330860">
    <ele>12.6</ele>
   </trkpt>
   <trkpt lat="48.3049240" lon="-70.3330730">
    <ele>12.4</ele>
   </trkpt>
   <trkpt lat="48.3049300" lon="-70.3330610">
    <ele>12.1</ele>
   </trkpt>
   <trkpt lat="48.3049390" lon="-70.3330520">
    <ele>11.8</ele>
   </trkpt>
   <trkpt lat="48.3049490" lon="-70.3330470">
    <ele>11.5</ele>
   </trkpt>
   <trkpt lat="48.3049600" lon="-70.3330300">
    <ele>11.0</ele>
   </trkpt>
   <trkpt lat="48.3049720" lon="-70.3330230">
    <ele>10.7</ele>
   </trkpt>
   <trkpt lat="48.3049840" lon="-70.3330170">
    <ele>10.3</ele>
   </trkpt>
   <trkpt lat="48.3049950" lon="-70.3330070">
    <ele>10.0</ele>
   </trkpt>
   <trkpt lat="48.3050010" lon="-70.3329890">
    <ele>9.6</ele>
   </trkpt>
   <trkpt lat="48.3050100" lon="-70.3329710">
    <ele>9.2</ele>
   </trkpt>
   <trkpt lat="48.3050200" lon="-70.3329630">
    <ele>8.9</ele>
   </trkpt>
   <trkpt lat="48.3050230" lon="-70.3329570">
    <ele>8.8</ele>
   </trkpt>
   <trkpt lat="48.3050310" lon="-70.3329540">
    <ele>8.6</ele>
   </trkpt>
   <trkpt lat="48.3050330" lon="-70.3329540">
    <ele>8.6</ele>
   </trkpt>
   <trkpt lat="48.3050340" lon="-70.3329460">
    <ele>8.4</ele>
   </trkpt>
   <trkpt lat="48.3050240" lon="-70.3329240">
    <ele>8.0</ele>
   </trkpt>
   <trkpt lat="48.3050250" lon="-70.3328970">
    <ele>7.6</ele>
   </trkpt>
   <trkpt lat="48.3050250" lon="-70.3328640">
    <ele>7.0</ele>
   </trkpt>
   <trkpt lat="48.3050260" lon="-70.3328480">
    <ele>6.8</ele>
   </trkpt>
   <trkpt lat="48.3050270" lon="-70.3328180">
    <ele>6.3</ele>
   </trkpt>
   <trkpt lat="48.3050300" lon="-70.3328030">
    <ele>6.1</ele>
   </trkpt>
   <trkpt lat="48.3050330" lon="-70.3327900">
    <ele>5.9</ele>
   </trkpt>
   <trkpt lat="48.3050300" lon="-70.3327880">
    <ele>5.9</ele>
   </trkpt>
   <trkpt lat="48.3050340" lon="-70.3328010">
    <ele>5.7</ele>
   </trkpt>
   <trkpt lat="48.3050360" lon="-70.3328030">
    <ele>5.6</ele>
   </trkpt>
   <trkpt lat="48.3050360" lon="-70.3328040">
    <ele>5.6</ele>
   </trkpt>
   <trkpt lat="48.3050340" lon="-70.3328020">
    <ele>5.5</ele>
   </trkpt>
   <trkpt lat="48.3050240" lon="-70.3327930">
    <ele>5.3</ele>
   </trkpt>
   <trkpt lat="48.3050230" lon="-70.3327800">
    <ele>5.1</ele>
   </trkpt>
   <trkpt lat="48.3050220" lon="-70.3327560">
    <ele>4.8</ele>
   </trkpt>
   <trkpt lat="48.3050190" lon="-70.3327300">
    <ele>4.5</ele>
   </trkpt>
   <trkpt lat="48.3050240" lon="-70.3327180">
    <ele>4.3</ele>
   </trkpt>
   <trkpt lat="48.3050250" lon="-70.3327090">
    <ele>4.1</ele>
   </trkpt>
   <trkpt lat="48.3050340" lon="-70.3327130">
    <ele>4.0</ele>
   </trkpt>
   <trkpt lat="48.3050320" lon="-70.3327040">
    <ele>3.8</ele>
   </trkpt>
   <trkpt lat="48.3050260" lon="-70.3326890">
    <ele>3.6</ele>
   </trkpt>
   <trkpt lat="48.3050250" lon="-70.3326760">
    <ele>3.4</ele>
   </trkpt>
   <trkpt lat="48.3050290" lon="-70.3326750">
    <ele>3.3</ele>
   </trkpt>
   <trkpt lat="48.3050300" lon="-70.3326580">
    <ele>3.1</ele>
   </trkpt>
   <trkpt lat="48.3050270" lon="-70.3326520">
    <ele>3.1</ele>
   </trkpt>
   <trkpt lat="48.3050210" lon="-70.3326390">
    <ele>3.1</ele>
   </trkpt>
   <trkpt lat="48.3050110" lon="-70.3326190">
    <ele>2.8</ele>
   </trkpt>
   <trkpt lat="48.3050110" lon="-70.3326090">
    <ele>2.8</ele>
   </trkpt>
   <trkpt lat="48.3050120" lon="-70.3325970">
    <ele>2.8</ele>
   </trkpt>
   <trkpt lat="48.3050040" lon="-70.3325730">
    <ele>2.5</ele>
   </trkpt>
   <trkpt lat="48.3050050" lon="-70.3325640">
    <ele>2.5</ele>
   </trkpt>
   <trkpt lat="48.3050060" lon="-70.3325570">
    <ele>2.5</ele>
   </trkpt>
   <trkpt lat="48.3050050" lon="-70.3325460">
    <ele>2.5</ele>
   </trkpt>
   <trkpt lat="48.3050040" lon="-70.3325360">
    <ele>2.3</ele>
   </trkpt>
   <trkpt lat="48.3049970" lon="-70.3325070">
    <ele>2.3</ele>
   </trkpt>
   <trkpt lat="48.3049960" lon="-70.3324960">
    <ele>2.2</ele>
   </trkpt>
   <trkpt lat="48.3049950" lon="-70.3324880">
    <ele>2.2</ele>
   </trkpt>
   <trkpt lat="48.3049960" lon="-70.3324780">
    <ele>2.2</ele>
   </trkpt>
   <trkpt lat="48.3049920" lon="-70.3324600">
    <ele>2.2</ele>
   </trkpt>
   <trkpt lat="48.3049910" lon="-70.3324490">
    <ele>2.2</ele>
   </trkpt>
   <trkpt lat="48.3049860" lon="-70.3324340">
    <ele>2.2</ele>
   </trkpt>
   <trkpt lat="48.3049750" lon="-70.3324140">
    <ele>2.2</ele>
   </trkpt>
   <trkpt lat="48.3049780" lon="-70.3323950">
    <ele>2.2</ele>
   </trkpt>
   <trkpt lat="48.3049790" lon="-70.3323700">
    <ele>2.3</ele>
   </trkpt>
   <trkpt lat="48.3049820" lon="-70.3323480">
    <ele>2.3</ele>
   </trkpt>
   <trkpt lat="48.3049810" lon="-70.3323280">
    <ele>2.3</ele>
   </trkpt>
   <trkpt lat="48.3049770" lon="-70.3323030">
    <ele>2.3</ele>
   </trkpt>
   <trkpt lat="48.3049730" lon="-70.3322880">
    <ele>2.3</ele>
   </trkpt>
   <trkpt lat="48.3049730" lon="-70.3322660">
    <ele>2.3</ele>
   </trkpt>
   <trkpt lat="48.3049690" lon="-70.3322570">
    <ele>2.4</ele>
   </trkpt>
   <trkpt lat="48.3049690" lon="-70.3322390">
    <ele>2.3</ele>
   </trkpt>
   <trkpt lat="48.3049660" lon="-70.3322170">
    <ele>2.3</ele>
   </trkpt>
   <trkpt lat="48.3049640" lon="-70.3322060">
    <ele>2.3</ele>
   </trkpt>
   <trkpt lat="48.3049590" lon="-70.3321930">
    <ele>2.3</ele>
   </trkpt>
   <trkpt lat="48.3049540" lon="-70.3321740">
    <ele>2.3</ele>
   </trkpt>
   <trkpt lat="48.3049500" lon="-70.3321510">
    <ele>2.3</ele>
   </trkpt>
   <trkpt lat="48.3049490" lon="-70.3321390">
    <ele>2.3</ele>
   </trkpt>
   <trkpt lat="48.3049470" lon="-70.3321250">
    <ele>2.3</ele>
   </trkpt>
   <trkpt lat="48.3049450" lon="-70.3321080">
    <ele>2.3</ele>
   </trkpt>
   <trkpt lat="48.3049410" lon="-70.3321000">
    <ele>2.3</ele>
   </trkpt>
   <trkpt lat="48.3049330" lon="-70.3320830">
    <ele>2.3</ele>
   </trkpt>
   <trkpt lat="48.3049260" lon="-70.3320720">
    <ele>2.3</ele>
   </trkpt>
   <trkpt lat="48.3049240" lon="-70.3320610">
    <ele>2.3</ele>
   </trkpt>
   <trkpt lat="48.3049230" lon="-70.3320550">
    <ele>2.4</ele>
   </trkpt>
   <trkpt lat="48.3049210" lon="-70.3320340">
    <ele>2.4</ele>
   </trkpt>
   <trkpt lat="48.3049230" lon="-70.3320240">
    <ele>2.4</ele>
   </trkpt>
   <trkpt lat="48.3049200" lon="-70.3320220">
    <ele>2.4</ele>
   </trkpt>
   <trkpt lat="48.3049150" lon="-70.3320330">
    <ele>2.4</ele>
   </trkpt>
   <trkpt lat="48.3049150" lon="-70.3320340">
    <ele>2.4</ele>
   </trkpt>
   <trkpt lat="48.3049190" lon="-70.3320230">
    <ele>2.4</ele>
   </trkpt>
   <trkpt lat="48.3049190" lon="-70.3320210">
    <ele>2.4</ele>
   </trkpt>
   <trkpt lat="48.3049190" lon="-70.3320180">
    <ele>2.4</ele>
   </trkpt>
   <trkpt lat="48.3049170" lon="-70.3320180">
    <ele>2.4</ele>
   </trkpt>
   <trkpt lat="48.3049180" lon="-70.3320180">
    <ele>2.4</ele>
   </trkpt>
   <trkpt lat="48.3049180" lon="-70.3320200">
    <ele>2.4</ele>
   </trkpt>
   <trkpt lat="48.3049180" lon="-70.3320210">
    <ele>2.4</ele>
   </trkpt>
   <trkpt lat="48.3049200" lon="-70.3320210">
    <ele>2.4</ele>
   </trkpt>
   <trkpt lat="48.3049180" lon="-70.3320230">
    <ele>2.4</ele>
   </trkpt>
   <trkpt lat="48.3049190" lon="-70.3320260">
    <ele>2.4</ele>
   </trkpt>
   <trkpt lat="48.3049190" lon="-70.3320260">
    <ele>2.4</ele>
   </trkpt>
   <trkpt lat="48.3049190" lon="-70.3320260">
    <ele>2.4</ele>
   </trkpt>
   <trkpt lat="48.3049180" lon="-70.3320280">
    <ele>2.4</ele>
   </trkpt>
   <trkpt lat="48.3049180" lon="-70.3320290">
    <ele>2.4</ele>
   </trkpt>
   <trkpt lat="48.3049160" lon="-70.3320250">
    <ele>2.4</ele>
   </trkpt>
   <trkpt lat="48.3049150" lon="-70.3320280">
    <ele>2.4</ele>
   </trkpt>
   <trkpt lat="48.3049180" lon="-70.3320270">
    <ele>2.4</ele>
   </trkpt>
   <trkpt lat="48.3049170" lon="-70.3320270">
    <ele>2.4</ele>
   </trkpt>
   <trkpt lat="48.3049180" lon="-70.3320270">
    <ele>2.4</ele>
   </trkpt>
   <trkpt lat="48.3049180" lon="-70.3320270">
    <ele>2.4</ele>
   </trkpt>
   <trkpt lat="48.3049180" lon="-70.3320260">
    <ele>2.4</ele>
   </trkpt>
   <trkpt lat="48.3049170" lon="-70.3320220">
    <ele>2.4</ele>
   </trkpt>
   <trkpt lat="48.3049180" lon="-70.3320240">
    <ele>2.4</ele>
   </trkpt>
   <trkpt lat="48.3049190" lon="-70.3320210">
    <ele>2.4</ele>
   </trkpt>
   <trkpt lat="48.3049180" lon="-70.3320200">
    <ele>2.4</ele>
   </trkpt>
   <trkpt lat="48.3049170" lon="-70.3320200">
    <ele>2.4</ele>
   </trkpt>
   <trkpt lat="48.3049170" lon="-70.3320170">
    <ele>2.4</ele>
   </trkpt>
   <trkpt lat="48.3049150" lon="-70.3320140">
    <ele>2.4</ele>
   </trkpt>
   <trkpt lat="48.3049100" lon="-70.3319960">
    <ele>2.4</ele>
   </trkpt>
   <trkpt lat="48.3049080" lon="-70.3319900">
    <ele>2.4</ele>
   </trkpt>
   <trkpt lat="48.3049090" lon="-70.3319930">
    <ele>2.4</ele>
   </trkpt>
   <trkpt lat="48.3049130" lon="-70.3319980">
    <ele>2.4</ele>
   </trkpt>
   <trkpt lat="48.3049200" lon="-70.3319980">
    <ele>2.4</ele>
   </trkpt>
   <trkpt lat="48.3049420" lon="-70.3320010">
    <ele>2.4</ele>
   </trkpt>
   <trkpt lat="48.3049520" lon="-70.3320000">
    <ele>2.4</ele>
   </trkpt>
   <trkpt lat="48.3049540" lon="-70.3319860">
    <ele>2.4</ele>
   </trkpt>
   <trkpt lat="48.3049560" lon="-70.3319850">
    <ele>2.4</ele>
   </trkpt>
   <trkpt lat="48.3049550" lon="-70.3319870">
    <ele>2.4</ele>
   </trkpt>
   <trkpt lat="48.3049550" lon="-70.3319830">
    <ele>2.4</ele>
   </trkpt>
   <trkpt lat="48.3049510" lon="-70.3319820">
    <ele>2.4</ele>
   </trkpt>
   <trkpt lat="48.3049510" lon="-70.3319820">
    <ele>2.4</ele>
   </trkpt>
   <trkpt lat="48.3049520" lon="-70.3319820">
    <ele>2.4</ele>
   </trkpt>
   <trkpt lat="48.3049530" lon="-70.3319850">
    <ele>2.4</ele>
   </trkpt>
   <trkpt lat="48.3049540" lon="-70.3319930">
    <ele>2.4</ele>
   </trkpt>
   <trkpt lat="48.3049550" lon="-70.3319780">
    <ele>2.4</ele>
   </trkpt>
   <trkpt lat="48.3049530" lon="-70.3319760">
    <ele>2.4</ele>
   </trkpt>
   <trkpt lat="48.3049530" lon="-70.3319790">
    <ele>2.4</ele>
   </trkpt>
   <trkpt lat="48.3049510" lon="-70.3319780">
    <ele>2.4</ele>
   </trkpt>
   <trkpt lat="48.3049520" lon="-70.3319810">
    <ele>2.4</ele>
   </trkpt>
   <trkpt lat="48.3049490" lon="-70.3319810">
    <ele>2.4</ele>
   </trkpt>
   <trkpt lat="48.3049460" lon="-70.3319740">
    <ele>2.4</ele>
   </trkpt>
   <trkpt lat="48.3049460" lon="-70.3319800">
    <ele>2.4</ele>
   </trkpt>
   <trkpt lat="48.3049430" lon="-70.3319870">
    <ele>2.4</ele>
   </trkpt>
   <trkpt lat="48.3049350" lon="-70.3319930">
    <ele>2.4</ele>
   </trkpt>
   <trkpt lat="48.3049290" lon="-70.3319930">
    <ele>2.4</ele>
   </trkpt>
   <trkpt lat="48.3049290" lon="-70.3319960">
    <ele>2.4</ele>
   </trkpt>
   <trkpt lat="48.3049300" lon="-70.3319990">
    <ele>2.4</ele>
   </trkpt>
   <trkpt lat="48.3049280" lon="-70.3320040">
    <ele>2.5</ele>
   </trkpt>
   <trkpt lat="48.3049270" lon="-70.3320040">
    <ele>2.5</ele>
   </trkpt>
   <trkpt lat="48.3049260" lon="-70.3320090">
    <ele>2.5</ele>
   </trkpt>
   <trkpt lat="48.3049260" lon="-70.3320110">
    <ele>2.5</ele>
   </trkpt>
   <trkpt lat="48.3049270" lon="-70.3320150">
    <ele>2.5</ele>
   </trkpt>
   <trkpt lat="48.3049260" lon="-70.3320150">
    <ele>2.5</ele>
   </trkpt>
   <trkpt lat="48.3049260" lon="-70.3320170">
    <ele>2.5</ele>
   </trkpt>
   <trkpt lat="48.3049260" lon="-70.3320170">
    <ele>2.5</ele>
   </trkpt>
   <trkpt lat="48.3049250" lon="-70.3320180">
    <ele>2.5</ele>
   </trkpt>
   <trkpt lat="48.3049250" lon="-70.3320200">
    <ele>2.5</ele>
   </trkpt>
   <trkpt lat="48.3049250" lon="-70.3320190">
    <ele>2.5</ele>
   </trkpt>
   <trkpt lat="48.3049260" lon="-70.3320130">
    <ele>2.5</ele>
   </trkpt>
   <trkpt lat="48.3049270" lon="-70.3320120">
    <ele>2.5</ele>
   </trkpt>
   <trkpt lat="48.3049220" lon="-70.3320190">
    <ele>2.5</ele>
   </trkpt>
   <trkpt lat="48.3049240" lon="-70.3320200">
    <ele>2.5</ele>
   </trkpt>
   <trkpt lat="48.3049340" lon="-70.3320260">
    <ele>2.5</ele>
   </trkpt>
   <trkpt lat="48.3049330" lon="-70.3320290">
    <ele>2.5</ele>
   </trkpt>
   <trkpt lat="48.3049330" lon="-70.3320290">
    <ele>2.5</ele>
   </trkpt>
   <trkpt lat="48.3049330" lon="-70.3320290">
    <ele>2.5</ele>
   </trkpt>
   <trkpt lat="48.3049330" lon="-70.3320290">
    <ele>2.5</ele>
   </trkpt>
   <trkpt lat="48.3049340" lon="-70.3320240">
    <ele>2.5</ele>
   </trkpt>
   <trkpt lat="48.3049380" lon="-70.3320210">
    <ele>2.5</ele>
   </trkpt>
   <trkpt lat="48.3049460" lon="-70.3320250">
    <ele>2.5</ele>
   </trkpt>
   <trkpt lat="48.3049520" lon="-70.3320290">
    <ele>2.5</ele>
   </trkpt>
   <trkpt lat="48.3049580" lon="-70.3320270">
    <ele>2.5</ele>
   </trkpt>
   <trkpt lat="48.3049540" lon="-70.3320270">
    <ele>2.5</ele>
   </trkpt>
   <trkpt lat="48.3049530" lon="-70.3320250">
    <ele>2.5</ele>
   </trkpt>
   <trkpt lat="48.3049530" lon="-70.3320240">
    <ele>2.5</ele>
   </trkpt>
   <trkpt lat="48.3049550" lon="-70.3320220">
    <ele>2.5</ele>
   </trkpt>
   <trkpt lat="48.3049510" lon="-70.3320230">
    <ele>2.5</ele>
   </trkpt>
   <trkpt lat="48.3049500" lon="-70.3320230">
    <ele>2.5</ele>
   </trkpt>
   <trkpt lat="48.3049490" lon="-70.3320260">
    <ele>2.5</ele>
   </trkpt>
   <trkpt lat="48.3049470" lon="-70.3320320">
    <ele>2.5</ele>
   </trkpt>
   <trkpt lat="48.3049480" lon="-70.3320320">
    <ele>2.5</ele>
   </trkpt>
   <trkpt lat="48.3049490" lon="-70.3320330">
    <ele>2.5</ele>
   </trkpt>
   <trkpt lat="48.3049480" lon="-70.3320350">
    <ele>2.5</ele>
   </trkpt>
   <trkpt lat="48.3049470" lon="-70.3320350">
    <ele>2.5</ele>
   </trkpt>
   <trkpt lat="48.3049480" lon="-70.3320390">
    <ele>2.5</ele>
   </trkpt>
   <trkpt lat="48.3049500" lon="-70.3320380">
    <ele>2.5</ele>
   </trkpt>
   <trkpt lat="48.3049540" lon="-70.3320430">
    <ele>2.5</ele>
   </trkpt>
   <trkpt lat="48.3049530" lon="-70.3320430">
    <ele>2.5</ele>
   </trkpt>
   <trkpt lat="48.3049520" lon="-70.3320430">
    <ele>2.5</ele>
   </trkpt>
   <trkpt lat="48.3049520" lon="-70.3320400">
    <ele>2.5</ele>
   </trkpt>
   <trkpt lat="48.3049510" lon="-70.3320270">
    <ele>2.5</ele>
   </trkpt>
   <trkpt lat="48.3049500" lon="-70.3320170">
    <ele>2.5</ele>
   </trkpt>
   <trkpt lat="48.3049540" lon="-70.3320160">
    <ele>2.5</ele>
   </trkpt>
   <trkpt lat="48.3049500" lon="-70.3320060">
    <ele>2.5</ele>
   </trkpt>
   <trkpt lat="48.3049550" lon="-70.3320030">
    <ele>2.5</ele>
   </trkpt>
   <trkpt lat="48.3049520" lon="-70.3320000">
    <ele>2.5</ele>
   </trkpt>
   <trkpt lat="48.3049540" lon="-70.3320050">
    <ele>2.5</ele>
   </trkpt>
   <trkpt lat="48.3049520" lon="-70.3320010">
    <ele>2.5</ele>
   </trkpt>
   <trkpt lat="48.3049530" lon="-70.3320030">
    <ele>2.5</ele>
   </trkpt>
   <trkpt lat="48.3049540" lon="-70.3320000">
    <ele>2.5</ele>
   </trkpt>
   <trkpt lat="48.3049530" lon="-70.3319990">
    <ele>2.5</ele>
   </trkpt>
   <trkpt lat="48.3049530" lon="-70.3319980">
    <ele>2.5</ele>
   </trkpt>
   <trkpt lat="48.3049540" lon="-70.3319960">
    <ele>2.5</ele>
   </trkpt>
   <trkpt lat="48.3049550" lon="-70.3319970">
    <ele>2.5</ele>
   </trkpt>
   <trkpt lat="48.3049530" lon="-70.3319960">
    <ele>2.5</ele>
   </trkpt>
   <trkpt lat="48.3049520" lon="-70.3319940">
    <ele>2.5</ele>
   </trkpt>
   <trkpt lat="48.3049520" lon="-70.3319930">
    <ele>2.5</ele>
   </trkpt>
   <trkpt lat="48.3049520" lon="-70.3319930">
    <ele>2.5</ele>
   </trkpt>
   <trkpt lat="48.3049520" lon="-70.3319930">
    <ele>2.5</ele>
   </trkpt>
   <trkpt lat="48.3049520" lon="-70.3319930">
    <ele>2.6</ele>
   </trkpt>
   <trkpt lat="48.3049520" lon="-70.3319930">
    <ele>2.6</ele>
   </trkpt>
   <trkpt lat="48.3049520" lon="-70.3319930">
    <ele>2.6</ele>
   </trkpt>
   <trkpt lat="48.3049520" lon="-70.3319930">
    <ele>2.6</ele>
   </trkpt>
   <trkpt lat="48.3049520" lon="-70.3319930">
    <ele>2.6</ele>
   </trkpt>
   <trkpt lat="48.3049530" lon="-70.3319950">
    <ele>2.6</ele>
   </trkpt>
   <trkpt lat="48.3049530" lon="-70.3319950">
    <ele>2.6</ele>
   </trkpt>
   <trkpt lat="48.3049540" lon="-70.3319960">
    <ele>2.6</ele>
   </trkpt>
   <trkpt lat="48.3049540" lon="-70.3319960">
    <ele>2.6</ele>
   </trkpt>
   <trkpt lat="48.3049540" lon="-70.3319950">
    <ele>2.6</ele>
   </trkpt>
   <trkpt lat="48.3049540" lon="-70.3319950">
    <ele>2.6</ele>
   </trkpt>
   <trkpt lat="48.3049530" lon="-70.3319940">
    <ele>2.6</ele>
   </trkpt>
   <trkpt lat="48.3049530" lon="-70.3319940">
    <ele>2.6</ele>
   </trkpt>
   <trkpt lat="48.3049530" lon="-70.3319930">
    <ele>2.6</ele>
   </trkpt>
   <trkpt lat="48.3049550" lon="-70.3319940">
    <ele>2.6</ele>
   </trkpt>
   <trkpt lat="48.3049550" lon="-70.3319950">
    <ele>2.6</ele>
   </trkpt>
   <trkpt lat="48.3049550" lon="-70.3319930">
    <ele>2.6</ele>
   </trkpt>
   <trkpt lat="48.3049550" lon="-70.3319930">
    <ele>2.6</ele>
   </trkpt>
   <trkpt lat="48.3049530" lon="-70.3319920">
    <ele>2.6</ele>
   </trkpt>
   <trkpt lat="48.3049520" lon="-70.3319910">
    <ele>2.6</ele>
   </trkpt>
   <trkpt lat="48.3049520" lon="-70.3319900">
    <ele>2.6</ele>
   </trkpt>
   <trkpt lat="48.3049510" lon="-70.3319920">
    <ele>2.6</ele>
   </trkpt>
   <trkpt lat="48.3049490" lon="-70.3319930">
    <ele>2.6</ele>
   </trkpt>
   <trkpt lat="48.3049460" lon="-70.3320070">
    <ele>2.6</ele>
   </trkpt>
   <trkpt lat="48.3049400" lon="-70.3320060">
    <ele>2.6</ele>
   </trkpt>
   <trkpt lat="48.3049400" lon="-70.3320080">
    <ele>2.6</ele>
   </trkpt>
   <trkpt lat="48.3049430" lon="-70.3320060">
    <ele>2.6</ele>
   </trkpt>
   <trkpt lat="48.3049400" lon="-70.3320080">
    <ele>2.6</ele>
   </trkpt>
   <trkpt lat="48.3049430" lon="-70.3320100">
    <ele>2.6</ele>
   </trkpt>
   <trkpt lat="48.3049430" lon="-70.3320090">
    <ele>2.6</ele>
   </trkpt>
   <trkpt lat="48.3049430" lon="-70.3320110">
    <ele>2.6</ele>
   </trkpt>
   <trkpt lat="48.3049430" lon="-70.3320130">
    <ele>2.6</ele>
   </trkpt>
   <trkpt lat="48.3049430" lon="-70.3320160">
    <ele>2.6</ele>
   </trkpt>
   <trkpt lat="48.3049430" lon="-70.3320160">
    <ele>2.6</ele>
   </trkpt>
   <trkpt lat="48.3049440" lon="-70.3320170">
    <ele>2.6</ele>
   </trkpt>
   <trkpt lat="48.3049450" lon="-70.3320180">
    <ele>2.6</ele>
   </trkpt>
   <trkpt lat="48.3049450" lon="-70.3320170">
    <ele>2.6</ele>
   </trkpt>
   <trkpt lat="48.3049460" lon="-70.3320200">
    <ele>2.6</ele>
   </trkpt>
   <trkpt lat="48.3049450" lon="-70.3320270">
    <ele>2.6</ele>
   </trkpt>
   <trkpt lat="48.3049490" lon="-70.3320220">
    <ele>2.6</ele>
   </trkpt>
   <trkpt lat="48.3049480" lon="-70.3320140">
    <ele>2.6</ele>
   </trkpt>
   <trkpt lat="48.3049440" lon="-70.3320080">
    <ele>2.6</ele>
   </trkpt>
   <trkpt lat="48.3049450" lon="-70.3320050">
    <ele>2.6</ele>
   </trkpt>
   <trkpt lat="48.3049440" lon="-70.3320090">
    <ele>2.6</ele>
   </trkpt>
   <trkpt lat="48.3049410" lon="-70.3320110">
    <ele>2.6</ele>
   </trkpt>
   <trkpt lat="48.3049420" lon="-70.3320130">
    <ele>2.6</ele>
   </trkpt>
   <trkpt lat="48.3049410" lon="-70.3320130">
    <ele>2.6</ele>
   </trkpt>
   <trkpt lat="48.3049400" lon="-70.3320130">
    <ele>2.6</ele>
   </trkpt>
   <trkpt lat="48.3049410" lon="-70.3320130">
    <ele>2.6</ele>
   </trkpt>
   <trkpt lat="48.3049410" lon="-70.3320130">
    <ele>2.6</ele>
   </trkpt>
   <trkpt lat="48.3049410" lon="-70.3320120">
    <ele>2.6</ele>
   </trkpt>
   <trkpt lat="48.3049410" lon="-70.3320120">
    <ele>2.6</ele>
   </trkpt>
   <trkpt lat="48.3049410" lon="-70.3320120">
    <ele>2.6</ele>
   </trkpt>
   <trkpt lat="48.3049410" lon="-70.3320120">
    <ele>2.6</ele>
   </trkpt>
   <trkpt lat="48.3049380" lon="-70.3320100">
    <ele>2.6</ele>
   </trkpt>
   <trkpt lat="48.3049380" lon="-70.3320110">
    <ele>2.6</ele>
   </trkpt>
   <trkpt lat="48.3049370" lon="-70.3320090">
    <ele>2.6</ele>
   </trkpt>
   <trkpt lat="48.3049400" lon="-70.3320120">
    <ele>2.6</ele>
   </trkpt>
   <trkpt lat="48.3049510" lon="-70.3320040">
    <ele>2.6</ele>
   </trkpt>
   <trkpt lat="48.3049510" lon="-70.3320000">
    <ele>2.6</ele>
   </trkpt>
   <trkpt lat="48.3049560" lon="-70.3320060">
    <ele>2.6</ele>
   </trkpt>
   <trkpt lat="48.3049530" lon="-70.3320080">
    <ele>2.6</ele>
   </trkpt>
   <trkpt lat="48.3049530" lon="-70.3320090">
    <ele>2.7</ele>
   </trkpt>
   <trkpt lat="48.3049520" lon="-70.3320110">
    <ele>2.7</ele>
   </trkpt>
   <trkpt lat="48.3049520" lon="-70.3320100">
    <ele>2.7</ele>
   </trkpt>
   <trkpt lat="48.3049520" lon="-70.3320090">
    <ele>2.7</ele>
   </trkpt>
   <trkpt lat="48.3049520" lon="-70.3320060">
    <ele>2.7</ele>
   </trkpt>
   <trkpt lat="48.3049520" lon="-70.3320050">
    <ele>2.7</ele>
   </trkpt>
   <trkpt lat="48.3049510" lon="-70.3320040">
    <ele>2.7</ele>
   </trkpt>
   <trkpt lat="48.3049500" lon="-70.3320030">
    <ele>2.7</ele>
   </trkpt>
   <trkpt lat="48.3049510" lon="-70.3320040">
    <ele>2.7</ele>
   </trkpt>
   <trkpt lat="48.3049540" lon="-70.3320060">
    <ele>2.7</ele>
   </trkpt>
   <trkpt lat="48.3049520" lon="-70.3320100">
    <ele>2.7</ele>
   </trkpt>
   <trkpt lat="48.3049500" lon="-70.3320120">
    <ele>2.7</ele>
   </trkpt>
   <trkpt lat="48.3049500" lon="-70.3320180">
    <ele>2.7</ele>
   </trkpt>
   <trkpt lat="48.3049490" lon="-70.3320220">
    <ele>2.7</ele>
   </trkpt>
   <trkpt lat="48.3049550" lon="-70.3320410">
    <ele>2.7</ele>
   </trkpt>
   <trkpt lat="48.3049580" lon="-70.3320330">
    <ele>2.7</ele>
   </trkpt>
   <trkpt lat="48.3049550" lon="-70.3320350">
    <ele>2.7</ele>
   </trkpt>
   <trkpt lat="48.3049550" lon="-70.3320330">
    <ele>2.7</ele>
   </trkpt>
   <trkpt lat="48.3049510" lon="-70.3320330">
    <ele>2.7</ele>
   </trkpt>
   <trkpt lat="48.3049520" lon="-70.3320320">
    <ele>2.7</ele>
   </trkpt>
   <trkpt lat="48.3049570" lon="-70.3320380">
    <ele>2.7</ele>
   </trkpt>
   <trkpt lat="48.3049560" lon="-70.3320380">
    <ele>2.7</ele>
   </trkpt>
   <trkpt lat="48.3049550" lon="-70.3320380">
    <ele>2.7</ele>
   </trkpt>
   <trkpt lat="48.3049510" lon="-70.3320280">
    <ele>2.7</ele>
   </trkpt>
   <trkpt lat="48.3049470" lon="-70.3320280">
    <ele>2.7</ele>
   </trkpt>
   <trkpt lat="48.3049440" lon="-70.3320290">
    <ele>2.7</ele>
   </trkpt>
   <trkpt lat="48.3049450" lon="-70.3320450">
    <ele>2.7</ele>
   </trkpt>
   <trkpt lat="48.3049370" lon="-70.3320710">
    <ele>2.7</ele>
   </trkpt>
   <trkpt lat="48.3049230" lon="-70.3321120">
    <ele>2.7</ele>
   </trkpt>
   <trkpt lat="48.3049390" lon="-70.3320620">
    <ele>2.7</ele>
   </trkpt>
   <trkpt lat="48.3049400" lon="-70.3320560">
    <ele>2.7</ele>
   </trkpt>
   <trkpt lat="48.3049400" lon="-70.3320590">
    <ele>2.7</ele>
   </trkpt>
   <trkpt lat="48.3049410" lon="-70.3320560">
    <ele>2.7</ele>
   </trkpt>
   <trkpt lat="48.3049400" lon="-70.3320560">
    <ele>2.7</ele>
   </trkpt>
   <trkpt lat="48.3049420" lon="-70.3320520">
    <ele>2.7</ele>
   </trkpt>
   <trkpt lat="48.3049400" lon="-70.3320550">
    <ele>2.7</ele>
   </trkpt>
   <trkpt lat="48.3049420" lon="-70.3320510">
    <ele>2.7</ele>
   </trkpt>
   <trkpt lat="48.3049410" lon="-70.3320500">
    <ele>2.7</ele>
   </trkpt>
   <trkpt lat="48.3049390" lon="-70.3320490">
    <ele>2.7</ele>
   </trkpt>
   <trkpt lat="48.3049390" lon="-70.3320500">
    <ele>2.7</ele>
   </trkpt>
   <trkpt lat="48.3049400" lon="-70.3320500">
    <ele>2.7</ele>
   </trkpt>
   <trkpt lat="48.3049390" lon="-70.3320520">
    <ele>2.7</ele>
   </trkpt>
   <trkpt lat="48.3049380" lon="-70.3320520">
    <ele>2.7</ele>
   </trkpt>
   <trkpt lat="48.3049380" lon="-70.3320520">
    <ele>2.7</ele>
   </trkpt>
   <trkpt lat="48.3049380" lon="-70.3320580">
    <ele>2.7</ele>
   </trkpt>
   <trkpt lat="48.3049420" lon="-70.3320800">
    <ele>2.7</ele>
   </trkpt>
   <trkpt lat="48.3049450" lon="-70.3320790">
    <ele>2.7</ele>
   </trkpt>
   <trkpt lat="48.3049440" lon="-70.3320860">
    <ele>2.7</ele>
   </trkpt>
   <trkpt lat="48.3049460" lon="-70.3320910">
    <ele>2.7</ele>
   </trkpt>
   <trkpt lat="48.3049470" lon="-70.3321030">
    <ele>2.7</ele>
   </trkpt>
   <trkpt lat="48.3049470" lon="-70.3321130">
    <ele>2.7</ele>
   </trkpt>
   <trkpt lat="48.3049450" lon="-70.3321240">
    <ele>2.7</ele>
   </trkpt>
   <trkpt lat="48.3049480" lon="-70.3321270">
    <ele>2.7</ele>
   </trkpt>
   <trkpt lat="48.3049490" lon="-70.3321440">
    <ele>2.7</ele>
   </trkpt>
   <trkpt lat="48.3049440" lon="-70.3321550">
    <ele>2.7</ele>
   </trkpt>
   <trkpt lat="48.3049450" lon="-70.3321720">
    <ele>2.7</ele>
   </trkpt>
   <trkpt lat="48.3049480" lon="-70.3321860">
    <ele>2.7</ele>
   </trkpt>
   <trkpt lat="48.3049490" lon="-70.3321990">
    <ele>2.8</ele>
   </trkpt>
   <trkpt lat="48.3049530" lon="-70.3322180">
    <ele>2.8</ele>
   </trkpt>
   <trkpt lat="48.3049490" lon="-70.3322200">
    <ele>2.8</ele>
   </trkpt>
   <trkpt lat="48.3049530" lon="-70.3322330">
    <ele>2.8</ele>
   </trkpt>
   <trkpt lat="48.3049600" lon="-70.3322570">
    <ele>2.8</ele>
   </trkpt>
   <trkpt lat="48.3049660" lon="-70.3322610">
    <ele>2.8</ele>
   </trkpt>
   <trkpt lat="48.3049690" lon="-70.3322830">
    <ele>2.8</ele>
   </trkpt>
   <trkpt lat="48.3049710" lon="-70.3323020">
    <ele>2.8</ele>
   </trkpt>
   <trkpt lat="48.3049690" lon="-70.3323140">
    <ele>2.8</ele>
   </trkpt>
   <trkpt lat="48.3049690" lon="-70.3323210">
    <ele>2.8</ele>
   </trkpt>
   <trkpt lat="48.3049730" lon="-70.3323430">
    <ele>2.8</ele>
   </trkpt>
   <trkpt lat="48.3049750" lon="-70.3323570">
    <ele>2.8</ele>
   </trkpt>
   <trkpt lat="48.3049820" lon="-70.3323660">
    <ele>2.8</ele>
   </trkpt>
   <trkpt lat="48.3049870" lon="-70.3323760">
    <ele>2.7</ele>
   </trkpt>
   <trkpt lat="48.3049920" lon="-70.3323910">
    <ele>2.7</ele>
   </trkpt>
   <trkpt lat="48.3049900" lon="-70.3324030">
    <ele>2.7</ele>
   </trkpt>
   <trkpt lat="48.3049840" lon="-70.3324000">
    <ele>2.7</ele>
   </trkpt>
   <trkpt lat="48.3049820" lon="-70.3323950">
    <ele>2.7</ele>
   </trkpt>
   <trkpt lat="48.3049840" lon="-70.3324130">
    <ele>2.6</ele>
   </trkpt>
   <trkpt lat="48.3049880" lon="-70.3324200">
    <ele>2.6</ele>
   </trkpt>
   <trkpt lat="48.3049920" lon="-70.3324210">
    <ele>2.7</ele>
   </trkpt>
   <trkpt lat="48.3049920" lon="-70.3324250">
    <ele>2.7</ele>
   </trkpt>
   <trkpt lat="48.3049910" lon="-70.3324300">
    <ele>2.7</ele>
   </trkpt>
   <trkpt lat="48.3049990" lon="-70.3324610">
    <ele>2.7</ele>
   </trkpt>
   <trkpt lat="48.3050020" lon="-70.3324810">
    <ele>2.7</ele>
   </trkpt>
   <trkpt lat="48.3050020" lon="-70.3324940">
    <ele>2.7</ele>
   </trkpt>
   <trkpt lat="48.3050010" lon="-70.3325000">
    <ele>2.8</ele>
   </trkpt>
   <trkpt lat="48.3049980" lon="-70.3325030">
    <ele>2.8</ele>
   </trkpt>
   <trkpt lat="48.3049970" lon="-70.3325170">
    <ele>2.8</ele>
   </trkpt>
   <trkpt lat="48.3049910" lon="-70.3325190">
    <ele>2.8</ele>
   </trkpt>
   <trkpt lat="48.3049820" lon="-70.3325130">
    <ele>2.8</ele>
   </trkpt>
   <trkpt lat="48.3049800" lon="-70.3325140">
    <ele>2.8</ele>
   </trkpt>
   <trkpt lat="48.3049830" lon="-70.3325260">
    <ele>2.8</ele>
   </trkpt>
   <trkpt lat="48.3049850" lon="-70.3325370">
    <ele>2.8</ele>
   </trkpt>
   <trkpt lat="48.3049860" lon="-70.3325530">
    <ele>3.0</ele>
   </trkpt>
   <trkpt lat="48.3049850" lon="-70.3325690">
    <ele>3.0</ele>
   </trkpt>
   <trkpt lat="48.3049850" lon="-70.3325840">
    <ele>3.0</ele>
   </trkpt>
   <trkpt lat="48.3049920" lon="-70.3326070">
    <ele>3.4</ele>
   </trkpt>
   <trkpt lat="48.3049910" lon="-70.3326270">
    <ele>3.7</ele>
   </trkpt>
   <trkpt lat="48.3050030" lon="-70.3326670">
    <ele>4.5</ele>
   </trkpt>
   <trkpt lat="48.3050070" lon="-70.3326920">
    <ele>4.9</ele>
   </trkpt>
   <trkpt lat="48.3050140" lon="-70.3327160">
    <ele>5.3</ele>
   </trkpt>
   <trkpt lat="48.3050220" lon="-70.3327380">
    <ele>5.7</ele>
   </trkpt>
   <trkpt lat="48.3050290" lon="-70.3327610">
    <ele>6.2</ele>
   </trkpt>
   <trkpt lat="48.3050330" lon="-70.3327810">
    <ele>6.5</ele>
   </trkpt>
   <trkpt lat="48.3050340" lon="-70.3327990">
    <ele>6.9</ele>
   </trkpt>
   <trkpt lat="48.3050340" lon="-70.3328190">
    <ele>7.3</ele>
   </trkpt>
   <trkpt lat="48.3050390" lon="-70.3328380">
    <ele>7.6</ele>
   </trkpt>
   <trkpt lat="48.3050470" lon="-70.3328560">
    <ele>8.1</ele>
   </trkpt>
   <trkpt lat="48.3050510" lon="-70.3328550">
    <ele>8.2</ele>
   </trkpt>
   <trkpt lat="48.3050530" lon="-70.3328720">
    <ele>8.5</ele>
   </trkpt>
   <trkpt lat="48.3050410" lon="-70.3328740">
    <ele>8.9</ele>
   </trkpt>
   <trkpt lat="48.3050360" lon="-70.3328840">
    <ele>9.2</ele>
   </trkpt>
   <trkpt lat="48.3050360" lon="-70.3328970">
    <ele>9.4</ele>
   </trkpt>
   <trkpt lat="48.3050390" lon="-70.3329080">
    <ele>9.7</ele>
   </trkpt>
   <trkpt lat="48.3050420" lon="-70.3329290">
    <ele>10.2</ele>
   </trkpt>
   <trkpt lat="48.3050460" lon="-70.3329370">
    <ele>10.4</ele>
   </trkpt>
   <trkpt lat="48.3050400" lon="-70.3329420">
    <ele>10.6</ele>
   </trkpt>
   <trkpt lat="48.3050330" lon="-70.3329580">
    <ele>11.1</ele>
   </trkpt>
   <trkpt lat="48.3050270" lon="-70.3329720">
    <ele>11.4</ele>
   </trkpt>
   <trkpt lat="48.3050220" lon="-70.3329850">
    <ele>11.8</ele>
   </trkpt>
   <trkpt lat="48.3050120" lon="-70.3329890">
    <ele>12.1</ele>
   </trkpt>
   <trkpt lat="48.3049950" lon="-70.3330020">
    <ele>12.8</ele>
   </trkpt>
   <trkpt lat="48.3049900" lon="-70.3330150">
    <ele>13.2</ele>
   </trkpt>
   <trkpt lat="48.3049830" lon="-70.3330310">
    <ele>13.6</ele>
   </trkpt>
   <trkpt lat="48.3049820" lon="-70.3330460">
    <ele>14.0</ele>
   </trkpt>
   <trkpt lat="48.3049840" lon="-70.3330670">
    <ele>14.2</ele>
   </trkpt>
   <trkpt lat="48.3049840" lon="-70.3330750">
    <ele>14.1</ele>
   </trkpt>
   <trkpt lat="48.3049810" lon="-70.3330850">
    <ele>14.0</ele>
   </trkpt>
   <trkpt lat="48.3049730" lon="-70.3330980">
    <ele>13.9</ele>
   </trkpt>
   <trkpt lat="48.3049630" lon="-70.3331090">
    <ele>13.8</ele>
   </trkpt>
   <trkpt lat="48.3049520" lon="-70.3331140">
    <ele>13.7</ele>
   </trkpt>
   <trkpt lat="48.3049420" lon="-70.3331230">
    <ele>13.5</ele>
   </trkpt>
   <trkpt lat="48.3049340" lon="-70.3331280">
    <ele>13.4</ele>
   </trkpt>
   <trkpt lat="48.3049250" lon="-70.3331410">
    <ele>13.3</ele>
   </trkpt>
   <trkpt lat="48.3049180" lon="-70.3331540">
    <ele>13.2</ele>
   </trkpt>
   <trkpt lat="48.3049130" lon="-70.3331650">
    <ele>13.2</ele>
   </trkpt>
   <trkpt lat="48.3049020" lon="-70.3331840">
    <ele>13.0</ele>
   </trkpt>
   <trkpt lat="48.3048970" lon="-70.3331970">
    <ele>12.9</ele>
   </trkpt>
   <trkpt lat="48.3048860" lon="-70.3332080">
    <ele>12.9</ele>
   </trkpt>
   <trkpt lat="48.3048750" lon="-70.3332270">
    <ele>12.8</ele>
   </trkpt>
   <trkpt lat="48.3048660" lon="-70.3332470">
    <ele>12.7</ele>
   </trkpt>
   <trkpt lat="48.3048560" lon="-70.3332630">
    <ele>12.7</ele>
   </trkpt>
   <trkpt lat="48.3048440" lon="-70.3332780">
    <ele>12.6</ele>
   </trkpt>
   <trkpt lat="48.3048320" lon="-70.3332840">
    <ele>12.6</ele>
   </trkpt>
   <trkpt lat="48.3048250" lon="-70.3332840">
    <ele>12.6</ele>
   </trkpt>
   <trkpt lat="48.3048070" lon="-70.3332920">
    <ele>12.6</ele>
   </trkpt>
   <trkpt lat="48.3047860" lon="-70.3333020">
    <ele>12.6</ele>
   </trkpt>
   <trkpt lat="48.3047680" lon="-70.3333160">
    <ele>12.6</ele>
   </trkpt>
   <trkpt lat="48.3047580" lon="-70.3333200">
    <ele>12.6</ele>
   </trkpt>
   <trkpt lat="48.3047510" lon="-70.3333280">
    <ele>12.6</ele>
   </trkpt>
   <trkpt lat="48.3047360" lon="-70.3333390">
    <ele>12.6</ele>
   </trkpt>
   <trkpt lat="48.3047260" lon="-70.3333500">
    <ele>12.6</ele>
   </trkpt>
   <trkpt lat="48.3047230" lon="-70.3333580">
    <ele>12.6</ele>
   </trkpt>
   <trkpt lat="48.3047210" lon="-70.3333650">
    <ele>12.6</ele>
   </trkpt>
   <trkpt lat="48.3047090" lon="-70.3333680">
    <ele>12.6</ele>
   </trkpt>
   <trkpt lat="48.3046940" lon="-70.3333810">
    <ele>12.6</ele>
   </trkpt>
   <trkpt lat="48.3046790" lon="-70.3333970">
    <ele>12.7</ele>
   </trkpt>
   <trkpt lat="48.3046690" lon="-70.3334050">
    <ele>12.7</ele>
   </trkpt>
   <trkpt lat="48.3046600" lon="-70.3334190">
    <ele>12.7</ele>
   </trkpt>
   <trkpt lat="48.3046510" lon="-70.3334340">
    <ele>12.7</ele>
   </trkpt>
   <trkpt lat="48.3046460" lon="-70.3334440">
    <ele>12.8</ele>
   </trkpt>
   <trkpt lat="48.3046350" lon="-70.3334610">
    <ele>12.8</ele>
   </trkpt>
   <trkpt lat="48.3046300" lon="-70.3334670">
    <ele>12.8</ele>
   </trkpt>
   <trkpt lat="48.3046110" lon="-70.3334670">
    <ele>12.9</ele>
   </trkpt>
   <trkpt lat="48.3045980" lon="-70.3334720">
    <ele>12.9</ele>
   </trkpt>
   <trkpt lat="48.3045860" lon="-70.3334790">
    <ele>12.9</ele>
   </trkpt>
   <trkpt lat="48.3045690" lon="-70.3334880">
    <ele>13.0</ele>
   </trkpt>
   <trkpt lat="48.3045540" lon="-70.3334970">
    <ele>13.0</ele>
   </trkpt>
   <trkpt lat="48.3045420" lon="-70.3335060">
    <ele>13.0</ele>
   </trkpt>
   <trkpt lat="48.3045320" lon="-70.3335130">
    <ele>13.0</ele>
   </trkpt>
   <trkpt lat="48.3045320" lon="-70.3335280">
    <ele>13.1</ele>
   </trkpt>
   <trkpt lat="48.3045270" lon="-70.3335410">
    <ele>13.1</ele>
   </trkpt>
   <trkpt lat="48.3045210" lon="-70.3335550">
    <ele>13.1</ele>
   </trkpt>
   <trkpt lat="48.3045110" lon="-70.3335620">
    <ele>13.1</ele>
   </trkpt>
   <trkpt lat="48.3044980" lon="-70.3335720">
    <ele>13.1</ele>
   </trkpt>
   <trkpt lat="48.3044880" lon="-70.3335810">
    <ele>13.1</ele>
   </trkpt>
   <trkpt lat="48.3044800" lon="-70.3335900">
    <ele>13.2</ele>
   </trkpt>
   <trkpt lat="48.3044650" lon="-70.3336000">
    <ele>13.2</ele>
   </trkpt>
   <trkpt lat="48.3044530" lon="-70.3336090">
    <ele>13.2</ele>
   </trkpt>
   <trkpt lat="48.3044400" lon="-70.3336200">
    <ele>13.2</ele>
   </trkpt>
   <trkpt lat="48.3044350" lon="-70.3336290">
    <ele>13.2</ele>
   </trkpt>
   <trkpt lat="48.3044240" lon="-70.3336390">
    <ele>13.2</ele>
   </trkpt>
   <trkpt lat="48.3044120" lon="-70.3336480">
    <ele>13.2</ele>
   </trkpt>
   <trkpt lat="48.3044000" lon="-70.3336600">
    <ele>13.2</ele>
   </trkpt>
   <trkpt lat="48.3043840" lon="-70.3336780">
    <ele>13.3</ele>
   </trkpt>
   <trkpt lat="48.3043750" lon="-70.3336890">
    <ele>13.3</ele>
   </trkpt>
   <trkpt lat="48.3043670" lon="-70.3337010">
    <ele>13.3</ele>
   </trkpt>
   <trkpt lat="48.3043600" lon="-70.3337110">
    <ele>13.3</ele>
   </trkpt>
   <trkpt lat="48.3043480" lon="-70.3337160">
    <ele>13.3</ele>
   </trkpt>
   <trkpt lat="48.3043400" lon="-70.3337230">
    <ele>13.3</ele>
   </trkpt>
   <trkpt lat="48.3043300" lon="-70.3337310">
    <ele>13.3</ele>
   </trkpt>
   <trkpt lat="48.3043180" lon="-70.3337450">
    <ele>13.3</ele>
   </trkpt>
   <trkpt lat="48.3043100" lon="-70.3337620">
    <ele>13.3</ele>
   </trkpt>
   <trkpt lat="48.3042970" lon="-70.3337800">
    <ele>13.3</ele>
   </trkpt>
   <trkpt lat="48.3042920" lon="-70.3337900">
    <ele>13.3</ele>
   </trkpt>
   <trkpt lat="48.3042840" lon="-70.3338020">
    <ele>13.4</ele>
   </trkpt>
   <trkpt lat="48.3042800" lon="-70.3338120">
    <ele>13.4</ele>
   </trkpt>
   <trkpt lat="48.3042750" lon="-70.3338210">
    <ele>13.4</ele>
   </trkpt>
   <trkpt lat="48.3042610" lon="-70.3338270">
    <ele>13.4</ele>
   </trkpt>
   <trkpt lat="48.3042460" lon="-70.3338310">
    <ele>13.4</ele>
   </trkpt>
   <trkpt lat="48.3042290" lon="-70.3338440">
    <ele>13.4</ele>
   </trkpt>
   <trkpt lat="48.3042170" lon="-70.3338560">
    <ele>13.4</ele>
   </trkpt>
   <trkpt lat="48.3042100" lon="-70.3338640">
    <ele>13.4</ele>
   </trkpt>
   <trkpt lat="48.3042020" lon="-70.3338650">
    <ele>13.4</ele>
   </trkpt>
   <trkpt lat="48.3041890" lon="-70.3338720">
    <ele>13.4</ele>
   </trkpt>
   <trkpt lat="48.3041760" lon="-70.3338840">
    <ele>13.4</ele>
   </trkpt>
   <trkpt lat="48.3041690" lon="-70.3338970">
    <ele>13.4</ele>
   </trkpt>
   <trkpt lat="48.3041620" lon="-70.3339080">
    <ele>13.4</ele>
   </trkpt>
   <trkpt lat="48.3041580" lon="-70.3339170">
    <ele>13.4</ele>
   </trkpt>
   <trkpt lat="48.3041550" lon="-70.3339310">
    <ele>13.4</ele>
   </trkpt>
   <trkpt lat="48.3041520" lon="-70.3339370">
    <ele>13.4</ele>
   </trkpt>
   <trkpt lat="48.3041430" lon="-70.3339450">
    <ele>13.4</ele>
   </trkpt>
   <trkpt lat="48.3041280" lon="-70.3339690">
    <ele>13.3</ele>
   </trkpt>
   <trkpt lat="48.3041200" lon="-70.3339830">
    <ele>13.3</ele>
   </trkpt>
   <trkpt lat="48.3041130" lon="-70.3339870">
    <ele>13.3</ele>
   </trkpt>
   <trkpt lat="48.3041030" lon="-70.3339940">
    <ele>13.3</ele>
   </trkpt>
   <trkpt lat="48.3040920" lon="-70.3339990">
    <ele>13.2</ele>
   </trkpt>
   <trkpt lat="48.3040760" lon="-70.3340080">
    <ele>13.2</ele>
   </trkpt>
   <trkpt lat="48.3040650" lon="-70.3340170">
    <ele>13.1</ele>
   </trkpt>
   <trkpt lat="48.3040550" lon="-70.3340280">
    <ele>13.0</ele>
   </trkpt>
   <trkpt lat="48.3040460" lon="-70.3340410">
    <ele>13.0</ele>
   </trkpt>
   <trkpt lat="48.3040380" lon="-70.3340510">
    <ele>12.9</ele>
   </trkpt>
   <trkpt lat="48.3040320" lon="-70.3340550">
    <ele>12.9</ele>
   </trkpt>
   <trkpt lat="48.3040220" lon="-70.3340620">
    <ele>12.8</ele>
   </trkpt>
   <trkpt lat="48.3040120" lon="-70.3340770">
    <ele>12.7</ele>
   </trkpt>
   <trkpt lat="48.3040020" lon="-70.3340880">
    <ele>12.6</ele>
   </trkpt>
   <trkpt lat="48.3039950" lon="-70.3341000">
    <ele>12.6</ele>
   </trkpt>
   <trkpt lat="48.3039830" lon="-70.3341180">
    <ele>12.5</ele>
   </trkpt>
   <trkpt lat="48.3039680" lon="-70.3341330">
    <ele>12.3</ele>
   </trkpt>
   <trkpt lat="48.3039570" lon="-70.3341430">
    <ele>12.3</ele>
   </trkpt>
   <trkpt lat="48.3039550" lon="-70.3341560">
    <ele>12.2</ele>
   </trkpt>
   <trkpt lat="48.3039430" lon="-70.3341770">
    <ele>12.1</ele>
   </trkpt>
   <trkpt lat="48.3039340" lon="-70.3341930">
    <ele>12.0</ele>
   </trkpt>
   <trkpt lat="48.3039290" lon="-70.3342060">
    <ele>11.9</ele>
   </trkpt>
   <trkpt lat="48.3039220" lon="-70.3342130">
    <ele>11.9</ele>
   </trkpt>
   <trkpt lat="48.3039120" lon="-70.3342200">
    <ele>11.8</ele>
   </trkpt>
   <trkpt lat="48.3038960" lon="-70.3342290">
    <ele>11.7</ele>
   </trkpt>
   <trkpt lat="48.3039010" lon="-70.3342360">
    <ele>11.7</ele>
   </trkpt>
   <trkpt lat="48.3038850" lon="-70.3342480">
    <ele>11.6</ele>
   </trkpt>
   <trkpt lat="48.3038770" lon="-70.3342520">
    <ele>11.5</ele>
   </trkpt>
   <trkpt lat="48.3038720" lon="-70.3342580">
    <ele>11.5</ele>
   </trkpt>
   <trkpt lat="48.3038670" lon="-70.3342620">
    <ele>11.5</ele>
   </trkpt>
   <trkpt lat="48.3038610" lon="-70.3342670">
    <ele>11.5</ele>
   </trkpt>
   <trkpt lat="48.3038510" lon="-70.3342740">
    <ele>11.4</ele>
   </trkpt>
   <trkpt lat="48.3038370" lon="-70.3342800">
    <ele>11.4</ele>
   </trkpt>
   <trkpt lat="48.3038190" lon="-70.3342890">
    <ele>11.3</ele>
   </trkpt>
   <trkpt lat="48.3038120" lon="-70.3342930">
    <ele>11.3</ele>
   </trkpt>
   <trkpt lat="48.3037950" lon="-70.3342960">
    <ele>11.2</ele>
   </trkpt>
   <trkpt lat="48.3037780" lon="-70.3342950">
    <ele>11.2</ele>
   </trkpt>
   <trkpt lat="48.3037580" lon="-70.3342940">
    <ele>11.2</ele>
   </trkpt>
  </trkseg>
 </trk>
</gpx>
