<?xml version="1.0" encoding="UTF-8"?>
<gpx xmlns:xsi="http://www.w3.org/2001/XMLSchema-instance" xsi:schemaLocation="http://www.topografix.com/GPX/1/1 http://www.topografix.com/GPX/1/1/gpx.xsd" creator="StravaGPX" version="1.1" xmlns="http://www.topografix.com/GPX/1/1">
 <metadata>
  <time>2025-12-04T12:43:45Z</time>
 </metadata>
 <trk>
  <name>Randonnée dans l'après-midi</name>
  <type>hiking</type>
  <trkseg>
   <trkpt lat="43.2299780" lon="5.4434520">
    <ele>163.7</ele>
    <time>2025-12-04T12:43:45Z</time>
   </trkpt>
   <trkpt lat="43.2299780" lon="5.4434520">
    <ele>163.7</ele>
    <time>2025-12-04T12:43:46Z</time>
   </trkpt>
   <trkpt lat="43.2298570" lon="5.4433740">
    <ele>163.6</ele>
    <time>2025-12-04T12:43:48Z</time>
   </trkpt>
   <trkpt lat="43.2298230" lon="5.4433700">
    <ele>163.5</ele>
    <time>2025-12-04T12:43:49Z</time>
   </trkpt>
   <trkpt lat="43.2297630" lon="5.4433670">
    <ele>163.4</ele>
    <time>2025-12-04T12:43:50Z</time>
   </trkpt>
   <trkpt lat="43.2297220" lon="5.4433780">
    <ele>163.4</ele>
    <time>2025-12-04T12:43:51Z</time>
   </trkpt>
   <trkpt lat="43.2297090" lon="5.4433790">
    <ele>163.4</ele>
    <time>2025-12-04T12:43:52Z</time>
   </trkpt>
   <trkpt lat="43.2296920" lon="5.4433740">
    <ele>163.4</ele>
    <time>2025-12-04T12:43:53Z</time>
   </trkpt>
   <trkpt lat="43.2296610" lon="5.4433610">
    <ele>163.3</ele>
    <time>2025-12-04T12:43:54Z</time>
   </trkpt>
   <trkpt lat="43.2296230" lon="5.4433510">
    <ele>163.3</ele>
    <time>2025-12-04T12:43:55Z</time>
   </trkpt>
   <trkpt lat="43.2296090" lon="5.4433450">
    <ele>163.3</ele>
    <time>2025-12-04T12:43:56Z</time>
   </trkpt>
   <trkpt lat="43.2295740" lon="5.4433490">
    <ele>163.2</ele>
    <time>2025-12-04T12:43:57Z</time>
   </trkpt>
   <trkpt lat="43.2295620" lon="5.4433530">
    <ele>163.2</ele>
    <time>2025-12-04T12:43:58Z</time>
   </trkpt>
   <trkpt lat="43.2295330" lon="5.4433590">
    <ele>163.2</ele>
    <time>2025-12-04T12:43:59Z</time>
   </trkpt>
   <trkpt lat="43.2295240" lon="5.4433580">
    <ele>163.2</ele>
    <time>2025-12-04T12:44:00Z</time>
   </trkpt>
   <trkpt lat="43.2295050" lon="5.4433670">
    <ele>163.1</ele>
    <time>2025-12-04T12:44:01Z</time>
   </trkpt>
   <trkpt lat="43.2294910" lon="5.4433750">
    <ele>163.1</ele>
    <time>2025-12-04T12:44:02Z</time>
   </trkpt>
   <trkpt lat="43.2294780" lon="5.4433850">
    <ele>163.1</ele>
    <time>2025-12-04T12:44:03Z</time>
   </trkpt>
   <trkpt lat="43.2294630" lon="5.4433810">
    <ele>163.1</ele>
    <time>2025-12-04T12:44:04Z</time>
   </trkpt>
   <trkpt lat="43.2294510" lon="5.4433750">
    <ele>163.1</ele>
    <time>2025-12-04T12:44:05Z</time>
   </trkpt>
   <trkpt lat="43.2294420" lon="5.4433810">
    <ele>163.1</ele>
    <time>2025-12-04T12:44:06Z</time>
   </trkpt>
   <trkpt lat="43.2294300" lon="5.4433880">
    <ele>163.0</ele>
    <time>2025-12-04T12:44:07Z</time>
   </trkpt>
   <trkpt lat="43.2294200" lon="5.4433980">
    <ele>163.0</ele>
    <time>2025-12-04T12:44:08Z</time>
   </trkpt>
   <trkpt lat="43.2294040" lon="5.4434020">
    <ele>163.0</ele>
    <time>2025-12-04T12:44:09Z</time>
   </trkpt>
   <trkpt lat="43.2293870" lon="5.4434040">
    <ele>163.0</ele>
    <time>2025-12-04T12:44:10Z</time>
   </trkpt>
   <trkpt lat="43.2293710" lon="5.4433990">
    <ele>163.0</ele>
    <time>2025-12-04T12:44:11Z</time>
   </trkpt>
   <trkpt lat="43.2293560" lon="5.4433930">
    <ele>163.0</ele>
    <time>2025-12-04T12:44:12Z</time>
   </trkpt>
   <trkpt lat="43.2293530" lon="5.4433880">
    <ele>163.0</ele>
    <time>2025-12-04T12:44:13Z</time>
   </trkpt>
   <trkpt lat="43.2293390" lon="5.4434010">
    <ele>162.9</ele>
    <time>2025-12-04T12:44:14Z</time>
   </trkpt>
   <trkpt lat="43.2293240" lon="5.4434080">
    <ele>162.9</ele>
    <time>2025-12-04T12:44:15Z</time>
   </trkpt>
   <trkpt lat="43.2292880" lon="5.4434100">
    <ele>162.9</ele>
    <time>2025-12-04T12:44:16Z</time>
   </trkpt>
   <trkpt lat="43.2292770" lon="5.4434100">
    <ele>162.9</ele>
    <time>2025-12-04T12:44:17Z</time>
   </trkpt>
   <trkpt lat="43.2292580" lon="5.4434130">
    <ele>162.9</ele>
    <time>2025-12-04T12:44:18Z</time>
   </trkpt>
   <trkpt lat="43.2292540" lon="5.4434170">
    <ele>162.9</ele>
    <time>2025-12-04T12:44:19Z</time>
   </trkpt>
   <trkpt lat="43.2292510" lon="5.4434210">
    <ele>162.9</ele>
    <time>2025-12-04T12:44:20Z</time>
   </trkpt>
   <trkpt lat="43.2292470" lon="5.4434250">
    <ele>162.9</ele>
    <time>2025-12-04T12:44:21Z</time>
   </trkpt>
   <trkpt lat="43.2292430" lon="5.4434290">
    <ele>162.9</ele>
    <time>2025-12-04T12:44:22Z</time>
   </trkpt>
   <trkpt lat="43.2292360" lon="5.4434400">
    <ele>162.8</ele>
    <time>2025-12-04T12:44:23Z</time>
   </trkpt>
   <trkpt lat="43.2292280" lon="5.4434400">
    <ele>162.8</ele>
    <time>2025-12-04T12:44:24Z</time>
   </trkpt>
   <trkpt lat="43.2292210" lon="5.4434410">
    <ele>162.8</ele>
    <time>2025-12-04T12:44:25Z</time>
   </trkpt>
   <trkpt lat="43.2292130" lon="5.4434410">
    <ele>162.8</ele>
    <time>2025-12-04T12:44:26Z</time>
   </trkpt>
   <trkpt lat="43.2292060" lon="5.4434420">
    <ele>162.8</ele>
    <time>2025-12-04T12:44:27Z</time>
   </trkpt>
   <trkpt lat="43.2291950" lon="5.4434500">
    <ele>162.8</ele>
    <time>2025-12-04T12:44:28Z</time>
   </trkpt>
   <trkpt lat="43.2291740" lon="5.4434510">
    <ele>162.8</ele>
    <time>2025-12-04T12:44:29Z</time>
   </trkpt>
   <trkpt lat="43.2291580" lon="5.4434620">
    <ele>162.8</ele>
    <time>2025-12-04T12:44:30Z</time>
   </trkpt>
   <trkpt lat="43.2291520" lon="5.4434670">
    <ele>162.8</ele>
    <time>2025-12-04T12:44:31Z</time>
   </trkpt>
   <trkpt lat="43.2291430" lon="5.4434700">
    <ele>162.8</ele>
    <time>2025-12-04T12:44:32Z</time>
   </trkpt>
   <trkpt lat="43.2291360" lon="5.4434750">
    <ele>162.8</ele>
    <time>2025-12-04T12:44:33Z</time>
   </trkpt>
   <trkpt lat="43.2291200" lon="5.4434750">
    <ele>162.8</ele>
    <time>2025-12-04T12:44:34Z</time>
   </trkpt>
   <trkpt lat="43.2291090" lon="5.4434780">
    <ele>162.8</ele>
    <time>2025-12-04T12:44:35Z</time>
   </trkpt>
   <trkpt lat="43.2291000" lon="5.4434780">
    <ele>162.8</ele>
    <time>2025-12-04T12:44:36Z</time>
   </trkpt>
   <trkpt lat="43.2290880" lon="5.4434840">
    <ele>162.8</ele>
    <time>2025-12-04T12:44:37Z</time>
   </trkpt>
   <trkpt lat="43.2290770" lon="5.4434920">
    <ele>162.8</ele>
    <time>2025-12-04T12:44:38Z</time>
   </trkpt>
   <trkpt lat="43.2290670" lon="5.4434920">
    <ele>162.8</ele>
    <time>2025-12-04T12:44:39Z</time>
   </trkpt>
   <trkpt lat="43.2290560" lon="5.4434970">
    <ele>162.8</ele>
    <time>2025-12-04T12:44:40Z</time>
   </trkpt>
   <trkpt lat="43.2290650" lon="5.4434970">
    <ele>162.9</ele>
    <time>2025-12-04T12:44:41Z</time>
   </trkpt>
   <trkpt lat="43.2290420" lon="5.4435000">
    <ele>162.9</ele>
    <time>2025-12-04T12:44:42Z</time>
   </trkpt>
   <trkpt lat="43.2290250" lon="5.4434940">
    <ele>162.9</ele>
    <time>2025-12-04T12:44:43Z</time>
   </trkpt>
   <trkpt lat="43.2290090" lon="5.4434960">
    <ele>162.9</ele>
    <time>2025-12-04T12:44:44Z</time>
   </trkpt>
   <trkpt lat="43.2289930" lon="5.4434970">
    <ele>162.9</ele>
    <time>2025-12-04T12:44:45Z</time>
   </trkpt>
   <trkpt lat="43.2289820" lon="5.4434980">
    <ele>163.0</ele>
    <time>2025-12-04T12:44:46Z</time>
   </trkpt>
   <trkpt lat="43.2289720" lon="5.4434990">
    <ele>163.0</ele>
    <time>2025-12-04T12:44:47Z</time>
   </trkpt>
   <trkpt lat="43.2289620" lon="5.4435070">
    <ele>163.0</ele>
    <time>2025-12-04T12:44:48Z</time>
   </trkpt>
   <trkpt lat="43.2289500" lon="5.4435080">
    <ele>163.0</ele>
    <time>2025-12-04T12:44:49Z</time>
   </trkpt>
   <trkpt lat="43.2289370" lon="5.4435050">
    <ele>163.1</ele>
    <time>2025-12-04T12:44:50Z</time>
   </trkpt>
   <trkpt lat="43.2289160" lon="5.4435060">
    <ele>163.1</ele>
    <time>2025-12-04T12:44:51Z</time>
   </trkpt>
   <trkpt lat="43.2289070" lon="5.4435070">
    <ele>163.1</ele>
    <time>2025-12-04T12:44:52Z</time>
   </trkpt>
   <trkpt lat="43.2288970" lon="5.4435080">
    <ele>163.2</ele>
    <time>2025-12-04T12:44:53Z</time>
   </trkpt>
   <trkpt lat="43.2288760" lon="5.4435100">
    <ele>163.2</ele>
    <time>2025-12-04T12:44:54Z</time>
   </trkpt>
   <trkpt lat="43.2288790" lon="5.4435110">
    <ele>163.2</ele>
    <time>2025-12-04T12:44:55Z</time>
   </trkpt>
   <trkpt lat="43.2288690" lon="5.4435130">
    <ele>163.3</ele>
    <time>2025-12-04T12:44:56Z</time>
   </trkpt>
   <trkpt lat="43.2288600" lon="5.4435150">
    <ele>163.3</ele>
    <time>2025-12-04T12:44:57Z</time>
   </trkpt>
   <trkpt lat="43.2288490" lon="5.4435110">
    <ele>163.3</ele>
    <time>2025-12-04T12:44:58Z</time>
   </trkpt>
   <trkpt lat="43.2288390" lon="5.4435130">
    <ele>163.4</ele>
    <time>2025-12-04T12:44:59Z</time>
   </trkpt>
   <trkpt lat="43.2288260" lon="5.4435140">
    <ele>163.4</ele>
    <time>2025-12-04T12:45:00Z</time>
   </trkpt>
   <trkpt lat="43.2288160" lon="5.4435130">
    <ele>163.5</ele>
    <time>2025-12-04T12:45:01Z</time>
   </trkpt>
   <trkpt lat="43.2288050" lon="5.4435210">
    <ele>163.5</ele>
    <time>2025-12-04T12:45:02Z</time>
   </trkpt>
   <trkpt lat="43.2287880" lon="5.4435200">
    <ele>163.6</ele>
    <time>2025-12-04T12:45:03Z</time>
   </trkpt>
   <trkpt lat="43.2287800" lon="5.4435240">
    <ele>163.6</ele>
    <time>2025-12-04T12:45:04Z</time>
   </trkpt>
   <trkpt lat="43.2287700" lon="5.4435230">
    <ele>163.7</ele>
    <time>2025-12-04T12:45:05Z</time>
   </trkpt>
   <trkpt lat="43.2287580" lon="5.4435220">
    <ele>163.7</ele>
    <time>2025-12-04T12:45:06Z</time>
   </trkpt>
   <trkpt lat="43.2287520" lon="5.4435240">
    <ele>163.8</ele>
    <time>2025-12-04T12:45:07Z</time>
   </trkpt>
   <trkpt lat="43.2287480" lon="5.4435270">
    <ele>163.8</ele>
    <time>2025-12-04T12:45:08Z</time>
   </trkpt>
   <trkpt lat="43.2287400" lon="5.4435290">
    <ele>163.8</ele>
    <time>2025-12-04T12:45:09Z</time>
   </trkpt>
   <trkpt lat="43.2287240" lon="5.4435360">
    <ele>163.9</ele>
    <time>2025-12-04T12:45:10Z</time>
   </trkpt>
   <trkpt lat="43.2287140" lon="5.4435360">
    <ele>164.0</ele>
    <time>2025-12-04T12:45:11Z</time>
   </trkpt>
   <trkpt lat="43.2287050" lon="5.4435370">
    <ele>164.0</ele>
    <time>2025-12-04T12:45:12Z</time>
   </trkpt>
   <trkpt lat="43.2286920" lon="5.4435330">
    <ele>164.1</ele>
    <time>2025-12-04T12:45:13Z</time>
   </trkpt>
   <trkpt lat="43.2286830" lon="5.4435260">
    <ele>164.2</ele>
    <time>2025-12-04T12:45:14Z</time>
   </trkpt>
   <trkpt lat="43.2286750" lon="5.4435220">
    <ele>164.2</ele>
    <time>2025-12-04T12:45:15Z</time>
   </trkpt>
   <trkpt lat="43.2286660" lon="5.4435200">
    <ele>164.2</ele>
    <time>2025-12-04T12:45:16Z</time>
   </trkpt>
   <trkpt lat="43.2286530" lon="5.4435240">
    <ele>164.3</ele>
    <time>2025-12-04T12:45:17Z</time>
   </trkpt>
   <trkpt lat="43.2286480" lon="5.4435340">
    <ele>164.5</ele>
    <time>2025-12-04T12:45:18Z</time>
   </trkpt>
   <trkpt lat="43.2286370" lon="5.4435460">
    <ele>164.7</ele>
    <time>2025-12-04T12:45:19Z</time>
   </trkpt>
   <trkpt lat="43.2286310" lon="5.4435490">
    <ele>164.8</ele>
    <time>2025-12-04T12:45:20Z</time>
   </trkpt>
   <trkpt lat="43.2286290" lon="5.4435530">
    <ele>164.8</ele>
    <time>2025-12-04T12:45:21Z</time>
   </trkpt>
   <trkpt lat="43.2286290" lon="5.4435590">
    <ele>164.9</ele>
    <time>2025-12-04T12:45:22Z</time>
   </trkpt>
   <trkpt lat="43.2286340" lon="5.4435520">
    <ele>165.0</ele>
    <time>2025-12-04T12:45:23Z</time>
   </trkpt>
   <trkpt lat="43.2286360" lon="5.4435580">
    <ele>165.1</ele>
    <time>2025-12-04T12:45:24Z</time>
   </trkpt>
   <trkpt lat="43.2286360" lon="5.4435650">
    <ele>165.2</ele>
    <time>2025-12-04T12:45:25Z</time>
   </trkpt>
   <trkpt lat="43.2286330" lon="5.4435750">
    <ele>165.3</ele>
    <time>2025-12-04T12:45:26Z</time>
   </trkpt>
   <trkpt lat="43.2286270" lon="5.4435960">
    <ele>165.6</ele>
    <time>2025-12-04T12:45:27Z</time>
   </trkpt>
   <trkpt lat="43.2286210" lon="5.4436130">
    <ele>165.8</ele>
    <time>2025-12-04T12:45:28Z</time>
   </trkpt>
   <trkpt lat="43.2286070" lon="5.4436270">
    <ele>166.1</ele>
    <time>2025-12-04T12:45:29Z</time>
   </trkpt>
   <trkpt lat="43.2286010" lon="5.4436170">
    <ele>166.2</ele>
    <time>2025-12-04T12:45:30Z</time>
   </trkpt>
   <trkpt lat="43.2285880" lon="5.4436210">
    <ele>166.4</ele>
    <time>2025-12-04T12:45:31Z</time>
   </trkpt>
   <trkpt lat="43.2285810" lon="5.4436230">
    <ele>166.5</ele>
    <time>2025-12-04T12:45:32Z</time>
   </trkpt>
   <trkpt lat="43.2285780" lon="5.4436190">
    <ele>166.6</ele>
    <time>2025-12-04T12:45:33Z</time>
   </trkpt>
   <trkpt lat="43.2285750" lon="5.4436260">
    <ele>166.7</ele>
    <time>2025-12-04T12:45:34Z</time>
   </trkpt>
   <trkpt lat="43.2285590" lon="5.4436310">
    <ele>166.9</ele>
    <time>2025-12-04T12:45:35Z</time>
   </trkpt>
   <trkpt lat="43.2285510" lon="5.4436350">
    <ele>167.1</ele>
    <time>2025-12-04T12:45:36Z</time>
   </trkpt>
   <trkpt lat="43.2285430" lon="5.4436390">
    <ele>167.2</ele>
    <time>2025-12-04T12:45:37Z</time>
   </trkpt>
   <trkpt lat="43.2285330" lon="5.4436460">
    <ele>167.4</ele>
    <time>2025-12-04T12:45:38Z</time>
   </trkpt>
   <trkpt lat="43.2285220" lon="5.4436550">
    <ele>167.5</ele>
    <time>2025-12-04T12:45:39Z</time>
   </trkpt>
   <trkpt lat="43.2285140" lon="5.4436650">
    <ele>167.7</ele>
    <time>2025-12-04T12:45:40Z</time>
   </trkpt>
   <trkpt lat="43.2285110" lon="5.4436750">
    <ele>167.8</ele>
    <time>2025-12-04T12:45:41Z</time>
   </trkpt>
   <trkpt lat="43.2285080" lon="5.4436760">
    <ele>167.9</ele>
    <time>2025-12-04T12:45:42Z</time>
   </trkpt>
   <trkpt lat="43.2284890" lon="5.4436820">
    <ele>168.2</ele>
    <time>2025-12-04T12:45:43Z</time>
   </trkpt>
   <trkpt lat="43.2284770" lon="5.4436890">
    <ele>168.4</ele>
    <time>2025-12-04T12:45:44Z</time>
   </trkpt>
   <trkpt lat="43.2284680" lon="5.4436980">
    <ele>168.5</ele>
    <time>2025-12-04T12:45:45Z</time>
   </trkpt>
   <trkpt lat="43.2284600" lon="5.4437010">
    <ele>168.6</ele>
    <time>2025-12-04T12:45:46Z</time>
   </trkpt>
   <trkpt lat="43.2284490" lon="5.4437010">
    <ele>168.8</ele>
    <time>2025-12-04T12:45:47Z</time>
   </trkpt>
   <trkpt lat="43.2284410" lon="5.4437020">
    <ele>168.9</ele>
    <time>2025-12-04T12:45:48Z</time>
   </trkpt>
   <trkpt lat="43.2284200" lon="5.4437150">
    <ele>169.3</ele>
    <time>2025-12-04T12:45:49Z</time>
   </trkpt>
   <trkpt lat="43.2284010" lon="5.4437330">
    <ele>169.6</ele>
    <time>2025-12-04T12:45:50Z</time>
   </trkpt>
   <trkpt lat="43.2283930" lon="5.4437380">
    <ele>169.7</ele>
    <time>2025-12-04T12:45:51Z</time>
   </trkpt>
   <trkpt lat="43.2283860" lon="5.4437430">
    <ele>169.8</ele>
    <time>2025-12-04T12:45:52Z</time>
   </trkpt>
   <trkpt lat="43.2283700" lon="5.4437500">
    <ele>170.1</ele>
    <time>2025-12-04T12:45:53Z</time>
   </trkpt>
   <trkpt lat="43.2283530" lon="5.4437590">
    <ele>170.3</ele>
    <time>2025-12-04T12:45:54Z</time>
   </trkpt>
   <trkpt lat="43.2283510" lon="5.4437740">
    <ele>170.5</ele>
    <time>2025-12-04T12:45:55Z</time>
   </trkpt>
   <trkpt lat="43.2283430" lon="5.4437870">
    <ele>170.6</ele>
    <time>2025-12-04T12:45:56Z</time>
   </trkpt>
   <trkpt lat="43.2283320" lon="5.4437990">
    <ele>170.8</ele>
    <time>2025-12-04T12:45:57Z</time>
   </trkpt>
   <trkpt lat="43.2283230" lon="5.4438070">
    <ele>171.0</ele>
    <time>2025-12-04T12:45:58Z</time>
   </trkpt>
   <trkpt lat="43.2283150" lon="5.4438210">
    <ele>171.2</ele>
    <time>2025-12-04T12:45:59Z</time>
   </trkpt>
   <trkpt lat="43.2283070" lon="5.4438300">
    <ele>171.3</ele>
    <time>2025-12-04T12:46:00Z</time>
   </trkpt>
   <trkpt lat="43.2282930" lon="5.4438400">
    <ele>171.5</ele>
    <time>2025-12-04T12:46:01Z</time>
   </trkpt>
   <trkpt lat="43.2282760" lon="5.4438510">
    <ele>171.8</ele>
    <time>2025-12-04T12:46:02Z</time>
   </trkpt>
   <trkpt lat="43.2282680" lon="5.4438620">
    <ele>171.9</ele>
    <time>2025-12-04T12:46:03Z</time>
   </trkpt>
   <trkpt lat="43.2282710" lon="5.4438810">
    <ele>172.1</ele>
    <time>2025-12-04T12:46:04Z</time>
   </trkpt>
   <trkpt lat="43.2282640" lon="5.4438950">
    <ele>172.2</ele>
    <time>2025-12-04T12:46:05Z</time>
   </trkpt>
   <trkpt lat="43.2282540" lon="5.4439070">
    <ele>172.3</ele>
    <time>2025-12-04T12:46:06Z</time>
   </trkpt>
   <trkpt lat="43.2282450" lon="5.4439300">
    <ele>172.5</ele>
    <time>2025-12-04T12:46:07Z</time>
   </trkpt>
   <trkpt lat="43.2282340" lon="5.4439460">
    <ele>172.7</ele>
    <time>2025-12-04T12:46:08Z</time>
   </trkpt>
   <trkpt lat="43.2282230" lon="5.4439650">
    <ele>172.8</ele>
    <time>2025-12-04T12:46:09Z</time>
   </trkpt>
   <trkpt lat="43.2282170" lon="5.4439840">
    <ele>172.9</ele>
    <time>2025-12-04T12:46:10Z</time>
   </trkpt>
   <trkpt lat="43.2282160" lon="5.4439880">
    <ele>172.9</ele>
    <time>2025-12-04T12:46:11Z</time>
   </trkpt>
   <trkpt lat="43.2282060" lon="5.4440060">
    <ele>173.0</ele>
    <time>2025-12-04T12:46:12Z</time>
   </trkpt>
   <trkpt lat="43.2281840" lon="5.4440340">
    <ele>173.2</ele>
    <time>2025-12-04T12:46:13Z</time>
   </trkpt>
   <trkpt lat="43.2281810" lon="5.4440430">
    <ele>173.3</ele>
    <time>2025-12-04T12:46:14Z</time>
   </trkpt>
   <trkpt lat="43.2281690" lon="5.4440660">
    <ele>173.3</ele>
    <time>2025-12-04T12:46:15Z</time>
   </trkpt>
   <trkpt lat="43.2281620" lon="5.4440760">
    <ele>173.3</ele>
    <time>2025-12-04T12:46:16Z</time>
   </trkpt>
   <trkpt lat="43.2281550" lon="5.4440860">
    <ele>173.3</ele>
    <time>2025-12-04T12:46:17Z</time>
   </trkpt>
   <trkpt lat="43.2281340" lon="5.4441110">
    <ele>173.4</ele>
    <time>2025-12-04T12:46:18Z</time>
   </trkpt>
   <trkpt lat="43.2281260" lon="5.4441190">
    <ele>173.4</ele>
    <time>2025-12-04T12:46:19Z</time>
   </trkpt>
   <trkpt lat="43.2281090" lon="5.4441340">
    <ele>173.4</ele>
    <time>2025-12-04T12:46:20Z</time>
   </trkpt>
   <trkpt lat="43.2280990" lon="5.4441430">
    <ele>173.4</ele>
    <time>2025-12-04T12:46:21Z</time>
   </trkpt>
   <trkpt lat="43.2280910" lon="5.4441560">
    <ele>173.5</ele>
    <time>2025-12-04T12:46:22Z</time>
   </trkpt>
   <trkpt lat="43.2280780" lon="5.4441640">
    <ele>173.5</ele>
    <time>2025-12-04T12:46:23Z</time>
   </trkpt>
   <trkpt lat="43.2280730" lon="5.4441750">
    <ele>173.5</ele>
    <time>2025-12-04T12:46:24Z</time>
   </trkpt>
   <trkpt lat="43.2280650" lon="5.4441820">
    <ele>173.5</ele>
    <time>2025-12-04T12:46:25Z</time>
   </trkpt>
   <trkpt lat="43.2280570" lon="5.4441910">
    <ele>173.5</ele>
    <time>2025-12-04T12:46:26Z</time>
   </trkpt>
   <trkpt lat="43.2280490" lon="5.4442020">
    <ele>173.6</ele>
    <time>2025-12-04T12:46:27Z</time>
   </trkpt>
   <trkpt lat="43.2280460" lon="5.4442110">
    <ele>173.6</ele>
    <time>2025-12-04T12:46:28Z</time>
   </trkpt>
   <trkpt lat="43.2280420" lon="5.4442150">
    <ele>173.6</ele>
    <time>2025-12-04T12:46:29Z</time>
   </trkpt>
   <trkpt lat="43.2280310" lon="5.4442250">
    <ele>173.6</ele>
    <time>2025-12-04T12:46:30Z</time>
   </trkpt>
   <trkpt lat="43.2280250" lon="5.4442240">
    <ele>173.6</ele>
    <time>2025-12-04T12:46:31Z</time>
   </trkpt>
   <trkpt lat="43.2280110" lon="5.4442310">
    <ele>173.7</ele>
    <time>2025-12-04T12:46:32Z</time>
   </trkpt>
   <trkpt lat="43.2279960" lon="5.4442280">
    <ele>173.7</ele>
    <time>2025-12-04T12:46:33Z</time>
   </trkpt>
   <trkpt lat="43.2279900" lon="5.4442390">
    <ele>173.7</ele>
    <time>2025-12-04T12:46:34Z</time>
   </trkpt>
   <trkpt lat="43.2279820" lon="5.4442460">
    <ele>173.7</ele>
    <time>2025-12-04T12:46:35Z</time>
   </trkpt>
   <trkpt lat="43.2279790" lon="5.4442640">
    <ele>173.7</ele>
    <time>2025-12-04T12:46:36Z</time>
   </trkpt>
   <trkpt lat="43.2279740" lon="5.4442720">
    <ele>173.8</ele>
    <time>2025-12-04T12:46:37Z</time>
   </trkpt>
   <trkpt lat="43.2279640" lon="5.4442790">
    <ele>173.8</ele>
    <time>2025-12-04T12:46:38Z</time>
   </trkpt>
   <trkpt lat="43.2279570" lon="5.4442920">
    <ele>173.8</ele>
    <time>2025-12-04T12:46:39Z</time>
   </trkpt>
   <trkpt lat="43.2279500" lon="5.4443010">
    <ele>173.8</ele>
    <time>2025-12-04T12:46:40Z</time>
   </trkpt>
   <trkpt lat="43.2279410" lon="5.4442990">
    <ele>173.8</ele>
    <time>2025-12-04T12:46:41Z</time>
   </trkpt>
   <trkpt lat="43.2279340" lon="5.4443070">
    <ele>173.8</ele>
    <time>2025-12-04T12:46:42Z</time>
   </trkpt>
   <trkpt lat="43.2279230" lon="5.4443080">
    <ele>173.9</ele>
    <time>2025-12-04T12:46:43Z</time>
   </trkpt>
   <trkpt lat="43.2279140" lon="5.4443200">
    <ele>173.9</ele>
    <time>2025-12-04T12:46:44Z</time>
   </trkpt>
   <trkpt lat="43.2279070" lon="5.4443340">
    <ele>173.9</ele>
    <time>2025-12-04T12:46:45Z</time>
   </trkpt>
   <trkpt lat="43.2278990" lon="5.4443400">
    <ele>173.9</ele>
    <time>2025-12-04T12:46:46Z</time>
   </trkpt>
   <trkpt lat="43.2278890" lon="5.4443660">
    <ele>173.9</ele>
    <time>2025-12-04T12:46:47Z</time>
   </trkpt>
   <trkpt lat="43.2278850" lon="5.4443780">
    <ele>174.0</ele>
    <time>2025-12-04T12:46:48Z</time>
   </trkpt>
   <trkpt lat="43.2278800" lon="5.4443890">
    <ele>174.0</ele>
    <time>2025-12-04T12:46:49Z</time>
   </trkpt>
   <trkpt lat="43.2278730" lon="5.4444040">
    <ele>174.0</ele>
    <time>2025-12-04T12:46:50Z</time>
   </trkpt>
   <trkpt lat="43.2278620" lon="5.4444230">
    <ele>174.0</ele>
    <time>2025-12-04T12:46:51Z</time>
   </trkpt>
   <trkpt lat="43.2278500" lon="5.4444440">
    <ele>174.1</ele>
    <time>2025-12-04T12:46:52Z</time>
   </trkpt>
   <trkpt lat="43.2278420" lon="5.4444510">
    <ele>174.1</ele>
    <time>2025-12-04T12:46:53Z</time>
   </trkpt>
   <trkpt lat="43.2278350" lon="5.4444590">
    <ele>174.1</ele>
    <time>2025-12-04T12:46:54Z</time>
   </trkpt>
   <trkpt lat="43.2278190" lon="5.4444750">
    <ele>174.1</ele>
    <time>2025-12-04T12:46:55Z</time>
   </trkpt>
   <trkpt lat="43.2278120" lon="5.4444810">
    <ele>174.2</ele>
    <time>2025-12-04T12:46:56Z</time>
   </trkpt>
   <trkpt lat="43.2278040" lon="5.4444880">
    <ele>174.2</ele>
    <time>2025-12-04T12:46:57Z</time>
   </trkpt>
   <trkpt lat="43.2277920" lon="5.4444980">
    <ele>174.2</ele>
    <time>2025-12-04T12:46:58Z</time>
   </trkpt>
   <trkpt lat="43.2277850" lon="5.4445060">
    <ele>174.2</ele>
    <time>2025-12-04T12:46:59Z</time>
   </trkpt>
   <trkpt lat="43.2277710" lon="5.4445010">
    <ele>174.2</ele>
    <time>2025-12-04T12:47:00Z</time>
   </trkpt>
   <trkpt lat="43.2277590" lon="5.4445040">
    <ele>174.3</ele>
    <time>2025-12-04T12:47:01Z</time>
   </trkpt>
   <trkpt lat="43.2277500" lon="5.4445100">
    <ele>174.3</ele>
    <time>2025-12-04T12:47:02Z</time>
   </trkpt>
   <trkpt lat="43.2277400" lon="5.4445150">
    <ele>174.3</ele>
    <time>2025-12-04T12:47:03Z</time>
   </trkpt>
   <trkpt lat="43.2277210" lon="5.4445250">
    <ele>174.3</ele>
    <time>2025-12-04T12:47:04Z</time>
   </trkpt>
   <trkpt lat="43.2277140" lon="5.4445300">
    <ele>174.4</ele>
    <time>2025-12-04T12:47:05Z</time>
   </trkpt>
   <trkpt lat="43.2277060" lon="5.4445350">
    <ele>174.4</ele>
    <time>2025-12-04T12:47:06Z</time>
   </trkpt>
   <trkpt lat="43.2276850" lon="5.4445470">
    <ele>174.4</ele>
    <time>2025-12-04T12:47:07Z</time>
   </trkpt>
   <trkpt lat="43.2276770" lon="5.4445510">
    <ele>174.5</ele>
    <time>2025-12-04T12:47:08Z</time>
   </trkpt>
   <trkpt lat="43.2276690" lon="5.4445560">
    <ele>174.5</ele>
    <time>2025-12-04T12:47:09Z</time>
   </trkpt>
   <trkpt lat="43.2276500" lon="5.4445690">
    <ele>174.5</ele>
    <time>2025-12-04T12:47:10Z</time>
   </trkpt>
   <trkpt lat="43.2276430" lon="5.4445740">
    <ele>174.6</ele>
    <time>2025-12-04T12:47:11Z</time>
   </trkpt>
   <trkpt lat="43.2276350" lon="5.4445800">
    <ele>174.6</ele>
    <time>2025-12-04T12:47:12Z</time>
   </trkpt>
   <trkpt lat="43.2276290" lon="5.4445930">
    <ele>174.6</ele>
    <time>2025-12-04T12:47:13Z</time>
   </trkpt>
   <trkpt lat="43.2276200" lon="5.4446050">
    <ele>174.6</ele>
    <time>2025-12-04T12:47:14Z</time>
   </trkpt>
   <trkpt lat="43.2276060" lon="5.4446100">
    <ele>174.7</ele>
    <time>2025-12-04T12:47:15Z</time>
   </trkpt>
   <trkpt lat="43.2275880" lon="5.4446250">
    <ele>174.7</ele>
    <time>2025-12-04T12:47:16Z</time>
   </trkpt>
   <trkpt lat="43.2275790" lon="5.4446320">
    <ele>174.7</ele>
    <time>2025-12-04T12:47:17Z</time>
   </trkpt>
   <trkpt lat="43.2275710" lon="5.4446380">
    <ele>174.7</ele>
    <time>2025-12-04T12:47:18Z</time>
   </trkpt>
   <trkpt lat="43.2275600" lon="5.4446510">
    <ele>174.8</ele>
    <time>2025-12-04T12:47:19Z</time>
   </trkpt>
   <trkpt lat="43.2275440" lon="5.4446580">
    <ele>174.8</ele>
    <time>2025-12-04T12:47:20Z</time>
   </trkpt>
   <trkpt lat="43.2275230" lon="5.4446710">
    <ele>174.8</ele>
    <time>2025-12-04T12:47:21Z</time>
   </trkpt>
   <trkpt lat="43.2275150" lon="5.4446760">
    <ele>174.8</ele>
    <time>2025-12-04T12:47:22Z</time>
   </trkpt>
   <trkpt lat="43.2275070" lon="5.4446800">
    <ele>174.8</ele>
    <time>2025-12-04T12:47:23Z</time>
   </trkpt>
   <trkpt lat="43.2274920" lon="5.4446870">
    <ele>174.9</ele>
    <time>2025-12-04T12:47:24Z</time>
   </trkpt>
   <trkpt lat="43.2274760" lon="5.4446880">
    <ele>174.9</ele>
    <time>2025-12-04T12:47:25Z</time>
   </trkpt>
   <trkpt lat="43.2274670" lon="5.4446910">
    <ele>174.9</ele>
    <time>2025-12-04T12:47:26Z</time>
   </trkpt>
   <trkpt lat="43.2274550" lon="5.4446920">
    <ele>174.9</ele>
    <time>2025-12-04T12:47:27Z</time>
   </trkpt>
   <trkpt lat="43.2274400" lon="5.4446920">
    <ele>174.9</ele>
    <time>2025-12-04T12:47:28Z</time>
   </trkpt>
   <trkpt lat="43.2274260" lon="5.4446980">
    <ele>175.0</ele>
    <time>2025-12-04T12:47:29Z</time>
   </trkpt>
   <trkpt lat="43.2274070" lon="5.4446910">
    <ele>174.9</ele>
    <time>2025-12-04T12:47:30Z</time>
   </trkpt>
   <trkpt lat="43.2273940" lon="5.4446840">
    <ele>174.9</ele>
    <time>2025-12-04T12:47:31Z</time>
   </trkpt>
   <trkpt lat="43.2273780" lon="5.4446920">
    <ele>174.9</ele>
    <time>2025-12-04T12:47:32Z</time>
   </trkpt>
   <trkpt lat="43.2273650" lon="5.4446900">
    <ele>174.8</ele>
    <time>2025-12-04T12:47:33Z</time>
   </trkpt>
   <trkpt lat="43.2273460" lon="5.4446820">
    <ele>174.8</ele>
    <time>2025-12-04T12:47:34Z</time>
   </trkpt>
   <trkpt lat="43.2273330" lon="5.4446790">
    <ele>174.8</ele>
    <time>2025-12-04T12:47:35Z</time>
   </trkpt>
   <trkpt lat="43.2273150" lon="5.4446780">
    <ele>174.7</ele>
    <time>2025-12-04T12:47:36Z</time>
   </trkpt>
   <trkpt lat="43.2273030" lon="5.4446760">
    <ele>174.7</ele>
    <time>2025-12-04T12:47:37Z</time>
   </trkpt>
   <trkpt lat="43.2272930" lon="5.4446830">
    <ele>174.7</ele>
    <time>2025-12-04T12:47:38Z</time>
   </trkpt>
   <trkpt lat="43.2272810" lon="5.4446860">
    <ele>174.7</ele>
    <time>2025-12-04T12:47:39Z</time>
   </trkpt>
   <trkpt lat="43.2272600" lon="5.4446790">
    <ele>174.6</ele>
    <time>2025-12-04T12:47:40Z</time>
   </trkpt>
   <trkpt lat="43.2272500" lon="5.4446720">
    <ele>174.6</ele>
    <time>2025-12-04T12:47:41Z</time>
   </trkpt>
   <trkpt lat="43.2272380" lon="5.4446680">
    <ele>174.6</ele>
    <time>2025-12-04T12:47:42Z</time>
   </trkpt>
   <trkpt lat="43.2272240" lon="5.4446670">
    <ele>174.5</ele>
    <time>2025-12-04T12:47:43Z</time>
   </trkpt>
   <trkpt lat="43.2272180" lon="5.4446670">
    <ele>174.5</ele>
    <time>2025-12-04T12:47:44Z</time>
   </trkpt>
   <trkpt lat="43.2272010" lon="5.4446560">
    <ele>174.5</ele>
    <time>2025-12-04T12:47:45Z</time>
   </trkpt>
   <trkpt lat="43.2271900" lon="5.4446360">
    <ele>174.5</ele>
    <time>2025-12-04T12:47:46Z</time>
   </trkpt>
   <trkpt lat="43.2271760" lon="5.4446270">
    <ele>174.4</ele>
    <time>2025-12-04T12:47:47Z</time>
   </trkpt>
   <trkpt lat="43.2271590" lon="5.4446180">
    <ele>174.4</ele>
    <time>2025-12-04T12:47:48Z</time>
   </trkpt>
   <trkpt lat="43.2271470" lon="5.4446110">
    <ele>174.3</ele>
    <time>2025-12-04T12:47:49Z</time>
   </trkpt>
   <trkpt lat="43.2271330" lon="5.4446050">
    <ele>174.3</ele>
    <time>2025-12-04T12:47:50Z</time>
   </trkpt>
   <trkpt lat="43.2271230" lon="5.4446030">
    <ele>174.2</ele>
    <time>2025-12-04T12:47:51Z</time>
   </trkpt>
   <trkpt lat="43.2271120" lon="5.4446080">
    <ele>174.3</ele>
    <time>2025-12-04T12:47:52Z</time>
   </trkpt>
   <trkpt lat="43.2271010" lon="5.4446150">
    <ele>174.3</ele>
    <time>2025-12-04T12:47:53Z</time>
   </trkpt>
   <trkpt lat="43.2270900" lon="5.4446230">
    <ele>174.4</ele>
    <time>2025-12-04T12:47:54Z</time>
   </trkpt>
   <trkpt lat="43.2270780" lon="5.4446250">
    <ele>174.4</ele>
    <time>2025-12-04T12:47:55Z</time>
   </trkpt>
   <trkpt lat="43.2270730" lon="5.4446400">
    <ele>174.6</ele>
    <time>2025-12-04T12:47:56Z</time>
   </trkpt>
   <trkpt lat="43.2270670" lon="5.4446430">
    <ele>174.7</ele>
    <time>2025-12-04T12:47:57Z</time>
   </trkpt>
   <trkpt lat="43.2270610" lon="5.4446480">
    <ele>174.7</ele>
    <time>2025-12-04T12:47:58Z</time>
   </trkpt>
   <trkpt lat="43.2270560" lon="5.4446530">
    <ele>174.7</ele>
    <time>2025-12-04T12:47:59Z</time>
   </trkpt>
   <trkpt lat="43.2270500" lon="5.4446570">
    <ele>174.7</ele>
    <time>2025-12-04T12:48:00Z</time>
   </trkpt>
   <trkpt lat="43.2270450" lon="5.4446620">
    <ele>174.7</ele>
    <time>2025-12-04T12:48:01Z</time>
   </trkpt>
   <trkpt lat="43.2270390" lon="5.4446670">
    <ele>174.7</ele>
    <time>2025-12-04T12:48:02Z</time>
   </trkpt>
   <trkpt lat="43.2270210" lon="5.4446800">
    <ele>175.0</ele>
    <time>2025-12-04T12:48:03Z</time>
   </trkpt>
   <trkpt lat="43.2270190" lon="5.4446770">
    <ele>175.0</ele>
    <time>2025-12-04T12:48:04Z</time>
   </trkpt>
   <trkpt lat="43.2270060" lon="5.4446740">
    <ele>175.2</ele>
    <time>2025-12-04T12:48:05Z</time>
   </trkpt>
   <trkpt lat="43.2269970" lon="5.4446740">
    <ele>175.2</ele>
    <time>2025-12-04T12:48:06Z</time>
   </trkpt>
   <trkpt lat="43.2269920" lon="5.4446770">
    <ele>175.2</ele>
    <time>2025-12-04T12:48:07Z</time>
   </trkpt>
   <trkpt lat="43.2269800" lon="5.4446780">
    <ele>175.2</ele>
    <time>2025-12-04T12:48:08Z</time>
   </trkpt>
   <trkpt lat="43.2269700" lon="5.4446800">
    <ele>175.4</ele>
    <time>2025-12-04T12:48:09Z</time>
   </trkpt>
   <trkpt lat="43.2269530" lon="5.4446860">
    <ele>175.4</ele>
    <time>2025-12-04T12:48:10Z</time>
   </trkpt>
   <trkpt lat="43.2269460" lon="5.4446850">
    <ele>175.4</ele>
    <time>2025-12-04T12:48:11Z</time>
   </trkpt>
   <trkpt lat="43.2269330" lon="5.4446880">
    <ele>175.6</ele>
    <time>2025-12-04T12:48:12Z</time>
   </trkpt>
   <trkpt lat="43.2269130" lon="5.4446910">
    <ele>175.6</ele>
    <time>2025-12-04T12:48:13Z</time>
   </trkpt>
   <trkpt lat="43.2269070" lon="5.4446900">
    <ele>175.7</ele>
    <time>2025-12-04T12:48:14Z</time>
   </trkpt>
   <trkpt lat="43.2269020" lon="5.4446880">
    <ele>175.8</ele>
    <time>2025-12-04T12:48:15Z</time>
   </trkpt>
   <trkpt lat="43.2268910" lon="5.4446920">
    <ele>175.8</ele>
    <time>2025-12-04T12:48:16Z</time>
   </trkpt>
   <trkpt lat="43.2268870" lon="5.4446950">
    <ele>175.8</ele>
    <time>2025-12-04T12:48:17Z</time>
   </trkpt>
   <trkpt lat="43.2268790" lon="5.4446940">
    <ele>175.9</ele>
    <time>2025-12-04T12:48:18Z</time>
   </trkpt>
   <trkpt lat="43.2268820" lon="5.4446920">
    <ele>175.8</ele>
    <time>2025-12-04T12:48:19Z</time>
   </trkpt>
   <trkpt lat="43.2268820" lon="5.4446920">
    <ele>175.8</ele>
    <time>2025-12-04T12:48:20Z</time>
   </trkpt>
   <trkpt lat="43.2268860" lon="5.4446860">
    <ele>175.9</ele>
    <time>2025-12-04T12:48:21Z</time>
   </trkpt>
   <trkpt lat="43.2268820" lon="5.4446850">
    <ele>175.9</ele>
    <time>2025-12-04T12:48:22Z</time>
   </trkpt>
   <trkpt lat="43.2268750" lon="5.4446850">
    <ele>176.0</ele>
    <time>2025-12-04T12:48:23Z</time>
   </trkpt>
   <trkpt lat="43.2268590" lon="5.4446820">
    <ele>176.0</ele>
    <time>2025-12-04T12:48:24Z</time>
   </trkpt>
   <trkpt lat="43.2268670" lon="5.4446790">
    <ele>176.0</ele>
    <time>2025-12-04T12:48:25Z</time>
   </trkpt>
   <trkpt lat="43.2268570" lon="5.4446720">
    <ele>176.1</ele>
    <time>2025-12-04T12:48:26Z</time>
   </trkpt>
   <trkpt lat="43.2268420" lon="5.4446750">
    <ele>176.2</ele>
    <time>2025-12-04T12:48:27Z</time>
   </trkpt>
   <trkpt lat="43.2268270" lon="5.4446780">
    <ele>176.2</ele>
    <time>2025-12-04T12:48:28Z</time>
   </trkpt>
   <trkpt lat="43.2268250" lon="5.4446880">
    <ele>176.2</ele>
    <time>2025-12-04T12:48:29Z</time>
   </trkpt>
   <trkpt lat="43.2268250" lon="5.4447060">
    <ele>176.2</ele>
    <time>2025-12-04T12:48:30Z</time>
   </trkpt>
   <trkpt lat="43.2268170" lon="5.4447170">
    <ele>176.5</ele>
    <time>2025-12-04T12:48:31Z</time>
   </trkpt>
   <trkpt lat="43.2268120" lon="5.4447190">
    <ele>176.5</ele>
    <time>2025-12-04T12:48:32Z</time>
   </trkpt>
   <trkpt lat="43.2268050" lon="5.4447280">
    <ele>176.6</ele>
    <time>2025-12-04T12:48:33Z</time>
   </trkpt>
   <trkpt lat="43.2268020" lon="5.4447300">
    <ele>176.6</ele>
    <time>2025-12-04T12:48:34Z</time>
   </trkpt>
   <trkpt lat="43.2267970" lon="5.4447340">
    <ele>176.6</ele>
    <time>2025-12-04T12:48:35Z</time>
   </trkpt>
   <trkpt lat="43.2267880" lon="5.4447450">
    <ele>176.6</ele>
    <time>2025-12-04T12:48:36Z</time>
   </trkpt>
   <trkpt lat="43.2267790" lon="5.4447460">
    <ele>176.8</ele>
    <time>2025-12-04T12:48:37Z</time>
   </trkpt>
   <trkpt lat="43.2267680" lon="5.4447510">
    <ele>176.8</ele>
    <time>2025-12-04T12:48:38Z</time>
   </trkpt>
   <trkpt lat="43.2267580" lon="5.4447620">
    <ele>177.0</ele>
    <time>2025-12-04T12:48:39Z</time>
   </trkpt>
   <trkpt lat="43.2267510" lon="5.4447710">
    <ele>177.1</ele>
    <time>2025-12-04T12:48:40Z</time>
   </trkpt>
   <trkpt lat="43.2267380" lon="5.4447800">
    <ele>177.1</ele>
    <time>2025-12-04T12:48:41Z</time>
   </trkpt>
   <trkpt lat="43.2267330" lon="5.4447920">
    <ele>177.1</ele>
    <time>2025-12-04T12:48:42Z</time>
   </trkpt>
   <trkpt lat="43.2267270" lon="5.4447980">
    <ele>177.2</ele>
    <time>2025-12-04T12:48:43Z</time>
   </trkpt>
   <trkpt lat="43.2267170" lon="5.4448120">
    <ele>177.5</ele>
    <time>2025-12-04T12:48:44Z</time>
   </trkpt>
   <trkpt lat="43.2267060" lon="5.4448240">
    <ele>177.5</ele>
    <time>2025-12-04T12:48:45Z</time>
   </trkpt>
   <trkpt lat="43.2266970" lon="5.4448330">
    <ele>177.6</ele>
    <time>2025-12-04T12:48:46Z</time>
   </trkpt>
   <trkpt lat="43.2266860" lon="5.4448450">
    <ele>178.0</ele>
    <time>2025-12-04T12:48:47Z</time>
   </trkpt>
   <trkpt lat="43.2266790" lon="5.4448570">
    <ele>178.0</ele>
    <time>2025-12-04T12:48:48Z</time>
   </trkpt>
   <trkpt lat="43.2266740" lon="5.4448630">
    <ele>178.0</ele>
    <time>2025-12-04T12:48:49Z</time>
   </trkpt>
   <trkpt lat="43.2266670" lon="5.4448710">
    <ele>178.0</ele>
    <time>2025-12-04T12:48:50Z</time>
   </trkpt>
   <trkpt lat="43.2266570" lon="5.4448800">
    <ele>178.2</ele>
    <time>2025-12-04T12:48:51Z</time>
   </trkpt>
   <trkpt lat="43.2266480" lon="5.4448850">
    <ele>178.5</ele>
    <time>2025-12-04T12:48:52Z</time>
   </trkpt>
   <trkpt lat="43.2266360" lon="5.4448930">
    <ele>178.5</ele>
    <time>2025-12-04T12:48:53Z</time>
   </trkpt>
   <trkpt lat="43.2266320" lon="5.4448970">
    <ele>178.5</ele>
    <time>2025-12-04T12:48:54Z</time>
   </trkpt>
   <trkpt lat="43.2266240" lon="5.4449030">
    <ele>178.7</ele>
    <time>2025-12-04T12:48:55Z</time>
   </trkpt>
   <trkpt lat="43.2266130" lon="5.4449120">
    <ele>178.7</ele>
    <time>2025-12-04T12:48:56Z</time>
   </trkpt>
   <trkpt lat="43.2266020" lon="5.4449210">
    <ele>178.7</ele>
    <time>2025-12-04T12:48:57Z</time>
   </trkpt>
   <trkpt lat="43.2265980" lon="5.4449360">
    <ele>179.1</ele>
    <time>2025-12-04T12:48:58Z</time>
   </trkpt>
   <trkpt lat="43.2265940" lon="5.4449440">
    <ele>179.2</ele>
    <time>2025-12-04T12:48:59Z</time>
   </trkpt>
   <trkpt lat="43.2265850" lon="5.4449450">
    <ele>179.2</ele>
    <time>2025-12-04T12:49:00Z</time>
   </trkpt>
   <trkpt lat="43.2265790" lon="5.4449510">
    <ele>179.2</ele>
    <time>2025-12-04T12:49:01Z</time>
   </trkpt>
   <trkpt lat="43.2265710" lon="5.4449680">
    <ele>179.2</ele>
    <time>2025-12-04T12:49:02Z</time>
   </trkpt>
   <trkpt lat="43.2265650" lon="5.4449750">
    <ele>179.6</ele>
    <time>2025-12-04T12:49:03Z</time>
   </trkpt>
   <trkpt lat="43.2265580" lon="5.4449810">
    <ele>179.7</ele>
    <time>2025-12-04T12:49:04Z</time>
   </trkpt>
   <trkpt lat="43.2265510" lon="5.4449870">
    <ele>179.7</ele>
    <time>2025-12-04T12:49:05Z</time>
   </trkpt>
   <trkpt lat="43.2265430" lon="5.4449980">
    <ele>179.7</ele>
    <time>2025-12-04T12:49:06Z</time>
   </trkpt>
   <trkpt lat="43.2265330" lon="5.4450090">
    <ele>179.9</ele>
    <time>2025-12-04T12:49:07Z</time>
   </trkpt>
   <trkpt lat="43.2265270" lon="5.4450180">
    <ele>180.1</ele>
    <time>2025-12-04T12:49:08Z</time>
   </trkpt>
   <trkpt lat="43.2265180" lon="5.4450370">
    <ele>180.2</ele>
    <time>2025-12-04T12:49:09Z</time>
   </trkpt>
   <trkpt lat="43.2265130" lon="5.4450450">
    <ele>180.2</ele>
    <time>2025-12-04T12:49:10Z</time>
   </trkpt>
   <trkpt lat="43.2265090" lon="5.4450520">
    <ele>180.2</ele>
    <time>2025-12-04T12:49:11Z</time>
   </trkpt>
   <trkpt lat="43.2265040" lon="5.4450600">
    <ele>180.6</ele>
    <time>2025-12-04T12:49:12Z</time>
   </trkpt>
   <trkpt lat="43.2264950" lon="5.4450700">
    <ele>180.7</ele>
    <time>2025-12-04T12:49:13Z</time>
   </trkpt>
   <trkpt lat="43.2264870" lon="5.4450860">
    <ele>180.7</ele>
    <time>2025-12-04T12:49:14Z</time>
   </trkpt>
   <trkpt lat="43.2264820" lon="5.4450990">
    <ele>180.9</ele>
    <time>2025-12-04T12:49:15Z</time>
   </trkpt>
   <trkpt lat="43.2264820" lon="5.4451080">
    <ele>180.9</ele>
    <time>2025-12-04T12:49:16Z</time>
   </trkpt>
   <trkpt lat="43.2264860" lon="5.4451130">
    <ele>180.9</ele>
    <time>2025-12-04T12:49:17Z</time>
   </trkpt>
   <trkpt lat="43.2264790" lon="5.4451170">
    <ele>181.0</ele>
    <time>2025-12-04T12:49:18Z</time>
   </trkpt>
   <trkpt lat="43.2264830" lon="5.4451170">
    <ele>181.0</ele>
    <time>2025-12-04T12:49:19Z</time>
   </trkpt>
   <trkpt lat="43.2264800" lon="5.4451280">
    <ele>181.0</ele>
    <time>2025-12-04T12:49:20Z</time>
   </trkpt>
   <trkpt lat="43.2264680" lon="5.4451430">
    <ele>181.4</ele>
    <time>2025-12-04T12:49:21Z</time>
   </trkpt>
   <trkpt lat="43.2264650" lon="5.4451510">
    <ele>181.5</ele>
    <time>2025-12-04T12:49:22Z</time>
   </trkpt>
   <trkpt lat="43.2264590" lon="5.4451580">
    <ele>181.5</ele>
    <time>2025-12-04T12:49:23Z</time>
   </trkpt>
   <trkpt lat="43.2264560" lon="5.4451700">
    <ele>181.5</ele>
    <time>2025-12-04T12:49:24Z</time>
   </trkpt>
   <trkpt lat="43.2264520" lon="5.4451840">
    <ele>181.5</ele>
    <time>2025-12-04T12:49:25Z</time>
   </trkpt>
   <trkpt lat="43.2264430" lon="5.4451860">
    <ele>182.0</ele>
    <time>2025-12-04T12:49:26Z</time>
   </trkpt>
   <trkpt lat="43.2264300" lon="5.4451960">
    <ele>182.0</ele>
    <time>2025-12-04T12:49:27Z</time>
   </trkpt>
   <trkpt lat="43.2264250" lon="5.4452070">
    <ele>182.0</ele>
    <time>2025-12-04T12:49:28Z</time>
   </trkpt>
   <trkpt lat="43.2264200" lon="5.4452170">
    <ele>182.0</ele>
    <time>2025-12-04T12:49:29Z</time>
   </trkpt>
   <trkpt lat="43.2264060" lon="5.4452350">
    <ele>182.5</ele>
    <time>2025-12-04T12:49:30Z</time>
   </trkpt>
   <trkpt lat="43.2263910" lon="5.4452470">
    <ele>182.5</ele>
    <time>2025-12-04T12:49:31Z</time>
   </trkpt>
   <trkpt lat="43.2263860" lon="5.4452520">
    <ele>182.5</ele>
    <time>2025-12-04T12:49:32Z</time>
   </trkpt>
   <trkpt lat="43.2263820" lon="5.4452570">
    <ele>182.6</ele>
    <time>2025-12-04T12:49:33Z</time>
   </trkpt>
   <trkpt lat="43.2263770" lon="5.4452620">
    <ele>182.8</ele>
    <time>2025-12-04T12:49:34Z</time>
   </trkpt>
   <trkpt lat="43.2263730" lon="5.4452670">
    <ele>182.8</ele>
    <time>2025-12-04T12:49:35Z</time>
   </trkpt>
   <trkpt lat="43.2263600" lon="5.4452780">
    <ele>183.1</ele>
    <time>2025-12-04T12:49:36Z</time>
   </trkpt>
   <trkpt lat="43.2263560" lon="5.4452870">
    <ele>183.1</ele>
    <time>2025-12-04T12:49:37Z</time>
   </trkpt>
   <trkpt lat="43.2263530" lon="5.4452950">
    <ele>183.1</ele>
    <time>2025-12-04T12:49:38Z</time>
   </trkpt>
   <trkpt lat="43.2263490" lon="5.4453040">
    <ele>183.4</ele>
    <time>2025-12-04T12:49:39Z</time>
   </trkpt>
   <trkpt lat="43.2263450" lon="5.4453120">
    <ele>183.4</ele>
    <time>2025-12-04T12:49:40Z</time>
   </trkpt>
   <trkpt lat="43.2263350" lon="5.4453150">
    <ele>183.6</ele>
    <time>2025-12-04T12:49:41Z</time>
   </trkpt>
   <trkpt lat="43.2263280" lon="5.4453220">
    <ele>183.7</ele>
    <time>2025-12-04T12:49:42Z</time>
   </trkpt>
   <trkpt lat="43.2263200" lon="5.4453280">
    <ele>183.7</ele>
    <time>2025-12-04T12:49:43Z</time>
   </trkpt>
   <trkpt lat="43.2263120" lon="5.4453340">
    <ele>183.9</ele>
    <time>2025-12-04T12:49:44Z</time>
   </trkpt>
   <trkpt lat="43.2263030" lon="5.4453370">
    <ele>183.9</ele>
    <time>2025-12-04T12:49:45Z</time>
   </trkpt>
   <trkpt lat="43.2262900" lon="5.4453440">
    <ele>183.9</ele>
    <time>2025-12-04T12:49:46Z</time>
   </trkpt>
   <trkpt lat="43.2262780" lon="5.4453490">
    <ele>184.2</ele>
    <time>2025-12-04T12:49:47Z</time>
   </trkpt>
   <trkpt lat="43.2262690" lon="5.4453610">
    <ele>184.4</ele>
    <time>2025-12-04T12:49:48Z</time>
   </trkpt>
   <trkpt lat="43.2262620" lon="5.4453680">
    <ele>184.5</ele>
    <time>2025-12-04T12:49:49Z</time>
   </trkpt>
   <trkpt lat="43.2262550" lon="5.4453740">
    <ele>184.7</ele>
    <time>2025-12-04T12:49:50Z</time>
   </trkpt>
   <trkpt lat="43.2262480" lon="5.4453810">
    <ele>184.7</ele>
    <time>2025-12-04T12:49:51Z</time>
   </trkpt>
   <trkpt lat="43.2262410" lon="5.4453970">
    <ele>184.8</ele>
    <time>2025-12-04T12:49:52Z</time>
   </trkpt>
   <trkpt lat="43.2262420" lon="5.4454010">
    <ele>185.0</ele>
    <time>2025-12-04T12:49:53Z</time>
   </trkpt>
   <trkpt lat="43.2262380" lon="5.4454180">
    <ele>185.0</ele>
    <time>2025-12-04T12:49:54Z</time>
   </trkpt>
   <trkpt lat="43.2262330" lon="5.4454240">
    <ele>185.0</ele>
    <time>2025-12-04T12:49:55Z</time>
   </trkpt>
   <trkpt lat="43.2262310" lon="5.4454310">
    <ele>185.0</ele>
    <time>2025-12-04T12:49:56Z</time>
   </trkpt>
   <trkpt lat="43.2262270" lon="5.4454440">
    <ele>185.3</ele>
    <time>2025-12-04T12:49:57Z</time>
   </trkpt>
   <trkpt lat="43.2262190" lon="5.4454580">
    <ele>185.5</ele>
    <time>2025-12-04T12:49:58Z</time>
   </trkpt>
   <trkpt lat="43.2262110" lon="5.4454850">
    <ele>185.5</ele>
    <time>2025-12-04T12:49:59Z</time>
   </trkpt>
   <trkpt lat="43.2262050" lon="5.4454960">
    <ele>185.8</ele>
    <time>2025-12-04T12:50:00Z</time>
   </trkpt>
   <trkpt lat="43.2262050" lon="5.4454980">
    <ele>185.8</ele>
    <time>2025-12-04T12:50:01Z</time>
   </trkpt>
   <trkpt lat="43.2262080" lon="5.4455030">
    <ele>185.8</ele>
    <time>2025-12-04T12:50:02Z</time>
   </trkpt>
   <trkpt lat="43.2262000" lon="5.4455160">
    <ele>185.8</ele>
    <time>2025-12-04T12:50:03Z</time>
   </trkpt>
   <trkpt lat="43.2261970" lon="5.4455250">
    <ele>185.8</ele>
    <time>2025-12-04T12:50:04Z</time>
   </trkpt>
   <trkpt lat="43.2261930" lon="5.4455300">
    <ele>186.3</ele>
    <time>2025-12-04T12:50:05Z</time>
   </trkpt>
   <trkpt lat="43.2261830" lon="5.4455500">
    <ele>186.3</ele>
    <time>2025-12-04T12:50:06Z</time>
   </trkpt>
   <trkpt lat="43.2261780" lon="5.4455580">
    <ele>186.3</ele>
    <time>2025-12-04T12:50:07Z</time>
   </trkpt>
   <trkpt lat="43.2261730" lon="5.4455660">
    <ele>186.3</ele>
    <time>2025-12-04T12:50:08Z</time>
   </trkpt>
   <trkpt lat="43.2261680" lon="5.4455740">
    <ele>186.6</ele>
    <time>2025-12-04T12:50:09Z</time>
   </trkpt>
   <trkpt lat="43.2261650" lon="5.4455790">
    <ele>186.6</ele>
    <time>2025-12-04T12:50:10Z</time>
   </trkpt>
   <trkpt lat="43.2261680" lon="5.4455740">
    <ele>186.6</ele>
    <time>2025-12-04T12:50:11Z</time>
   </trkpt>
   <trkpt lat="43.2261640" lon="5.4455760">
    <ele>186.6</ele>
    <time>2025-12-04T12:50:12Z</time>
   </trkpt>
   <trkpt lat="43.2261570" lon="5.4455790">
    <ele>186.9</ele>
    <time>2025-12-04T12:50:13Z</time>
   </trkpt>
   <trkpt lat="43.2261520" lon="5.4455780">
    <ele>186.9</ele>
    <time>2025-12-04T12:50:14Z</time>
   </trkpt>
   <trkpt lat="43.2261450" lon="5.4455780">
    <ele>186.9</ele>
    <time>2025-12-04T12:50:15Z</time>
   </trkpt>
   <trkpt lat="43.2261330" lon="5.4455840">
    <ele>186.9</ele>
    <time>2025-12-04T12:50:16Z</time>
   </trkpt>
   <trkpt lat="43.2261220" lon="5.4456020">
    <ele>187.2</ele>
    <time>2025-12-04T12:50:17Z</time>
   </trkpt>
   <trkpt lat="43.2261180" lon="5.4456120">
    <ele>187.2</ele>
    <time>2025-12-04T12:50:18Z</time>
   </trkpt>
   <trkpt lat="43.2261150" lon="5.4456210">
    <ele>187.5</ele>
    <time>2025-12-04T12:50:19Z</time>
   </trkpt>
   <trkpt lat="43.2261110" lon="5.4456300">
    <ele>187.5</ele>
    <time>2025-12-04T12:50:20Z</time>
   </trkpt>
   <trkpt lat="43.2261000" lon="5.4456500">
    <ele>187.5</ele>
    <time>2025-12-04T12:50:21Z</time>
   </trkpt>
   <trkpt lat="43.2260920" lon="5.4456590">
    <ele>188.0</ele>
    <time>2025-12-04T12:50:22Z</time>
   </trkpt>
   <trkpt lat="43.2260840" lon="5.4456680">
    <ele>188.0</ele>
    <time>2025-12-04T12:50:23Z</time>
   </trkpt>
   <trkpt lat="43.2260720" lon="5.4456860">
    <ele>188.0</ele>
    <time>2025-12-04T12:50:24Z</time>
   </trkpt>
   <trkpt lat="43.2260650" lon="5.4456950">
    <ele>188.3</ele>
    <time>2025-12-04T12:50:25Z</time>
   </trkpt>
   <trkpt lat="43.2260580" lon="5.4457010">
    <ele>188.6</ele>
    <time>2025-12-04T12:50:26Z</time>
   </trkpt>
   <trkpt lat="43.2260480" lon="5.4457040">
    <ele>188.6</ele>
    <time>2025-12-04T12:50:27Z</time>
   </trkpt>
   <trkpt lat="43.2260400" lon="5.4457130">
    <ele>188.6</ele>
    <time>2025-12-04T12:50:28Z</time>
   </trkpt>
   <trkpt lat="43.2260240" lon="5.4457240">
    <ele>188.9</ele>
    <time>2025-12-04T12:50:29Z</time>
   </trkpt>
   <trkpt lat="43.2260180" lon="5.4457270">
    <ele>188.9</ele>
    <time>2025-12-04T12:50:30Z</time>
   </trkpt>
   <trkpt lat="43.2260130" lon="5.4457310">
    <ele>188.9</ele>
    <time>2025-12-04T12:50:31Z</time>
   </trkpt>
   <trkpt lat="43.2260070" lon="5.4457340">
    <ele>188.9</ele>
    <time>2025-12-04T12:50:32Z</time>
   </trkpt>
   <trkpt lat="43.2260020" lon="5.4457370">
    <ele>189.2</ele>
    <time>2025-12-04T12:50:33Z</time>
   </trkpt>
   <trkpt lat="43.2259920" lon="5.4457440">
    <ele>189.5</ele>
    <time>2025-12-04T12:50:34Z</time>
   </trkpt>
   <trkpt lat="43.2259860" lon="5.4457540">
    <ele>189.5</ele>
    <time>2025-12-04T12:50:35Z</time>
   </trkpt>
   <trkpt lat="43.2259860" lon="5.4457560">
    <ele>189.5</ele>
    <time>2025-12-04T12:50:36Z</time>
   </trkpt>
   <trkpt lat="43.2259780" lon="5.4457630">
    <ele>189.5</ele>
    <time>2025-12-04T12:50:37Z</time>
   </trkpt>
   <trkpt lat="43.2259720" lon="5.4457630">
    <ele>189.7</ele>
    <time>2025-12-04T12:50:38Z</time>
   </trkpt>
   <trkpt lat="43.2259650" lon="5.4457670">
    <ele>189.8</ele>
    <time>2025-12-04T12:50:39Z</time>
   </trkpt>
   <trkpt lat="43.2259600" lon="5.4457750">
    <ele>189.8</ele>
    <time>2025-12-04T12:50:40Z</time>
   </trkpt>
   <trkpt lat="43.2259590" lon="5.4457770">
    <ele>189.8</ele>
    <time>2025-12-04T12:50:41Z</time>
   </trkpt>
   <trkpt lat="43.2259600" lon="5.4457890">
    <ele>190.1</ele>
    <time>2025-12-04T12:50:42Z</time>
   </trkpt>
   <trkpt lat="43.2259610" lon="5.4457880">
    <ele>190.1</ele>
    <time>2025-12-04T12:50:43Z</time>
   </trkpt>
   <trkpt lat="43.2259610" lon="5.4457880">
    <ele>190.1</ele>
    <time>2025-12-04T12:50:44Z</time>
   </trkpt>
   <trkpt lat="43.2259610" lon="5.4457890">
    <ele>190.1</ele>
    <time>2025-12-04T12:50:45Z</time>
   </trkpt>
   <trkpt lat="43.2259620" lon="5.4457840">
    <ele>189.9</ele>
    <time>2025-12-04T12:50:46Z</time>
   </trkpt>
   <trkpt lat="43.2259660" lon="5.4457780">
    <ele>189.9</ele>
    <time>2025-12-04T12:50:47Z</time>
   </trkpt>
   <trkpt lat="43.2259760" lon="5.4457690">
    <ele>189.7</ele>
    <time>2025-12-04T12:50:48Z</time>
   </trkpt>
   <trkpt lat="43.2259820" lon="5.4457690">
    <ele>189.7</ele>
    <time>2025-12-04T12:50:49Z</time>
   </trkpt>
   <trkpt lat="43.2259880" lon="5.4457540">
    <ele>189.7</ele>
    <time>2025-12-04T12:50:50Z</time>
   </trkpt>
   <trkpt lat="43.2259930" lon="5.4457450">
    <ele>189.7</ele>
    <time>2025-12-04T12:50:51Z</time>
   </trkpt>
   <trkpt lat="43.2259930" lon="5.4457470">
    <ele>189.7</ele>
    <time>2025-12-04T12:50:52Z</time>
   </trkpt>
   <trkpt lat="43.2259920" lon="5.4457460">
    <ele>189.8</ele>
    <time>2025-12-04T12:50:53Z</time>
   </trkpt>
   <trkpt lat="43.2259960" lon="5.4457520">
    <ele>189.8</ele>
    <time>2025-12-04T12:50:54Z</time>
   </trkpt>
   <trkpt lat="43.2260080" lon="5.4457710">
    <ele>189.5</ele>
    <time>2025-12-04T12:50:55Z</time>
   </trkpt>
   <trkpt lat="43.2260130" lon="5.4457850">
    <ele>189.6</ele>
    <time>2025-12-04T12:50:56Z</time>
   </trkpt>
   <trkpt lat="43.2260170" lon="5.4457980">
    <ele>189.8</ele>
    <time>2025-12-04T12:50:57Z</time>
   </trkpt>
   <trkpt lat="43.2260260" lon="5.4457960">
    <ele>189.8</ele>
    <time>2025-12-04T12:50:58Z</time>
   </trkpt>
   <trkpt lat="43.2260300" lon="5.4458030">
    <ele>189.8</ele>
    <time>2025-12-04T12:50:59Z</time>
   </trkpt>
   <trkpt lat="43.2260390" lon="5.4458060">
    <ele>189.6</ele>
    <time>2025-12-04T12:51:00Z</time>
   </trkpt>
   <trkpt lat="43.2260450" lon="5.4458170">
    <ele>189.6</ele>
    <time>2025-12-04T12:51:01Z</time>
   </trkpt>
   <trkpt lat="43.2260420" lon="5.4458320">
    <ele>189.8</ele>
    <time>2025-12-04T12:51:02Z</time>
   </trkpt>
   <trkpt lat="43.2260400" lon="5.4458460">
    <ele>189.9</ele>
    <time>2025-12-04T12:51:03Z</time>
   </trkpt>
   <trkpt lat="43.2260380" lon="5.4458570">
    <ele>189.9</ele>
    <time>2025-12-04T12:51:04Z</time>
   </trkpt>
   <trkpt lat="43.2260360" lon="5.4458680">
    <ele>190.2</ele>
    <time>2025-12-04T12:51:05Z</time>
   </trkpt>
   <trkpt lat="43.2260350" lon="5.4458730">
    <ele>190.4</ele>
    <time>2025-12-04T12:51:06Z</time>
   </trkpt>
   <trkpt lat="43.2260300" lon="5.4458760">
    <ele>190.5</ele>
    <time>2025-12-04T12:51:07Z</time>
   </trkpt>
   <trkpt lat="43.2260210" lon="5.4458770">
    <ele>190.5</ele>
    <time>2025-12-04T12:51:08Z</time>
   </trkpt>
   <trkpt lat="43.2260070" lon="5.4458760">
    <ele>190.5</ele>
    <time>2025-12-04T12:51:09Z</time>
   </trkpt>
   <trkpt lat="43.2259950" lon="5.4458700">
    <ele>190.5</ele>
    <time>2025-12-04T12:51:10Z</time>
   </trkpt>
   <trkpt lat="43.2259970" lon="5.4458590">
    <ele>190.6</ele>
    <time>2025-12-04T12:51:11Z</time>
   </trkpt>
   <trkpt lat="43.2259870" lon="5.4458560">
    <ele>190.6</ele>
    <time>2025-12-04T12:51:12Z</time>
   </trkpt>
   <trkpt lat="43.2259780" lon="5.4458550">
    <ele>190.6</ele>
    <time>2025-12-04T12:51:13Z</time>
   </trkpt>
   <trkpt lat="43.2259680" lon="5.4458570">
    <ele>190.6</ele>
    <time>2025-12-04T12:51:14Z</time>
   </trkpt>
   <trkpt lat="43.2259640" lon="5.4458550">
    <ele>190.6</ele>
    <time>2025-12-04T12:51:15Z</time>
   </trkpt>
   <trkpt lat="43.2259500" lon="5.4458670">
    <ele>190.6</ele>
    <time>2025-12-04T12:51:16Z</time>
   </trkpt>
   <trkpt lat="43.2259420" lon="5.4458680">
    <ele>190.6</ele>
    <time>2025-12-04T12:51:17Z</time>
   </trkpt>
   <trkpt lat="43.2259380" lon="5.4458680">
    <ele>190.6</ele>
    <time>2025-12-04T12:51:18Z</time>
   </trkpt>
   <trkpt lat="43.2259350" lon="5.4458760">
    <ele>190.6</ele>
    <time>2025-12-04T12:51:19Z</time>
   </trkpt>
   <trkpt lat="43.2259220" lon="5.4458730">
    <ele>190.6</ele>
    <time>2025-12-04T12:51:20Z</time>
   </trkpt>
   <trkpt lat="43.2259110" lon="5.4458810">
    <ele>190.6</ele>
    <time>2025-12-04T12:51:21Z</time>
   </trkpt>
   <trkpt lat="43.2259020" lon="5.4458780">
    <ele>190.6</ele>
    <time>2025-12-04T12:51:22Z</time>
   </trkpt>
   <trkpt lat="43.2258980" lon="5.4458860">
    <ele>190.6</ele>
    <time>2025-12-04T12:51:23Z</time>
   </trkpt>
   <trkpt lat="43.2258800" lon="5.4458860">
    <ele>190.6</ele>
    <time>2025-12-04T12:51:24Z</time>
   </trkpt>
   <trkpt lat="43.2258770" lon="5.4458820">
    <ele>190.6</ele>
    <time>2025-12-04T12:51:25Z</time>
   </trkpt>
   <trkpt lat="43.2258740" lon="5.4458830">
    <ele>190.6</ele>
    <time>2025-12-04T12:51:26Z</time>
   </trkpt>
   <trkpt lat="43.2258580" lon="5.4458810">
    <ele>190.6</ele>
    <time>2025-12-04T12:51:27Z</time>
   </trkpt>
   <trkpt lat="43.2258460" lon="5.4458800">
    <ele>190.6</ele>
    <time>2025-12-04T12:51:28Z</time>
   </trkpt>
   <trkpt lat="43.2258420" lon="5.4458810">
    <ele>190.6</ele>
    <time>2025-12-04T12:51:29Z</time>
   </trkpt>
   <trkpt lat="43.2258320" lon="5.4458790">
    <ele>190.6</ele>
    <time>2025-12-04T12:51:30Z</time>
   </trkpt>
   <trkpt lat="43.2258240" lon="5.4458790">
    <ele>190.6</ele>
    <time>2025-12-04T12:51:31Z</time>
   </trkpt>
   <trkpt lat="43.2258180" lon="5.4458780">
    <ele>190.7</ele>
    <time>2025-12-04T12:51:32Z</time>
   </trkpt>
   <trkpt lat="43.2258100" lon="5.4458780">
    <ele>190.7</ele>
    <time>2025-12-04T12:51:33Z</time>
   </trkpt>
   <trkpt lat="43.2257980" lon="5.4458840">
    <ele>190.7</ele>
    <time>2025-12-04T12:51:34Z</time>
   </trkpt>
   <trkpt lat="43.2257880" lon="5.4458930">
    <ele>190.7</ele>
    <time>2025-12-04T12:51:35Z</time>
   </trkpt>
   <trkpt lat="43.2257790" lon="5.4458950">
    <ele>190.7</ele>
    <time>2025-12-04T12:51:36Z</time>
   </trkpt>
   <trkpt lat="43.2257710" lon="5.4458960">
    <ele>190.7</ele>
    <time>2025-12-04T12:51:37Z</time>
   </trkpt>
   <trkpt lat="43.2257700" lon="5.4458960">
    <ele>190.7</ele>
    <time>2025-12-04T12:51:38Z</time>
   </trkpt>
   <trkpt lat="43.2257540" lon="5.4459030">
    <ele>190.7</ele>
    <time>2025-12-04T12:51:39Z</time>
   </trkpt>
   <trkpt lat="43.2257370" lon="5.4459090">
    <ele>190.8</ele>
    <time>2025-12-04T12:51:40Z</time>
   </trkpt>
   <trkpt lat="43.2257310" lon="5.4459140">
    <ele>190.8</ele>
    <time>2025-12-04T12:51:41Z</time>
   </trkpt>
   <trkpt lat="43.2257220" lon="5.4459190">
    <ele>190.8</ele>
    <time>2025-12-04T12:51:42Z</time>
   </trkpt>
   <trkpt lat="43.2257130" lon="5.4459240">
    <ele>190.8</ele>
    <time>2025-12-04T12:51:43Z</time>
   </trkpt>
   <trkpt lat="43.2257040" lon="5.4459280">
    <ele>190.8</ele>
    <time>2025-12-04T12:51:44Z</time>
   </trkpt>
   <trkpt lat="43.2256910" lon="5.4459300">
    <ele>190.9</ele>
    <time>2025-12-04T12:51:45Z</time>
   </trkpt>
   <trkpt lat="43.2256840" lon="5.4459350">
    <ele>190.9</ele>
    <time>2025-12-04T12:51:46Z</time>
   </trkpt>
   <trkpt lat="43.2256790" lon="5.4459370">
    <ele>190.9</ele>
    <time>2025-12-04T12:51:47Z</time>
   </trkpt>
   <trkpt lat="43.2256710" lon="5.4459420">
    <ele>190.9</ele>
    <time>2025-12-04T12:51:48Z</time>
   </trkpt>
   <trkpt lat="43.2256610" lon="5.4459500">
    <ele>191.0</ele>
    <time>2025-12-04T12:51:49Z</time>
   </trkpt>
   <trkpt lat="43.2256410" lon="5.4459620">
    <ele>191.0</ele>
    <time>2025-12-04T12:51:50Z</time>
   </trkpt>
   <trkpt lat="43.2256330" lon="5.4459670">
    <ele>191.1</ele>
    <time>2025-12-04T12:51:51Z</time>
   </trkpt>
   <trkpt lat="43.2256260" lon="5.4459710">
    <ele>191.1</ele>
    <time>2025-12-04T12:51:52Z</time>
   </trkpt>
   <trkpt lat="43.2256140" lon="5.4459840">
    <ele>191.1</ele>
    <time>2025-12-04T12:51:53Z</time>
   </trkpt>
   <trkpt lat="43.2256000" lon="5.4459930">
    <ele>191.2</ele>
    <time>2025-12-04T12:51:54Z</time>
   </trkpt>
   <trkpt lat="43.2255830" lon="5.4460070">
    <ele>191.2</ele>
    <time>2025-12-04T12:51:55Z</time>
   </trkpt>
   <trkpt lat="43.2255760" lon="5.4460130">
    <ele>191.3</ele>
    <time>2025-12-04T12:51:56Z</time>
   </trkpt>
   <trkpt lat="43.2255690" lon="5.4460190">
    <ele>191.3</ele>
    <time>2025-12-04T12:51:57Z</time>
   </trkpt>
   <trkpt lat="43.2255610" lon="5.4460220">
    <ele>191.3</ele>
    <time>2025-12-04T12:51:58Z</time>
   </trkpt>
   <trkpt lat="43.2255520" lon="5.4460270">
    <ele>191.3</ele>
    <time>2025-12-04T12:51:59Z</time>
   </trkpt>
   <trkpt lat="43.2255400" lon="5.4460340">
    <ele>191.4</ele>
    <time>2025-12-04T12:52:00Z</time>
   </trkpt>
   <trkpt lat="43.2255310" lon="5.4460420">
    <ele>191.4</ele>
    <time>2025-12-04T12:52:01Z</time>
   </trkpt>
   <trkpt lat="43.2255180" lon="5.4460510">
    <ele>191.5</ele>
    <time>2025-12-04T12:52:02Z</time>
   </trkpt>
   <trkpt lat="43.2255080" lon="5.4460570">
    <ele>191.5</ele>
    <time>2025-12-04T12:52:03Z</time>
   </trkpt>
   <trkpt lat="43.2254920" lon="5.4460680">
    <ele>191.5</ele>
    <time>2025-12-04T12:52:04Z</time>
   </trkpt>
   <trkpt lat="43.2254820" lon="5.4460740">
    <ele>191.6</ele>
    <time>2025-12-04T12:52:05Z</time>
   </trkpt>
   <trkpt lat="43.2254730" lon="5.4460790">
    <ele>191.6</ele>
    <time>2025-12-04T12:52:06Z</time>
   </trkpt>
   <trkpt lat="43.2254640" lon="5.4460880">
    <ele>191.6</ele>
    <time>2025-12-04T12:52:07Z</time>
   </trkpt>
   <trkpt lat="43.2254530" lon="5.4460950">
    <ele>191.7</ele>
    <time>2025-12-04T12:52:08Z</time>
   </trkpt>
   <trkpt lat="43.2254410" lon="5.4461000">
    <ele>191.7</ele>
    <time>2025-12-04T12:52:09Z</time>
   </trkpt>
   <trkpt lat="43.2254310" lon="5.4461060">
    <ele>191.8</ele>
    <time>2025-12-04T12:52:10Z</time>
   </trkpt>
   <trkpt lat="43.2254230" lon="5.4461110">
    <ele>191.8</ele>
    <time>2025-12-04T12:52:11Z</time>
   </trkpt>
   <trkpt lat="43.2254100" lon="5.4461160">
    <ele>191.9</ele>
    <time>2025-12-04T12:52:12Z</time>
   </trkpt>
   <trkpt lat="43.2253990" lon="5.4461210">
    <ele>191.9</ele>
    <time>2025-12-04T12:52:13Z</time>
   </trkpt>
   <trkpt lat="43.2253900" lon="5.4461230">
    <ele>191.9</ele>
    <time>2025-12-04T12:52:14Z</time>
   </trkpt>
   <trkpt lat="43.2253820" lon="5.4461250">
    <ele>192.0</ele>
    <time>2025-12-04T12:52:15Z</time>
   </trkpt>
   <trkpt lat="43.2253730" lon="5.4461270">
    <ele>192.0</ele>
    <time>2025-12-04T12:52:16Z</time>
   </trkpt>
   <trkpt lat="43.2253620" lon="5.4461280">
    <ele>192.0</ele>
    <time>2025-12-04T12:52:17Z</time>
   </trkpt>
   <trkpt lat="43.2253520" lon="5.4461330">
    <ele>192.1</ele>
    <time>2025-12-04T12:52:18Z</time>
   </trkpt>
   <trkpt lat="43.2253390" lon="5.4461330">
    <ele>192.1</ele>
    <time>2025-12-04T12:52:19Z</time>
   </trkpt>
   <trkpt lat="43.2253180" lon="5.4461340">
    <ele>192.2</ele>
    <time>2025-12-04T12:52:20Z</time>
   </trkpt>
   <trkpt lat="43.2253110" lon="5.4461360">
    <ele>192.3</ele>
    <time>2025-12-04T12:52:21Z</time>
   </trkpt>
   <trkpt lat="43.2253030" lon="5.4461370">
    <ele>192.3</ele>
    <time>2025-12-04T12:52:22Z</time>
   </trkpt>
   <trkpt lat="43.2252920" lon="5.4461410">
    <ele>192.3</ele>
    <time>2025-12-04T12:52:23Z</time>
   </trkpt>
   <trkpt lat="43.2252840" lon="5.4461370">
    <ele>192.4</ele>
    <time>2025-12-04T12:52:24Z</time>
   </trkpt>
   <trkpt lat="43.2252760" lon="5.4461330">
    <ele>192.4</ele>
    <time>2025-12-04T12:52:25Z</time>
   </trkpt>
   <trkpt lat="43.2252690" lon="5.4461290">
    <ele>192.5</ele>
    <time>2025-12-04T12:52:26Z</time>
   </trkpt>
   <trkpt lat="43.2252600" lon="5.4461220">
    <ele>192.5</ele>
    <time>2025-12-04T12:52:27Z</time>
   </trkpt>
   <trkpt lat="43.2252540" lon="5.4461060">
    <ele>192.6</ele>
    <time>2025-12-04T12:52:28Z</time>
   </trkpt>
   <trkpt lat="43.2252490" lon="5.4461050">
    <ele>192.7</ele>
    <time>2025-12-04T12:52:29Z</time>
   </trkpt>
   <trkpt lat="43.2252440" lon="5.4460930">
    <ele>192.7</ele>
    <time>2025-12-04T12:52:30Z</time>
   </trkpt>
   <trkpt lat="43.2252340" lon="5.4460850">
    <ele>192.8</ele>
    <time>2025-12-04T12:52:31Z</time>
   </trkpt>
   <trkpt lat="43.2252280" lon="5.4460770">
    <ele>192.8</ele>
    <time>2025-12-04T12:52:32Z</time>
   </trkpt>
   <trkpt lat="43.2252220" lon="5.4460690">
    <ele>192.9</ele>
    <time>2025-12-04T12:52:33Z</time>
   </trkpt>
   <trkpt lat="43.2252160" lon="5.4460650">
    <ele>192.9</ele>
    <time>2025-12-04T12:52:34Z</time>
   </trkpt>
   <trkpt lat="43.2252070" lon="5.4460670">
    <ele>193.0</ele>
    <time>2025-12-04T12:52:35Z</time>
   </trkpt>
   <trkpt lat="43.2251960" lon="5.4460600">
    <ele>193.1</ele>
    <time>2025-12-04T12:52:36Z</time>
   </trkpt>
   <trkpt lat="43.2251870" lon="5.4460520">
    <ele>193.1</ele>
    <time>2025-12-04T12:52:37Z</time>
   </trkpt>
   <trkpt lat="43.2251780" lon="5.4460410">
    <ele>193.2</ele>
    <time>2025-12-04T12:52:38Z</time>
   </trkpt>
   <trkpt lat="43.2251680" lon="5.4460300">
    <ele>193.3</ele>
    <time>2025-12-04T12:52:39Z</time>
   </trkpt>
   <trkpt lat="43.2251520" lon="5.4460180">
    <ele>193.4</ele>
    <time>2025-12-04T12:52:40Z</time>
   </trkpt>
   <trkpt lat="43.2251440" lon="5.4460060">
    <ele>193.5</ele>
    <time>2025-12-04T12:52:41Z</time>
   </trkpt>
   <trkpt lat="43.2251290" lon="5.4459870">
    <ele>193.7</ele>
    <time>2025-12-04T12:52:42Z</time>
   </trkpt>
   <trkpt lat="43.2251230" lon="5.4459780">
    <ele>193.7</ele>
    <time>2025-12-04T12:52:43Z</time>
   </trkpt>
   <trkpt lat="43.2251160" lon="5.4459680">
    <ele>193.8</ele>
    <time>2025-12-04T12:52:44Z</time>
   </trkpt>
   <trkpt lat="43.2251120" lon="5.4459600">
    <ele>193.8</ele>
    <time>2025-12-04T12:52:45Z</time>
   </trkpt>
   <trkpt lat="43.2251010" lon="5.4459510">
    <ele>193.9</ele>
    <time>2025-12-04T12:52:46Z</time>
   </trkpt>
   <trkpt lat="43.2250870" lon="5.4459480">
    <ele>194.0</ele>
    <time>2025-12-04T12:52:47Z</time>
   </trkpt>
   <trkpt lat="43.2250610" lon="5.4459460">
    <ele>194.2</ele>
    <time>2025-12-04T12:52:48Z</time>
   </trkpt>
   <trkpt lat="43.2250550" lon="5.4459480">
    <ele>194.2</ele>
    <time>2025-12-04T12:52:49Z</time>
   </trkpt>
   <trkpt lat="43.2250480" lon="5.4459500">
    <ele>194.3</ele>
    <time>2025-12-04T12:52:50Z</time>
   </trkpt>
   <trkpt lat="43.2250350" lon="5.4459480">
    <ele>194.4</ele>
    <time>2025-12-04T12:52:51Z</time>
   </trkpt>
   <trkpt lat="43.2250240" lon="5.4459480">
    <ele>194.5</ele>
    <time>2025-12-04T12:52:52Z</time>
   </trkpt>
   <trkpt lat="43.2250160" lon="5.4459460">
    <ele>194.5</ele>
    <time>2025-12-04T12:52:53Z</time>
   </trkpt>
   <trkpt lat="43.2250060" lon="5.4459500">
    <ele>194.6</ele>
    <time>2025-12-04T12:52:54Z</time>
   </trkpt>
   <trkpt lat="43.2250000" lon="5.4459540">
    <ele>194.6</ele>
    <time>2025-12-04T12:52:55Z</time>
   </trkpt>
   <trkpt lat="43.2249850" lon="5.4459610">
    <ele>194.7</ele>
    <time>2025-12-04T12:52:56Z</time>
   </trkpt>
   <trkpt lat="43.2249730" lon="5.4459590">
    <ele>194.8</ele>
    <time>2025-12-04T12:52:57Z</time>
   </trkpt>
   <trkpt lat="43.2249600" lon="5.4459600">
    <ele>194.9</ele>
    <time>2025-12-04T12:52:58Z</time>
   </trkpt>
   <trkpt lat="43.2249500" lon="5.4459630">
    <ele>195.0</ele>
    <time>2025-12-04T12:52:59Z</time>
   </trkpt>
   <trkpt lat="43.2249220" lon="5.4459610">
    <ele>195.2</ele>
    <time>2025-12-04T12:53:00Z</time>
   </trkpt>
   <trkpt lat="43.2249110" lon="5.4459610">
    <ele>195.2</ele>
    <time>2025-12-04T12:53:01Z</time>
   </trkpt>
   <trkpt lat="43.2249100" lon="5.4459620">
    <ele>195.3</ele>
    <time>2025-12-04T12:53:02Z</time>
   </trkpt>
   <trkpt lat="43.2248980" lon="5.4459690">
    <ele>195.3</ele>
    <time>2025-12-04T12:53:03Z</time>
   </trkpt>
   <trkpt lat="43.2248900" lon="5.4459720">
    <ele>195.4</ele>
    <time>2025-12-04T12:53:04Z</time>
   </trkpt>
   <trkpt lat="43.2248770" lon="5.4459750">
    <ele>195.5</ele>
    <time>2025-12-04T12:53:05Z</time>
   </trkpt>
   <trkpt lat="43.2248560" lon="5.4459860">
    <ele>195.6</ele>
    <time>2025-12-04T12:53:06Z</time>
   </trkpt>
   <trkpt lat="43.2248490" lon="5.4459920">
    <ele>195.7</ele>
    <time>2025-12-04T12:53:07Z</time>
   </trkpt>
   <trkpt lat="43.2248410" lon="5.4459970">
    <ele>195.8</ele>
    <time>2025-12-04T12:53:08Z</time>
   </trkpt>
   <trkpt lat="43.2248280" lon="5.4460080">
    <ele>195.9</ele>
    <time>2025-12-04T12:53:09Z</time>
   </trkpt>
   <trkpt lat="43.2248160" lon="5.4460180">
    <ele>196.0</ele>
    <time>2025-12-04T12:53:10Z</time>
   </trkpt>
   <trkpt lat="43.2248090" lon="5.4460240">
    <ele>196.0</ele>
    <time>2025-12-04T12:53:11Z</time>
   </trkpt>
   <trkpt lat="43.2247970" lon="5.4460270">
    <ele>196.1</ele>
    <time>2025-12-04T12:53:12Z</time>
   </trkpt>
   <trkpt lat="43.2247910" lon="5.4460280">
    <ele>196.1</ele>
    <time>2025-12-04T12:53:13Z</time>
   </trkpt>
   <trkpt lat="43.2247840" lon="5.4460330">
    <ele>196.2</ele>
    <time>2025-12-04T12:53:14Z</time>
   </trkpt>
   <trkpt lat="43.2247670" lon="5.4460440">
    <ele>196.3</ele>
    <time>2025-12-04T12:53:15Z</time>
   </trkpt>
   <trkpt lat="43.2247590" lon="5.4460500">
    <ele>196.4</ele>
    <time>2025-12-04T12:53:16Z</time>
   </trkpt>
   <trkpt lat="43.2247500" lon="5.4460550">
    <ele>196.5</ele>
    <time>2025-12-04T12:53:17Z</time>
   </trkpt>
   <trkpt lat="43.2247390" lon="5.4460650">
    <ele>196.5</ele>
    <time>2025-12-04T12:53:18Z</time>
   </trkpt>
   <trkpt lat="43.2247300" lon="5.4460720">
    <ele>196.6</ele>
    <time>2025-12-04T12:53:19Z</time>
   </trkpt>
   <trkpt lat="43.2247200" lon="5.4460780">
    <ele>196.7</ele>
    <time>2025-12-04T12:53:20Z</time>
   </trkpt>
   <trkpt lat="43.2247100" lon="5.4460870">
    <ele>196.8</ele>
    <time>2025-12-04T12:53:21Z</time>
   </trkpt>
   <trkpt lat="43.2247030" lon="5.4460930">
    <ele>196.8</ele>
    <time>2025-12-04T12:53:22Z</time>
   </trkpt>
   <trkpt lat="43.2246950" lon="5.4461040">
    <ele>196.9</ele>
    <time>2025-12-04T12:53:23Z</time>
   </trkpt>
   <trkpt lat="43.2246880" lon="5.4461130">
    <ele>197.0</ele>
    <time>2025-12-04T12:53:24Z</time>
   </trkpt>
   <trkpt lat="43.2246790" lon="5.4461210">
    <ele>197.0</ele>
    <time>2025-12-04T12:53:25Z</time>
   </trkpt>
   <trkpt lat="43.2246700" lon="5.4461250">
    <ele>197.1</ele>
    <time>2025-12-04T12:53:26Z</time>
   </trkpt>
   <trkpt lat="43.2246640" lon="5.4461330">
    <ele>197.2</ele>
    <time>2025-12-04T12:53:27Z</time>
   </trkpt>
   <trkpt lat="43.2246570" lon="5.4461400">
    <ele>197.2</ele>
    <time>2025-12-04T12:53:28Z</time>
   </trkpt>
   <trkpt lat="43.2246460" lon="5.4461500">
    <ele>197.3</ele>
    <time>2025-12-04T12:53:29Z</time>
   </trkpt>
   <trkpt lat="43.2246390" lon="5.4461640">
    <ele>197.4</ele>
    <time>2025-12-04T12:53:30Z</time>
   </trkpt>
   <trkpt lat="43.2246340" lon="5.4461750">
    <ele>197.4</ele>
    <time>2025-12-04T12:53:31Z</time>
   </trkpt>
   <trkpt lat="43.2246240" lon="5.4461840">
    <ele>197.5</ele>
    <time>2025-12-04T12:53:32Z</time>
   </trkpt>
   <trkpt lat="43.2246180" lon="5.4461940">
    <ele>197.6</ele>
    <time>2025-12-04T12:53:33Z</time>
   </trkpt>
   <trkpt lat="43.2246120" lon="5.4462080">
    <ele>197.6</ele>
    <time>2025-12-04T12:53:34Z</time>
   </trkpt>
   <trkpt lat="43.2246020" lon="5.4462170">
    <ele>197.7</ele>
    <time>2025-12-04T12:53:35Z</time>
   </trkpt>
   <trkpt lat="43.2246000" lon="5.4462230">
    <ele>197.7</ele>
    <time>2025-12-04T12:53:36Z</time>
   </trkpt>
   <trkpt lat="43.2245890" lon="5.4462300">
    <ele>197.8</ele>
    <time>2025-12-04T12:53:37Z</time>
   </trkpt>
   <trkpt lat="43.2245830" lon="5.4462380">
    <ele>197.8</ele>
    <time>2025-12-04T12:53:38Z</time>
   </trkpt>
   <trkpt lat="43.2245770" lon="5.4462470">
    <ele>197.9</ele>
    <time>2025-12-04T12:53:39Z</time>
   </trkpt>
   <trkpt lat="43.2245690" lon="5.4462490">
    <ele>197.9</ele>
    <time>2025-12-04T12:53:40Z</time>
   </trkpt>
   <trkpt lat="43.2245540" lon="5.4462540">
    <ele>198.0</ele>
    <time>2025-12-04T12:53:41Z</time>
   </trkpt>
   <trkpt lat="43.2245430" lon="5.4462560">
    <ele>198.1</ele>
    <time>2025-12-04T12:53:42Z</time>
   </trkpt>
   <trkpt lat="43.2245340" lon="5.4462600">
    <ele>198.1</ele>
    <time>2025-12-04T12:53:43Z</time>
   </trkpt>
   <trkpt lat="43.2245200" lon="5.4462570">
    <ele>198.2</ele>
    <time>2025-12-04T12:53:44Z</time>
   </trkpt>
   <trkpt lat="43.2245070" lon="5.4462620">
    <ele>198.3</ele>
    <time>2025-12-04T12:53:45Z</time>
   </trkpt>
   <trkpt lat="43.2244940" lon="5.4462640">
    <ele>198.3</ele>
    <time>2025-12-04T12:53:46Z</time>
   </trkpt>
   <trkpt lat="43.2244790" lon="5.4462620">
    <ele>198.4</ele>
    <time>2025-12-04T12:53:47Z</time>
   </trkpt>
   <trkpt lat="43.2244630" lon="5.4462630">
    <ele>198.4</ele>
    <time>2025-12-04T12:53:48Z</time>
   </trkpt>
   <trkpt lat="43.2244500" lon="5.4462580">
    <ele>198.5</ele>
    <time>2025-12-04T12:53:49Z</time>
   </trkpt>
   <trkpt lat="43.2244350" lon="5.4462560">
    <ele>198.5</ele>
    <time>2025-12-04T12:53:50Z</time>
   </trkpt>
   <trkpt lat="43.2244250" lon="5.4462520">
    <ele>198.6</ele>
    <time>2025-12-04T12:53:51Z</time>
   </trkpt>
   <trkpt lat="43.2244160" lon="5.4462440">
    <ele>198.6</ele>
    <time>2025-12-04T12:53:52Z</time>
   </trkpt>
   <trkpt lat="43.2244040" lon="5.4462410">
    <ele>198.7</ele>
    <time>2025-12-04T12:53:53Z</time>
   </trkpt>
   <trkpt lat="43.2243930" lon="5.4462370">
    <ele>198.7</ele>
    <time>2025-12-04T12:53:54Z</time>
   </trkpt>
   <trkpt lat="43.2243830" lon="5.4462360">
    <ele>198.7</ele>
    <time>2025-12-04T12:53:55Z</time>
   </trkpt>
   <trkpt lat="43.2243720" lon="5.4462320">
    <ele>198.8</ele>
    <time>2025-12-04T12:53:56Z</time>
   </trkpt>
   <trkpt lat="43.2243640" lon="5.4462190">
    <ele>198.8</ele>
    <time>2025-12-04T12:53:57Z</time>
   </trkpt>
   <trkpt lat="43.2243550" lon="5.4462130">
    <ele>198.9</ele>
    <time>2025-12-04T12:53:58Z</time>
   </trkpt>
   <trkpt lat="43.2243430" lon="5.4462080">
    <ele>198.9</ele>
    <time>2025-12-04T12:53:59Z</time>
   </trkpt>
   <trkpt lat="43.2243340" lon="5.4462020">
    <ele>198.9</ele>
    <time>2025-12-04T12:54:00Z</time>
   </trkpt>
   <trkpt lat="43.2243250" lon="5.4461900">
    <ele>199.0</ele>
    <time>2025-12-04T12:54:01Z</time>
   </trkpt>
   <trkpt lat="43.2243150" lon="5.4461790">
    <ele>199.0</ele>
    <time>2025-12-04T12:54:02Z</time>
   </trkpt>
   <trkpt lat="43.2243050" lon="5.4461640">
    <ele>199.1</ele>
    <time>2025-12-04T12:54:03Z</time>
   </trkpt>
   <trkpt lat="43.2242850" lon="5.4461500">
    <ele>199.1</ele>
    <time>2025-12-04T12:54:04Z</time>
   </trkpt>
   <trkpt lat="43.2242780" lon="5.4461440">
    <ele>199.2</ele>
    <time>2025-12-04T12:54:05Z</time>
   </trkpt>
   <trkpt lat="43.2242720" lon="5.4461380">
    <ele>199.2</ele>
    <time>2025-12-04T12:54:06Z</time>
   </trkpt>
   <trkpt lat="43.2242520" lon="5.4461220">
    <ele>199.3</ele>
    <time>2025-12-04T12:54:07Z</time>
   </trkpt>
   <trkpt lat="43.2242440" lon="5.4461170">
    <ele>199.3</ele>
    <time>2025-12-04T12:54:08Z</time>
   </trkpt>
   <trkpt lat="43.2242360" lon="5.4461120">
    <ele>199.3</ele>
    <time>2025-12-04T12:54:09Z</time>
   </trkpt>
   <trkpt lat="43.2242180" lon="5.4460980">
    <ele>199.4</ele>
    <time>2025-12-04T12:54:10Z</time>
   </trkpt>
   <trkpt lat="43.2242090" lon="5.4460950">
    <ele>199.4</ele>
    <time>2025-12-04T12:54:11Z</time>
   </trkpt>
   <trkpt lat="43.2242000" lon="5.4460910">
    <ele>199.5</ele>
    <time>2025-12-04T12:54:12Z</time>
   </trkpt>
   <trkpt lat="43.2241800" lon="5.4460810">
    <ele>199.5</ele>
    <time>2025-12-04T12:54:13Z</time>
   </trkpt>
   <trkpt lat="43.2241720" lon="5.4460790">
    <ele>199.5</ele>
    <time>2025-12-04T12:54:14Z</time>
   </trkpt>
   <trkpt lat="43.2241570" lon="5.4460770">
    <ele>199.6</ele>
    <time>2025-12-04T12:54:15Z</time>
   </trkpt>
   <trkpt lat="43.2241450" lon="5.4460680">
    <ele>199.6</ele>
    <time>2025-12-04T12:54:16Z</time>
   </trkpt>
   <trkpt lat="43.2241310" lon="5.4460560">
    <ele>199.7</ele>
    <time>2025-12-04T12:54:17Z</time>
   </trkpt>
   <trkpt lat="43.2241160" lon="5.4460420">
    <ele>199.7</ele>
    <time>2025-12-04T12:54:18Z</time>
   </trkpt>
   <trkpt lat="43.2241010" lon="5.4460320">
    <ele>199.8</ele>
    <time>2025-12-04T12:54:19Z</time>
   </trkpt>
   <trkpt lat="43.2240890" lon="5.4460290">
    <ele>199.8</ele>
    <time>2025-12-04T12:54:20Z</time>
   </trkpt>
   <trkpt lat="43.2240660" lon="5.4460170">
    <ele>199.8</ele>
    <time>2025-12-04T12:54:21Z</time>
   </trkpt>
   <trkpt lat="43.2240580" lon="5.4460130">
    <ele>199.9</ele>
    <time>2025-12-04T12:54:22Z</time>
   </trkpt>
   <trkpt lat="43.2240500" lon="5.4460090">
    <ele>199.9</ele>
    <time>2025-12-04T12:54:23Z</time>
   </trkpt>
   <trkpt lat="43.2240370" lon="5.4459980">
    <ele>199.9</ele>
    <time>2025-12-04T12:54:24Z</time>
   </trkpt>
   <trkpt lat="43.2240240" lon="5.4459910">
    <ele>199.9</ele>
    <time>2025-12-04T12:54:25Z</time>
   </trkpt>
   <trkpt lat="43.2240010" lon="5.4459830">
    <ele>200.0</ele>
    <time>2025-12-04T12:54:26Z</time>
   </trkpt>
   <trkpt lat="43.2239950" lon="5.4459790">
    <ele>200.0</ele>
    <time>2025-12-04T12:54:27Z</time>
   </trkpt>
   <trkpt lat="43.2239890" lon="5.4459760">
    <ele>200.0</ele>
    <time>2025-12-04T12:54:28Z</time>
   </trkpt>
   <trkpt lat="43.2239750" lon="5.4459690">
    <ele>200.0</ele>
    <time>2025-12-04T12:54:29Z</time>
   </trkpt>
   <trkpt lat="43.2239630" lon="5.4459600">
    <ele>200.1</ele>
    <time>2025-12-04T12:54:30Z</time>
   </trkpt>
   <trkpt lat="43.2239490" lon="5.4459610">
    <ele>200.1</ele>
    <time>2025-12-04T12:54:31Z</time>
   </trkpt>
   <trkpt lat="43.2239440" lon="5.4459550">
    <ele>200.1</ele>
    <time>2025-12-04T12:54:32Z</time>
   </trkpt>
   <trkpt lat="43.2239330" lon="5.4459480">
    <ele>200.1</ele>
    <time>2025-12-04T12:54:33Z</time>
   </trkpt>
   <trkpt lat="43.2239140" lon="5.4459370">
    <ele>200.1</ele>
    <time>2025-12-04T12:54:34Z</time>
   </trkpt>
   <trkpt lat="43.2239060" lon="5.4459320">
    <ele>200.1</ele>
    <time>2025-12-04T12:54:35Z</time>
   </trkpt>
   <trkpt lat="43.2238980" lon="5.4459280">
    <ele>200.1</ele>
    <time>2025-12-04T12:54:36Z</time>
   </trkpt>
   <trkpt lat="43.2238820" lon="5.4459240">
    <ele>200.1</ele>
    <time>2025-12-04T12:54:37Z</time>
   </trkpt>
   <trkpt lat="43.2238700" lon="5.4459160">
    <ele>200.1</ele>
    <time>2025-12-04T12:54:38Z</time>
   </trkpt>
   <trkpt lat="43.2238510" lon="5.4459080">
    <ele>200.1</ele>
    <time>2025-12-04T12:54:39Z</time>
   </trkpt>
   <trkpt lat="43.2238410" lon="5.4459040">
    <ele>200.1</ele>
    <time>2025-12-04T12:54:40Z</time>
   </trkpt>
   <trkpt lat="43.2238320" lon="5.4459000">
    <ele>200.1</ele>
    <time>2025-12-04T12:54:41Z</time>
   </trkpt>
   <trkpt lat="43.2238120" lon="5.4459000">
    <ele>200.1</ele>
    <time>2025-12-04T12:54:42Z</time>
   </trkpt>
   <trkpt lat="43.2238040" lon="5.4458980">
    <ele>200.1</ele>
    <time>2025-12-04T12:54:43Z</time>
   </trkpt>
   <trkpt lat="43.2237960" lon="5.4458960">
    <ele>200.1</ele>
    <time>2025-12-04T12:54:44Z</time>
   </trkpt>
   <trkpt lat="43.2237860" lon="5.4458970">
    <ele>200.1</ele>
    <time>2025-12-04T12:54:45Z</time>
   </trkpt>
   <trkpt lat="43.2237710" lon="5.4458920">
    <ele>200.1</ele>
    <time>2025-12-04T12:54:46Z</time>
   </trkpt>
   <trkpt lat="43.2237640" lon="5.4458950">
    <ele>200.1</ele>
    <time>2025-12-04T12:54:47Z</time>
   </trkpt>
   <trkpt lat="43.2237440" lon="5.4458840">
    <ele>200.1</ele>
    <time>2025-12-04T12:54:48Z</time>
   </trkpt>
   <trkpt lat="43.2237330" lon="5.4458810">
    <ele>200.1</ele>
    <time>2025-12-04T12:54:49Z</time>
   </trkpt>
   <trkpt lat="43.2237220" lon="5.4458770">
    <ele>200.1</ele>
    <time>2025-12-04T12:54:50Z</time>
   </trkpt>
   <trkpt lat="43.2237170" lon="5.4458750">
    <ele>200.1</ele>
    <time>2025-12-04T12:54:51Z</time>
   </trkpt>
   <trkpt lat="43.2237030" lon="5.4458700">
    <ele>200.1</ele>
    <time>2025-12-04T12:54:52Z</time>
   </trkpt>
   <trkpt lat="43.2236900" lon="5.4458630">
    <ele>200.1</ele>
    <time>2025-12-04T12:54:53Z</time>
   </trkpt>
   <trkpt lat="43.2236770" lon="5.4458620">
    <ele>200.1</ele>
    <time>2025-12-04T12:54:54Z</time>
   </trkpt>
   <trkpt lat="43.2236650" lon="5.4458590">
    <ele>200.1</ele>
    <time>2025-12-04T12:54:55Z</time>
   </trkpt>
   <trkpt lat="43.2236570" lon="5.4458480">
    <ele>200.1</ele>
    <time>2025-12-04T12:54:56Z</time>
   </trkpt>
   <trkpt lat="43.2236410" lon="5.4458490">
    <ele>200.2</ele>
    <time>2025-12-04T12:54:57Z</time>
   </trkpt>
   <trkpt lat="43.2236280" lon="5.4458460">
    <ele>200.2</ele>
    <time>2025-12-04T12:54:58Z</time>
   </trkpt>
   <trkpt lat="43.2236090" lon="5.4458440">
    <ele>200.2</ele>
    <time>2025-12-04T12:54:59Z</time>
   </trkpt>
   <trkpt lat="43.2236000" lon="5.4458420">
    <ele>200.2</ele>
    <time>2025-12-04T12:55:00Z</time>
   </trkpt>
   <trkpt lat="43.2235920" lon="5.4458410">
    <ele>200.2</ele>
    <time>2025-12-04T12:55:01Z</time>
   </trkpt>
   <trkpt lat="43.2235800" lon="5.4458340">
    <ele>200.2</ele>
    <time>2025-12-04T12:55:02Z</time>
   </trkpt>
   <trkpt lat="43.2235640" lon="5.4458310">
    <ele>200.2</ele>
    <time>2025-12-04T12:55:03Z</time>
   </trkpt>
   <trkpt lat="43.2235540" lon="5.4458300">
    <ele>200.2</ele>
    <time>2025-12-04T12:55:04Z</time>
   </trkpt>
   <trkpt lat="43.2235430" lon="5.4458310">
    <ele>200.2</ele>
    <time>2025-12-04T12:55:05Z</time>
   </trkpt>
   <trkpt lat="43.2235330" lon="5.4458280">
    <ele>200.3</ele>
    <time>2025-12-04T12:55:06Z</time>
   </trkpt>
   <trkpt lat="43.2235190" lon="5.4458250">
    <ele>200.3</ele>
    <time>2025-12-04T12:55:07Z</time>
   </trkpt>
   <trkpt lat="43.2235040" lon="5.4458300">
    <ele>200.3</ele>
    <time>2025-12-04T12:55:08Z</time>
   </trkpt>
   <trkpt lat="43.2234860" lon="5.4458340">
    <ele>200.3</ele>
    <time>2025-12-04T12:55:09Z</time>
   </trkpt>
   <trkpt lat="43.2234850" lon="5.4458320">
    <ele>200.4</ele>
    <time>2025-12-04T12:55:10Z</time>
   </trkpt>
   <trkpt lat="43.2234750" lon="5.4458340">
    <ele>200.4</ele>
    <time>2025-12-04T12:55:11Z</time>
   </trkpt>
   <trkpt lat="43.2234660" lon="5.4458360">
    <ele>200.4</ele>
    <time>2025-12-04T12:55:12Z</time>
   </trkpt>
   <trkpt lat="43.2234510" lon="5.4458360">
    <ele>200.4</ele>
    <time>2025-12-04T12:55:13Z</time>
   </trkpt>
   <trkpt lat="43.2234400" lon="5.4458390">
    <ele>200.5</ele>
    <time>2025-12-04T12:55:14Z</time>
   </trkpt>
   <trkpt lat="43.2234310" lon="5.4458420">
    <ele>200.5</ele>
    <time>2025-12-04T12:55:15Z</time>
   </trkpt>
   <trkpt lat="43.2234210" lon="5.4458470">
    <ele>200.5</ele>
    <time>2025-12-04T12:55:16Z</time>
   </trkpt>
   <trkpt lat="43.2234120" lon="5.4458530">
    <ele>200.5</ele>
    <time>2025-12-04T12:55:17Z</time>
   </trkpt>
   <trkpt lat="43.2233990" lon="5.4458580">
    <ele>200.6</ele>
    <time>2025-12-04T12:55:18Z</time>
   </trkpt>
   <trkpt lat="43.2233810" lon="5.4458640">
    <ele>200.6</ele>
    <time>2025-12-04T12:55:19Z</time>
   </trkpt>
   <trkpt lat="43.2233710" lon="5.4458720">
    <ele>200.7</ele>
    <time>2025-12-04T12:55:20Z</time>
   </trkpt>
   <trkpt lat="43.2233610" lon="5.4458800">
    <ele>200.7</ele>
    <time>2025-12-04T12:55:21Z</time>
   </trkpt>
   <trkpt lat="43.2233510" lon="5.4458860">
    <ele>200.7</ele>
    <time>2025-12-04T12:55:22Z</time>
   </trkpt>
   <trkpt lat="43.2233400" lon="5.4458970">
    <ele>200.8</ele>
    <time>2025-12-04T12:55:23Z</time>
   </trkpt>
   <trkpt lat="43.2233290" lon="5.4459090">
    <ele>200.8</ele>
    <time>2025-12-04T12:55:24Z</time>
   </trkpt>
   <trkpt lat="43.2233220" lon="5.4459150">
    <ele>200.8</ele>
    <time>2025-12-04T12:55:25Z</time>
   </trkpt>
   <trkpt lat="43.2233140" lon="5.4459220">
    <ele>200.9</ele>
    <time>2025-12-04T12:55:26Z</time>
   </trkpt>
   <trkpt lat="43.2233040" lon="5.4459330">
    <ele>200.9</ele>
    <time>2025-12-04T12:55:27Z</time>
   </trkpt>
   <trkpt lat="43.2232970" lon="5.4459450">
    <ele>200.9</ele>
    <time>2025-12-04T12:55:28Z</time>
   </trkpt>
   <trkpt lat="43.2232910" lon="5.4459520">
    <ele>201.0</ele>
    <time>2025-12-04T12:55:29Z</time>
   </trkpt>
   <trkpt lat="43.2232840" lon="5.4459630">
    <ele>201.0</ele>
    <time>2025-12-04T12:55:30Z</time>
   </trkpt>
   <trkpt lat="43.2232770" lon="5.4459680">
    <ele>201.0</ele>
    <time>2025-12-04T12:55:31Z</time>
   </trkpt>
   <trkpt lat="43.2232680" lon="5.4459800">
    <ele>201.0</ele>
    <time>2025-12-04T12:55:32Z</time>
   </trkpt>
   <trkpt lat="43.2232610" lon="5.4459940">
    <ele>201.1</ele>
    <time>2025-12-04T12:55:33Z</time>
   </trkpt>
   <trkpt lat="43.2232490" lon="5.4460090">
    <ele>201.1</ele>
    <time>2025-12-04T12:55:34Z</time>
   </trkpt>
   <trkpt lat="43.2232360" lon="5.4460220">
    <ele>201.1</ele>
    <time>2025-12-04T12:55:35Z</time>
   </trkpt>
   <trkpt lat="43.2232220" lon="5.4460340">
    <ele>201.1</ele>
    <time>2025-12-04T12:55:36Z</time>
   </trkpt>
   <trkpt lat="43.2232120" lon="5.4460470">
    <ele>201.2</ele>
    <time>2025-12-04T12:55:37Z</time>
   </trkpt>
   <trkpt lat="43.2232030" lon="5.4460580">
    <ele>201.2</ele>
    <time>2025-12-04T12:55:38Z</time>
   </trkpt>
   <trkpt lat="43.2231980" lon="5.4460640">
    <ele>201.2</ele>
    <time>2025-12-04T12:55:39Z</time>
   </trkpt>
   <trkpt lat="43.2231830" lon="5.4460710">
    <ele>201.2</ele>
    <time>2025-12-04T12:55:40Z</time>
   </trkpt>
   <trkpt lat="43.2231590" lon="5.4460720">
    <ele>201.2</ele>
    <time>2025-12-04T12:55:41Z</time>
   </trkpt>
   <trkpt lat="43.2231480" lon="5.4460690">
    <ele>201.2</ele>
    <time>2025-12-04T12:55:42Z</time>
   </trkpt>
   <trkpt lat="43.2231380" lon="5.4460650">
    <ele>201.3</ele>
    <time>2025-12-04T12:55:43Z</time>
   </trkpt>
   <trkpt lat="43.2231300" lon="5.4460680">
    <ele>201.3</ele>
    <time>2025-12-04T12:55:44Z</time>
   </trkpt>
   <trkpt lat="43.2231170" lon="5.4460670">
    <ele>201.3</ele>
    <time>2025-12-04T12:55:45Z</time>
   </trkpt>
   <trkpt lat="43.2231020" lon="5.4460670">
    <ele>201.3</ele>
    <time>2025-12-04T12:55:46Z</time>
   </trkpt>
   <trkpt lat="43.2230910" lon="5.4460650">
    <ele>201.3</ele>
    <time>2025-12-04T12:55:47Z</time>
   </trkpt>
   <trkpt lat="43.2230780" lon="5.4460600">
    <ele>201.3</ele>
    <time>2025-12-04T12:55:48Z</time>
   </trkpt>
   <trkpt lat="43.2230690" lon="5.4460550">
    <ele>201.3</ele>
    <time>2025-12-04T12:55:49Z</time>
   </trkpt>
   <trkpt lat="43.2230660" lon="5.4460510">
    <ele>201.3</ele>
    <time>2025-12-04T12:55:50Z</time>
   </trkpt>
   <trkpt lat="43.2230570" lon="5.4460410">
    <ele>201.3</ele>
    <time>2025-12-04T12:55:51Z</time>
   </trkpt>
   <trkpt lat="43.2230390" lon="5.4460330">
    <ele>201.3</ele>
    <time>2025-12-04T12:55:52Z</time>
   </trkpt>
   <trkpt lat="43.2230260" lon="5.4460240">
    <ele>201.4</ele>
    <time>2025-12-04T12:55:53Z</time>
   </trkpt>
   <trkpt lat="43.2230130" lon="5.4460210">
    <ele>201.4</ele>
    <time>2025-12-04T12:55:54Z</time>
   </trkpt>
   <trkpt lat="43.2230040" lon="5.4460190">
    <ele>201.4</ele>
    <time>2025-12-04T12:55:55Z</time>
   </trkpt>
   <trkpt lat="43.2229900" lon="5.4460130">
    <ele>201.4</ele>
    <time>2025-12-04T12:55:56Z</time>
   </trkpt>
   <trkpt lat="43.2229740" lon="5.4460140">
    <ele>201.4</ele>
    <time>2025-12-04T12:55:57Z</time>
   </trkpt>
   <trkpt lat="43.2229710" lon="5.4460100">
    <ele>201.4</ele>
    <time>2025-12-04T12:55:58Z</time>
   </trkpt>
   <trkpt lat="43.2229540" lon="5.4460060">
    <ele>201.4</ele>
    <time>2025-12-04T12:55:59Z</time>
   </trkpt>
   <trkpt lat="43.2229450" lon="5.4460070">
    <ele>201.4</ele>
    <time>2025-12-04T12:56:00Z</time>
   </trkpt>
   <trkpt lat="43.2229170" lon="5.4460080">
    <ele>201.4</ele>
    <time>2025-12-04T12:56:01Z</time>
   </trkpt>
   <trkpt lat="43.2229070" lon="5.4460080">
    <ele>201.4</ele>
    <time>2025-12-04T12:56:02Z</time>
   </trkpt>
   <trkpt lat="43.2228920" lon="5.4460100">
    <ele>201.4</ele>
    <time>2025-12-04T12:56:03Z</time>
   </trkpt>
   <trkpt lat="43.2228910" lon="5.4460110">
    <ele>201.4</ele>
    <time>2025-12-04T12:56:04Z</time>
   </trkpt>
   <trkpt lat="43.2228790" lon="5.4460100">
    <ele>201.4</ele>
    <time>2025-12-04T12:56:05Z</time>
   </trkpt>
   <trkpt lat="43.2228650" lon="5.4460090">
    <ele>201.4</ele>
    <time>2025-12-04T12:56:06Z</time>
   </trkpt>
   <trkpt lat="43.2228530" lon="5.4460090">
    <ele>201.4</ele>
    <time>2025-12-04T12:56:07Z</time>
   </trkpt>
   <trkpt lat="43.2228450" lon="5.4460120">
    <ele>201.4</ele>
    <time>2025-12-04T12:56:08Z</time>
   </trkpt>
   <trkpt lat="43.2228360" lon="5.4460190">
    <ele>201.4</ele>
    <time>2025-12-04T12:56:09Z</time>
   </trkpt>
   <trkpt lat="43.2228170" lon="5.4460270">
    <ele>201.4</ele>
    <time>2025-12-04T12:56:10Z</time>
   </trkpt>
   <trkpt lat="43.2227990" lon="5.4460320">
    <ele>201.4</ele>
    <time>2025-12-04T12:56:11Z</time>
   </trkpt>
   <trkpt lat="43.2228000" lon="5.4460340">
    <ele>201.4</ele>
    <time>2025-12-04T12:56:12Z</time>
   </trkpt>
   <trkpt lat="43.2227900" lon="5.4460350">
    <ele>201.4</ele>
    <time>2025-12-04T12:56:13Z</time>
   </trkpt>
   <trkpt lat="43.2227810" lon="5.4460370">
    <ele>201.5</ele>
    <time>2025-12-04T12:56:14Z</time>
   </trkpt>
   <trkpt lat="43.2227720" lon="5.4460370">
    <ele>201.5</ele>
    <time>2025-12-04T12:56:15Z</time>
   </trkpt>
   <trkpt lat="43.2227550" lon="5.4460310">
    <ele>201.5</ele>
    <time>2025-12-04T12:56:16Z</time>
   </trkpt>
   <trkpt lat="43.2227430" lon="5.4460280">
    <ele>201.5</ele>
    <time>2025-12-04T12:56:17Z</time>
   </trkpt>
   <trkpt lat="43.2227270" lon="5.4460230">
    <ele>201.5</ele>
    <time>2025-12-04T12:56:18Z</time>
   </trkpt>
   <trkpt lat="43.2227080" lon="5.4460170">
    <ele>201.5</ele>
    <time>2025-12-04T12:56:19Z</time>
   </trkpt>
   <trkpt lat="43.2227000" lon="5.4460110">
    <ele>201.5</ele>
    <time>2025-12-04T12:56:20Z</time>
   </trkpt>
   <trkpt lat="43.2226930" lon="5.4460050">
    <ele>201.5</ele>
    <time>2025-12-04T12:56:21Z</time>
   </trkpt>
   <trkpt lat="43.2226850" lon="5.4459930">
    <ele>201.5</ele>
    <time>2025-12-04T12:56:22Z</time>
   </trkpt>
   <trkpt lat="43.2226790" lon="5.4459830">
    <ele>201.5</ele>
    <time>2025-12-04T12:56:23Z</time>
   </trkpt>
   <trkpt lat="43.2226720" lon="5.4459680">
    <ele>201.5</ele>
    <time>2025-12-04T12:56:24Z</time>
   </trkpt>
   <trkpt lat="43.2226630" lon="5.4459400">
    <ele>201.6</ele>
    <time>2025-12-04T12:56:25Z</time>
   </trkpt>
   <trkpt lat="43.2226590" lon="5.4459300">
    <ele>201.6</ele>
    <time>2025-12-04T12:56:26Z</time>
   </trkpt>
   <trkpt lat="43.2226560" lon="5.4459190">
    <ele>201.6</ele>
    <time>2025-12-04T12:56:27Z</time>
   </trkpt>
   <trkpt lat="43.2226510" lon="5.4458870">
    <ele>201.6</ele>
    <time>2025-12-04T12:56:28Z</time>
   </trkpt>
   <trkpt lat="43.2226500" lon="5.4458760">
    <ele>201.6</ele>
    <time>2025-12-04T12:56:29Z</time>
   </trkpt>
   <trkpt lat="43.2226480" lon="5.4458660">
    <ele>201.6</ele>
    <time>2025-12-04T12:56:30Z</time>
   </trkpt>
   <trkpt lat="43.2226410" lon="5.4458490">
    <ele>201.6</ele>
    <time>2025-12-04T12:56:31Z</time>
   </trkpt>
   <trkpt lat="43.2226350" lon="5.4458290">
    <ele>201.7</ele>
    <time>2025-12-04T12:56:32Z</time>
   </trkpt>
   <trkpt lat="43.2226290" lon="5.4458030">
    <ele>201.7</ele>
    <time>2025-12-04T12:56:33Z</time>
   </trkpt>
   <trkpt lat="43.2226220" lon="5.4457830">
    <ele>201.7</ele>
    <time>2025-12-04T12:56:34Z</time>
   </trkpt>
   <trkpt lat="43.2226160" lon="5.4457680">
    <ele>201.7</ele>
    <time>2025-12-04T12:56:35Z</time>
   </trkpt>
   <trkpt lat="43.2226120" lon="5.4457570">
    <ele>201.8</ele>
    <time>2025-12-04T12:56:36Z</time>
   </trkpt>
   <trkpt lat="43.2226040" lon="5.4457440">
    <ele>201.8</ele>
    <time>2025-12-04T12:56:37Z</time>
   </trkpt>
   <trkpt lat="43.2225980" lon="5.4457180">
    <ele>201.8</ele>
    <time>2025-12-04T12:56:38Z</time>
   </trkpt>
   <trkpt lat="43.2225950" lon="5.4457060">
    <ele>201.8</ele>
    <time>2025-12-04T12:56:39Z</time>
   </trkpt>
   <trkpt lat="43.2225910" lon="5.4456950">
    <ele>201.8</ele>
    <time>2025-12-04T12:56:40Z</time>
   </trkpt>
   <trkpt lat="43.2225810" lon="5.4456690">
    <ele>201.9</ele>
    <time>2025-12-04T12:56:41Z</time>
   </trkpt>
   <trkpt lat="43.2225770" lon="5.4456570">
    <ele>201.9</ele>
    <time>2025-12-04T12:56:42Z</time>
   </trkpt>
   <trkpt lat="43.2225730" lon="5.4456460">
    <ele>201.9</ele>
    <time>2025-12-04T12:56:43Z</time>
   </trkpt>
   <trkpt lat="43.2225710" lon="5.4456290">
    <ele>202.0</ele>
    <time>2025-12-04T12:56:44Z</time>
   </trkpt>
   <trkpt lat="43.2225690" lon="5.4456050">
    <ele>202.0</ele>
    <time>2025-12-04T12:56:45Z</time>
   </trkpt>
   <trkpt lat="43.2225610" lon="5.4455860">
    <ele>202.1</ele>
    <time>2025-12-04T12:56:46Z</time>
   </trkpt>
   <trkpt lat="43.2225560" lon="5.4455690">
    <ele>202.1</ele>
    <time>2025-12-04T12:56:47Z</time>
   </trkpt>
   <trkpt lat="43.2225500" lon="5.4455540">
    <ele>202.2</ele>
    <time>2025-12-04T12:56:48Z</time>
   </trkpt>
   <trkpt lat="43.2225460" lon="5.4455300">
    <ele>202.2</ele>
    <time>2025-12-04T12:56:49Z</time>
   </trkpt>
   <trkpt lat="43.2225460" lon="5.4455160">
    <ele>202.3</ele>
    <time>2025-12-04T12:56:50Z</time>
   </trkpt>
   <trkpt lat="43.2225450" lon="5.4454930">
    <ele>202.3</ele>
    <time>2025-12-04T12:56:51Z</time>
   </trkpt>
   <trkpt lat="43.2225430" lon="5.4454730">
    <ele>202.4</ele>
    <time>2025-12-04T12:56:52Z</time>
   </trkpt>
   <trkpt lat="43.2225420" lon="5.4454490">
    <ele>202.5</ele>
    <time>2025-12-04T12:56:53Z</time>
   </trkpt>
   <trkpt lat="43.2225400" lon="5.4454160">
    <ele>202.6</ele>
    <time>2025-12-04T12:56:54Z</time>
   </trkpt>
   <trkpt lat="43.2225370" lon="5.4454190">
    <ele>202.6</ele>
    <time>2025-12-04T12:56:55Z</time>
   </trkpt>
   <trkpt lat="43.2225370" lon="5.4454010">
    <ele>202.6</ele>
    <time>2025-12-04T12:56:56Z</time>
   </trkpt>
   <trkpt lat="43.2225370" lon="5.4453860">
    <ele>202.7</ele>
    <time>2025-12-04T12:56:57Z</time>
   </trkpt>
   <trkpt lat="43.2225360" lon="5.4453720">
    <ele>202.7</ele>
    <time>2025-12-04T12:56:58Z</time>
   </trkpt>
   <trkpt lat="43.2225360" lon="5.4453570">
    <ele>202.8</ele>
    <time>2025-12-04T12:56:59Z</time>
   </trkpt>
   <trkpt lat="43.2225380" lon="5.4453400">
    <ele>202.8</ele>
    <time>2025-12-04T12:57:00Z</time>
   </trkpt>
   <trkpt lat="43.2225440" lon="5.4453200">
    <ele>202.9</ele>
    <time>2025-12-04T12:57:01Z</time>
   </trkpt>
   <trkpt lat="43.2225410" lon="5.4453030">
    <ele>202.9</ele>
    <time>2025-12-04T12:57:02Z</time>
   </trkpt>
   <trkpt lat="43.2225340" lon="5.4452870">
    <ele>203.0</ele>
    <time>2025-12-04T12:57:03Z</time>
   </trkpt>
   <trkpt lat="43.2225340" lon="5.4452720">
    <ele>203.1</ele>
    <time>2025-12-04T12:57:04Z</time>
   </trkpt>
   <trkpt lat="43.2225360" lon="5.4452590">
    <ele>203.1</ele>
    <time>2025-12-04T12:57:05Z</time>
   </trkpt>
   <trkpt lat="43.2225350" lon="5.4452440">
    <ele>203.1</ele>
    <time>2025-12-04T12:57:06Z</time>
   </trkpt>
   <trkpt lat="43.2225330" lon="5.4452270">
    <ele>203.2</ele>
    <time>2025-12-04T12:57:07Z</time>
   </trkpt>
   <trkpt lat="43.2225360" lon="5.4452090">
    <ele>203.3</ele>
    <time>2025-12-04T12:57:08Z</time>
   </trkpt>
   <trkpt lat="43.2225390" lon="5.4451870">
    <ele>203.4</ele>
    <time>2025-12-04T12:57:09Z</time>
   </trkpt>
   <trkpt lat="43.2225400" lon="5.4451550">
    <ele>203.5</ele>
    <time>2025-12-04T12:57:10Z</time>
   </trkpt>
   <trkpt lat="43.2225380" lon="5.4451450">
    <ele>203.5</ele>
    <time>2025-12-04T12:57:11Z</time>
   </trkpt>
   <trkpt lat="43.2225370" lon="5.4451340">
    <ele>203.6</ele>
    <time>2025-12-04T12:57:12Z</time>
   </trkpt>
   <trkpt lat="43.2225380" lon="5.4451190">
    <ele>203.6</ele>
    <time>2025-12-04T12:57:13Z</time>
   </trkpt>
   <trkpt lat="43.2225340" lon="5.4451030">
    <ele>203.7</ele>
    <time>2025-12-04T12:57:14Z</time>
   </trkpt>
   <trkpt lat="43.2225330" lon="5.4450860">
    <ele>203.8</ele>
    <time>2025-12-04T12:57:15Z</time>
   </trkpt>
   <trkpt lat="43.2225340" lon="5.4450610">
    <ele>203.8</ele>
    <time>2025-12-04T12:57:16Z</time>
   </trkpt>
   <trkpt lat="43.2225340" lon="5.4450490">
    <ele>203.9</ele>
    <time>2025-12-04T12:57:17Z</time>
   </trkpt>
   <trkpt lat="43.2225330" lon="5.4450380">
    <ele>203.9</ele>
    <time>2025-12-04T12:57:18Z</time>
   </trkpt>
   <trkpt lat="43.2225330" lon="5.4450270">
    <ele>204.0</ele>
    <time>2025-12-04T12:57:19Z</time>
   </trkpt>
   <trkpt lat="43.2225240" lon="5.4450120">
    <ele>204.0</ele>
    <time>2025-12-04T12:57:20Z</time>
   </trkpt>
   <trkpt lat="43.2225210" lon="5.4450000">
    <ele>204.1</ele>
    <time>2025-12-04T12:57:21Z</time>
   </trkpt>
   <trkpt lat="43.2225180" lon="5.4449890">
    <ele>204.1</ele>
    <time>2025-12-04T12:57:22Z</time>
   </trkpt>
   <trkpt lat="43.2225150" lon="5.4449780">
    <ele>204.2</ele>
    <time>2025-12-04T12:57:23Z</time>
   </trkpt>
   <trkpt lat="43.2225070" lon="5.4449500">
    <ele>204.3</ele>
    <time>2025-12-04T12:57:24Z</time>
   </trkpt>
   <trkpt lat="43.2225040" lon="5.4449380">
    <ele>204.3</ele>
    <time>2025-12-04T12:57:25Z</time>
   </trkpt>
   <trkpt lat="43.2225010" lon="5.4449270">
    <ele>204.4</ele>
    <time>2025-12-04T12:57:26Z</time>
   </trkpt>
   <trkpt lat="43.2224940" lon="5.4449090">
    <ele>204.4</ele>
    <time>2025-12-04T12:57:27Z</time>
   </trkpt>
   <trkpt lat="43.2224900" lon="5.4448950">
    <ele>204.5</ele>
    <time>2025-12-04T12:57:28Z</time>
   </trkpt>
   <trkpt lat="43.2224880" lon="5.4448870">
    <ele>204.5</ele>
    <time>2025-12-04T12:57:29Z</time>
   </trkpt>
   <trkpt lat="43.2224780" lon="5.4448590">
    <ele>204.6</ele>
    <time>2025-12-04T12:57:30Z</time>
   </trkpt>
   <trkpt lat="43.2224720" lon="5.4448440">
    <ele>204.7</ele>
    <time>2025-12-04T12:57:31Z</time>
   </trkpt>
   <trkpt lat="43.2224640" lon="5.4448290">
    <ele>204.7</ele>
    <time>2025-12-04T12:57:32Z</time>
   </trkpt>
   <trkpt lat="43.2224570" lon="5.4448160">
    <ele>204.8</ele>
    <time>2025-12-04T12:57:33Z</time>
   </trkpt>
   <trkpt lat="43.2224480" lon="5.4448100">
    <ele>204.8</ele>
    <time>2025-12-04T12:57:34Z</time>
   </trkpt>
   <trkpt lat="43.2224400" lon="5.4447980">
    <ele>204.9</ele>
    <time>2025-12-04T12:57:35Z</time>
   </trkpt>
   <trkpt lat="43.2224350" lon="5.4447830">
    <ele>204.9</ele>
    <time>2025-12-04T12:57:36Z</time>
   </trkpt>
   <trkpt lat="43.2224240" lon="5.4447790">
    <ele>205.0</ele>
    <time>2025-12-04T12:57:37Z</time>
   </trkpt>
   <trkpt lat="43.2224150" lon="5.4447620">
    <ele>205.1</ele>
    <time>2025-12-04T12:57:38Z</time>
   </trkpt>
   <trkpt lat="43.2224040" lon="5.4447540">
    <ele>205.1</ele>
    <time>2025-12-04T12:57:39Z</time>
   </trkpt>
   <trkpt lat="43.2223960" lon="5.4447430">
    <ele>205.2</ele>
    <time>2025-12-04T12:57:40Z</time>
   </trkpt>
   <trkpt lat="43.2223870" lon="5.4447410">
    <ele>205.2</ele>
    <time>2025-12-04T12:57:41Z</time>
   </trkpt>
   <trkpt lat="43.2223800" lon="5.4447280">
    <ele>205.2</ele>
    <time>2025-12-04T12:57:42Z</time>
   </trkpt>
   <trkpt lat="43.2223750" lon="5.4447170">
    <ele>205.3</ele>
    <time>2025-12-04T12:57:43Z</time>
   </trkpt>
   <trkpt lat="43.2223660" lon="5.4447030">
    <ele>205.3</ele>
    <time>2025-12-04T12:57:44Z</time>
   </trkpt>
   <trkpt lat="43.2223590" lon="5.4446980">
    <ele>205.4</ele>
    <time>2025-12-04T12:57:45Z</time>
   </trkpt>
   <trkpt lat="43.2223500" lon="5.4446880">
    <ele>205.4</ele>
    <time>2025-12-04T12:57:46Z</time>
   </trkpt>
   <trkpt lat="43.2223400" lon="5.4446790">
    <ele>205.5</ele>
    <time>2025-12-04T12:57:47Z</time>
   </trkpt>
   <trkpt lat="43.2223320" lon="5.4446660">
    <ele>205.5</ele>
    <time>2025-12-04T12:57:48Z</time>
   </trkpt>
   <trkpt lat="43.2223210" lon="5.4446530">
    <ele>205.6</ele>
    <time>2025-12-04T12:57:49Z</time>
   </trkpt>
   <trkpt lat="43.2223140" lon="5.4446380">
    <ele>205.6</ele>
    <time>2025-12-04T12:57:50Z</time>
   </trkpt>
   <trkpt lat="43.2223050" lon="5.4446270">
    <ele>205.7</ele>
    <time>2025-12-04T12:57:51Z</time>
   </trkpt>
   <trkpt lat="43.2223010" lon="5.4446190">
    <ele>205.7</ele>
    <time>2025-12-04T12:57:52Z</time>
   </trkpt>
   <trkpt lat="43.2222980" lon="5.4446120">
    <ele>205.7</ele>
    <time>2025-12-04T12:57:53Z</time>
   </trkpt>
   <trkpt lat="43.2222940" lon="5.4446040">
    <ele>205.8</ele>
    <time>2025-12-04T12:57:54Z</time>
   </trkpt>
   <trkpt lat="43.2222910" lon="5.4445960">
    <ele>205.8</ele>
    <time>2025-12-04T12:57:55Z</time>
   </trkpt>
   <trkpt lat="43.2222860" lon="5.4445890">
    <ele>205.8</ele>
    <time>2025-12-04T12:57:56Z</time>
   </trkpt>
   <trkpt lat="43.2222760" lon="5.4445820">
    <ele>205.9</ele>
    <time>2025-12-04T12:57:57Z</time>
   </trkpt>
   <trkpt lat="43.2222660" lon="5.4445810">
    <ele>205.9</ele>
    <time>2025-12-04T12:57:58Z</time>
   </trkpt>
   <trkpt lat="43.2222550" lon="5.4445680">
    <ele>206.0</ele>
    <time>2025-12-04T12:57:59Z</time>
   </trkpt>
   <trkpt lat="43.2222490" lon="5.4445600">
    <ele>206.0</ele>
    <time>2025-12-04T12:58:00Z</time>
   </trkpt>
   <trkpt lat="43.2222440" lon="5.4445510">
    <ele>206.0</ele>
    <time>2025-12-04T12:58:01Z</time>
   </trkpt>
   <trkpt lat="43.2222380" lon="5.4445430">
    <ele>206.1</ele>
    <time>2025-12-04T12:58:02Z</time>
   </trkpt>
   <trkpt lat="43.2222310" lon="5.4445350">
    <ele>206.1</ele>
    <time>2025-12-04T12:58:03Z</time>
   </trkpt>
   <trkpt lat="43.2222180" lon="5.4445320">
    <ele>206.1</ele>
    <time>2025-12-04T12:58:04Z</time>
   </trkpt>
   <trkpt lat="43.2222090" lon="5.4445200">
    <ele>206.2</ele>
    <time>2025-12-04T12:58:05Z</time>
   </trkpt>
   <trkpt lat="43.2221930" lon="5.4445020">
    <ele>206.3</ele>
    <time>2025-12-04T12:58:06Z</time>
   </trkpt>
   <trkpt lat="43.2221850" lon="5.4444950">
    <ele>206.3</ele>
    <time>2025-12-04T12:58:07Z</time>
   </trkpt>
   <trkpt lat="43.2221780" lon="5.4444890">
    <ele>206.3</ele>
    <time>2025-12-04T12:58:08Z</time>
   </trkpt>
   <trkpt lat="43.2221670" lon="5.4444770">
    <ele>206.4</ele>
    <time>2025-12-04T12:58:09Z</time>
   </trkpt>
   <trkpt lat="43.2221550" lon="5.4444670">
    <ele>206.4</ele>
    <time>2025-12-04T12:58:10Z</time>
   </trkpt>
   <trkpt lat="43.2221440" lon="5.4444570">
    <ele>206.4</ele>
    <time>2025-12-04T12:58:11Z</time>
   </trkpt>
   <trkpt lat="43.2221240" lon="5.4444410">
    <ele>206.5</ele>
    <time>2025-12-04T12:58:12Z</time>
   </trkpt>
   <trkpt lat="43.2221110" lon="5.4444330">
    <ele>206.5</ele>
    <time>2025-12-04T12:58:13Z</time>
   </trkpt>
   <trkpt lat="43.2221030" lon="5.4444290">
    <ele>206.6</ele>
    <time>2025-12-04T12:58:14Z</time>
   </trkpt>
   <trkpt lat="43.2220960" lon="5.4444240">
    <ele>206.6</ele>
    <time>2025-12-04T12:58:15Z</time>
   </trkpt>
   <trkpt lat="43.2220880" lon="5.4444200">
    <ele>206.6</ele>
    <time>2025-12-04T12:58:16Z</time>
   </trkpt>
   <trkpt lat="43.2220740" lon="5.4444180">
    <ele>206.6</ele>
    <time>2025-12-04T12:58:17Z</time>
   </trkpt>
   <trkpt lat="43.2220610" lon="5.4444100">
    <ele>206.7</ele>
    <time>2025-12-04T12:58:18Z</time>
   </trkpt>
   <trkpt lat="43.2220460" lon="5.4444050">
    <ele>206.7</ele>
    <time>2025-12-04T12:58:19Z</time>
   </trkpt>
   <trkpt lat="43.2220340" lon="5.4443940">
    <ele>206.7</ele>
    <time>2025-12-04T12:58:20Z</time>
   </trkpt>
   <trkpt lat="43.2220250" lon="5.4443940">
    <ele>206.8</ele>
    <time>2025-12-04T12:58:21Z</time>
   </trkpt>
   <trkpt lat="43.2220150" lon="5.4443860">
    <ele>206.8</ele>
    <time>2025-12-04T12:58:22Z</time>
   </trkpt>
   <trkpt lat="43.2220000" lon="5.4443780">
    <ele>206.8</ele>
    <time>2025-12-04T12:58:23Z</time>
   </trkpt>
   <trkpt lat="43.2219800" lon="5.4443620">
    <ele>206.9</ele>
    <time>2025-12-04T12:58:24Z</time>
   </trkpt>
   <trkpt lat="43.2219750" lon="5.4443590">
    <ele>206.9</ele>
    <time>2025-12-04T12:58:25Z</time>
   </trkpt>
   <trkpt lat="43.2219580" lon="5.4443420">
    <ele>207.0</ele>
    <time>2025-12-04T12:58:26Z</time>
   </trkpt>
   <trkpt lat="43.2219510" lon="5.4443350">
    <ele>207.0</ele>
    <time>2025-12-04T12:58:27Z</time>
   </trkpt>
   <trkpt lat="43.2219450" lon="5.4443280">
    <ele>207.0</ele>
    <time>2025-12-04T12:58:28Z</time>
   </trkpt>
   <trkpt lat="43.2219250" lon="5.4443100">
    <ele>207.1</ele>
    <time>2025-12-04T12:58:29Z</time>
   </trkpt>
   <trkpt lat="43.2219180" lon="5.4443020">
    <ele>207.1</ele>
    <time>2025-12-04T12:58:30Z</time>
   </trkpt>
   <trkpt lat="43.2219100" lon="5.4442930">
    <ele>207.1</ele>
    <time>2025-12-04T12:58:31Z</time>
   </trkpt>
   <trkpt lat="43.2218970" lon="5.4442750">
    <ele>207.2</ele>
    <time>2025-12-04T12:58:32Z</time>
   </trkpt>
   <trkpt lat="43.2218860" lon="5.4442690">
    <ele>207.2</ele>
    <time>2025-12-04T12:58:33Z</time>
   </trkpt>
   <trkpt lat="43.2218800" lon="5.4442640">
    <ele>207.2</ele>
    <time>2025-12-04T12:58:34Z</time>
   </trkpt>
   <trkpt lat="43.2218690" lon="5.4442590">
    <ele>207.2</ele>
    <time>2025-12-04T12:58:35Z</time>
   </trkpt>
   <trkpt lat="43.2218610" lon="5.4442520">
    <ele>207.3</ele>
    <time>2025-12-04T12:58:36Z</time>
   </trkpt>
   <trkpt lat="43.2218440" lon="5.4442330">
    <ele>207.3</ele>
    <time>2025-12-04T12:58:37Z</time>
   </trkpt>
   <trkpt lat="43.2218350" lon="5.4442250">
    <ele>207.4</ele>
    <time>2025-12-04T12:58:38Z</time>
   </trkpt>
   <trkpt lat="43.2218270" lon="5.4442180">
    <ele>207.4</ele>
    <time>2025-12-04T12:58:39Z</time>
   </trkpt>
   <trkpt lat="43.2218170" lon="5.4442070">
    <ele>207.4</ele>
    <time>2025-12-04T12:58:40Z</time>
   </trkpt>
   <trkpt lat="43.2218120" lon="5.4442010">
    <ele>207.4</ele>
    <time>2025-12-04T12:58:41Z</time>
   </trkpt>
   <trkpt lat="43.2218020" lon="5.4441910">
    <ele>207.5</ele>
    <time>2025-12-04T12:58:42Z</time>
   </trkpt>
   <trkpt lat="43.2217890" lon="5.4441750">
    <ele>207.5</ele>
    <time>2025-12-04T12:58:43Z</time>
   </trkpt>
   <trkpt lat="43.2217810" lon="5.4441660">
    <ele>207.5</ele>
    <time>2025-12-04T12:58:44Z</time>
   </trkpt>
   <trkpt lat="43.2217700" lon="5.4441570">
    <ele>207.6</ele>
    <time>2025-12-04T12:58:45Z</time>
   </trkpt>
   <trkpt lat="43.2217670" lon="5.4441480">
    <ele>207.6</ele>
    <time>2025-12-04T12:58:46Z</time>
   </trkpt>
   <trkpt lat="43.2217560" lon="5.4441430">
    <ele>207.6</ele>
    <time>2025-12-04T12:58:47Z</time>
   </trkpt>
   <trkpt lat="43.2217410" lon="5.4441220">
    <ele>207.7</ele>
    <time>2025-12-04T12:58:48Z</time>
   </trkpt>
   <trkpt lat="43.2217340" lon="5.4441110">
    <ele>207.7</ele>
    <time>2025-12-04T12:58:49Z</time>
   </trkpt>
   <trkpt lat="43.2217280" lon="5.4440990">
    <ele>207.7</ele>
    <time>2025-12-04T12:58:50Z</time>
   </trkpt>
   <trkpt lat="43.2217150" lon="5.4440760">
    <ele>207.8</ele>
    <time>2025-12-04T12:58:51Z</time>
   </trkpt>
   <trkpt lat="43.2217100" lon="5.4440650">
    <ele>207.8</ele>
    <time>2025-12-04T12:58:52Z</time>
   </trkpt>
   <trkpt lat="43.2217060" lon="5.4440550">
    <ele>207.9</ele>
    <time>2025-12-04T12:58:53Z</time>
   </trkpt>
   <trkpt lat="43.2216990" lon="5.4440370">
    <ele>207.9</ele>
    <time>2025-12-04T12:58:54Z</time>
   </trkpt>
   <trkpt lat="43.2216900" lon="5.4440210">
    <ele>207.9</ele>
    <time>2025-12-04T12:58:55Z</time>
   </trkpt>
   <trkpt lat="43.2216800" lon="5.4440090">
    <ele>208.0</ele>
    <time>2025-12-04T12:58:56Z</time>
   </trkpt>
   <trkpt lat="43.2216700" lon="5.4439950">
    <ele>208.0</ele>
    <time>2025-12-04T12:58:57Z</time>
   </trkpt>
   <trkpt lat="43.2216610" lon="5.4439790">
    <ele>208.1</ele>
    <time>2025-12-04T12:58:58Z</time>
   </trkpt>
   <trkpt lat="43.2216550" lon="5.4439580">
    <ele>208.1</ele>
    <time>2025-12-04T12:58:59Z</time>
   </trkpt>
   <trkpt lat="43.2216460" lon="5.4439460">
    <ele>208.1</ele>
    <time>2025-12-04T12:59:00Z</time>
   </trkpt>
   <trkpt lat="43.2216360" lon="5.4439280">
    <ele>208.2</ele>
    <time>2025-12-04T12:59:01Z</time>
   </trkpt>
   <trkpt lat="43.2216220" lon="5.4439040">
    <ele>208.3</ele>
    <time>2025-12-04T12:59:02Z</time>
   </trkpt>
   <trkpt lat="43.2216160" lon="5.4438980">
    <ele>208.3</ele>
    <time>2025-12-04T12:59:03Z</time>
   </trkpt>
   <trkpt lat="43.2216090" lon="5.4438920">
    <ele>208.3</ele>
    <time>2025-12-04T12:59:04Z</time>
   </trkpt>
   <trkpt lat="43.2216000" lon="5.4438790">
    <ele>208.3</ele>
    <time>2025-12-04T12:59:05Z</time>
   </trkpt>
   <trkpt lat="43.2215950" lon="5.4438640">
    <ele>208.4</ele>
    <time>2025-12-04T12:59:06Z</time>
   </trkpt>
   <trkpt lat="43.2215870" lon="5.4438560">
    <ele>208.4</ele>
    <time>2025-12-04T12:59:07Z</time>
   </trkpt>
   <trkpt lat="43.2215800" lon="5.4438430">
    <ele>208.4</ele>
    <time>2025-12-04T12:59:08Z</time>
   </trkpt>
   <trkpt lat="43.2215700" lon="5.4438270">
    <ele>208.5</ele>
    <time>2025-12-04T12:59:09Z</time>
   </trkpt>
   <trkpt lat="43.2215590" lon="5.4438150">
    <ele>208.5</ele>
    <time>2025-12-04T12:59:10Z</time>
   </trkpt>
   <trkpt lat="43.2215460" lon="5.4438040">
    <ele>208.6</ele>
    <time>2025-12-04T12:59:11Z</time>
   </trkpt>
   <trkpt lat="43.2215280" lon="5.4437840">
    <ele>208.6</ele>
    <time>2025-12-04T12:59:12Z</time>
   </trkpt>
   <trkpt lat="43.2215200" lon="5.4437800">
    <ele>208.7</ele>
    <time>2025-12-04T12:59:13Z</time>
   </trkpt>
   <trkpt lat="43.2215120" lon="5.4437750">
    <ele>208.7</ele>
    <time>2025-12-04T12:59:14Z</time>
   </trkpt>
   <trkpt lat="43.2214970" lon="5.4437650">
    <ele>208.7</ele>
    <time>2025-12-04T12:59:15Z</time>
   </trkpt>
   <trkpt lat="43.2214820" lon="5.4437630">
    <ele>208.8</ele>
    <time>2025-12-04T12:59:16Z</time>
   </trkpt>
   <trkpt lat="43.2214630" lon="5.4437550">
    <ele>208.8</ele>
    <time>2025-12-04T12:59:17Z</time>
   </trkpt>
   <trkpt lat="43.2214570" lon="5.4437550">
    <ele>208.9</ele>
    <time>2025-12-04T12:59:18Z</time>
   </trkpt>
   <trkpt lat="43.2214480" lon="5.4437460">
    <ele>208.9</ele>
    <time>2025-12-04T12:59:19Z</time>
   </trkpt>
   <trkpt lat="43.2214360" lon="5.4437410">
    <ele>208.9</ele>
    <time>2025-12-04T12:59:20Z</time>
   </trkpt>
   <trkpt lat="43.2214230" lon="5.4437400">
    <ele>209.0</ele>
    <time>2025-12-04T12:59:21Z</time>
   </trkpt>
   <trkpt lat="43.2214120" lon="5.4437440">
    <ele>209.0</ele>
    <time>2025-12-04T12:59:22Z</time>
   </trkpt>
   <trkpt lat="43.2213930" lon="5.4437470">
    <ele>209.1</ele>
    <time>2025-12-04T12:59:23Z</time>
   </trkpt>
   <trkpt lat="43.2213820" lon="5.4437460">
    <ele>209.1</ele>
    <time>2025-12-04T12:59:24Z</time>
   </trkpt>
   <trkpt lat="43.2213720" lon="5.4437450">
    <ele>209.1</ele>
    <time>2025-12-04T12:59:25Z</time>
   </trkpt>
   <trkpt lat="43.2213460" lon="5.4437550">
    <ele>209.2</ele>
    <time>2025-12-04T12:59:26Z</time>
   </trkpt>
   <trkpt lat="43.2213360" lon="5.4437610">
    <ele>209.3</ele>
    <time>2025-12-04T12:59:27Z</time>
   </trkpt>
   <trkpt lat="43.2213220" lon="5.4437620">
    <ele>209.3</ele>
    <time>2025-12-04T12:59:28Z</time>
   </trkpt>
   <trkpt lat="43.2213120" lon="5.4437660">
    <ele>209.3</ele>
    <time>2025-12-04T12:59:29Z</time>
   </trkpt>
   <trkpt lat="43.2213000" lon="5.4437650">
    <ele>209.4</ele>
    <time>2025-12-04T12:59:30Z</time>
   </trkpt>
   <trkpt lat="43.2212940" lon="5.4437670">
    <ele>209.4</ele>
    <time>2025-12-04T12:59:31Z</time>
   </trkpt>
   <trkpt lat="43.2212810" lon="5.4437640">
    <ele>209.4</ele>
    <time>2025-12-04T12:59:32Z</time>
   </trkpt>
   <trkpt lat="43.2212670" lon="5.4437630">
    <ele>209.5</ele>
    <time>2025-12-04T12:59:33Z</time>
   </trkpt>
   <trkpt lat="43.2212540" lon="5.4437590">
    <ele>209.5</ele>
    <time>2025-12-04T12:59:34Z</time>
   </trkpt>
   <trkpt lat="43.2212390" lon="5.4437610">
    <ele>209.5</ele>
    <time>2025-12-04T12:59:35Z</time>
   </trkpt>
   <trkpt lat="43.2212300" lon="5.4437650">
    <ele>209.6</ele>
    <time>2025-12-04T12:59:36Z</time>
   </trkpt>
   <trkpt lat="43.2212180" lon="5.4437710">
    <ele>209.6</ele>
    <time>2025-12-04T12:59:37Z</time>
   </trkpt>
   <trkpt lat="43.2212060" lon="5.4437760">
    <ele>209.6</ele>
    <time>2025-12-04T12:59:38Z</time>
   </trkpt>
   <trkpt lat="43.2211940" lon="5.4437720">
    <ele>209.7</ele>
    <time>2025-12-04T12:59:39Z</time>
   </trkpt>
   <trkpt lat="43.2211760" lon="5.4437710">
    <ele>209.7</ele>
    <time>2025-12-04T12:59:40Z</time>
   </trkpt>
   <trkpt lat="43.2211650" lon="5.4437700">
    <ele>209.7</ele>
    <time>2025-12-04T12:59:41Z</time>
   </trkpt>
   <trkpt lat="43.2211570" lon="5.4437690">
    <ele>209.8</ele>
    <time>2025-12-04T12:59:42Z</time>
   </trkpt>
   <trkpt lat="43.2211480" lon="5.4437700">
    <ele>209.8</ele>
    <time>2025-12-04T12:59:43Z</time>
   </trkpt>
   <trkpt lat="43.2211360" lon="5.4437780">
    <ele>209.8</ele>
    <time>2025-12-04T12:59:44Z</time>
   </trkpt>
   <trkpt lat="43.2211240" lon="5.4437900">
    <ele>209.9</ele>
    <time>2025-12-04T12:59:45Z</time>
   </trkpt>
   <trkpt lat="43.2211120" lon="5.4437950">
    <ele>209.9</ele>
    <time>2025-12-04T12:59:46Z</time>
   </trkpt>
   <trkpt lat="43.2210980" lon="5.4438030">
    <ele>209.9</ele>
    <time>2025-12-04T12:59:47Z</time>
   </trkpt>
   <trkpt lat="43.2210830" lon="5.4438110">
    <ele>210.0</ele>
    <time>2025-12-04T12:59:48Z</time>
   </trkpt>
   <trkpt lat="43.2210730" lon="5.4438190">
    <ele>210.0</ele>
    <time>2025-12-04T12:59:49Z</time>
   </trkpt>
   <trkpt lat="43.2210630" lon="5.4438270">
    <ele>210.1</ele>
    <time>2025-12-04T12:59:50Z</time>
   </trkpt>
   <trkpt lat="43.2210520" lon="5.4438360">
    <ele>210.1</ele>
    <time>2025-12-04T12:59:51Z</time>
   </trkpt>
   <trkpt lat="43.2210460" lon="5.4438440">
    <ele>210.1</ele>
    <time>2025-12-04T12:59:52Z</time>
   </trkpt>
   <trkpt lat="43.2210380" lon="5.4438490">
    <ele>210.1</ele>
    <time>2025-12-04T12:59:53Z</time>
   </trkpt>
   <trkpt lat="43.2210290" lon="5.4438580">
    <ele>210.1</ele>
    <time>2025-12-04T12:59:54Z</time>
   </trkpt>
   <trkpt lat="43.2210200" lon="5.4438650">
    <ele>210.2</ele>
    <time>2025-12-04T12:59:55Z</time>
   </trkpt>
   <trkpt lat="43.2210040" lon="5.4438760">
    <ele>210.2</ele>
    <time>2025-12-04T12:59:56Z</time>
   </trkpt>
   <trkpt lat="43.2210000" lon="5.4438880">
    <ele>210.2</ele>
    <time>2025-12-04T12:59:57Z</time>
   </trkpt>
   <trkpt lat="43.2209940" lon="5.4438920">
    <ele>210.2</ele>
    <time>2025-12-04T12:59:58Z</time>
   </trkpt>
   <trkpt lat="43.2209780" lon="5.4438950">
    <ele>210.3</ele>
    <time>2025-12-04T12:59:59Z</time>
   </trkpt>
   <trkpt lat="43.2209630" lon="5.4439080">
    <ele>210.3</ele>
    <time>2025-12-04T13:00:00Z</time>
   </trkpt>
   <trkpt lat="43.2209440" lon="5.4439210">
    <ele>210.3</ele>
    <time>2025-12-04T13:00:01Z</time>
   </trkpt>
   <trkpt lat="43.2209360" lon="5.4439270">
    <ele>210.3</ele>
    <time>2025-12-04T13:00:02Z</time>
   </trkpt>
   <trkpt lat="43.2209290" lon="5.4439320">
    <ele>210.3</ele>
    <time>2025-12-04T13:00:03Z</time>
   </trkpt>
   <trkpt lat="43.2209150" lon="5.4439420">
    <ele>210.4</ele>
    <time>2025-12-04T13:00:04Z</time>
   </trkpt>
   <trkpt lat="43.2209020" lon="5.4439560">
    <ele>210.4</ele>
    <time>2025-12-04T13:00:05Z</time>
   </trkpt>
   <trkpt lat="43.2208860" lon="5.4439740">
    <ele>210.4</ele>
    <time>2025-12-04T13:00:06Z</time>
   </trkpt>
   <trkpt lat="43.2208790" lon="5.4439820">
    <ele>210.4</ele>
    <time>2025-12-04T13:00:07Z</time>
   </trkpt>
   <trkpt lat="43.2208730" lon="5.4439890">
    <ele>210.4</ele>
    <time>2025-12-04T13:00:08Z</time>
   </trkpt>
   <trkpt lat="43.2208570" lon="5.4440030">
    <ele>210.4</ele>
    <time>2025-12-04T13:00:09Z</time>
   </trkpt>
   <trkpt lat="43.2208470" lon="5.4440110">
    <ele>210.4</ele>
    <time>2025-12-04T13:00:10Z</time>
   </trkpt>
   <trkpt lat="43.2208380" lon="5.4440180">
    <ele>210.4</ele>
    <time>2025-12-04T13:00:11Z</time>
   </trkpt>
   <trkpt lat="43.2208170" lon="5.4440390">
    <ele>210.4</ele>
    <time>2025-12-04T13:00:12Z</time>
   </trkpt>
   <trkpt lat="43.2208090" lon="5.4440470">
    <ele>210.4</ele>
    <time>2025-12-04T13:00:13Z</time>
   </trkpt>
   <trkpt lat="43.2208010" lon="5.4440550">
    <ele>210.4</ele>
    <time>2025-12-04T13:00:14Z</time>
   </trkpt>
   <trkpt lat="43.2207930" lon="5.4440590">
    <ele>210.4</ele>
    <time>2025-12-04T13:00:15Z</time>
   </trkpt>
   <trkpt lat="43.2207810" lon="5.4440660">
    <ele>210.3</ele>
    <time>2025-12-04T13:00:16Z</time>
   </trkpt>
   <trkpt lat="43.2207740" lon="5.4440790">
    <ele>210.3</ele>
    <time>2025-12-04T13:00:17Z</time>
   </trkpt>
   <trkpt lat="43.2207590" lon="5.4440930">
    <ele>210.3</ele>
    <time>2025-12-04T13:00:18Z</time>
   </trkpt>
   <trkpt lat="43.2207500" lon="5.4441000">
    <ele>210.3</ele>
    <time>2025-12-04T13:00:19Z</time>
   </trkpt>
   <trkpt lat="43.2207420" lon="5.4441070">
    <ele>210.3</ele>
    <time>2025-12-04T13:00:20Z</time>
   </trkpt>
   <trkpt lat="43.2207340" lon="5.4441170">
    <ele>210.2</ele>
    <time>2025-12-04T13:00:21Z</time>
   </trkpt>
   <trkpt lat="43.2207240" lon="5.4441300">
    <ele>210.2</ele>
    <time>2025-12-04T13:00:22Z</time>
   </trkpt>
   <trkpt lat="43.2207200" lon="5.4441440">
    <ele>210.2</ele>
    <time>2025-12-04T13:00:23Z</time>
   </trkpt>
   <trkpt lat="43.2207090" lon="5.4441560">
    <ele>210.2</ele>
    <time>2025-12-04T13:00:24Z</time>
   </trkpt>
   <trkpt lat="43.2206940" lon="5.4441630">
    <ele>210.1</ele>
    <time>2025-12-04T13:00:25Z</time>
   </trkpt>
   <trkpt lat="43.2206820" lon="5.4441740">
    <ele>210.1</ele>
    <time>2025-12-04T13:00:26Z</time>
   </trkpt>
   <trkpt lat="43.2206700" lon="5.4441880">
    <ele>210.0</ele>
    <time>2025-12-04T13:00:27Z</time>
   </trkpt>
   <trkpt lat="43.2206570" lon="5.4441980">
    <ele>210.0</ele>
    <time>2025-12-04T13:00:28Z</time>
   </trkpt>
   <trkpt lat="43.2206540" lon="5.4442060">
    <ele>210.0</ele>
    <time>2025-12-04T13:00:29Z</time>
   </trkpt>
   <trkpt lat="43.2206440" lon="5.4442180">
    <ele>210.0</ele>
    <time>2025-12-04T13:00:30Z</time>
   </trkpt>
   <trkpt lat="43.2206310" lon="5.4442330">
    <ele>209.9</ele>
    <time>2025-12-04T13:00:31Z</time>
   </trkpt>
   <trkpt lat="43.2206230" lon="5.4442410">
    <ele>209.9</ele>
    <time>2025-12-04T13:00:32Z</time>
   </trkpt>
   <trkpt lat="43.2206160" lon="5.4442500">
    <ele>209.8</ele>
    <time>2025-12-04T13:00:33Z</time>
   </trkpt>
   <trkpt lat="43.2206040" lon="5.4442590">
    <ele>209.8</ele>
    <time>2025-12-04T13:00:34Z</time>
   </trkpt>
   <trkpt lat="43.2205960" lon="5.4442700">
    <ele>209.8</ele>
    <time>2025-12-04T13:00:35Z</time>
   </trkpt>
   <trkpt lat="43.2205900" lon="5.4442770">
    <ele>209.7</ele>
    <time>2025-12-04T13:00:36Z</time>
   </trkpt>
   <trkpt lat="43.2205800" lon="5.4442850">
    <ele>209.7</ele>
    <time>2025-12-04T13:00:37Z</time>
   </trkpt>
   <trkpt lat="43.2205720" lon="5.4442930">
    <ele>209.6</ele>
    <time>2025-12-04T13:00:38Z</time>
   </trkpt>
   <trkpt lat="43.2205590" lon="5.4442990">
    <ele>209.6</ele>
    <time>2025-12-04T13:00:39Z</time>
   </trkpt>
   <trkpt lat="43.2205440" lon="5.4443080">
    <ele>209.5</ele>
    <time>2025-12-04T13:00:40Z</time>
   </trkpt>
   <trkpt lat="43.2205360" lon="5.4443160">
    <ele>209.5</ele>
    <time>2025-12-04T13:00:41Z</time>
   </trkpt>
   <trkpt lat="43.2205270" lon="5.4443230">
    <ele>209.4</ele>
    <time>2025-12-04T13:00:42Z</time>
   </trkpt>
   <trkpt lat="43.2205200" lon="5.4443340">
    <ele>209.4</ele>
    <time>2025-12-04T13:00:43Z</time>
   </trkpt>
   <trkpt lat="43.2205110" lon="5.4443420">
    <ele>209.4</ele>
    <time>2025-12-04T13:00:44Z</time>
   </trkpt>
   <trkpt lat="43.2205050" lon="5.4443540">
    <ele>209.3</ele>
    <time>2025-12-04T13:00:45Z</time>
   </trkpt>
   <trkpt lat="43.2204960" lon="5.4443640">
    <ele>209.3</ele>
    <time>2025-12-04T13:00:46Z</time>
   </trkpt>
   <trkpt lat="43.2204870" lon="5.4443710">
    <ele>209.2</ele>
    <time>2025-12-04T13:00:47Z</time>
   </trkpt>
   <trkpt lat="43.2204800" lon="5.4443820">
    <ele>209.2</ele>
    <time>2025-12-04T13:00:48Z</time>
   </trkpt>
   <trkpt lat="43.2204730" lon="5.4443930">
    <ele>209.2</ele>
    <time>2025-12-04T13:00:49Z</time>
   </trkpt>
   <trkpt lat="43.2204640" lon="5.4443970">
    <ele>209.1</ele>
    <time>2025-12-04T13:00:50Z</time>
   </trkpt>
   <trkpt lat="43.2204560" lon="5.4444050">
    <ele>209.1</ele>
    <time>2025-12-04T13:00:51Z</time>
   </trkpt>
   <trkpt lat="43.2204440" lon="5.4444180">
    <ele>209.0</ele>
    <time>2025-12-04T13:00:52Z</time>
   </trkpt>
   <trkpt lat="43.2204320" lon="5.4444250">
    <ele>209.0</ele>
    <time>2025-12-04T13:00:53Z</time>
   </trkpt>
   <trkpt lat="43.2204220" lon="5.4444360">
    <ele>208.9</ele>
    <time>2025-12-04T13:00:54Z</time>
   </trkpt>
   <trkpt lat="43.2204170" lon="5.4444450">
    <ele>208.9</ele>
    <time>2025-12-04T13:00:55Z</time>
   </trkpt>
   <trkpt lat="43.2204050" lon="5.4444520">
    <ele>208.9</ele>
    <time>2025-12-04T13:00:56Z</time>
   </trkpt>
   <trkpt lat="43.2203990" lon="5.4444630">
    <ele>208.8</ele>
    <time>2025-12-04T13:00:57Z</time>
   </trkpt>
   <trkpt lat="43.2203810" lon="5.4444750">
    <ele>208.8</ele>
    <time>2025-12-04T13:00:58Z</time>
   </trkpt>
   <trkpt lat="43.2203750" lon="5.4444890">
    <ele>208.8</ele>
    <time>2025-12-04T13:00:59Z</time>
   </trkpt>
   <trkpt lat="43.2203660" lon="5.4444980">
    <ele>208.7</ele>
    <time>2025-12-04T13:01:00Z</time>
   </trkpt>
   <trkpt lat="43.2203600" lon="5.4445090">
    <ele>208.7</ele>
    <time>2025-12-04T13:01:01Z</time>
   </trkpt>
   <trkpt lat="43.2203460" lon="5.4445210">
    <ele>208.7</ele>
    <time>2025-12-04T13:01:02Z</time>
   </trkpt>
   <trkpt lat="43.2203310" lon="5.4445300">
    <ele>208.6</ele>
    <time>2025-12-04T13:01:03Z</time>
   </trkpt>
   <trkpt lat="43.2203140" lon="5.4445420">
    <ele>208.6</ele>
    <time>2025-12-04T13:01:04Z</time>
   </trkpt>
   <trkpt lat="43.2203000" lon="5.4445530">
    <ele>208.5</ele>
    <time>2025-12-04T13:01:05Z</time>
   </trkpt>
   <trkpt lat="43.2202820" lon="5.4445610">
    <ele>208.5</ele>
    <time>2025-12-04T13:01:06Z</time>
   </trkpt>
   <trkpt lat="43.2202700" lon="5.4445680">
    <ele>208.4</ele>
    <time>2025-12-04T13:01:07Z</time>
   </trkpt>
   <trkpt lat="43.2202530" lon="5.4445850">
    <ele>208.4</ele>
    <time>2025-12-04T13:01:08Z</time>
   </trkpt>
   <trkpt lat="43.2202460" lon="5.4445910">
    <ele>208.4</ele>
    <time>2025-12-04T13:01:09Z</time>
   </trkpt>
   <trkpt lat="43.2202390" lon="5.4445980">
    <ele>208.4</ele>
    <time>2025-12-04T13:01:10Z</time>
   </trkpt>
   <trkpt lat="43.2202220" lon="5.4446130">
    <ele>208.3</ele>
    <time>2025-12-04T13:01:11Z</time>
   </trkpt>
   <trkpt lat="43.2202140" lon="5.4446190">
    <ele>208.3</ele>
    <time>2025-12-04T13:01:12Z</time>
   </trkpt>
   <trkpt lat="43.2202050" lon="5.4446250">
    <ele>208.3</ele>
    <time>2025-12-04T13:01:13Z</time>
   </trkpt>
   <trkpt lat="43.2201870" lon="5.4446380">
    <ele>208.2</ele>
    <time>2025-12-04T13:01:14Z</time>
   </trkpt>
   <trkpt lat="43.2201800" lon="5.4446450">
    <ele>208.2</ele>
    <time>2025-12-04T13:01:15Z</time>
   </trkpt>
   <trkpt lat="43.2201720" lon="5.4446510">
    <ele>208.2</ele>
    <time>2025-12-04T13:01:16Z</time>
   </trkpt>
   <trkpt lat="43.2201620" lon="5.4446610">
    <ele>208.1</ele>
    <time>2025-12-04T13:01:17Z</time>
   </trkpt>
   <trkpt lat="43.2201530" lon="5.4446770">
    <ele>208.1</ele>
    <time>2025-12-04T13:01:18Z</time>
   </trkpt>
   <trkpt lat="43.2201380" lon="5.4446860">
    <ele>208.1</ele>
    <time>2025-12-04T13:01:19Z</time>
   </trkpt>
   <trkpt lat="43.2201220" lon="5.4446950">
    <ele>208.0</ele>
    <time>2025-12-04T13:01:20Z</time>
   </trkpt>
   <trkpt lat="43.2201010" lon="5.4447190">
    <ele>208.0</ele>
    <time>2025-12-04T13:01:21Z</time>
   </trkpt>
   <trkpt lat="43.2200940" lon="5.4447270">
    <ele>208.0</ele>
    <time>2025-12-04T13:01:22Z</time>
   </trkpt>
   <trkpt lat="43.2200850" lon="5.4447380">
    <ele>207.9</ele>
    <time>2025-12-04T13:01:23Z</time>
   </trkpt>
   <trkpt lat="43.2200730" lon="5.4447540">
    <ele>207.9</ele>
    <time>2025-12-04T13:01:24Z</time>
   </trkpt>
   <trkpt lat="43.2200570" lon="5.4447600">
    <ele>207.9</ele>
    <time>2025-12-04T13:01:25Z</time>
   </trkpt>
   <trkpt lat="43.2200430" lon="5.4447710">
    <ele>207.8</ele>
    <time>2025-12-04T13:01:26Z</time>
   </trkpt>
   <trkpt lat="43.2200290" lon="5.4447810">
    <ele>207.8</ele>
    <time>2025-12-04T13:01:27Z</time>
   </trkpt>
   <trkpt lat="43.2200200" lon="5.4447890">
    <ele>207.8</ele>
    <time>2025-12-04T13:01:28Z</time>
   </trkpt>
   <trkpt lat="43.2200110" lon="5.4447920">
    <ele>207.8</ele>
    <time>2025-12-04T13:01:29Z</time>
   </trkpt>
   <trkpt lat="43.2200000" lon="5.4448020">
    <ele>207.8</ele>
    <time>2025-12-04T13:01:30Z</time>
   </trkpt>
   <trkpt lat="43.2199910" lon="5.4448110">
    <ele>207.8</ele>
    <time>2025-12-04T13:01:31Z</time>
   </trkpt>
   <trkpt lat="43.2199850" lon="5.4448220">
    <ele>207.8</ele>
    <time>2025-12-04T13:01:32Z</time>
   </trkpt>
   <trkpt lat="43.2199770" lon="5.4448300">
    <ele>207.7</ele>
    <time>2025-12-04T13:01:33Z</time>
   </trkpt>
   <trkpt lat="43.2199680" lon="5.4448370">
    <ele>207.7</ele>
    <time>2025-12-04T13:01:34Z</time>
   </trkpt>
   <trkpt lat="43.2199610" lon="5.4448450">
    <ele>207.7</ele>
    <time>2025-12-04T13:01:35Z</time>
   </trkpt>
   <trkpt lat="43.2199580" lon="5.4448540">
    <ele>207.7</ele>
    <time>2025-12-04T13:01:36Z</time>
   </trkpt>
   <trkpt lat="43.2199450" lon="5.4448680">
    <ele>207.7</ele>
    <time>2025-12-04T13:01:37Z</time>
   </trkpt>
   <trkpt lat="43.2199350" lon="5.4448800">
    <ele>207.7</ele>
    <time>2025-12-04T13:01:38Z</time>
   </trkpt>
   <trkpt lat="43.2199250" lon="5.4448870">
    <ele>207.7</ele>
    <time>2025-12-04T13:01:39Z</time>
   </trkpt>
   <trkpt lat="43.2199170" lon="5.4448960">
    <ele>207.7</ele>
    <time>2025-12-04T13:01:40Z</time>
   </trkpt>
   <trkpt lat="43.2199030" lon="5.4449020">
    <ele>207.7</ele>
    <time>2025-12-04T13:01:41Z</time>
   </trkpt>
   <trkpt lat="43.2198920" lon="5.4449050">
    <ele>207.7</ele>
    <time>2025-12-04T13:01:42Z</time>
   </trkpt>
   <trkpt lat="43.2198850" lon="5.4449090">
    <ele>207.7</ele>
    <time>2025-12-04T13:01:43Z</time>
   </trkpt>
   <trkpt lat="43.2198750" lon="5.4449160">
    <ele>207.7</ele>
    <time>2025-12-04T13:01:44Z</time>
   </trkpt>
   <trkpt lat="43.2198650" lon="5.4449290">
    <ele>207.7</ele>
    <time>2025-12-04T13:01:45Z</time>
   </trkpt>
   <trkpt lat="43.2198530" lon="5.4449370">
    <ele>207.7</ele>
    <time>2025-12-04T13:01:46Z</time>
   </trkpt>
   <trkpt lat="43.2198440" lon="5.4449420">
    <ele>207.6</ele>
    <time>2025-12-04T13:01:47Z</time>
   </trkpt>
   <trkpt lat="43.2198240" lon="5.4449580">
    <ele>207.6</ele>
    <time>2025-12-04T13:01:48Z</time>
   </trkpt>
   <trkpt lat="43.2198160" lon="5.4449630">
    <ele>207.6</ele>
    <time>2025-12-04T13:01:49Z</time>
   </trkpt>
   <trkpt lat="43.2198080" lon="5.4449690">
    <ele>207.6</ele>
    <time>2025-12-04T13:01:50Z</time>
   </trkpt>
   <trkpt lat="43.2198050" lon="5.4449790">
    <ele>207.6</ele>
    <time>2025-12-04T13:01:51Z</time>
   </trkpt>
   <trkpt lat="43.2197920" lon="5.4449900">
    <ele>207.6</ele>
    <time>2025-12-04T13:01:52Z</time>
   </trkpt>
   <trkpt lat="43.2197840" lon="5.4450020">
    <ele>207.6</ele>
    <time>2025-12-04T13:01:53Z</time>
   </trkpt>
   <trkpt lat="43.2197670" lon="5.4450210">
    <ele>207.6</ele>
    <time>2025-12-04T13:01:54Z</time>
   </trkpt>
   <trkpt lat="43.2197600" lon="5.4450280">
    <ele>207.6</ele>
    <time>2025-12-04T13:01:55Z</time>
   </trkpt>
   <trkpt lat="43.2197520" lon="5.4450340">
    <ele>207.6</ele>
    <time>2025-12-04T13:01:56Z</time>
   </trkpt>
   <trkpt lat="43.2197440" lon="5.4450450">
    <ele>207.5</ele>
    <time>2025-12-04T13:01:57Z</time>
   </trkpt>
   <trkpt lat="43.2197390" lon="5.4450560">
    <ele>207.5</ele>
    <time>2025-12-04T13:01:58Z</time>
   </trkpt>
   <trkpt lat="43.2197270" lon="5.4450670">
    <ele>207.5</ele>
    <time>2025-12-04T13:01:59Z</time>
   </trkpt>
   <trkpt lat="43.2197160" lon="5.4450840">
    <ele>207.5</ele>
    <time>2025-12-04T13:02:00Z</time>
   </trkpt>
   <trkpt lat="43.2197050" lon="5.4450910">
    <ele>207.5</ele>
    <time>2025-12-04T13:02:01Z</time>
   </trkpt>
   <trkpt lat="43.2196880" lon="5.4451080">
    <ele>207.4</ele>
    <time>2025-12-04T13:02:02Z</time>
   </trkpt>
   <trkpt lat="43.2196790" lon="5.4451150">
    <ele>207.4</ele>
    <time>2025-12-04T13:02:03Z</time>
   </trkpt>
   <trkpt lat="43.2196710" lon="5.4451220">
    <ele>207.4</ele>
    <time>2025-12-04T13:02:04Z</time>
   </trkpt>
   <trkpt lat="43.2196690" lon="5.4451340">
    <ele>207.4</ele>
    <time>2025-12-04T13:02:05Z</time>
   </trkpt>
   <trkpt lat="43.2196640" lon="5.4451440">
    <ele>207.4</ele>
    <time>2025-12-04T13:02:06Z</time>
   </trkpt>
   <trkpt lat="43.2196530" lon="5.4451500">
    <ele>207.4</ele>
    <time>2025-12-04T13:02:07Z</time>
   </trkpt>
   <trkpt lat="43.2196430" lon="5.4451600">
    <ele>207.3</ele>
    <time>2025-12-04T13:02:08Z</time>
   </trkpt>
   <trkpt lat="43.2196310" lon="5.4451740">
    <ele>207.3</ele>
    <time>2025-12-04T13:02:09Z</time>
   </trkpt>
   <trkpt lat="43.2196240" lon="5.4451820">
    <ele>207.3</ele>
    <time>2025-12-04T13:02:10Z</time>
   </trkpt>
   <trkpt lat="43.2196120" lon="5.4451930">
    <ele>207.2</ele>
    <time>2025-12-04T13:02:11Z</time>
   </trkpt>
   <trkpt lat="43.2196030" lon="5.4451980">
    <ele>207.2</ele>
    <time>2025-12-04T13:02:12Z</time>
   </trkpt>
   <trkpt lat="43.2195930" lon="5.4452070">
    <ele>207.2</ele>
    <time>2025-12-04T13:02:13Z</time>
   </trkpt>
   <trkpt lat="43.2195840" lon="5.4452160">
    <ele>207.2</ele>
    <time>2025-12-04T13:02:14Z</time>
   </trkpt>
   <trkpt lat="43.2195780" lon="5.4452280">
    <ele>207.1</ele>
    <time>2025-12-04T13:02:15Z</time>
   </trkpt>
   <trkpt lat="43.2195700" lon="5.4452370">
    <ele>207.1</ele>
    <time>2025-12-04T13:02:16Z</time>
   </trkpt>
   <trkpt lat="43.2195620" lon="5.4452440">
    <ele>207.1</ele>
    <time>2025-12-04T13:02:17Z</time>
   </trkpt>
   <trkpt lat="43.2195520" lon="5.4452580">
    <ele>207.0</ele>
    <time>2025-12-04T13:02:18Z</time>
   </trkpt>
   <trkpt lat="43.2195360" lon="5.4452730">
    <ele>207.0</ele>
    <time>2025-12-04T13:02:19Z</time>
   </trkpt>
   <trkpt lat="43.2195280" lon="5.4452800">
    <ele>207.0</ele>
    <time>2025-12-04T13:02:20Z</time>
   </trkpt>
   <trkpt lat="43.2195210" lon="5.4452880">
    <ele>206.9</ele>
    <time>2025-12-04T13:02:21Z</time>
   </trkpt>
   <trkpt lat="43.2195080" lon="5.4452950">
    <ele>206.9</ele>
    <time>2025-12-04T13:02:22Z</time>
   </trkpt>
   <trkpt lat="43.2195000" lon="5.4453040">
    <ele>206.9</ele>
    <time>2025-12-04T13:02:23Z</time>
   </trkpt>
   <trkpt lat="43.2194930" lon="5.4453200">
    <ele>206.8</ele>
    <time>2025-12-04T13:02:24Z</time>
   </trkpt>
   <trkpt lat="43.2194820" lon="5.4453350">
    <ele>206.8</ele>
    <time>2025-12-04T13:02:25Z</time>
   </trkpt>
   <trkpt lat="43.2194670" lon="5.4453460">
    <ele>206.7</ele>
    <time>2025-12-04T13:02:26Z</time>
   </trkpt>
   <trkpt lat="43.2194610" lon="5.4453560">
    <ele>206.7</ele>
    <time>2025-12-04T13:02:27Z</time>
   </trkpt>
   <trkpt lat="43.2194540" lon="5.4453640">
    <ele>206.7</ele>
    <time>2025-12-04T13:02:28Z</time>
   </trkpt>
   <trkpt lat="43.2194470" lon="5.4453760">
    <ele>206.6</ele>
    <time>2025-12-04T13:02:29Z</time>
   </trkpt>
   <trkpt lat="43.2194390" lon="5.4453890">
    <ele>206.6</ele>
    <time>2025-12-04T13:02:30Z</time>
   </trkpt>
   <trkpt lat="43.2194360" lon="5.4454020">
    <ele>206.6</ele>
    <time>2025-12-04T13:02:31Z</time>
   </trkpt>
   <trkpt lat="43.2194290" lon="5.4454170">
    <ele>206.6</ele>
    <time>2025-12-04T13:02:32Z</time>
   </trkpt>
   <trkpt lat="43.2194160" lon="5.4454300">
    <ele>206.5</ele>
    <time>2025-12-04T13:02:33Z</time>
   </trkpt>
   <trkpt lat="43.2194090" lon="5.4454290">
    <ele>206.5</ele>
    <time>2025-12-04T13:02:34Z</time>
   </trkpt>
   <trkpt lat="43.2193980" lon="5.4454380">
    <ele>206.5</ele>
    <time>2025-12-04T13:02:35Z</time>
   </trkpt>
   <trkpt lat="43.2193790" lon="5.4454670">
    <ele>206.5</ele>
    <time>2025-12-04T13:02:36Z</time>
   </trkpt>
   <trkpt lat="43.2193740" lon="5.4454760">
    <ele>206.5</ele>
    <time>2025-12-04T13:02:37Z</time>
   </trkpt>
   <trkpt lat="43.2193670" lon="5.4454890">
    <ele>206.5</ele>
    <time>2025-12-04T13:02:38Z</time>
   </trkpt>
   <trkpt lat="43.2193630" lon="5.4455070">
    <ele>206.5</ele>
    <time>2025-12-04T13:02:39Z</time>
   </trkpt>
   <trkpt lat="43.2193570" lon="5.4455160">
    <ele>206.5</ele>
    <time>2025-12-04T13:02:40Z</time>
   </trkpt>
   <trkpt lat="43.2193500" lon="5.4455220">
    <ele>206.5</ele>
    <time>2025-12-04T13:02:41Z</time>
   </trkpt>
   <trkpt lat="43.2193450" lon="5.4455320">
    <ele>206.5</ele>
    <time>2025-12-04T13:02:42Z</time>
   </trkpt>
   <trkpt lat="43.2193370" lon="5.4455390">
    <ele>206.5</ele>
    <time>2025-12-04T13:02:43Z</time>
   </trkpt>
   <trkpt lat="43.2193340" lon="5.4455440">
    <ele>206.5</ele>
    <time>2025-12-04T13:02:44Z</time>
   </trkpt>
   <trkpt lat="43.2193250" lon="5.4455540">
    <ele>206.5</ele>
    <time>2025-12-04T13:02:45Z</time>
   </trkpt>
   <trkpt lat="43.2193250" lon="5.4455630">
    <ele>206.5</ele>
    <time>2025-12-04T13:02:46Z</time>
   </trkpt>
   <trkpt lat="43.2193190" lon="5.4455790">
    <ele>206.7</ele>
    <time>2025-12-04T13:02:47Z</time>
   </trkpt>
   <trkpt lat="43.2193110" lon="5.4455940">
    <ele>206.8</ele>
    <time>2025-12-04T13:02:48Z</time>
   </trkpt>
   <trkpt lat="43.2193020" lon="5.4456090">
    <ele>206.9</ele>
    <time>2025-12-04T13:02:49Z</time>
   </trkpt>
   <trkpt lat="43.2192920" lon="5.4456240">
    <ele>207.0</ele>
    <time>2025-12-04T13:02:50Z</time>
   </trkpt>
   <trkpt lat="43.2192830" lon="5.4456410">
    <ele>207.2</ele>
    <time>2025-12-04T13:02:51Z</time>
   </trkpt>
   <trkpt lat="43.2192710" lon="5.4456640">
    <ele>207.4</ele>
    <time>2025-12-04T13:02:52Z</time>
   </trkpt>
   <trkpt lat="43.2192640" lon="5.4456740">
    <ele>207.5</ele>
    <time>2025-12-04T13:02:53Z</time>
   </trkpt>
   <trkpt lat="43.2192580" lon="5.4456840">
    <ele>207.5</ele>
    <time>2025-12-04T13:02:54Z</time>
   </trkpt>
   <trkpt lat="43.2192520" lon="5.4456980">
    <ele>207.6</ele>
    <time>2025-12-04T13:02:55Z</time>
   </trkpt>
   <trkpt lat="43.2192390" lon="5.4457190">
    <ele>207.8</ele>
    <time>2025-12-04T13:02:56Z</time>
   </trkpt>
   <trkpt lat="43.2192270" lon="5.4457410">
    <ele>208.0</ele>
    <time>2025-12-04T13:02:57Z</time>
   </trkpt>
   <trkpt lat="43.2192230" lon="5.4457510">
    <ele>208.0</ele>
    <time>2025-12-04T13:02:58Z</time>
   </trkpt>
   <trkpt lat="43.2192110" lon="5.4457660">
    <ele>208.2</ele>
    <time>2025-12-04T13:02:59Z</time>
   </trkpt>
   <trkpt lat="43.2192040" lon="5.4457800">
    <ele>208.2</ele>
    <time>2025-12-04T13:03:00Z</time>
   </trkpt>
   <trkpt lat="43.2191960" lon="5.4457910">
    <ele>208.3</ele>
    <time>2025-12-04T13:03:01Z</time>
   </trkpt>
   <trkpt lat="43.2191880" lon="5.4457980">
    <ele>208.4</ele>
    <time>2025-12-04T13:03:02Z</time>
   </trkpt>
   <trkpt lat="43.2191830" lon="5.4458140">
    <ele>208.5</ele>
    <time>2025-12-04T13:03:03Z</time>
   </trkpt>
   <trkpt lat="43.2191810" lon="5.4458210">
    <ele>208.5</ele>
    <time>2025-12-04T13:03:04Z</time>
   </trkpt>
   <trkpt lat="43.2191740" lon="5.4458360">
    <ele>208.6</ele>
    <time>2025-12-04T13:03:05Z</time>
   </trkpt>
   <trkpt lat="43.2191650" lon="5.4458480">
    <ele>208.7</ele>
    <time>2025-12-04T13:03:06Z</time>
   </trkpt>
   <trkpt lat="43.2191480" lon="5.4458690">
    <ele>208.8</ele>
    <time>2025-12-04T13:03:07Z</time>
   </trkpt>
   <trkpt lat="43.2191410" lon="5.4458770">
    <ele>208.9</ele>
    <time>2025-12-04T13:03:08Z</time>
   </trkpt>
   <trkpt lat="43.2191350" lon="5.4458860">
    <ele>208.9</ele>
    <time>2025-12-04T13:03:09Z</time>
   </trkpt>
   <trkpt lat="43.2191160" lon="5.4459020">
    <ele>209.1</ele>
    <time>2025-12-04T13:03:10Z</time>
   </trkpt>
   <trkpt lat="43.2191090" lon="5.4459170">
    <ele>209.1</ele>
    <time>2025-12-04T13:03:11Z</time>
   </trkpt>
   <trkpt lat="43.2191000" lon="5.4459460">
    <ele>209.3</ele>
    <time>2025-12-04T13:03:12Z</time>
   </trkpt>
   <trkpt lat="43.2190960" lon="5.4459580">
    <ele>209.4</ele>
    <time>2025-12-04T13:03:13Z</time>
   </trkpt>
   <trkpt lat="43.2190910" lon="5.4459710">
    <ele>209.4</ele>
    <time>2025-12-04T13:03:14Z</time>
   </trkpt>
   <trkpt lat="43.2190920" lon="5.4459800">
    <ele>209.5</ele>
    <time>2025-12-04T13:03:15Z</time>
   </trkpt>
   <trkpt lat="43.2190860" lon="5.4459940">
    <ele>209.5</ele>
    <time>2025-12-04T13:03:16Z</time>
   </trkpt>
   <trkpt lat="43.2190800" lon="5.4460090">
    <ele>209.6</ele>
    <time>2025-12-04T13:03:17Z</time>
   </trkpt>
   <trkpt lat="43.2190760" lon="5.4460190">
    <ele>209.7</ele>
    <time>2025-12-04T13:03:18Z</time>
   </trkpt>
   <trkpt lat="43.2190700" lon="5.4460270">
    <ele>209.7</ele>
    <time>2025-12-04T13:03:19Z</time>
   </trkpt>
   <trkpt lat="43.2190610" lon="5.4460350">
    <ele>209.8</ele>
    <time>2025-12-04T13:03:20Z</time>
   </trkpt>
   <trkpt lat="43.2190420" lon="5.4460530">
    <ele>209.9</ele>
    <time>2025-12-04T13:03:21Z</time>
   </trkpt>
   <trkpt lat="43.2190320" lon="5.4460640">
    <ele>210.0</ele>
    <time>2025-12-04T13:03:22Z</time>
   </trkpt>
   <trkpt lat="43.2190170" lon="5.4460820">
    <ele>210.2</ele>
    <time>2025-12-04T13:03:23Z</time>
   </trkpt>
   <trkpt lat="43.2190090" lon="5.4460920">
    <ele>210.2</ele>
    <time>2025-12-04T13:03:24Z</time>
   </trkpt>
   <trkpt lat="43.2190010" lon="5.4461030">
    <ele>210.3</ele>
    <time>2025-12-04T13:03:25Z</time>
   </trkpt>
   <trkpt lat="43.2189920" lon="5.4461150">
    <ele>210.4</ele>
    <time>2025-12-04T13:03:26Z</time>
   </trkpt>
   <trkpt lat="43.2189810" lon="5.4461310">
    <ele>210.5</ele>
    <time>2025-12-04T13:03:27Z</time>
   </trkpt>
   <trkpt lat="43.2189730" lon="5.4461480">
    <ele>210.6</ele>
    <time>2025-12-04T13:03:28Z</time>
   </trkpt>
   <trkpt lat="43.2189610" lon="5.4461630">
    <ele>210.7</ele>
    <time>2025-12-04T13:03:29Z</time>
   </trkpt>
   <trkpt lat="43.2189500" lon="5.4461770">
    <ele>210.8</ele>
    <time>2025-12-04T13:03:30Z</time>
   </trkpt>
   <trkpt lat="43.2189500" lon="5.4461800">
    <ele>210.9</ele>
    <time>2025-12-04T13:03:31Z</time>
   </trkpt>
   <trkpt lat="43.2189380" lon="5.4462010">
    <ele>211.0</ele>
    <time>2025-12-04T13:03:32Z</time>
   </trkpt>
   <trkpt lat="43.2189220" lon="5.4462200">
    <ele>211.1</ele>
    <time>2025-12-04T13:03:33Z</time>
   </trkpt>
   <trkpt lat="43.2189160" lon="5.4462290">
    <ele>211.2</ele>
    <time>2025-12-04T13:03:34Z</time>
   </trkpt>
   <trkpt lat="43.2189090" lon="5.4462380">
    <ele>211.3</ele>
    <time>2025-12-04T13:03:35Z</time>
   </trkpt>
   <trkpt lat="43.2189070" lon="5.4462480">
    <ele>211.3</ele>
    <time>2025-12-04T13:03:36Z</time>
   </trkpt>
   <trkpt lat="43.2188990" lon="5.4462660">
    <ele>211.4</ele>
    <time>2025-12-04T13:03:37Z</time>
   </trkpt>
   <trkpt lat="43.2188960" lon="5.4462820">
    <ele>211.5</ele>
    <time>2025-12-04T13:03:38Z</time>
   </trkpt>
   <trkpt lat="43.2188900" lon="5.4463050">
    <ele>211.6</ele>
    <time>2025-12-04T13:03:39Z</time>
   </trkpt>
   <trkpt lat="43.2188910" lon="5.4463130">
    <ele>211.7</ele>
    <time>2025-12-04T13:03:40Z</time>
   </trkpt>
   <trkpt lat="43.2188900" lon="5.4463290">
    <ele>211.8</ele>
    <time>2025-12-04T13:03:41Z</time>
   </trkpt>
   <trkpt lat="43.2188870" lon="5.4463500">
    <ele>211.9</ele>
    <time>2025-12-04T13:03:42Z</time>
   </trkpt>
   <trkpt lat="43.2188860" lon="5.4463670">
    <ele>212.0</ele>
    <time>2025-12-04T13:03:43Z</time>
   </trkpt>
   <trkpt lat="43.2188820" lon="5.4463800">
    <ele>212.1</ele>
    <time>2025-12-04T13:03:44Z</time>
   </trkpt>
   <trkpt lat="43.2188800" lon="5.4463990">
    <ele>212.2</ele>
    <time>2025-12-04T13:03:45Z</time>
   </trkpt>
   <trkpt lat="43.2188810" lon="5.4464130">
    <ele>212.2</ele>
    <time>2025-12-04T13:03:46Z</time>
   </trkpt>
   <trkpt lat="43.2188820" lon="5.4464280">
    <ele>212.3</ele>
    <time>2025-12-04T13:03:47Z</time>
   </trkpt>
   <trkpt lat="43.2188820" lon="5.4464390">
    <ele>212.4</ele>
    <time>2025-12-04T13:03:48Z</time>
   </trkpt>
   <trkpt lat="43.2188800" lon="5.4464570">
    <ele>212.5</ele>
    <time>2025-12-04T13:03:49Z</time>
   </trkpt>
   <trkpt lat="43.2188770" lon="5.4464750">
    <ele>212.6</ele>
    <time>2025-12-04T13:03:50Z</time>
   </trkpt>
   <trkpt lat="43.2188770" lon="5.4465020">
    <ele>212.8</ele>
    <time>2025-12-04T13:03:51Z</time>
   </trkpt>
   <trkpt lat="43.2188720" lon="5.4465190">
    <ele>212.9</ele>
    <time>2025-12-04T13:03:52Z</time>
   </trkpt>
   <trkpt lat="43.2188740" lon="5.4465410">
    <ele>213.0</ele>
    <time>2025-12-04T13:03:53Z</time>
   </trkpt>
   <trkpt lat="43.2188750" lon="5.4465540">
    <ele>213.1</ele>
    <time>2025-12-04T13:03:54Z</time>
   </trkpt>
   <trkpt lat="43.2188730" lon="5.4465690">
    <ele>213.2</ele>
    <time>2025-12-04T13:03:55Z</time>
   </trkpt>
   <trkpt lat="43.2188720" lon="5.4465810">
    <ele>213.3</ele>
    <time>2025-12-04T13:03:56Z</time>
   </trkpt>
   <trkpt lat="43.2188700" lon="5.4465970">
    <ele>213.4</ele>
    <time>2025-12-04T13:03:57Z</time>
   </trkpt>
   <trkpt lat="43.2188670" lon="5.4466110">
    <ele>213.5</ele>
    <time>2025-12-04T13:03:58Z</time>
   </trkpt>
   <trkpt lat="43.2188660" lon="5.4466260">
    <ele>213.6</ele>
    <time>2025-12-04T13:03:59Z</time>
   </trkpt>
   <trkpt lat="43.2188620" lon="5.4466390">
    <ele>213.7</ele>
    <time>2025-12-04T13:04:00Z</time>
   </trkpt>
   <trkpt lat="43.2188580" lon="5.4466500">
    <ele>213.8</ele>
    <time>2025-12-04T13:04:01Z</time>
   </trkpt>
   <trkpt lat="43.2188520" lon="5.4466640">
    <ele>213.9</ele>
    <time>2025-12-04T13:04:02Z</time>
   </trkpt>
   <trkpt lat="43.2188450" lon="5.4466800">
    <ele>214.0</ele>
    <time>2025-12-04T13:04:03Z</time>
   </trkpt>
   <trkpt lat="43.2188360" lon="5.4466970">
    <ele>214.2</ele>
    <time>2025-12-04T13:04:04Z</time>
   </trkpt>
   <trkpt lat="43.2188320" lon="5.4467100">
    <ele>214.3</ele>
    <time>2025-12-04T13:04:05Z</time>
   </trkpt>
   <trkpt lat="43.2188240" lon="5.4467290">
    <ele>214.5</ele>
    <time>2025-12-04T13:04:07Z</time>
   </trkpt>
   <trkpt lat="43.2188230" lon="5.4467380">
    <ele>214.5</ele>
    <time>2025-12-04T13:04:08Z</time>
   </trkpt>
   <trkpt lat="43.2188170" lon="5.4467520">
    <ele>214.6</ele>
    <time>2025-12-04T13:04:09Z</time>
   </trkpt>
   <trkpt lat="43.2188090" lon="5.4467730">
    <ele>214.8</ele>
    <time>2025-12-04T13:04:10Z</time>
   </trkpt>
   <trkpt lat="43.2187920" lon="5.4467880">
    <ele>215.0</ele>
    <time>2025-12-04T13:04:11Z</time>
   </trkpt>
   <trkpt lat="43.2187870" lon="5.4467990">
    <ele>215.1</ele>
    <time>2025-12-04T13:04:12Z</time>
   </trkpt>
   <trkpt lat="43.2187790" lon="5.4468220">
    <ele>215.2</ele>
    <time>2025-12-04T13:04:13Z</time>
   </trkpt>
   <trkpt lat="43.2187710" lon="5.4468360">
    <ele>215.2</ele>
    <time>2025-12-04T13:04:14Z</time>
   </trkpt>
   <trkpt lat="43.2187610" lon="5.4468560">
    <ele>215.3</ele>
    <time>2025-12-04T13:04:15Z</time>
   </trkpt>
   <trkpt lat="43.2187570" lon="5.4468680">
    <ele>215.4</ele>
    <time>2025-12-04T13:04:16Z</time>
   </trkpt>
   <trkpt lat="43.2187510" lon="5.4468770">
    <ele>215.4</ele>
    <time>2025-12-04T13:04:17Z</time>
   </trkpt>
   <trkpt lat="43.2187410" lon="5.4468880">
    <ele>215.5</ele>
    <time>2025-12-04T13:04:18Z</time>
   </trkpt>
   <trkpt lat="43.2187310" lon="5.4469000">
    <ele>215.5</ele>
    <time>2025-12-04T13:04:19Z</time>
   </trkpt>
   <trkpt lat="43.2187250" lon="5.4469120">
    <ele>215.6</ele>
    <time>2025-12-04T13:04:20Z</time>
   </trkpt>
   <trkpt lat="43.2187120" lon="5.4469300">
    <ele>215.7</ele>
    <time>2025-12-04T13:04:21Z</time>
   </trkpt>
   <trkpt lat="43.2187020" lon="5.4469570">
    <ele>215.8</ele>
    <time>2025-12-04T13:04:22Z</time>
   </trkpt>
   <trkpt lat="43.2186970" lon="5.4469670">
    <ele>215.8</ele>
    <time>2025-12-04T13:04:23Z</time>
   </trkpt>
   <trkpt lat="43.2186910" lon="5.4469780">
    <ele>215.8</ele>
    <time>2025-12-04T13:04:24Z</time>
   </trkpt>
   <trkpt lat="43.2186850" lon="5.4469980">
    <ele>215.9</ele>
    <time>2025-12-04T13:04:25Z</time>
   </trkpt>
   <trkpt lat="43.2186750" lon="5.4470150">
    <ele>215.9</ele>
    <time>2025-12-04T13:04:26Z</time>
   </trkpt>
   <trkpt lat="43.2186600" lon="5.4470360">
    <ele>216.0</ele>
    <time>2025-12-04T13:04:27Z</time>
   </trkpt>
   <trkpt lat="43.2186540" lon="5.4470430">
    <ele>216.1</ele>
    <time>2025-12-04T13:04:28Z</time>
   </trkpt>
   <trkpt lat="43.2186470" lon="5.4470510">
    <ele>216.1</ele>
    <time>2025-12-04T13:04:29Z</time>
   </trkpt>
   <trkpt lat="43.2186360" lon="5.4470660">
    <ele>216.1</ele>
    <time>2025-12-04T13:04:30Z</time>
   </trkpt>
   <trkpt lat="43.2186250" lon="5.4470780">
    <ele>216.1</ele>
    <time>2025-12-04T13:04:31Z</time>
   </trkpt>
   <trkpt lat="43.2186150" lon="5.4470880">
    <ele>216.0</ele>
    <time>2025-12-04T13:04:32Z</time>
   </trkpt>
   <trkpt lat="43.2186060" lon="5.4470970">
    <ele>216.0</ele>
    <time>2025-12-04T13:04:33Z</time>
   </trkpt>
   <trkpt lat="43.2185950" lon="5.4471030">
    <ele>216.0</ele>
    <time>2025-12-04T13:04:34Z</time>
   </trkpt>
   <trkpt lat="43.2185790" lon="5.4471080">
    <ele>216.0</ele>
    <time>2025-12-04T13:04:35Z</time>
   </trkpt>
   <trkpt lat="43.2185710" lon="5.4471100">
    <ele>216.0</ele>
    <time>2025-12-04T13:04:36Z</time>
   </trkpt>
   <trkpt lat="43.2185630" lon="5.4471110">
    <ele>216.0</ele>
    <time>2025-12-04T13:04:37Z</time>
   </trkpt>
   <trkpt lat="43.2185550" lon="5.4471120">
    <ele>216.0</ele>
    <time>2025-12-04T13:04:38Z</time>
   </trkpt>
   <trkpt lat="43.2185410" lon="5.4471120">
    <ele>216.0</ele>
    <time>2025-12-04T13:04:39Z</time>
   </trkpt>
   <trkpt lat="43.2185270" lon="5.4471110">
    <ele>216.0</ele>
    <time>2025-12-04T13:04:40Z</time>
   </trkpt>
   <trkpt lat="43.2185080" lon="5.4471180">
    <ele>216.0</ele>
    <time>2025-12-04T13:04:41Z</time>
   </trkpt>
   <trkpt lat="43.2185080" lon="5.4471160">
    <ele>216.0</ele>
    <time>2025-12-04T13:04:42Z</time>
   </trkpt>
   <trkpt lat="43.2184960" lon="5.4471110">
    <ele>216.0</ele>
    <time>2025-12-04T13:04:43Z</time>
   </trkpt>
   <trkpt lat="43.2184870" lon="5.4470900">
    <ele>216.0</ele>
    <time>2025-12-04T13:04:44Z</time>
   </trkpt>
   <trkpt lat="43.2184820" lon="5.4470860">
    <ele>216.0</ele>
    <time>2025-12-04T13:04:45Z</time>
   </trkpt>
   <trkpt lat="43.2184820" lon="5.4470860">
    <ele>216.0</ele>
    <time>2025-12-04T13:04:46Z</time>
   </trkpt>
   <trkpt lat="43.2184810" lon="5.4470890">
    <ele>216.0</ele>
    <time>2025-12-04T13:04:47Z</time>
   </trkpt>
   <trkpt lat="43.2184800" lon="5.4470930">
    <ele>216.0</ele>
    <time>2025-12-04T13:04:48Z</time>
   </trkpt>
   <trkpt lat="43.2184840" lon="5.4471030">
    <ele>216.0</ele>
    <time>2025-12-04T13:04:49Z</time>
   </trkpt>
   <trkpt lat="43.2184880" lon="5.4471140">
    <ele>216.0</ele>
    <time>2025-12-04T13:04:50Z</time>
   </trkpt>
   <trkpt lat="43.2185010" lon="5.4471210">
    <ele>216.0</ele>
    <time>2025-12-04T13:04:51Z</time>
   </trkpt>
   <trkpt lat="43.2185080" lon="5.4471200">
    <ele>216.0</ele>
    <time>2025-12-04T13:04:52Z</time>
   </trkpt>
   <trkpt lat="43.2185150" lon="5.4471220">
    <ele>215.9</ele>
    <time>2025-12-04T13:04:53Z</time>
   </trkpt>
   <trkpt lat="43.2185290" lon="5.4471210">
    <ele>215.9</ele>
    <time>2025-12-04T13:04:54Z</time>
   </trkpt>
   <trkpt lat="43.2185350" lon="5.4471180">
    <ele>215.9</ele>
    <time>2025-12-04T13:04:55Z</time>
   </trkpt>
   <trkpt lat="43.2185440" lon="5.4471330">
    <ele>215.9</ele>
    <time>2025-12-04T13:04:56Z</time>
   </trkpt>
   <trkpt lat="43.2185550" lon="5.4471410">
    <ele>215.9</ele>
    <time>2025-12-04T13:04:57Z</time>
   </trkpt>
   <trkpt lat="43.2185770" lon="5.4471400">
    <ele>215.9</ele>
    <time>2025-12-04T13:04:58Z</time>
   </trkpt>
   <trkpt lat="43.2185840" lon="5.4471390">
    <ele>215.9</ele>
    <time>2025-12-04T13:04:59Z</time>
   </trkpt>
   <trkpt lat="43.2185910" lon="5.4471370">
    <ele>215.9</ele>
    <time>2025-12-04T13:05:00Z</time>
   </trkpt>
   <trkpt lat="43.2185980" lon="5.4471350">
    <ele>215.9</ele>
    <time>2025-12-04T13:05:01Z</time>
   </trkpt>
   <trkpt lat="43.2186260" lon="5.4471130">
    <ele>215.9</ele>
    <time>2025-12-04T13:05:02Z</time>
   </trkpt>
   <trkpt lat="43.2186330" lon="5.4471070">
    <ele>215.9</ele>
    <time>2025-12-04T13:05:03Z</time>
   </trkpt>
   <trkpt lat="43.2186340" lon="5.4471010">
    <ele>215.9</ele>
    <time>2025-12-04T13:05:04Z</time>
   </trkpt>
   <trkpt lat="43.2186390" lon="5.4470950">
    <ele>215.9</ele>
    <time>2025-12-04T13:05:05Z</time>
   </trkpt>
   <trkpt lat="43.2186460" lon="5.4470820">
    <ele>215.9</ele>
    <time>2025-12-04T13:05:06Z</time>
   </trkpt>
   <trkpt lat="43.2186490" lon="5.4470790">
    <ele>215.9</ele>
    <time>2025-12-04T13:05:07Z</time>
   </trkpt>
   <trkpt lat="43.2186540" lon="5.4470740">
    <ele>215.9</ele>
    <time>2025-12-04T13:05:08Z</time>
   </trkpt>
   <trkpt lat="43.2186500" lon="5.4470740">
    <ele>215.9</ele>
    <time>2025-12-04T13:05:09Z</time>
   </trkpt>
   <trkpt lat="43.2186490" lon="5.4470750">
    <ele>215.9</ele>
    <time>2025-12-04T13:05:10Z</time>
   </trkpt>
   <trkpt lat="43.2186470" lon="5.4470760">
    <ele>215.9</ele>
    <time>2025-12-04T13:05:11Z</time>
   </trkpt>
   <trkpt lat="43.2186460" lon="5.4470760">
    <ele>215.9</ele>
    <time>2025-12-04T13:05:12Z</time>
   </trkpt>
   <trkpt lat="43.2186450" lon="5.4470770">
    <ele>215.9</ele>
    <time>2025-12-04T13:05:13Z</time>
   </trkpt>
   <trkpt lat="43.2186440" lon="5.4470780">
    <ele>215.9</ele>
    <time>2025-12-04T13:05:14Z</time>
   </trkpt>
   <trkpt lat="43.2186430" lon="5.4470790">
    <ele>215.9</ele>
    <time>2025-12-04T13:05:15Z</time>
   </trkpt>
   <trkpt lat="43.2186410" lon="5.4470800">
    <ele>215.9</ele>
    <time>2025-12-04T13:05:16Z</time>
   </trkpt>
   <trkpt lat="43.2186400" lon="5.4470810">
    <ele>215.9</ele>
    <time>2025-12-04T13:05:17Z</time>
   </trkpt>
   <trkpt lat="43.2186390" lon="5.4470810">
    <ele>215.9</ele>
    <time>2025-12-04T13:05:18Z</time>
   </trkpt>
   <trkpt lat="43.2186380" lon="5.4470820">
    <ele>215.9</ele>
    <time>2025-12-04T13:05:19Z</time>
   </trkpt>
   <trkpt lat="43.2186370" lon="5.4470830">
    <ele>215.9</ele>
    <time>2025-12-04T13:05:20Z</time>
   </trkpt>
   <trkpt lat="43.2186360" lon="5.4470840">
    <ele>215.9</ele>
    <time>2025-12-04T13:05:21Z</time>
   </trkpt>
   <trkpt lat="43.2186340" lon="5.4470850">
    <ele>215.9</ele>
    <time>2025-12-04T13:05:22Z</time>
   </trkpt>
   <trkpt lat="43.2186330" lon="5.4470860">
    <ele>215.9</ele>
    <time>2025-12-04T13:05:23Z</time>
   </trkpt>
   <trkpt lat="43.2186320" lon="5.4470870">
    <ele>215.9</ele>
    <time>2025-12-04T13:05:24Z</time>
   </trkpt>
   <trkpt lat="43.2186310" lon="5.4470870">
    <ele>215.9</ele>
    <time>2025-12-04T13:05:25Z</time>
   </trkpt>
   <trkpt lat="43.2186300" lon="5.4470880">
    <ele>215.9</ele>
    <time>2025-12-04T13:05:26Z</time>
   </trkpt>
   <trkpt lat="43.2186280" lon="5.4470890">
    <ele>215.9</ele>
    <time>2025-12-04T13:05:27Z</time>
   </trkpt>
   <trkpt lat="43.2186270" lon="5.4470900">
    <ele>215.9</ele>
    <time>2025-12-04T13:05:28Z</time>
   </trkpt>
   <trkpt lat="43.2186260" lon="5.4470910">
    <ele>215.9</ele>
    <time>2025-12-04T13:05:29Z</time>
   </trkpt>
   <trkpt lat="43.2186250" lon="5.4470920">
    <ele>215.9</ele>
    <time>2025-12-04T13:05:30Z</time>
   </trkpt>
   <trkpt lat="43.2186240" lon="5.4470920">
    <ele>215.9</ele>
    <time>2025-12-04T13:05:31Z</time>
   </trkpt>
   <trkpt lat="43.2186220" lon="5.4470930">
    <ele>215.9</ele>
    <time>2025-12-04T13:05:32Z</time>
   </trkpt>
   <trkpt lat="43.2186210" lon="5.4470940">
    <ele>215.9</ele>
    <time>2025-12-04T13:05:33Z</time>
   </trkpt>
   <trkpt lat="43.2186200" lon="5.4470950">
    <ele>215.9</ele>
    <time>2025-12-04T13:05:34Z</time>
   </trkpt>
   <trkpt lat="43.2186050" lon="5.4471000">
    <ele>215.9</ele>
    <time>2025-12-04T13:05:35Z</time>
   </trkpt>
   <trkpt lat="43.2185920" lon="5.4471040">
    <ele>215.9</ele>
    <time>2025-12-04T13:05:36Z</time>
   </trkpt>
   <trkpt lat="43.2185720" lon="5.4471100">
    <ele>215.9</ele>
    <time>2025-12-04T13:05:37Z</time>
   </trkpt>
   <trkpt lat="43.2185590" lon="5.4471130">
    <ele>215.9</ele>
    <time>2025-12-04T13:05:38Z</time>
   </trkpt>
   <trkpt lat="43.2185480" lon="5.4471150">
    <ele>215.9</ele>
    <time>2025-12-04T13:05:39Z</time>
   </trkpt>
   <trkpt lat="43.2185340" lon="5.4471140">
    <ele>216.0</ele>
    <time>2025-12-04T13:05:40Z</time>
   </trkpt>
   <trkpt lat="43.2185260" lon="5.4471200">
    <ele>216.0</ele>
    <time>2025-12-04T13:05:41Z</time>
   </trkpt>
   <trkpt lat="43.2185070" lon="5.4471150">
    <ele>216.0</ele>
    <time>2025-12-04T13:05:42Z</time>
   </trkpt>
   <trkpt lat="43.2184970" lon="5.4471110">
    <ele>216.0</ele>
    <time>2025-12-04T13:05:43Z</time>
   </trkpt>
   <trkpt lat="43.2184860" lon="5.4471080">
    <ele>216.0</ele>
    <time>2025-12-04T13:05:44Z</time>
   </trkpt>
   <trkpt lat="43.2184740" lon="5.4471010">
    <ele>216.0</ele>
    <time>2025-12-04T13:05:45Z</time>
   </trkpt>
   <trkpt lat="43.2184680" lon="5.4470920">
    <ele>216.0</ele>
    <time>2025-12-04T13:05:46Z</time>
   </trkpt>
   <trkpt lat="43.2184560" lon="5.4470840">
    <ele>216.1</ele>
    <time>2025-12-04T13:05:47Z</time>
   </trkpt>
   <trkpt lat="43.2184480" lon="5.4470770">
    <ele>216.1</ele>
    <time>2025-12-04T13:05:48Z</time>
   </trkpt>
   <trkpt lat="43.2184390" lon="5.4470680">
    <ele>216.1</ele>
    <time>2025-12-04T13:05:49Z</time>
   </trkpt>
   <trkpt lat="43.2184330" lon="5.4470510">
    <ele>216.1</ele>
    <time>2025-12-04T13:05:50Z</time>
   </trkpt>
   <trkpt lat="43.2184140" lon="5.4470390">
    <ele>216.1</ele>
    <time>2025-12-04T13:05:51Z</time>
   </trkpt>
   <trkpt lat="43.2184060" lon="5.4470350">
    <ele>216.2</ele>
    <time>2025-12-04T13:05:52Z</time>
   </trkpt>
   <trkpt lat="43.2183980" lon="5.4470320">
    <ele>216.2</ele>
    <time>2025-12-04T13:05:53Z</time>
   </trkpt>
   <trkpt lat="43.2183840" lon="5.4470200">
    <ele>216.2</ele>
    <time>2025-12-04T13:05:54Z</time>
   </trkpt>
   <trkpt lat="43.2183690" lon="5.4470140">
    <ele>216.2</ele>
    <time>2025-12-04T13:05:55Z</time>
   </trkpt>
   <trkpt lat="43.2183640" lon="5.4470140">
    <ele>216.3</ele>
    <time>2025-12-04T13:05:56Z</time>
   </trkpt>
   <trkpt lat="43.2183530" lon="5.4470120">
    <ele>216.3</ele>
    <time>2025-12-04T13:05:57Z</time>
   </trkpt>
   <trkpt lat="43.2183420" lon="5.4470080">
    <ele>216.3</ele>
    <time>2025-12-04T13:05:58Z</time>
   </trkpt>
   <trkpt lat="43.2183300" lon="5.4470030">
    <ele>216.3</ele>
    <time>2025-12-04T13:05:59Z</time>
   </trkpt>
   <trkpt lat="43.2183140" lon="5.4469920">
    <ele>216.4</ele>
    <time>2025-12-04T13:06:00Z</time>
   </trkpt>
   <trkpt lat="43.2183010" lon="5.4469830">
    <ele>216.4</ele>
    <time>2025-12-04T13:06:01Z</time>
   </trkpt>
   <trkpt lat="43.2182940" lon="5.4469810">
    <ele>216.4</ele>
    <time>2025-12-04T13:06:02Z</time>
   </trkpt>
   <trkpt lat="43.2182840" lon="5.4469770">
    <ele>216.4</ele>
    <time>2025-12-04T13:06:03Z</time>
   </trkpt>
   <trkpt lat="43.2182650" lon="5.4469670">
    <ele>216.5</ele>
    <time>2025-12-04T13:06:04Z</time>
   </trkpt>
   <trkpt lat="43.2182560" lon="5.4469670">
    <ele>216.6</ele>
    <time>2025-12-04T13:06:05Z</time>
   </trkpt>
   <trkpt lat="43.2182470" lon="5.4469680">
    <ele>216.6</ele>
    <time>2025-12-04T13:06:06Z</time>
   </trkpt>
   <trkpt lat="43.2182250" lon="5.4469650">
    <ele>216.8</ele>
    <time>2025-12-04T13:06:07Z</time>
   </trkpt>
   <trkpt lat="43.2182170" lon="5.4469660">
    <ele>216.9</ele>
    <time>2025-12-04T13:06:08Z</time>
   </trkpt>
   <trkpt lat="43.2182090" lon="5.4469670">
    <ele>217.0</ele>
    <time>2025-12-04T13:06:09Z</time>
   </trkpt>
   <trkpt lat="43.2181940" lon="5.4469680">
    <ele>217.1</ele>
    <time>2025-12-04T13:06:10Z</time>
   </trkpt>
   <trkpt lat="43.2181890" lon="5.4469740">
    <ele>217.1</ele>
    <time>2025-12-04T13:06:11Z</time>
   </trkpt>
   <trkpt lat="43.2181770" lon="5.4469660">
    <ele>217.3</ele>
    <time>2025-12-04T13:06:12Z</time>
   </trkpt>
   <trkpt lat="43.2181630" lon="5.4469540">
    <ele>217.4</ele>
    <time>2025-12-04T13:06:13Z</time>
   </trkpt>
   <trkpt lat="43.2181530" lon="5.4469460">
    <ele>217.5</ele>
    <time>2025-12-04T13:06:14Z</time>
   </trkpt>
   <trkpt lat="43.2181440" lon="5.4469470">
    <ele>217.6</ele>
    <time>2025-12-04T13:06:15Z</time>
   </trkpt>
   <trkpt lat="43.2181370" lon="5.4469510">
    <ele>217.6</ele>
    <time>2025-12-04T13:06:16Z</time>
   </trkpt>
   <trkpt lat="43.2181250" lon="5.4469430">
    <ele>217.8</ele>
    <time>2025-12-04T13:06:17Z</time>
   </trkpt>
   <trkpt lat="43.2181110" lon="5.4469410">
    <ele>217.9</ele>
    <time>2025-12-04T13:06:18Z</time>
   </trkpt>
   <trkpt lat="43.2180970" lon="5.4469460">
    <ele>218.0</ele>
    <time>2025-12-04T13:06:19Z</time>
   </trkpt>
   <trkpt lat="43.2180800" lon="5.4469440">
    <ele>218.2</ele>
    <time>2025-12-04T13:06:20Z</time>
   </trkpt>
   <trkpt lat="43.2180690" lon="5.4469390">
    <ele>218.3</ele>
    <time>2025-12-04T13:06:21Z</time>
   </trkpt>
   <trkpt lat="43.2180540" lon="5.4469370">
    <ele>218.4</ele>
    <time>2025-12-04T13:06:22Z</time>
   </trkpt>
   <trkpt lat="43.2180400" lon="5.4469320">
    <ele>218.5</ele>
    <time>2025-12-04T13:06:23Z</time>
   </trkpt>
   <trkpt lat="43.2180270" lon="5.4469270">
    <ele>218.6</ele>
    <time>2025-12-04T13:06:24Z</time>
   </trkpt>
   <trkpt lat="43.2180130" lon="5.4469230">
    <ele>218.7</ele>
    <time>2025-12-04T13:06:25Z</time>
   </trkpt>
   <trkpt lat="43.2179930" lon="5.4469200">
    <ele>218.9</ele>
    <time>2025-12-04T13:06:26Z</time>
   </trkpt>
   <trkpt lat="43.2179850" lon="5.4469150">
    <ele>219.0</ele>
    <time>2025-12-04T13:06:27Z</time>
   </trkpt>
   <trkpt lat="43.2179760" lon="5.4469100">
    <ele>219.1</ele>
    <time>2025-12-04T13:06:28Z</time>
   </trkpt>
   <trkpt lat="43.2179560" lon="5.4468980">
    <ele>219.3</ele>
    <time>2025-12-04T13:06:29Z</time>
   </trkpt>
   <trkpt lat="43.2179480" lon="5.4468930">
    <ele>219.3</ele>
    <time>2025-12-04T13:06:30Z</time>
   </trkpt>
   <trkpt lat="43.2179400" lon="5.4468890">
    <ele>219.4</ele>
    <time>2025-12-04T13:06:31Z</time>
   </trkpt>
   <trkpt lat="43.2179260" lon="5.4468800">
    <ele>219.6</ele>
    <time>2025-12-04T13:06:32Z</time>
   </trkpt>
   <trkpt lat="43.2179150" lon="5.4468650">
    <ele>219.7</ele>
    <time>2025-12-04T13:06:33Z</time>
   </trkpt>
   <trkpt lat="43.2179050" lon="5.4468470">
    <ele>219.8</ele>
    <time>2025-12-04T13:06:34Z</time>
   </trkpt>
   <trkpt lat="43.2178890" lon="5.4468520">
    <ele>220.0</ele>
    <time>2025-12-04T13:06:35Z</time>
   </trkpt>
   <trkpt lat="43.2178800" lon="5.4468460">
    <ele>220.0</ele>
    <time>2025-12-04T13:06:36Z</time>
   </trkpt>
   <trkpt lat="43.2178690" lon="5.4468420">
    <ele>220.1</ele>
    <time>2025-12-04T13:06:37Z</time>
   </trkpt>
   <trkpt lat="43.2178560" lon="5.4468410">
    <ele>220.2</ele>
    <time>2025-12-04T13:06:38Z</time>
   </trkpt>
   <trkpt lat="43.2178380" lon="5.4468330">
    <ele>220.4</ele>
    <time>2025-12-04T13:06:39Z</time>
   </trkpt>
   <trkpt lat="43.2178300" lon="5.4468290">
    <ele>220.5</ele>
    <time>2025-12-04T13:06:40Z</time>
   </trkpt>
   <trkpt lat="43.2178210" lon="5.4468250">
    <ele>220.5</ele>
    <time>2025-12-04T13:06:41Z</time>
   </trkpt>
   <trkpt lat="43.2178070" lon="5.4468150">
    <ele>220.7</ele>
    <time>2025-12-04T13:06:42Z</time>
   </trkpt>
   <trkpt lat="43.2177950" lon="5.4468090">
    <ele>220.8</ele>
    <time>2025-12-04T13:06:43Z</time>
   </trkpt>
   <trkpt lat="43.2177760" lon="5.4468040">
    <ele>220.9</ele>
    <time>2025-12-04T13:06:44Z</time>
   </trkpt>
   <trkpt lat="43.2177660" lon="5.4468030">
    <ele>221.0</ele>
    <time>2025-12-04T13:06:45Z</time>
   </trkpt>
   <trkpt lat="43.2177570" lon="5.4468010">
    <ele>221.0</ele>
    <time>2025-12-04T13:06:46Z</time>
   </trkpt>
   <trkpt lat="43.2177440" lon="5.4467870">
    <ele>221.2</ele>
    <time>2025-12-04T13:06:47Z</time>
   </trkpt>
   <trkpt lat="43.2177330" lon="5.4467790">
    <ele>221.2</ele>
    <time>2025-12-04T13:06:48Z</time>
   </trkpt>
   <trkpt lat="43.2177170" lon="5.4467670">
    <ele>221.4</ele>
    <time>2025-12-04T13:06:49Z</time>
   </trkpt>
   <trkpt lat="43.2177060" lon="5.4467640">
    <ele>221.4</ele>
    <time>2025-12-04T13:06:50Z</time>
   </trkpt>
   <trkpt lat="43.2176860" lon="5.4467490">
    <ele>221.6</ele>
    <time>2025-12-04T13:06:51Z</time>
   </trkpt>
   <trkpt lat="43.2176770" lon="5.4467470">
    <ele>221.7</ele>
    <time>2025-12-04T13:06:52Z</time>
   </trkpt>
   <trkpt lat="43.2176680" lon="5.4467450">
    <ele>221.7</ele>
    <time>2025-12-04T13:06:53Z</time>
   </trkpt>
   <trkpt lat="43.2176540" lon="5.4467420">
    <ele>221.8</ele>
    <time>2025-12-04T13:06:54Z</time>
   </trkpt>
   <trkpt lat="43.2176440" lon="5.4467410">
    <ele>221.9</ele>
    <time>2025-12-04T13:06:55Z</time>
   </trkpt>
   <trkpt lat="43.2176350" lon="5.4467400">
    <ele>221.9</ele>
    <time>2025-12-04T13:06:56Z</time>
   </trkpt>
   <trkpt lat="43.2176240" lon="5.4467330">
    <ele>222.0</ele>
    <time>2025-12-04T13:06:57Z</time>
   </trkpt>
   <trkpt lat="43.2176130" lon="5.4467310">
    <ele>222.0</ele>
    <time>2025-12-04T13:06:58Z</time>
   </trkpt>
   <trkpt lat="43.2176030" lon="5.4467190">
    <ele>222.1</ele>
    <time>2025-12-04T13:06:59Z</time>
   </trkpt>
   <trkpt lat="43.2175860" lon="5.4467130">
    <ele>222.2</ele>
    <time>2025-12-04T13:07:00Z</time>
   </trkpt>
   <trkpt lat="43.2175770" lon="5.4467060">
    <ele>222.2</ele>
    <time>2025-12-04T13:07:01Z</time>
   </trkpt>
   <trkpt lat="43.2175620" lon="5.4467040">
    <ele>222.3</ele>
    <time>2025-12-04T13:07:02Z</time>
   </trkpt>
   <trkpt lat="43.2175500" lon="5.4466890">
    <ele>222.4</ele>
    <time>2025-12-04T13:07:03Z</time>
   </trkpt>
   <trkpt lat="43.2175370" lon="5.4466790">
    <ele>222.4</ele>
    <time>2025-12-04T13:07:04Z</time>
   </trkpt>
   <trkpt lat="43.2175300" lon="5.4466820">
    <ele>222.4</ele>
    <time>2025-12-04T13:07:05Z</time>
   </trkpt>
   <trkpt lat="43.2175180" lon="5.4466760">
    <ele>222.5</ele>
    <time>2025-12-04T13:07:06Z</time>
   </trkpt>
   <trkpt lat="43.2175100" lon="5.4466750">
    <ele>222.5</ele>
    <time>2025-12-04T13:07:07Z</time>
   </trkpt>
   <trkpt lat="43.2175010" lon="5.4466660">
    <ele>222.6</ele>
    <time>2025-12-04T13:07:08Z</time>
   </trkpt>
   <trkpt lat="43.2174860" lon="5.4466560">
    <ele>222.6</ele>
    <time>2025-12-04T13:07:09Z</time>
   </trkpt>
   <trkpt lat="43.2174730" lon="5.4466490">
    <ele>222.6</ele>
    <time>2025-12-04T13:07:10Z</time>
   </trkpt>
   <trkpt lat="43.2174610" lon="5.4466390">
    <ele>222.7</ele>
    <time>2025-12-04T13:07:11Z</time>
   </trkpt>
   <trkpt lat="43.2174490" lon="5.4466330">
    <ele>222.7</ele>
    <time>2025-12-04T13:07:12Z</time>
   </trkpt>
   <trkpt lat="43.2174330" lon="5.4466200">
    <ele>222.8</ele>
    <time>2025-12-04T13:07:13Z</time>
   </trkpt>
   <trkpt lat="43.2174300" lon="5.4466210">
    <ele>222.8</ele>
    <time>2025-12-04T13:07:14Z</time>
   </trkpt>
   <trkpt lat="43.2174180" lon="5.4466120">
    <ele>222.8</ele>
    <time>2025-12-04T13:07:15Z</time>
   </trkpt>
   <trkpt lat="43.2174060" lon="5.4466030">
    <ele>222.9</ele>
    <time>2025-12-04T13:07:16Z</time>
   </trkpt>
   <trkpt lat="43.2173860" lon="5.4465920">
    <ele>222.9</ele>
    <time>2025-12-04T13:07:17Z</time>
   </trkpt>
   <trkpt lat="43.2173770" lon="5.4465870">
    <ele>223.0</ele>
    <time>2025-12-04T13:07:18Z</time>
   </trkpt>
   <trkpt lat="43.2173690" lon="5.4465810">
    <ele>223.0</ele>
    <time>2025-12-04T13:07:19Z</time>
   </trkpt>
   <trkpt lat="43.2173600" lon="5.4465750">
    <ele>223.0</ele>
    <time>2025-12-04T13:07:20Z</time>
   </trkpt>
   <trkpt lat="43.2173470" lon="5.4465740">
    <ele>223.0</ele>
    <time>2025-12-04T13:07:21Z</time>
   </trkpt>
   <trkpt lat="43.2173390" lon="5.4465630">
    <ele>223.1</ele>
    <time>2025-12-04T13:07:22Z</time>
   </trkpt>
   <trkpt lat="43.2173300" lon="5.4465480">
    <ele>223.1</ele>
    <time>2025-12-04T13:07:23Z</time>
   </trkpt>
   <trkpt lat="43.2173190" lon="5.4465360">
    <ele>223.1</ele>
    <time>2025-12-04T13:07:24Z</time>
   </trkpt>
   <trkpt lat="43.2173170" lon="5.4465150">
    <ele>223.1</ele>
    <time>2025-12-04T13:07:25Z</time>
   </trkpt>
   <trkpt lat="43.2173090" lon="5.4465160">
    <ele>223.2</ele>
    <time>2025-12-04T13:07:26Z</time>
   </trkpt>
   <trkpt lat="43.2173050" lon="5.4465100">
    <ele>223.2</ele>
    <time>2025-12-04T13:07:27Z</time>
   </trkpt>
   <trkpt lat="43.2172980" lon="5.4465000">
    <ele>223.2</ele>
    <time>2025-12-04T13:07:28Z</time>
   </trkpt>
   <trkpt lat="43.2172840" lon="5.4464780">
    <ele>223.2</ele>
    <time>2025-12-04T13:07:29Z</time>
   </trkpt>
   <trkpt lat="43.2172760" lon="5.4464710">
    <ele>223.2</ele>
    <time>2025-12-04T13:07:30Z</time>
   </trkpt>
   <trkpt lat="43.2172680" lon="5.4464640">
    <ele>223.3</ele>
    <time>2025-12-04T13:07:31Z</time>
   </trkpt>
   <trkpt lat="43.2172530" lon="5.4464410">
    <ele>223.3</ele>
    <time>2025-12-04T13:07:32Z</time>
   </trkpt>
   <trkpt lat="43.2172490" lon="5.4464310">
    <ele>223.3</ele>
    <time>2025-12-04T13:07:33Z</time>
   </trkpt>
   <trkpt lat="43.2172440" lon="5.4464200">
    <ele>223.3</ele>
    <time>2025-12-04T13:07:34Z</time>
   </trkpt>
   <trkpt lat="43.2172370" lon="5.4464050">
    <ele>223.4</ele>
    <time>2025-12-04T13:07:35Z</time>
   </trkpt>
   <trkpt lat="43.2172280" lon="5.4463870">
    <ele>223.4</ele>
    <time>2025-12-04T13:07:36Z</time>
   </trkpt>
   <trkpt lat="43.2172200" lon="5.4463760">
    <ele>223.4</ele>
    <time>2025-12-04T13:07:37Z</time>
   </trkpt>
   <trkpt lat="43.2172130" lon="5.4463710">
    <ele>223.4</ele>
    <time>2025-12-04T13:07:38Z</time>
   </trkpt>
   <trkpt lat="43.2172060" lon="5.4463590">
    <ele>223.4</ele>
    <time>2025-12-04T13:07:39Z</time>
   </trkpt>
   <trkpt lat="43.2172000" lon="5.4463410">
    <ele>223.5</ele>
    <time>2025-12-04T13:07:40Z</time>
   </trkpt>
   <trkpt lat="43.2171950" lon="5.4463310">
    <ele>223.5</ele>
    <time>2025-12-04T13:07:41Z</time>
   </trkpt>
   <trkpt lat="43.2171880" lon="5.4463210">
    <ele>223.5</ele>
    <time>2025-12-04T13:07:42Z</time>
   </trkpt>
   <trkpt lat="43.2171810" lon="5.4463020">
    <ele>223.5</ele>
    <time>2025-12-04T13:07:43Z</time>
   </trkpt>
   <trkpt lat="43.2171720" lon="5.4462860">
    <ele>223.5</ele>
    <time>2025-12-04T13:07:44Z</time>
   </trkpt>
   <trkpt lat="43.2171680" lon="5.4462640">
    <ele>223.6</ele>
    <time>2025-12-04T13:07:45Z</time>
   </trkpt>
   <trkpt lat="43.2171570" lon="5.4462550">
    <ele>223.6</ele>
    <time>2025-12-04T13:07:46Z</time>
   </trkpt>
   <trkpt lat="43.2171460" lon="5.4462450">
    <ele>223.6</ele>
    <time>2025-12-04T13:07:47Z</time>
   </trkpt>
   <trkpt lat="43.2171410" lon="5.4462190">
    <ele>223.6</ele>
    <time>2025-12-04T13:07:48Z</time>
   </trkpt>
   <trkpt lat="43.2171330" lon="5.4461900">
    <ele>223.7</ele>
    <time>2025-12-04T13:07:49Z</time>
   </trkpt>
   <trkpt lat="43.2171290" lon="5.4461780">
    <ele>223.7</ele>
    <time>2025-12-04T13:07:50Z</time>
   </trkpt>
   <trkpt lat="43.2171260" lon="5.4461670">
    <ele>223.7</ele>
    <time>2025-12-04T13:07:51Z</time>
   </trkpt>
   <trkpt lat="43.2171210" lon="5.4461500">
    <ele>223.7</ele>
    <time>2025-12-04T13:07:52Z</time>
   </trkpt>
   <trkpt lat="43.2171160" lon="5.4461370">
    <ele>223.8</ele>
    <time>2025-12-04T13:07:53Z</time>
   </trkpt>
   <trkpt lat="43.2171080" lon="5.4461260">
    <ele>223.8</ele>
    <time>2025-12-04T13:07:54Z</time>
   </trkpt>
   <trkpt lat="43.2170970" lon="5.4461150">
    <ele>223.8</ele>
    <time>2025-12-04T13:07:55Z</time>
   </trkpt>
   <trkpt lat="43.2170910" lon="5.4461050">
    <ele>223.8</ele>
    <time>2025-12-04T13:07:56Z</time>
   </trkpt>
   <trkpt lat="43.2170830" lon="5.4460970">
    <ele>223.9</ele>
    <time>2025-12-04T13:07:57Z</time>
   </trkpt>
   <trkpt lat="43.2170690" lon="5.4460750">
    <ele>223.9</ele>
    <time>2025-12-04T13:07:58Z</time>
   </trkpt>
   <trkpt lat="43.2170630" lon="5.4460630">
    <ele>223.9</ele>
    <time>2025-12-04T13:07:59Z</time>
   </trkpt>
   <trkpt lat="43.2170560" lon="5.4460520">
    <ele>224.0</ele>
    <time>2025-12-04T13:08:00Z</time>
   </trkpt>
   <trkpt lat="43.2170480" lon="5.4460230">
    <ele>224.0</ele>
    <time>2025-12-04T13:08:01Z</time>
   </trkpt>
   <trkpt lat="43.2170430" lon="5.4460120">
    <ele>224.0</ele>
    <time>2025-12-04T13:08:02Z</time>
   </trkpt>
   <trkpt lat="43.2170380" lon="5.4460010">
    <ele>224.1</ele>
    <time>2025-12-04T13:08:03Z</time>
   </trkpt>
   <trkpt lat="43.2170320" lon="5.4459860">
    <ele>224.1</ele>
    <time>2025-12-04T13:08:04Z</time>
   </trkpt>
   <trkpt lat="43.2170220" lon="5.4459700">
    <ele>224.1</ele>
    <time>2025-12-04T13:08:05Z</time>
   </trkpt>
   <trkpt lat="43.2170090" lon="5.4459450">
    <ele>224.2</ele>
    <time>2025-12-04T13:08:06Z</time>
   </trkpt>
   <trkpt lat="43.2170050" lon="5.4459350">
    <ele>224.2</ele>
    <time>2025-12-04T13:08:07Z</time>
   </trkpt>
   <trkpt lat="43.2170010" lon="5.4459250">
    <ele>224.2</ele>
    <time>2025-12-04T13:08:08Z</time>
   </trkpt>
   <trkpt lat="43.2169940" lon="5.4459100">
    <ele>224.3</ele>
    <time>2025-12-04T13:08:09Z</time>
   </trkpt>
   <trkpt lat="43.2169840" lon="5.4459000">
    <ele>224.3</ele>
    <time>2025-12-04T13:08:10Z</time>
   </trkpt>
   <trkpt lat="43.2169810" lon="5.4458850">
    <ele>224.3</ele>
    <time>2025-12-04T13:08:11Z</time>
   </trkpt>
   <trkpt lat="43.2169730" lon="5.4458730">
    <ele>224.4</ele>
    <time>2025-12-04T13:08:12Z</time>
   </trkpt>
   <trkpt lat="43.2169660" lon="5.4458600">
    <ele>224.4</ele>
    <time>2025-12-04T13:08:13Z</time>
   </trkpt>
   <trkpt lat="43.2169630" lon="5.4458450">
    <ele>224.4</ele>
    <time>2025-12-04T13:08:14Z</time>
   </trkpt>
   <trkpt lat="43.2169610" lon="5.4458290">
    <ele>224.5</ele>
    <time>2025-12-04T13:08:15Z</time>
   </trkpt>
   <trkpt lat="43.2169600" lon="5.4458120">
    <ele>224.5</ele>
    <time>2025-12-04T13:08:16Z</time>
   </trkpt>
   <trkpt lat="43.2169540" lon="5.4458020">
    <ele>224.6</ele>
    <time>2025-12-04T13:08:17Z</time>
   </trkpt>
   <trkpt lat="43.2169470" lon="5.4457860">
    <ele>224.6</ele>
    <time>2025-12-04T13:08:18Z</time>
   </trkpt>
   <trkpt lat="43.2169450" lon="5.4457670">
    <ele>224.6</ele>
    <time>2025-12-04T13:08:19Z</time>
   </trkpt>
   <trkpt lat="43.2169350" lon="5.4457420">
    <ele>224.7</ele>
    <time>2025-12-04T13:08:20Z</time>
   </trkpt>
   <trkpt lat="43.2169310" lon="5.4457320">
    <ele>224.7</ele>
    <time>2025-12-04T13:08:21Z</time>
   </trkpt>
   <trkpt lat="43.2169260" lon="5.4457210">
    <ele>224.8</ele>
    <time>2025-12-04T13:08:22Z</time>
   </trkpt>
   <trkpt lat="43.2169220" lon="5.4457010">
    <ele>224.8</ele>
    <time>2025-12-04T13:08:23Z</time>
   </trkpt>
   <trkpt lat="43.2169120" lon="5.4456850">
    <ele>224.8</ele>
    <time>2025-12-04T13:08:24Z</time>
   </trkpt>
   <trkpt lat="43.2169030" lon="5.4456700">
    <ele>224.9</ele>
    <time>2025-12-04T13:08:25Z</time>
   </trkpt>
   <trkpt lat="43.2168940" lon="5.4456550">
    <ele>224.9</ele>
    <time>2025-12-04T13:08:26Z</time>
   </trkpt>
   <trkpt lat="43.2168910" lon="5.4456360">
    <ele>225.0</ele>
    <time>2025-12-04T13:08:27Z</time>
   </trkpt>
   <trkpt lat="43.2168840" lon="5.4456180">
    <ele>225.0</ele>
    <time>2025-12-04T13:08:28Z</time>
   </trkpt>
   <trkpt lat="43.2168760" lon="5.4455930">
    <ele>225.0</ele>
    <time>2025-12-04T13:08:29Z</time>
   </trkpt>
   <trkpt lat="43.2168730" lon="5.4455800">
    <ele>225.1</ele>
    <time>2025-12-04T13:08:30Z</time>
   </trkpt>
   <trkpt lat="43.2168690" lon="5.4455680">
    <ele>225.1</ele>
    <time>2025-12-04T13:08:31Z</time>
   </trkpt>
   <trkpt lat="43.2168560" lon="5.4455380">
    <ele>225.1</ele>
    <time>2025-12-04T13:08:32Z</time>
   </trkpt>
   <trkpt lat="43.2168510" lon="5.4455320">
    <ele>225.1</ele>
    <time>2025-12-04T13:08:33Z</time>
   </trkpt>
   <trkpt lat="43.2168460" lon="5.4455260">
    <ele>225.1</ele>
    <time>2025-12-04T13:08:34Z</time>
   </trkpt>
   <trkpt lat="43.2168450" lon="5.4455300">
    <ele>225.1</ele>
    <time>2025-12-04T13:08:35Z</time>
   </trkpt>
   <trkpt lat="43.2168430" lon="5.4455300">
    <ele>225.1</ele>
    <time>2025-12-04T13:08:36Z</time>
   </trkpt>
   <trkpt lat="43.2168480" lon="5.4455270">
    <ele>225.2</ele>
    <time>2025-12-04T13:08:37Z</time>
   </trkpt>
   <trkpt lat="43.2168490" lon="5.4455150">
    <ele>225.2</ele>
    <time>2025-12-04T13:08:38Z</time>
   </trkpt>
   <trkpt lat="43.2168420" lon="5.4455040">
    <ele>225.2</ele>
    <time>2025-12-04T13:08:39Z</time>
   </trkpt>
   <trkpt lat="43.2168340" lon="5.4454920">
    <ele>225.2</ele>
    <time>2025-12-04T13:08:40Z</time>
   </trkpt>
   <trkpt lat="43.2168310" lon="5.4454710">
    <ele>225.2</ele>
    <time>2025-12-04T13:08:41Z</time>
   </trkpt>
   <trkpt lat="43.2168240" lon="5.4454540">
    <ele>225.3</ele>
    <time>2025-12-04T13:08:42Z</time>
   </trkpt>
   <trkpt lat="43.2168120" lon="5.4454390">
    <ele>225.3</ele>
    <time>2025-12-04T13:08:43Z</time>
   </trkpt>
   <trkpt lat="43.2168080" lon="5.4454230">
    <ele>225.3</ele>
    <time>2025-12-04T13:08:44Z</time>
   </trkpt>
   <trkpt lat="43.2168090" lon="5.4454060">
    <ele>225.3</ele>
    <time>2025-12-04T13:08:45Z</time>
   </trkpt>
   <trkpt lat="43.2167900" lon="5.4453880">
    <ele>225.4</ele>
    <time>2025-12-04T13:08:46Z</time>
   </trkpt>
   <trkpt lat="43.2167870" lon="5.4453650">
    <ele>225.4</ele>
    <time>2025-12-04T13:08:47Z</time>
   </trkpt>
   <trkpt lat="43.2167830" lon="5.4453500">
    <ele>225.4</ele>
    <time>2025-12-04T13:08:48Z</time>
   </trkpt>
   <trkpt lat="43.2167790" lon="5.4453350">
    <ele>225.4</ele>
    <time>2025-12-04T13:08:49Z</time>
   </trkpt>
   <trkpt lat="43.2167710" lon="5.4453290">
    <ele>225.4</ele>
    <time>2025-12-04T13:08:50Z</time>
   </trkpt>
   <trkpt lat="43.2167640" lon="5.4453140">
    <ele>225.4</ele>
    <time>2025-12-04T13:08:51Z</time>
   </trkpt>
   <trkpt lat="43.2167540" lon="5.4453060">
    <ele>225.5</ele>
    <time>2025-12-04T13:08:52Z</time>
   </trkpt>
   <trkpt lat="43.2167410" lon="5.4452930">
    <ele>225.5</ele>
    <time>2025-12-04T13:08:53Z</time>
   </trkpt>
   <trkpt lat="43.2167320" lon="5.4452770">
    <ele>225.5</ele>
    <time>2025-12-04T13:08:54Z</time>
   </trkpt>
   <trkpt lat="43.2167180" lon="5.4452650">
    <ele>225.5</ele>
    <time>2025-12-04T13:08:55Z</time>
   </trkpt>
   <trkpt lat="43.2167050" lon="5.4452570">
    <ele>225.6</ele>
    <time>2025-12-04T13:08:56Z</time>
   </trkpt>
   <trkpt lat="43.2166930" lon="5.4452470">
    <ele>225.6</ele>
    <time>2025-12-04T13:08:57Z</time>
   </trkpt>
   <trkpt lat="43.2166800" lon="5.4452350">
    <ele>225.6</ele>
    <time>2025-12-04T13:08:58Z</time>
   </trkpt>
   <trkpt lat="43.2166680" lon="5.4452270">
    <ele>225.6</ele>
    <time>2025-12-04T13:08:59Z</time>
   </trkpt>
   <trkpt lat="43.2166540" lon="5.4452140">
    <ele>225.6</ele>
    <time>2025-12-04T13:09:00Z</time>
   </trkpt>
   <trkpt lat="43.2166420" lon="5.4452050">
    <ele>225.5</ele>
    <time>2025-12-04T13:09:01Z</time>
   </trkpt>
   <trkpt lat="43.2166260" lon="5.4452030">
    <ele>225.5</ele>
    <time>2025-12-04T13:09:02Z</time>
   </trkpt>
   <trkpt lat="43.2166110" lon="5.4452010">
    <ele>225.5</ele>
    <time>2025-12-04T13:09:03Z</time>
   </trkpt>
   <trkpt lat="43.2165960" lon="5.4451940">
    <ele>225.4</ele>
    <time>2025-12-04T13:09:04Z</time>
   </trkpt>
   <trkpt lat="43.2165810" lon="5.4451940">
    <ele>225.4</ele>
    <time>2025-12-04T13:09:05Z</time>
   </trkpt>
   <trkpt lat="43.2165660" lon="5.4451880">
    <ele>225.3</ele>
    <time>2025-12-04T13:09:06Z</time>
   </trkpt>
   <trkpt lat="43.2165530" lon="5.4451790">
    <ele>225.3</ele>
    <time>2025-12-04T13:09:07Z</time>
   </trkpt>
   <trkpt lat="43.2165380" lon="5.4451780">
    <ele>225.2</ele>
    <time>2025-12-04T13:09:08Z</time>
   </trkpt>
   <trkpt lat="43.2165240" lon="5.4451700">
    <ele>225.2</ele>
    <time>2025-12-04T13:09:09Z</time>
   </trkpt>
   <trkpt lat="43.2165100" lon="5.4451640">
    <ele>225.1</ele>
    <time>2025-12-04T13:09:10Z</time>
   </trkpt>
   <trkpt lat="43.2164930" lon="5.4451720">
    <ele>225.0</ele>
    <time>2025-12-04T13:09:11Z</time>
   </trkpt>
   <trkpt lat="43.2164790" lon="5.4451740">
    <ele>225.0</ele>
    <time>2025-12-04T13:09:12Z</time>
   </trkpt>
   <trkpt lat="43.2164650" lon="5.4451690">
    <ele>224.9</ele>
    <time>2025-12-04T13:09:13Z</time>
   </trkpt>
   <trkpt lat="43.2164500" lon="5.4451730">
    <ele>224.8</ele>
    <time>2025-12-04T13:09:14Z</time>
   </trkpt>
   <trkpt lat="43.2164350" lon="5.4451690">
    <ele>224.8</ele>
    <time>2025-12-04T13:09:15Z</time>
   </trkpt>
   <trkpt lat="43.2164210" lon="5.4451590">
    <ele>224.7</ele>
    <time>2025-12-04T13:09:16Z</time>
   </trkpt>
   <trkpt lat="43.2164060" lon="5.4451490">
    <ele>224.6</ele>
    <time>2025-12-04T13:09:17Z</time>
   </trkpt>
   <trkpt lat="43.2163890" lon="5.4451510">
    <ele>224.5</ele>
    <time>2025-12-04T13:09:18Z</time>
   </trkpt>
   <trkpt lat="43.2163740" lon="5.4451530">
    <ele>224.4</ele>
    <time>2025-12-04T13:09:19Z</time>
   </trkpt>
   <trkpt lat="43.2163590" lon="5.4451560">
    <ele>224.3</ele>
    <time>2025-12-04T13:09:20Z</time>
   </trkpt>
   <trkpt lat="43.2163440" lon="5.4451640">
    <ele>224.2</ele>
    <time>2025-12-04T13:09:21Z</time>
   </trkpt>
   <trkpt lat="43.2163290" lon="5.4451610">
    <ele>224.1</ele>
    <time>2025-12-04T13:09:22Z</time>
   </trkpt>
   <trkpt lat="43.2163150" lon="5.4451660">
    <ele>224.0</ele>
    <time>2025-12-04T13:09:23Z</time>
   </trkpt>
   <trkpt lat="43.2163000" lon="5.4451580">
    <ele>223.9</ele>
    <time>2025-12-04T13:09:24Z</time>
   </trkpt>
   <trkpt lat="43.2162850" lon="5.4451510">
    <ele>223.9</ele>
    <time>2025-12-04T13:09:25Z</time>
   </trkpt>
   <trkpt lat="43.2162700" lon="5.4451650">
    <ele>223.7</ele>
    <time>2025-12-04T13:09:26Z</time>
   </trkpt>
   <trkpt lat="43.2162550" lon="5.4451660">
    <ele>223.6</ele>
    <time>2025-12-04T13:09:27Z</time>
   </trkpt>
   <trkpt lat="43.2162410" lon="5.4451700">
    <ele>223.5</ele>
    <time>2025-12-04T13:09:28Z</time>
   </trkpt>
   <trkpt lat="43.2162270" lon="5.4451800">
    <ele>223.4</ele>
    <time>2025-12-04T13:09:29Z</time>
   </trkpt>
   <trkpt lat="43.2162130" lon="5.4451800">
    <ele>223.4</ele>
    <time>2025-12-04T13:09:30Z</time>
   </trkpt>
   <trkpt lat="43.2161980" lon="5.4451830">
    <ele>223.3</ele>
    <time>2025-12-04T13:09:31Z</time>
   </trkpt>
   <trkpt lat="43.2161860" lon="5.4451870">
    <ele>223.2</ele>
    <time>2025-12-04T13:09:32Z</time>
   </trkpt>
   <trkpt lat="43.2161730" lon="5.4451960">
    <ele>223.1</ele>
    <time>2025-12-04T13:09:33Z</time>
   </trkpt>
   <trkpt lat="43.2161600" lon="5.4452070">
    <ele>223.0</ele>
    <time>2025-12-04T13:09:34Z</time>
   </trkpt>
   <trkpt lat="43.2161490" lon="5.4452220">
    <ele>222.9</ele>
    <time>2025-12-04T13:09:35Z</time>
   </trkpt>
   <trkpt lat="43.2161370" lon="5.4452330">
    <ele>222.8</ele>
    <time>2025-12-04T13:09:36Z</time>
   </trkpt>
   <trkpt lat="43.2161220" lon="5.4452450">
    <ele>222.6</ele>
    <time>2025-12-04T13:09:37Z</time>
   </trkpt>
   <trkpt lat="43.2161090" lon="5.4452390">
    <ele>222.5</ele>
    <time>2025-12-04T13:09:38Z</time>
   </trkpt>
   <trkpt lat="43.2160920" lon="5.4452360">
    <ele>222.4</ele>
    <time>2025-12-04T13:09:39Z</time>
   </trkpt>
   <trkpt lat="43.2160770" lon="5.4452440">
    <ele>222.3</ele>
    <time>2025-12-04T13:09:40Z</time>
   </trkpt>
   <trkpt lat="43.2160640" lon="5.4452560">
    <ele>222.2</ele>
    <time>2025-12-04T13:09:41Z</time>
   </trkpt>
   <trkpt lat="43.2160530" lon="5.4452670">
    <ele>222.1</ele>
    <time>2025-12-04T13:09:42Z</time>
   </trkpt>
   <trkpt lat="43.2160400" lon="5.4452780">
    <ele>222.0</ele>
    <time>2025-12-04T13:09:43Z</time>
   </trkpt>
   <trkpt lat="43.2160290" lon="5.4452900">
    <ele>221.9</ele>
    <time>2025-12-04T13:09:44Z</time>
   </trkpt>
   <trkpt lat="43.2160110" lon="5.4453080">
    <ele>221.8</ele>
    <time>2025-12-04T13:09:45Z</time>
   </trkpt>
   <trkpt lat="43.2160030" lon="5.4453160">
    <ele>221.7</ele>
    <time>2025-12-04T13:09:46Z</time>
   </trkpt>
   <trkpt lat="43.2159960" lon="5.4453240">
    <ele>221.6</ele>
    <time>2025-12-04T13:09:47Z</time>
   </trkpt>
   <trkpt lat="43.2159820" lon="5.4453280">
    <ele>221.6</ele>
    <time>2025-12-04T13:09:48Z</time>
   </trkpt>
   <trkpt lat="43.2159700" lon="5.4453360">
    <ele>221.5</ele>
    <time>2025-12-04T13:09:49Z</time>
   </trkpt>
   <trkpt lat="43.2159600" lon="5.4453520">
    <ele>221.4</ele>
    <time>2025-12-04T13:09:50Z</time>
   </trkpt>
   <trkpt lat="43.2159500" lon="5.4453710">
    <ele>221.3</ele>
    <time>2025-12-04T13:09:51Z</time>
   </trkpt>
   <trkpt lat="43.2159380" lon="5.4453800">
    <ele>221.2</ele>
    <time>2025-12-04T13:09:52Z</time>
   </trkpt>
   <trkpt lat="43.2159270" lon="5.4453930">
    <ele>221.2</ele>
    <time>2025-12-04T13:09:53Z</time>
   </trkpt>
   <trkpt lat="43.2159150" lon="5.4454030">
    <ele>221.1</ele>
    <time>2025-12-04T13:09:54Z</time>
   </trkpt>
   <trkpt lat="43.2159040" lon="5.4454120">
    <ele>221.1</ele>
    <time>2025-12-04T13:09:55Z</time>
   </trkpt>
   <trkpt lat="43.2158920" lon="5.4454130">
    <ele>221.0</ele>
    <time>2025-12-04T13:09:56Z</time>
   </trkpt>
   <trkpt lat="43.2158820" lon="5.4454210">
    <ele>221.0</ele>
    <time>2025-12-04T13:09:57Z</time>
   </trkpt>
   <trkpt lat="43.2158750" lon="5.4454350">
    <ele>220.9</ele>
    <time>2025-12-04T13:09:58Z</time>
   </trkpt>
   <trkpt lat="43.2158560" lon="5.4454460">
    <ele>220.9</ele>
    <time>2025-12-04T13:09:59Z</time>
   </trkpt>
   <trkpt lat="43.2158480" lon="5.4454500">
    <ele>220.8</ele>
    <time>2025-12-04T13:10:00Z</time>
   </trkpt>
   <trkpt lat="43.2158410" lon="5.4454550">
    <ele>220.8</ele>
    <time>2025-12-04T13:10:01Z</time>
   </trkpt>
   <trkpt lat="43.2158290" lon="5.4454660">
    <ele>220.8</ele>
    <time>2025-12-04T13:10:02Z</time>
   </trkpt>
   <trkpt lat="43.2158160" lon="5.4454750">
    <ele>220.7</ele>
    <time>2025-12-04T13:10:03Z</time>
   </trkpt>
   <trkpt lat="43.2158020" lon="5.4454950">
    <ele>220.6</ele>
    <time>2025-12-04T13:10:04Z</time>
   </trkpt>
   <trkpt lat="43.2157950" lon="5.4455030">
    <ele>220.6</ele>
    <time>2025-12-04T13:10:05Z</time>
   </trkpt>
   <trkpt lat="43.2157890" lon="5.4455100">
    <ele>220.6</ele>
    <time>2025-12-04T13:10:06Z</time>
   </trkpt>
   <trkpt lat="43.2157800" lon="5.4455220">
    <ele>220.6</ele>
    <time>2025-12-04T13:10:07Z</time>
   </trkpt>
   <trkpt lat="43.2157690" lon="5.4455350">
    <ele>220.5</ele>
    <time>2025-12-04T13:10:08Z</time>
   </trkpt>
   <trkpt lat="43.2157580" lon="5.4455460">
    <ele>220.5</ele>
    <time>2025-12-04T13:10:09Z</time>
   </trkpt>
   <trkpt lat="43.2157470" lon="5.4455550">
    <ele>220.4</ele>
    <time>2025-12-04T13:10:10Z</time>
   </trkpt>
   <trkpt lat="43.2157270" lon="5.4455700">
    <ele>220.4</ele>
    <time>2025-12-04T13:10:11Z</time>
   </trkpt>
   <trkpt lat="43.2157190" lon="5.4455760">
    <ele>220.4</ele>
    <time>2025-12-04T13:10:12Z</time>
   </trkpt>
   <trkpt lat="43.2157110" lon="5.4455830">
    <ele>220.3</ele>
    <time>2025-12-04T13:10:13Z</time>
   </trkpt>
   <trkpt lat="43.2156940" lon="5.4456010">
    <ele>220.3</ele>
    <time>2025-12-04T13:10:14Z</time>
   </trkpt>
   <trkpt lat="43.2156880" lon="5.4456070">
    <ele>220.3</ele>
    <time>2025-12-04T13:10:15Z</time>
   </trkpt>
   <trkpt lat="43.2156810" lon="5.4456140">
    <ele>220.3</ele>
    <time>2025-12-04T13:10:16Z</time>
   </trkpt>
   <trkpt lat="43.2156680" lon="5.4456280">
    <ele>220.2</ele>
    <time>2025-12-04T13:10:17Z</time>
   </trkpt>
   <trkpt lat="43.2156580" lon="5.4456440">
    <ele>220.2</ele>
    <time>2025-12-04T13:10:18Z</time>
   </trkpt>
   <trkpt lat="43.2156380" lon="5.4456590">
    <ele>220.2</ele>
    <time>2025-12-04T13:10:19Z</time>
   </trkpt>
   <trkpt lat="43.2156310" lon="5.4456650">
    <ele>220.2</ele>
    <time>2025-12-04T13:10:20Z</time>
   </trkpt>
   <trkpt lat="43.2156240" lon="5.4456720">
    <ele>220.2</ele>
    <time>2025-12-04T13:10:21Z</time>
   </trkpt>
   <trkpt lat="43.2156130" lon="5.4456960">
    <ele>220.2</ele>
    <time>2025-12-04T13:10:22Z</time>
   </trkpt>
   <trkpt lat="43.2156070" lon="5.4457040">
    <ele>220.2</ele>
    <time>2025-12-04T13:10:23Z</time>
   </trkpt>
   <trkpt lat="43.2156010" lon="5.4457130">
    <ele>220.2</ele>
    <time>2025-12-04T13:10:24Z</time>
   </trkpt>
   <trkpt lat="43.2155870" lon="5.4457360">
    <ele>220.2</ele>
    <time>2025-12-04T13:10:25Z</time>
   </trkpt>
   <trkpt lat="43.2155810" lon="5.4457430">
    <ele>220.2</ele>
    <time>2025-12-04T13:10:26Z</time>
   </trkpt>
   <trkpt lat="43.2155740" lon="5.4457500">
    <ele>220.2</ele>
    <time>2025-12-04T13:10:27Z</time>
   </trkpt>
   <trkpt lat="43.2155640" lon="5.4457620">
    <ele>220.2</ele>
    <time>2025-12-04T13:10:28Z</time>
   </trkpt>
   <trkpt lat="43.2155490" lon="5.4457670">
    <ele>220.2</ele>
    <time>2025-12-04T13:10:29Z</time>
   </trkpt>
   <trkpt lat="43.2155420" lon="5.4457850">
    <ele>220.2</ele>
    <time>2025-12-04T13:10:30Z</time>
   </trkpt>
   <trkpt lat="43.2155370" lon="5.4458020">
    <ele>220.2</ele>
    <time>2025-12-04T13:10:31Z</time>
   </trkpt>
   <trkpt lat="43.2155250" lon="5.4458260">
    <ele>220.2</ele>
    <time>2025-12-04T13:10:32Z</time>
   </trkpt>
   <trkpt lat="43.2155190" lon="5.4458370">
    <ele>220.3</ele>
    <time>2025-12-04T13:10:33Z</time>
   </trkpt>
   <trkpt lat="43.2155140" lon="5.4458470">
    <ele>220.3</ele>
    <time>2025-12-04T13:10:34Z</time>
   </trkpt>
   <trkpt lat="43.2154990" lon="5.4458670">
    <ele>220.3</ele>
    <time>2025-12-04T13:10:35Z</time>
   </trkpt>
   <trkpt lat="43.2154930" lon="5.4458760">
    <ele>220.3</ele>
    <time>2025-12-04T13:10:36Z</time>
   </trkpt>
   <trkpt lat="43.2154870" lon="5.4458840">
    <ele>220.4</ele>
    <time>2025-12-04T13:10:37Z</time>
   </trkpt>
   <trkpt lat="43.2154700" lon="5.4459030">
    <ele>220.4</ele>
    <time>2025-12-04T13:10:38Z</time>
   </trkpt>
   <trkpt lat="43.2154630" lon="5.4459090">
    <ele>220.5</ele>
    <time>2025-12-04T13:10:39Z</time>
   </trkpt>
   <trkpt lat="43.2154570" lon="5.4459160">
    <ele>220.5</ele>
    <time>2025-12-04T13:10:40Z</time>
   </trkpt>
   <trkpt lat="43.2154430" lon="5.4459420">
    <ele>220.6</ele>
    <time>2025-12-04T13:10:41Z</time>
   </trkpt>
   <trkpt lat="43.2154390" lon="5.4459550">
    <ele>220.6</ele>
    <time>2025-12-04T13:10:42Z</time>
   </trkpt>
   <trkpt lat="43.2154350" lon="5.4459670">
    <ele>220.6</ele>
    <time>2025-12-04T13:10:43Z</time>
   </trkpt>
   <trkpt lat="43.2154250" lon="5.4459780">
    <ele>220.7</ele>
    <time>2025-12-04T13:10:44Z</time>
   </trkpt>
   <trkpt lat="43.2154150" lon="5.4459910">
    <ele>220.7</ele>
    <time>2025-12-04T13:10:45Z</time>
   </trkpt>
   <trkpt lat="43.2153990" lon="5.4460110">
    <ele>220.8</ele>
    <time>2025-12-04T13:10:46Z</time>
   </trkpt>
   <trkpt lat="43.2153920" lon="5.4460180">
    <ele>220.9</ele>
    <time>2025-12-04T13:10:47Z</time>
   </trkpt>
   <trkpt lat="43.2153850" lon="5.4460260">
    <ele>220.9</ele>
    <time>2025-12-04T13:10:48Z</time>
   </trkpt>
   <trkpt lat="43.2153720" lon="5.4460500">
    <ele>221.0</ele>
    <time>2025-12-04T13:10:49Z</time>
   </trkpt>
   <trkpt lat="43.2153660" lon="5.4460600">
    <ele>221.1</ele>
    <time>2025-12-04T13:10:50Z</time>
   </trkpt>
   <trkpt lat="43.2153610" lon="5.4460690">
    <ele>221.1</ele>
    <time>2025-12-04T13:10:51Z</time>
   </trkpt>
   <trkpt lat="43.2153470" lon="5.4460900">
    <ele>221.2</ele>
    <time>2025-12-04T13:10:52Z</time>
   </trkpt>
   <trkpt lat="43.2153400" lon="5.4460990">
    <ele>221.2</ele>
    <time>2025-12-04T13:10:53Z</time>
   </trkpt>
   <trkpt lat="43.2153340" lon="5.4461070">
    <ele>221.3</ele>
    <time>2025-12-04T13:10:54Z</time>
   </trkpt>
   <trkpt lat="43.2153170" lon="5.4461260">
    <ele>221.4</ele>
    <time>2025-12-04T13:10:55Z</time>
   </trkpt>
   <trkpt lat="43.2153110" lon="5.4461330">
    <ele>221.4</ele>
    <time>2025-12-04T13:10:56Z</time>
   </trkpt>
   <trkpt lat="43.2153040" lon="5.4461400">
    <ele>221.4</ele>
    <time>2025-12-04T13:10:57Z</time>
   </trkpt>
   <trkpt lat="43.2152880" lon="5.4461600">
    <ele>221.5</ele>
    <time>2025-12-04T13:10:58Z</time>
   </trkpt>
   <trkpt lat="43.2152820" lon="5.4461690">
    <ele>221.6</ele>
    <time>2025-12-04T13:10:59Z</time>
   </trkpt>
   <trkpt lat="43.2152750" lon="5.4461770">
    <ele>221.6</ele>
    <time>2025-12-04T13:11:00Z</time>
   </trkpt>
   <trkpt lat="43.2152620" lon="5.4461950">
    <ele>221.7</ele>
    <time>2025-12-04T13:11:01Z</time>
   </trkpt>
   <trkpt lat="43.2152550" lon="5.4462050">
    <ele>221.7</ele>
    <time>2025-12-04T13:11:02Z</time>
   </trkpt>
   <trkpt lat="43.2152490" lon="5.4462150">
    <ele>221.8</ele>
    <time>2025-12-04T13:11:03Z</time>
   </trkpt>
   <trkpt lat="43.2152410" lon="5.4462440">
    <ele>221.9</ele>
    <time>2025-12-04T13:11:04Z</time>
   </trkpt>
   <trkpt lat="43.2152340" lon="5.4462510">
    <ele>221.9</ele>
    <time>2025-12-04T13:11:05Z</time>
   </trkpt>
   <trkpt lat="43.2152280" lon="5.4462590">
    <ele>222.0</ele>
    <time>2025-12-04T13:11:06Z</time>
   </trkpt>
   <trkpt lat="43.2152100" lon="5.4462780">
    <ele>222.1</ele>
    <time>2025-12-04T13:11:07Z</time>
   </trkpt>
   <trkpt lat="43.2152050" lon="5.4462860">
    <ele>222.1</ele>
    <time>2025-12-04T13:11:08Z</time>
   </trkpt>
   <trkpt lat="43.2151990" lon="5.4462950">
    <ele>222.1</ele>
    <time>2025-12-04T13:11:09Z</time>
   </trkpt>
   <trkpt lat="43.2151900" lon="5.4463060">
    <ele>222.2</ele>
    <time>2025-12-04T13:11:10Z</time>
   </trkpt>
   <trkpt lat="43.2151790" lon="5.4463140">
    <ele>222.2</ele>
    <time>2025-12-04T13:11:11Z</time>
   </trkpt>
   <trkpt lat="43.2151710" lon="5.4463260">
    <ele>222.3</ele>
    <time>2025-12-04T13:11:12Z</time>
   </trkpt>
   <trkpt lat="43.2151540" lon="5.4463430">
    <ele>222.4</ele>
    <time>2025-12-04T13:11:13Z</time>
   </trkpt>
   <trkpt lat="43.2151480" lon="5.4463520">
    <ele>222.4</ele>
    <time>2025-12-04T13:11:14Z</time>
   </trkpt>
   <trkpt lat="43.2151420" lon="5.4463600">
    <ele>222.4</ele>
    <time>2025-12-04T13:11:15Z</time>
   </trkpt>
   <trkpt lat="43.2151270" lon="5.4463800">
    <ele>222.5</ele>
    <time>2025-12-04T13:11:16Z</time>
   </trkpt>
   <trkpt lat="43.2151200" lon="5.4463850">
    <ele>222.5</ele>
    <time>2025-12-04T13:11:17Z</time>
   </trkpt>
   <trkpt lat="43.2151120" lon="5.4463910">
    <ele>222.6</ele>
    <time>2025-12-04T13:11:18Z</time>
   </trkpt>
   <trkpt lat="43.2151010" lon="5.4464000">
    <ele>222.6</ele>
    <time>2025-12-04T13:11:19Z</time>
   </trkpt>
   <trkpt lat="43.2150860" lon="5.4464030">
    <ele>222.7</ele>
    <time>2025-12-04T13:11:20Z</time>
   </trkpt>
   <trkpt lat="43.2150670" lon="5.4464170">
    <ele>222.7</ele>
    <time>2025-12-04T13:11:21Z</time>
   </trkpt>
   <trkpt lat="43.2150590" lon="5.4464210">
    <ele>222.8</ele>
    <time>2025-12-04T13:11:22Z</time>
   </trkpt>
   <trkpt lat="43.2150510" lon="5.4464240">
    <ele>222.8</ele>
    <time>2025-12-04T13:11:23Z</time>
   </trkpt>
   <trkpt lat="43.2150340" lon="5.4464410">
    <ele>222.9</ele>
    <time>2025-12-04T13:11:24Z</time>
   </trkpt>
   <trkpt lat="43.2150280" lon="5.4464500">
    <ele>222.9</ele>
    <time>2025-12-04T13:11:25Z</time>
   </trkpt>
   <trkpt lat="43.2150220" lon="5.4464580">
    <ele>223.0</ele>
    <time>2025-12-04T13:11:26Z</time>
   </trkpt>
   <trkpt lat="43.2150050" lon="5.4464770">
    <ele>223.0</ele>
    <time>2025-12-04T13:11:27Z</time>
   </trkpt>
   <trkpt lat="43.2149980" lon="5.4464810">
    <ele>223.1</ele>
    <time>2025-12-04T13:11:28Z</time>
   </trkpt>
   <trkpt lat="43.2149900" lon="5.4464860">
    <ele>223.1</ele>
    <time>2025-12-04T13:11:29Z</time>
   </trkpt>
   <trkpt lat="43.2149760" lon="5.4465070">
    <ele>223.2</ele>
    <time>2025-12-04T13:11:30Z</time>
   </trkpt>
   <trkpt lat="43.2149700" lon="5.4465160">
    <ele>223.2</ele>
    <time>2025-12-04T13:11:31Z</time>
   </trkpt>
   <trkpt lat="43.2149650" lon="5.4465260">
    <ele>223.2</ele>
    <time>2025-12-04T13:11:32Z</time>
   </trkpt>
   <trkpt lat="43.2149490" lon="5.4465440">
    <ele>223.3</ele>
    <time>2025-12-04T13:11:33Z</time>
   </trkpt>
   <trkpt lat="43.2149400" lon="5.4465490">
    <ele>223.4</ele>
    <time>2025-12-04T13:11:34Z</time>
   </trkpt>
   <trkpt lat="43.2149320" lon="5.4465530">
    <ele>223.4</ele>
    <time>2025-12-04T13:11:35Z</time>
   </trkpt>
   <trkpt lat="43.2149190" lon="5.4465720">
    <ele>223.5</ele>
    <time>2025-12-04T13:11:36Z</time>
   </trkpt>
   <trkpt lat="43.2149120" lon="5.4465810">
    <ele>223.5</ele>
    <time>2025-12-04T13:11:37Z</time>
   </trkpt>
   <trkpt lat="43.2149060" lon="5.4465890">
    <ele>223.6</ele>
    <time>2025-12-04T13:11:38Z</time>
   </trkpt>
   <trkpt lat="43.2148960" lon="5.4466010">
    <ele>223.7</ele>
    <time>2025-12-04T13:11:39Z</time>
   </trkpt>
   <trkpt lat="43.2148860" lon="5.4466140">
    <ele>223.7</ele>
    <time>2025-12-04T13:11:40Z</time>
   </trkpt>
   <trkpt lat="43.2148700" lon="5.4466320">
    <ele>223.8</ele>
    <time>2025-12-04T13:11:41Z</time>
   </trkpt>
   <trkpt lat="43.2148650" lon="5.4466410">
    <ele>223.9</ele>
    <time>2025-12-04T13:11:42Z</time>
   </trkpt>
   <trkpt lat="43.2148590" lon="5.4466490">
    <ele>223.9</ele>
    <time>2025-12-04T13:11:43Z</time>
   </trkpt>
   <trkpt lat="43.2148420" lon="5.4466670">
    <ele>224.0</ele>
    <time>2025-12-04T13:11:44Z</time>
   </trkpt>
   <trkpt lat="43.2148360" lon="5.4466750">
    <ele>224.1</ele>
    <time>2025-12-04T13:11:45Z</time>
   </trkpt>
   <trkpt lat="43.2148300" lon="5.4466840">
    <ele>224.1</ele>
    <time>2025-12-04T13:11:46Z</time>
   </trkpt>
   <trkpt lat="43.2148130" lon="5.4467010">
    <ele>224.2</ele>
    <time>2025-12-04T13:11:47Z</time>
   </trkpt>
   <trkpt lat="43.2148060" lon="5.4467080">
    <ele>224.3</ele>
    <time>2025-12-04T13:11:48Z</time>
   </trkpt>
   <trkpt lat="43.2147990" lon="5.4467140">
    <ele>224.3</ele>
    <time>2025-12-04T13:11:49Z</time>
   </trkpt>
   <trkpt lat="43.2147890" lon="5.4467290">
    <ele>224.4</ele>
    <time>2025-12-04T13:11:50Z</time>
   </trkpt>
   <trkpt lat="43.2147800" lon="5.4467420">
    <ele>224.5</ele>
    <time>2025-12-04T13:11:51Z</time>
   </trkpt>
   <trkpt lat="43.2147650" lon="5.4467640">
    <ele>224.6</ele>
    <time>2025-12-04T13:11:52Z</time>
   </trkpt>
   <trkpt lat="43.2147570" lon="5.4467710">
    <ele>224.6</ele>
    <time>2025-12-04T13:11:53Z</time>
   </trkpt>
   <trkpt lat="43.2147500" lon="5.4467790">
    <ele>224.7</ele>
    <time>2025-12-04T13:11:54Z</time>
   </trkpt>
   <trkpt lat="43.2147350" lon="5.4468000">
    <ele>224.8</ele>
    <time>2025-12-04T13:11:55Z</time>
   </trkpt>
   <trkpt lat="43.2147310" lon="5.4468120">
    <ele>224.9</ele>
    <time>2025-12-04T13:11:56Z</time>
   </trkpt>
   <trkpt lat="43.2147260" lon="5.4468230">
    <ele>224.9</ele>
    <time>2025-12-04T13:11:57Z</time>
   </trkpt>
   <trkpt lat="43.2147110" lon="5.4468440">
    <ele>225.0</ele>
    <time>2025-12-04T13:11:58Z</time>
   </trkpt>
   <trkpt lat="43.2147040" lon="5.4468520">
    <ele>225.1</ele>
    <time>2025-12-04T13:11:59Z</time>
   </trkpt>
   <trkpt lat="43.2146970" lon="5.4468610">
    <ele>225.1</ele>
    <time>2025-12-04T13:12:00Z</time>
   </trkpt>
   <trkpt lat="43.2146830" lon="5.4468820">
    <ele>225.3</ele>
    <time>2025-12-04T13:12:01Z</time>
   </trkpt>
   <trkpt lat="43.2146770" lon="5.4468910">
    <ele>225.3</ele>
    <time>2025-12-04T13:12:02Z</time>
   </trkpt>
   <trkpt lat="43.2146720" lon="5.4469000">
    <ele>225.4</ele>
    <time>2025-12-04T13:12:03Z</time>
   </trkpt>
   <trkpt lat="43.2146640" lon="5.4469240">
    <ele>225.5</ele>
    <time>2025-12-04T13:12:04Z</time>
   </trkpt>
   <trkpt lat="43.2146620" lon="5.4469370">
    <ele>225.5</ele>
    <time>2025-12-04T13:12:05Z</time>
   </trkpt>
   <trkpt lat="43.2146600" lon="5.4469500">
    <ele>225.6</ele>
    <time>2025-12-04T13:12:06Z</time>
   </trkpt>
   <trkpt lat="43.2146530" lon="5.4469660">
    <ele>225.6</ele>
    <time>2025-12-04T13:12:07Z</time>
   </trkpt>
   <trkpt lat="43.2146450" lon="5.4469810">
    <ele>225.7</ele>
    <time>2025-12-04T13:12:08Z</time>
   </trkpt>
   <trkpt lat="43.2146390" lon="5.4469980">
    <ele>225.8</ele>
    <time>2025-12-04T13:12:09Z</time>
   </trkpt>
   <trkpt lat="43.2146280" lon="5.4470120">
    <ele>225.9</ele>
    <time>2025-12-04T13:12:10Z</time>
   </trkpt>
   <trkpt lat="43.2146230" lon="5.4470310">
    <ele>226.0</ele>
    <time>2025-12-04T13:12:11Z</time>
   </trkpt>
   <trkpt lat="43.2146140" lon="5.4470460">
    <ele>226.1</ele>
    <time>2025-12-04T13:12:12Z</time>
   </trkpt>
   <trkpt lat="43.2146070" lon="5.4470620">
    <ele>226.1</ele>
    <time>2025-12-04T13:12:13Z</time>
   </trkpt>
   <trkpt lat="43.2146000" lon="5.4470790">
    <ele>226.2</ele>
    <time>2025-12-04T13:12:14Z</time>
   </trkpt>
   <trkpt lat="43.2145890" lon="5.4470920">
    <ele>226.3</ele>
    <time>2025-12-04T13:12:15Z</time>
   </trkpt>
   <trkpt lat="43.2145850" lon="5.4471100">
    <ele>226.4</ele>
    <time>2025-12-04T13:12:16Z</time>
   </trkpt>
   <trkpt lat="43.2145820" lon="5.4471210">
    <ele>226.4</ele>
    <time>2025-12-04T13:12:17Z</time>
   </trkpt>
   <trkpt lat="43.2145820" lon="5.4471370">
    <ele>226.5</ele>
    <time>2025-12-04T13:12:18Z</time>
   </trkpt>
   <trkpt lat="43.2145790" lon="5.4471560">
    <ele>226.6</ele>
    <time>2025-12-04T13:12:19Z</time>
   </trkpt>
   <trkpt lat="43.2145670" lon="5.4471800">
    <ele>226.7</ele>
    <time>2025-12-04T13:12:20Z</time>
   </trkpt>
   <trkpt lat="43.2145640" lon="5.4471910">
    <ele>226.7</ele>
    <time>2025-12-04T13:12:21Z</time>
   </trkpt>
   <trkpt lat="43.2145610" lon="5.4472010">
    <ele>226.8</ele>
    <time>2025-12-04T13:12:22Z</time>
   </trkpt>
   <trkpt lat="43.2145600" lon="5.4472110">
    <ele>226.8</ele>
    <time>2025-12-04T13:12:23Z</time>
   </trkpt>
   <trkpt lat="43.2145590" lon="5.4472240">
    <ele>226.9</ele>
    <time>2025-12-04T13:12:24Z</time>
   </trkpt>
   <trkpt lat="43.2145500" lon="5.4472420">
    <ele>227.0</ele>
    <time>2025-12-04T13:12:25Z</time>
   </trkpt>
   <trkpt lat="43.2145500" lon="5.4472550">
    <ele>227.0</ele>
    <time>2025-12-04T13:12:26Z</time>
   </trkpt>
   <trkpt lat="43.2145570" lon="5.4472630">
    <ele>227.1</ele>
    <time>2025-12-04T13:12:27Z</time>
   </trkpt>
   <trkpt lat="43.2145510" lon="5.4472820">
    <ele>227.1</ele>
    <time>2025-12-04T13:12:28Z</time>
   </trkpt>
   <trkpt lat="43.2145410" lon="5.4473060">
    <ele>227.3</ele>
    <time>2025-12-04T13:12:29Z</time>
   </trkpt>
   <trkpt lat="43.2145400" lon="5.4473230">
    <ele>227.3</ele>
    <time>2025-12-04T13:12:30Z</time>
   </trkpt>
   <trkpt lat="43.2145420" lon="5.4473300">
    <ele>227.3</ele>
    <time>2025-12-04T13:12:31Z</time>
   </trkpt>
   <trkpt lat="43.2145380" lon="5.4473410">
    <ele>227.4</ele>
    <time>2025-12-04T13:12:32Z</time>
   </trkpt>
   <trkpt lat="43.2145310" lon="5.4473500">
    <ele>227.4</ele>
    <time>2025-12-04T13:12:33Z</time>
   </trkpt>
   <trkpt lat="43.2145250" lon="5.4473650">
    <ele>227.5</ele>
    <time>2025-12-04T13:12:34Z</time>
   </trkpt>
   <trkpt lat="43.2145180" lon="5.4473950">
    <ele>227.6</ele>
    <time>2025-12-04T13:12:35Z</time>
   </trkpt>
   <trkpt lat="43.2145160" lon="5.4474110">
    <ele>227.7</ele>
    <time>2025-12-04T13:12:36Z</time>
   </trkpt>
   <trkpt lat="43.2145130" lon="5.4474260">
    <ele>227.8</ele>
    <time>2025-12-04T13:12:37Z</time>
   </trkpt>
   <trkpt lat="43.2145140" lon="5.4474310">
    <ele>227.8</ele>
    <time>2025-12-04T13:12:38Z</time>
   </trkpt>
   <trkpt lat="43.2145100" lon="5.4474470">
    <ele>227.8</ele>
    <time>2025-12-04T13:12:39Z</time>
   </trkpt>
   <trkpt lat="43.2145040" lon="5.4474620">
    <ele>227.9</ele>
    <time>2025-12-04T13:12:40Z</time>
   </trkpt>
   <trkpt lat="43.2145020" lon="5.4474890">
    <ele>228.0</ele>
    <time>2025-12-04T13:12:41Z</time>
   </trkpt>
   <trkpt lat="43.2144980" lon="5.4475010">
    <ele>228.1</ele>
    <time>2025-12-04T13:12:42Z</time>
   </trkpt>
   <trkpt lat="43.2144950" lon="5.4475120">
    <ele>228.1</ele>
    <time>2025-12-04T13:12:43Z</time>
   </trkpt>
   <trkpt lat="43.2144860" lon="5.4475350">
    <ele>228.2</ele>
    <time>2025-12-04T13:12:44Z</time>
   </trkpt>
   <trkpt lat="43.2144890" lon="5.4475420">
    <ele>228.2</ele>
    <time>2025-12-04T13:12:45Z</time>
   </trkpt>
   <trkpt lat="43.2144860" lon="5.4475600">
    <ele>228.3</ele>
    <time>2025-12-04T13:12:46Z</time>
   </trkpt>
   <trkpt lat="43.2144780" lon="5.4475730">
    <ele>228.3</ele>
    <time>2025-12-04T13:12:47Z</time>
   </trkpt>
   <trkpt lat="43.2144760" lon="5.4475840">
    <ele>228.4</ele>
    <time>2025-12-04T13:12:48Z</time>
   </trkpt>
   <trkpt lat="43.2144680" lon="5.4475980">
    <ele>228.4</ele>
    <time>2025-12-04T13:12:49Z</time>
   </trkpt>
   <trkpt lat="43.2144630" lon="5.4476160">
    <ele>228.5</ele>
    <time>2025-12-04T13:12:50Z</time>
   </trkpt>
   <trkpt lat="43.2144530" lon="5.4476340">
    <ele>228.5</ele>
    <time>2025-12-04T13:12:51Z</time>
   </trkpt>
   <trkpt lat="43.2144410" lon="5.4476610">
    <ele>228.6</ele>
    <time>2025-12-04T13:12:52Z</time>
   </trkpt>
   <trkpt lat="43.2144360" lon="5.4476700">
    <ele>228.7</ele>
    <time>2025-12-04T13:12:53Z</time>
   </trkpt>
   <trkpt lat="43.2144320" lon="5.4476790">
    <ele>228.7</ele>
    <time>2025-12-04T13:12:54Z</time>
   </trkpt>
   <trkpt lat="43.2144210" lon="5.4477030">
    <ele>228.8</ele>
    <time>2025-12-04T13:12:55Z</time>
   </trkpt>
   <trkpt lat="43.2144170" lon="5.4477140">
    <ele>228.8</ele>
    <time>2025-12-04T13:12:56Z</time>
   </trkpt>
   <trkpt lat="43.2144120" lon="5.4477260">
    <ele>228.8</ele>
    <time>2025-12-04T13:12:57Z</time>
   </trkpt>
   <trkpt lat="43.2144010" lon="5.4477470">
    <ele>228.9</ele>
    <time>2025-12-04T13:12:58Z</time>
   </trkpt>
   <trkpt lat="43.2143950" lon="5.4477550">
    <ele>229.0</ele>
    <time>2025-12-04T13:12:59Z</time>
   </trkpt>
   <trkpt lat="43.2143880" lon="5.4477640">
    <ele>229.0</ele>
    <time>2025-12-04T13:13:00Z</time>
   </trkpt>
   <trkpt lat="43.2143790" lon="5.4477770">
    <ele>229.1</ele>
    <time>2025-12-04T13:13:01Z</time>
   </trkpt>
   <trkpt lat="43.2143680" lon="5.4477910">
    <ele>229.2</ele>
    <time>2025-12-04T13:13:02Z</time>
   </trkpt>
   <trkpt lat="43.2143570" lon="5.4477930">
    <ele>229.3</ele>
    <time>2025-12-04T13:13:03Z</time>
   </trkpt>
   <trkpt lat="43.2143490" lon="5.4477900">
    <ele>229.3</ele>
    <time>2025-12-04T13:13:04Z</time>
   </trkpt>
   <trkpt lat="43.2143370" lon="5.4477920">
    <ele>229.4</ele>
    <time>2025-12-04T13:13:05Z</time>
   </trkpt>
   <trkpt lat="43.2143280" lon="5.4477970">
    <ele>229.4</ele>
    <time>2025-12-04T13:13:06Z</time>
   </trkpt>
   <trkpt lat="43.2143200" lon="5.4477930">
    <ele>229.5</ele>
    <time>2025-12-04T13:13:07Z</time>
   </trkpt>
   <trkpt lat="43.2143140" lon="5.4477960">
    <ele>229.5</ele>
    <time>2025-12-04T13:13:08Z</time>
   </trkpt>
   <trkpt lat="43.2143050" lon="5.4477940">
    <ele>229.6</ele>
    <time>2025-12-04T13:13:09Z</time>
   </trkpt>
   <trkpt lat="43.2143010" lon="5.4477910">
    <ele>229.6</ele>
    <time>2025-12-04T13:13:10Z</time>
   </trkpt>
   <trkpt lat="43.2142840" lon="5.4477970">
    <ele>229.8</ele>
    <time>2025-12-04T13:13:11Z</time>
   </trkpt>
   <trkpt lat="43.2142700" lon="5.4477960">
    <ele>229.9</ele>
    <time>2025-12-04T13:13:12Z</time>
   </trkpt>
   <trkpt lat="43.2142640" lon="5.4477990">
    <ele>229.9</ele>
    <time>2025-12-04T13:13:13Z</time>
   </trkpt>
   <trkpt lat="43.2142590" lon="5.4477960">
    <ele>230.0</ele>
    <time>2025-12-04T13:13:14Z</time>
   </trkpt>
   <trkpt lat="43.2142490" lon="5.4477920">
    <ele>230.0</ele>
    <time>2025-12-04T13:13:15Z</time>
   </trkpt>
   <trkpt lat="43.2142410" lon="5.4477930">
    <ele>230.1</ele>
    <time>2025-12-04T13:13:16Z</time>
   </trkpt>
   <trkpt lat="43.2142330" lon="5.4477950">
    <ele>230.2</ele>
    <time>2025-12-04T13:13:17Z</time>
   </trkpt>
   <trkpt lat="43.2142240" lon="5.4477970">
    <ele>230.2</ele>
    <time>2025-12-04T13:13:18Z</time>
   </trkpt>
   <trkpt lat="43.2142190" lon="5.4477940">
    <ele>230.3</ele>
    <time>2025-12-04T13:13:19Z</time>
   </trkpt>
   <trkpt lat="43.2142130" lon="5.4477920">
    <ele>230.3</ele>
    <time>2025-12-04T13:13:20Z</time>
   </trkpt>
   <trkpt lat="43.2142110" lon="5.4477880">
    <ele>230.4</ele>
    <time>2025-12-04T13:13:21Z</time>
   </trkpt>
   <trkpt lat="43.2142050" lon="5.4477890">
    <ele>230.4</ele>
    <time>2025-12-04T13:13:22Z</time>
   </trkpt>
   <trkpt lat="43.2141940" lon="5.4477820">
    <ele>230.5</ele>
    <time>2025-12-04T13:13:23Z</time>
   </trkpt>
   <trkpt lat="43.2141840" lon="5.4477780">
    <ele>230.6</ele>
    <time>2025-12-04T13:13:24Z</time>
   </trkpt>
   <trkpt lat="43.2141790" lon="5.4477780">
    <ele>230.6</ele>
    <time>2025-12-04T13:13:25Z</time>
   </trkpt>
   <trkpt lat="43.2141680" lon="5.4477790">
    <ele>230.7</ele>
    <time>2025-12-04T13:13:26Z</time>
   </trkpt>
   <trkpt lat="43.2141620" lon="5.4477800">
    <ele>230.8</ele>
    <time>2025-12-04T13:13:27Z</time>
   </trkpt>
   <trkpt lat="43.2141520" lon="5.4477770">
    <ele>230.9</ele>
    <time>2025-12-04T13:13:28Z</time>
   </trkpt>
   <trkpt lat="43.2141460" lon="5.4477800">
    <ele>230.9</ele>
    <time>2025-12-04T13:13:29Z</time>
   </trkpt>
   <trkpt lat="43.2141360" lon="5.4477740">
    <ele>231.0</ele>
    <time>2025-12-04T13:13:30Z</time>
   </trkpt>
   <trkpt lat="43.2141320" lon="5.4477830">
    <ele>231.1</ele>
    <time>2025-12-04T13:13:31Z</time>
   </trkpt>
   <trkpt lat="43.2141250" lon="5.4477870">
    <ele>231.2</ele>
    <time>2025-12-04T13:13:32Z</time>
   </trkpt>
   <trkpt lat="43.2141230" lon="5.4478010">
    <ele>231.2</ele>
    <time>2025-12-04T13:13:33Z</time>
   </trkpt>
   <trkpt lat="43.2141190" lon="5.4478000">
    <ele>231.3</ele>
    <time>2025-12-04T13:13:34Z</time>
   </trkpt>
   <trkpt lat="43.2141160" lon="5.4478050">
    <ele>231.3</ele>
    <time>2025-12-04T13:13:35Z</time>
   </trkpt>
   <trkpt lat="43.2141170" lon="5.4478010">
    <ele>231.4</ele>
    <time>2025-12-04T13:13:36Z</time>
   </trkpt>
   <trkpt lat="43.2141100" lon="5.4477940">
    <ele>231.5</ele>
    <time>2025-12-04T13:13:37Z</time>
   </trkpt>
   <trkpt lat="43.2141060" lon="5.4478000">
    <ele>231.5</ele>
    <time>2025-12-04T13:13:38Z</time>
   </trkpt>
   <trkpt lat="43.2140970" lon="5.4478100">
    <ele>231.6</ele>
    <time>2025-12-04T13:13:39Z</time>
   </trkpt>
   <trkpt lat="43.2140820" lon="5.4478220">
    <ele>231.8</ele>
    <time>2025-12-04T13:13:40Z</time>
   </trkpt>
   <trkpt lat="43.2140730" lon="5.4478300">
    <ele>231.9</ele>
    <time>2025-12-04T13:13:41Z</time>
   </trkpt>
   <trkpt lat="43.2140650" lon="5.4478390">
    <ele>232.1</ele>
    <time>2025-12-04T13:13:42Z</time>
   </trkpt>
   <trkpt lat="43.2140520" lon="5.4478490">
    <ele>232.2</ele>
    <time>2025-12-04T13:13:43Z</time>
   </trkpt>
   <trkpt lat="43.2140410" lon="5.4478500">
    <ele>232.4</ele>
    <time>2025-12-04T13:13:44Z</time>
   </trkpt>
   <trkpt lat="43.2140350" lon="5.4478530">
    <ele>232.4</ele>
    <time>2025-12-04T13:13:45Z</time>
   </trkpt>
   <trkpt lat="43.2140410" lon="5.4478640">
    <ele>232.6</ele>
    <time>2025-12-04T13:13:46Z</time>
   </trkpt>
   <trkpt lat="43.2140370" lon="5.4478550">
    <ele>232.7</ele>
    <time>2025-12-04T13:13:47Z</time>
   </trkpt>
   <trkpt lat="43.2140340" lon="5.4478570">
    <ele>232.7</ele>
    <time>2025-12-04T13:13:48Z</time>
   </trkpt>
   <trkpt lat="43.2140330" lon="5.4478620">
    <ele>232.8</ele>
    <time>2025-12-04T13:13:49Z</time>
   </trkpt>
   <trkpt lat="43.2140300" lon="5.4478690">
    <ele>232.8</ele>
    <time>2025-12-04T13:13:50Z</time>
   </trkpt>
   <trkpt lat="43.2140280" lon="5.4478660">
    <ele>232.9</ele>
    <time>2025-12-04T13:13:51Z</time>
   </trkpt>
   <trkpt lat="43.2140340" lon="5.4478700">
    <ele>233.0</ele>
    <time>2025-12-04T13:13:52Z</time>
   </trkpt>
   <trkpt lat="43.2140340" lon="5.4478700">
    <ele>233.0</ele>
    <time>2025-12-04T13:13:53Z</time>
   </trkpt>
   <trkpt lat="43.2140340" lon="5.4478700">
    <ele>233.0</ele>
    <time>2025-12-04T13:13:54Z</time>
   </trkpt>
   <trkpt lat="43.2140320" lon="5.4478650">
    <ele>233.0</ele>
    <time>2025-12-04T13:13:55Z</time>
   </trkpt>
   <trkpt lat="43.2140310" lon="5.4478660">
    <ele>233.0</ele>
    <time>2025-12-04T13:13:56Z</time>
   </trkpt>
   <trkpt lat="43.2140310" lon="5.4478660">
    <ele>233.0</ele>
    <time>2025-12-04T13:13:57Z</time>
   </trkpt>
   <trkpt lat="43.2140310" lon="5.4478660">
    <ele>233.0</ele>
    <time>2025-12-04T13:13:58Z</time>
   </trkpt>
   <trkpt lat="43.2140290" lon="5.4478590">
    <ele>233.1</ele>
    <time>2025-12-04T13:13:59Z</time>
   </trkpt>
   <trkpt lat="43.2140290" lon="5.4478600">
    <ele>233.1</ele>
    <time>2025-12-04T13:14:00Z</time>
   </trkpt>
   <trkpt lat="43.2140280" lon="5.4478590">
    <ele>233.1</ele>
    <time>2025-12-04T13:14:01Z</time>
   </trkpt>
   <trkpt lat="43.2140270" lon="5.4478560">
    <ele>233.1</ele>
    <time>2025-12-04T13:14:02Z</time>
   </trkpt>
   <trkpt lat="43.2140260" lon="5.4478600">
    <ele>233.2</ele>
    <time>2025-12-04T13:14:03Z</time>
   </trkpt>
   <trkpt lat="43.2140290" lon="5.4478550">
    <ele>233.2</ele>
    <time>2025-12-04T13:14:04Z</time>
   </trkpt>
   <trkpt lat="43.2140330" lon="5.4478520">
    <ele>233.3</ele>
    <time>2025-12-04T13:14:05Z</time>
   </trkpt>
   <trkpt lat="43.2140320" lon="5.4478450">
    <ele>233.4</ele>
    <time>2025-12-04T13:14:06Z</time>
   </trkpt>
   <trkpt lat="43.2140300" lon="5.4478530">
    <ele>233.4</ele>
    <time>2025-12-04T13:14:07Z</time>
   </trkpt>
   <trkpt lat="43.2140280" lon="5.4478570">
    <ele>233.5</ele>
    <time>2025-12-04T13:14:08Z</time>
   </trkpt>
   <trkpt lat="43.2140290" lon="5.4478500">
    <ele>233.6</ele>
    <time>2025-12-04T13:14:09Z</time>
   </trkpt>
   <trkpt lat="43.2140260" lon="5.4478550">
    <ele>233.6</ele>
    <time>2025-12-04T13:14:10Z</time>
   </trkpt>
   <trkpt lat="43.2140270" lon="5.4478600">
    <ele>233.7</ele>
    <time>2025-12-04T13:14:11Z</time>
   </trkpt>
   <trkpt lat="43.2140220" lon="5.4478800">
    <ele>233.9</ele>
    <time>2025-12-04T13:14:12Z</time>
   </trkpt>
   <trkpt lat="43.2140140" lon="5.4478860">
    <ele>234.0</ele>
    <time>2025-12-04T13:14:13Z</time>
   </trkpt>
   <trkpt lat="43.2140100" lon="5.4478860">
    <ele>234.0</ele>
    <time>2025-12-04T13:14:14Z</time>
   </trkpt>
   <trkpt lat="43.2140080" lon="5.4478880">
    <ele>234.1</ele>
    <time>2025-12-04T13:14:15Z</time>
   </trkpt>
   <trkpt lat="43.2140030" lon="5.4478860">
    <ele>234.1</ele>
    <time>2025-12-04T13:14:16Z</time>
   </trkpt>
   <trkpt lat="43.2140070" lon="5.4478800">
    <ele>234.2</ele>
    <time>2025-12-04T13:14:17Z</time>
   </trkpt>
   <trkpt lat="43.2139990" lon="5.4478770">
    <ele>234.3</ele>
    <time>2025-12-04T13:14:18Z</time>
   </trkpt>
   <trkpt lat="43.2139940" lon="5.4478750">
    <ele>234.4</ele>
    <time>2025-12-04T13:14:19Z</time>
   </trkpt>
   <trkpt lat="43.2139930" lon="5.4478710">
    <ele>234.4</ele>
    <time>2025-12-04T13:14:20Z</time>
   </trkpt>
   <trkpt lat="43.2139800" lon="5.4478720">
    <ele>234.6</ele>
    <time>2025-12-04T13:14:21Z</time>
   </trkpt>
   <trkpt lat="43.2139660" lon="5.4478770">
    <ele>234.8</ele>
    <time>2025-12-04T13:14:22Z</time>
   </trkpt>
   <trkpt lat="43.2139600" lon="5.4478750">
    <ele>234.8</ele>
    <time>2025-12-04T13:14:23Z</time>
   </trkpt>
   <trkpt lat="43.2139530" lon="5.4478730">
    <ele>234.9</ele>
    <time>2025-12-04T13:14:24Z</time>
   </trkpt>
   <trkpt lat="43.2139470" lon="5.4478710">
    <ele>235.0</ele>
    <time>2025-12-04T13:14:25Z</time>
   </trkpt>
   <trkpt lat="43.2139400" lon="5.4478690">
    <ele>235.1</ele>
    <time>2025-12-04T13:14:26Z</time>
   </trkpt>
   <trkpt lat="43.2139340" lon="5.4478680">
    <ele>235.2</ele>
    <time>2025-12-04T13:14:27Z</time>
   </trkpt>
   <trkpt lat="43.2139320" lon="5.4478570">
    <ele>235.3</ele>
    <time>2025-12-04T13:14:28Z</time>
   </trkpt>
   <trkpt lat="43.2139280" lon="5.4478560">
    <ele>235.3</ele>
    <time>2025-12-04T13:14:29Z</time>
   </trkpt>
   <trkpt lat="43.2139160" lon="5.4478500">
    <ele>235.5</ele>
    <time>2025-12-04T13:14:30Z</time>
   </trkpt>
   <trkpt lat="43.2139090" lon="5.4478360">
    <ele>235.6</ele>
    <time>2025-12-04T13:14:31Z</time>
   </trkpt>
   <trkpt lat="43.2138930" lon="5.4478310">
    <ele>235.9</ele>
    <time>2025-12-04T13:14:32Z</time>
   </trkpt>
   <trkpt lat="43.2138870" lon="5.4478300">
    <ele>235.9</ele>
    <time>2025-12-04T13:14:33Z</time>
   </trkpt>
   <trkpt lat="43.2138830" lon="5.4478320">
    <ele>236.0</ele>
    <time>2025-12-04T13:14:34Z</time>
   </trkpt>
   <trkpt lat="43.2138820" lon="5.4478310">
    <ele>236.0</ele>
    <time>2025-12-04T13:14:35Z</time>
   </trkpt>
   <trkpt lat="43.2138720" lon="5.4478320">
    <ele>236.1</ele>
    <time>2025-12-04T13:14:36Z</time>
   </trkpt>
   <trkpt lat="43.2138670" lon="5.4478270">
    <ele>236.2</ele>
    <time>2025-12-04T13:14:37Z</time>
   </trkpt>
   <trkpt lat="43.2138610" lon="5.4478270">
    <ele>236.3</ele>
    <time>2025-12-04T13:14:38Z</time>
   </trkpt>
   <trkpt lat="43.2138600" lon="5.4478250">
    <ele>236.3</ele>
    <time>2025-12-04T13:14:39Z</time>
   </trkpt>
   <trkpt lat="43.2138610" lon="5.4478310">
    <ele>236.4</ele>
    <time>2025-12-04T13:14:40Z</time>
   </trkpt>
   <trkpt lat="43.2138610" lon="5.4478310">
    <ele>236.4</ele>
    <time>2025-12-04T13:14:41Z</time>
   </trkpt>
   <trkpt lat="43.2138640" lon="5.4478170">
    <ele>236.5</ele>
    <time>2025-12-04T13:14:42Z</time>
   </trkpt>
   <trkpt lat="43.2138660" lon="5.4478050">
    <ele>236.6</ele>
    <time>2025-12-04T13:14:43Z</time>
   </trkpt>
   <trkpt lat="43.2138600" lon="5.4478060">
    <ele>236.7</ele>
    <time>2025-12-04T13:14:44Z</time>
   </trkpt>
   <trkpt lat="43.2138690" lon="5.4478030">
    <ele>236.9</ele>
    <time>2025-12-04T13:14:45Z</time>
   </trkpt>
   <trkpt lat="43.2138900" lon="5.4478010">
    <ele>237.4</ele>
    <time>2025-12-04T13:14:46Z</time>
   </trkpt>
   <trkpt lat="43.2139020" lon="5.4478060">
    <ele>237.5</ele>
    <time>2025-12-04T13:14:47Z</time>
   </trkpt>
   <trkpt lat="43.2139070" lon="5.4478150">
    <ele>237.6</ele>
    <time>2025-12-04T13:14:48Z</time>
   </trkpt>
   <trkpt lat="43.2139100" lon="5.4478030">
    <ele>237.6</ele>
    <time>2025-12-04T13:14:49Z</time>
   </trkpt>
   <trkpt lat="43.2139100" lon="5.4477980">
    <ele>237.7</ele>
    <time>2025-12-04T13:14:50Z</time>
   </trkpt>
   <trkpt lat="43.2139130" lon="5.4477970">
    <ele>237.7</ele>
    <time>2025-12-04T13:14:51Z</time>
   </trkpt>
   <trkpt lat="43.2139190" lon="5.4477930">
    <ele>237.7</ele>
    <time>2025-12-04T13:14:52Z</time>
   </trkpt>
   <trkpt lat="43.2139280" lon="5.4477560">
    <ele>238.0</ele>
    <time>2025-12-04T13:14:53Z</time>
   </trkpt>
   <trkpt lat="43.2139510" lon="5.4477410">
    <ele>238.1</ele>
    <time>2025-12-04T13:14:54Z</time>
   </trkpt>
   <trkpt lat="43.2139560" lon="5.4477350">
    <ele>238.2</ele>
    <time>2025-12-04T13:14:55Z</time>
   </trkpt>
   <trkpt lat="43.2139620" lon="5.4477290">
    <ele>238.2</ele>
    <time>2025-12-04T13:14:56Z</time>
   </trkpt>
   <trkpt lat="43.2139700" lon="5.4477430">
    <ele>238.3</ele>
    <time>2025-12-04T13:14:57Z</time>
   </trkpt>
   <trkpt lat="43.2139700" lon="5.4477600">
    <ele>238.4</ele>
    <time>2025-12-04T13:14:58Z</time>
   </trkpt>
   <trkpt lat="43.2139760" lon="5.4477710">
    <ele>238.5</ele>
    <time>2025-12-04T13:14:59Z</time>
   </trkpt>
   <trkpt lat="43.2139870" lon="5.4477710">
    <ele>238.6</ele>
    <time>2025-12-04T13:15:00Z</time>
   </trkpt>
   <trkpt lat="43.2139940" lon="5.4477720">
    <ele>238.6</ele>
    <time>2025-12-04T13:15:01Z</time>
   </trkpt>
   <trkpt lat="43.2140050" lon="5.4477650">
    <ele>238.7</ele>
    <time>2025-12-04T13:15:02Z</time>
   </trkpt>
   <trkpt lat="43.2140170" lon="5.4477570">
    <ele>238.8</ele>
    <time>2025-12-04T13:15:03Z</time>
   </trkpt>
   <trkpt lat="43.2140150" lon="5.4477520">
    <ele>238.8</ele>
    <time>2025-12-04T13:15:04Z</time>
   </trkpt>
   <trkpt lat="43.2140190" lon="5.4477490">
    <ele>238.9</ele>
    <time>2025-12-04T13:15:05Z</time>
   </trkpt>
   <trkpt lat="43.2140150" lon="5.4477430">
    <ele>238.9</ele>
    <time>2025-12-04T13:15:06Z</time>
   </trkpt>
   <trkpt lat="43.2140140" lon="5.4477350">
    <ele>239.0</ele>
    <time>2025-12-04T13:15:07Z</time>
   </trkpt>
   <trkpt lat="43.2140090" lon="5.4477320">
    <ele>239.0</ele>
    <time>2025-12-04T13:15:08Z</time>
   </trkpt>
   <trkpt lat="43.2140060" lon="5.4477260">
    <ele>239.0</ele>
    <time>2025-12-04T13:15:09Z</time>
   </trkpt>
   <trkpt lat="43.2140050" lon="5.4477220">
    <ele>239.1</ele>
    <time>2025-12-04T13:15:10Z</time>
   </trkpt>
   <trkpt lat="43.2139940" lon="5.4477140">
    <ele>239.2</ele>
    <time>2025-12-04T13:15:11Z</time>
   </trkpt>
   <trkpt lat="43.2139950" lon="5.4477020">
    <ele>239.2</ele>
    <time>2025-12-04T13:15:12Z</time>
   </trkpt>
   <trkpt lat="43.2139940" lon="5.4477020">
    <ele>239.2</ele>
    <time>2025-12-04T13:15:13Z</time>
   </trkpt>
   <trkpt lat="43.2139960" lon="5.4476910">
    <ele>239.3</ele>
    <time>2025-12-04T13:15:14Z</time>
   </trkpt>
   <trkpt lat="43.2139960" lon="5.4476910">
    <ele>239.3</ele>
    <time>2025-12-04T13:15:15Z</time>
   </trkpt>
   <trkpt lat="43.2140010" lon="5.4476760">
    <ele>239.4</ele>
    <time>2025-12-04T13:15:16Z</time>
   </trkpt>
   <trkpt lat="43.2139960" lon="5.4476840">
    <ele>239.4</ele>
    <time>2025-12-04T13:15:17Z</time>
   </trkpt>
   <trkpt lat="43.2139960" lon="5.4476730">
    <ele>239.5</ele>
    <time>2025-12-04T13:15:18Z</time>
   </trkpt>
   <trkpt lat="43.2139830" lon="5.4476590">
    <ele>239.6</ele>
    <time>2025-12-04T13:15:19Z</time>
   </trkpt>
   <trkpt lat="43.2139760" lon="5.4476610">
    <ele>239.7</ele>
    <time>2025-12-04T13:15:20Z</time>
   </trkpt>
   <trkpt lat="43.2139770" lon="5.4476520">
    <ele>239.7</ele>
    <time>2025-12-04T13:15:21Z</time>
   </trkpt>
   <trkpt lat="43.2139750" lon="5.4476610">
    <ele>239.8</ele>
    <time>2025-12-04T13:15:22Z</time>
   </trkpt>
   <trkpt lat="43.2139730" lon="5.4476730">
    <ele>239.8</ele>
    <time>2025-12-04T13:15:23Z</time>
   </trkpt>
   <trkpt lat="43.2139710" lon="5.4476770">
    <ele>239.8</ele>
    <time>2025-12-04T13:15:24Z</time>
   </trkpt>
   <trkpt lat="43.2139670" lon="5.4476840">
    <ele>239.9</ele>
    <time>2025-12-04T13:15:25Z</time>
   </trkpt>
   <trkpt lat="43.2139640" lon="5.4476850">
    <ele>239.9</ele>
    <time>2025-12-04T13:15:26Z</time>
   </trkpt>
   <trkpt lat="43.2139590" lon="5.4476870">
    <ele>240.0</ele>
    <time>2025-12-04T13:15:27Z</time>
   </trkpt>
   <trkpt lat="43.2139570" lon="5.4476880">
    <ele>240.0</ele>
    <time>2025-12-04T13:15:28Z</time>
   </trkpt>
   <trkpt lat="43.2139560" lon="5.4476930">
    <ele>240.0</ele>
    <time>2025-12-04T13:15:29Z</time>
   </trkpt>
   <trkpt lat="43.2139570" lon="5.4476990">
    <ele>240.0</ele>
    <time>2025-12-04T13:15:30Z</time>
   </trkpt>
   <trkpt lat="43.2139560" lon="5.4476980">
    <ele>240.0</ele>
    <time>2025-12-04T13:15:31Z</time>
   </trkpt>
   <trkpt lat="43.2139530" lon="5.4476990">
    <ele>240.1</ele>
    <time>2025-12-04T13:15:32Z</time>
   </trkpt>
   <trkpt lat="43.2139550" lon="5.4477000">
    <ele>240.1</ele>
    <time>2025-12-04T13:15:33Z</time>
   </trkpt>
   <trkpt lat="43.2139540" lon="5.4477030">
    <ele>240.1</ele>
    <time>2025-12-04T13:15:34Z</time>
   </trkpt>
   <trkpt lat="43.2139540" lon="5.4477100">
    <ele>240.1</ele>
    <time>2025-12-04T13:15:35Z</time>
   </trkpt>
   <trkpt lat="43.2139560" lon="5.4477010">
    <ele>240.2</ele>
    <time>2025-12-04T13:15:36Z</time>
   </trkpt>
   <trkpt lat="43.2139600" lon="5.4476940">
    <ele>240.2</ele>
    <time>2025-12-04T13:15:37Z</time>
   </trkpt>
   <trkpt lat="43.2139610" lon="5.4476820">
    <ele>240.3</ele>
    <time>2025-12-04T13:15:38Z</time>
   </trkpt>
   <trkpt lat="43.2139610" lon="5.4476880">
    <ele>240.3</ele>
    <time>2025-12-04T13:15:39Z</time>
   </trkpt>
   <trkpt lat="43.2139620" lon="5.4476880">
    <ele>240.3</ele>
    <time>2025-12-04T13:15:40Z</time>
   </trkpt>
   <trkpt lat="43.2139620" lon="5.4476880">
    <ele>240.3</ele>
    <time>2025-12-04T13:15:41Z</time>
   </trkpt>
   <trkpt lat="43.2139620" lon="5.4476870">
    <ele>240.3</ele>
    <time>2025-12-04T13:15:42Z</time>
   </trkpt>
   <trkpt lat="43.2139640" lon="5.4476910">
    <ele>240.3</ele>
    <time>2025-12-04T13:15:43Z</time>
   </trkpt>
   <trkpt lat="43.2139670" lon="5.4476910">
    <ele>240.4</ele>
    <time>2025-12-04T13:15:44Z</time>
   </trkpt>
   <trkpt lat="43.2139690" lon="5.4476920">
    <ele>240.4</ele>
    <time>2025-12-04T13:15:45Z</time>
   </trkpt>
   <trkpt lat="43.2139710" lon="5.4476920">
    <ele>240.4</ele>
    <time>2025-12-04T13:15:46Z</time>
   </trkpt>
   <trkpt lat="43.2139720" lon="5.4476930">
    <ele>240.4</ele>
    <time>2025-12-04T13:15:47Z</time>
   </trkpt>
   <trkpt lat="43.2139730" lon="5.4476950">
    <ele>240.4</ele>
    <time>2025-12-04T13:15:48Z</time>
   </trkpt>
   <trkpt lat="43.2139740" lon="5.4476910">
    <ele>240.4</ele>
    <time>2025-12-04T13:15:49Z</time>
   </trkpt>
   <trkpt lat="43.2139720" lon="5.4476910">
    <ele>240.4</ele>
    <time>2025-12-04T13:15:50Z</time>
   </trkpt>
   <trkpt lat="43.2139720" lon="5.4476920">
    <ele>240.5</ele>
    <time>2025-12-04T13:15:51Z</time>
   </trkpt>
   <trkpt lat="43.2139690" lon="5.4476950">
    <ele>240.5</ele>
    <time>2025-12-04T13:15:52Z</time>
   </trkpt>
   <trkpt lat="43.2139700" lon="5.4476990">
    <ele>240.5</ele>
    <time>2025-12-04T13:15:53Z</time>
   </trkpt>
   <trkpt lat="43.2139670" lon="5.4477010">
    <ele>240.5</ele>
    <time>2025-12-04T13:15:54Z</time>
   </trkpt>
   <trkpt lat="43.2139650" lon="5.4477050">
    <ele>240.5</ele>
    <time>2025-12-04T13:15:55Z</time>
   </trkpt>
   <trkpt lat="43.2139660" lon="5.4477080">
    <ele>240.6</ele>
    <time>2025-12-04T13:15:56Z</time>
   </trkpt>
   <trkpt lat="43.2139640" lon="5.4477070">
    <ele>240.6</ele>
    <time>2025-12-04T13:15:57Z</time>
   </trkpt>
   <trkpt lat="43.2139620" lon="5.4477080">
    <ele>240.6</ele>
    <time>2025-12-04T13:15:58Z</time>
   </trkpt>
   <trkpt lat="43.2139650" lon="5.4477090">
    <ele>240.6</ele>
    <time>2025-12-04T13:15:59Z</time>
   </trkpt>
   <trkpt lat="43.2139640" lon="5.4477100">
    <ele>240.6</ele>
    <time>2025-12-04T13:16:00Z</time>
   </trkpt>
   <trkpt lat="43.2139640" lon="5.4477130">
    <ele>240.6</ele>
    <time>2025-12-04T13:16:01Z</time>
   </trkpt>
   <trkpt lat="43.2139630" lon="5.4477120">
    <ele>240.6</ele>
    <time>2025-12-04T13:16:02Z</time>
   </trkpt>
   <trkpt lat="43.2139620" lon="5.4477120">
    <ele>240.6</ele>
    <time>2025-12-04T13:16:03Z</time>
   </trkpt>
   <trkpt lat="43.2139620" lon="5.4477130">
    <ele>240.6</ele>
    <time>2025-12-04T13:16:04Z</time>
   </trkpt>
   <trkpt lat="43.2139630" lon="5.4477150">
    <ele>240.7</ele>
    <time>2025-12-04T13:16:05Z</time>
   </trkpt>
   <trkpt lat="43.2139620" lon="5.4477130">
    <ele>240.7</ele>
    <time>2025-12-04T13:16:06Z</time>
   </trkpt>
   <trkpt lat="43.2139620" lon="5.4477180">
    <ele>240.7</ele>
    <time>2025-12-04T13:16:07Z</time>
   </trkpt>
   <trkpt lat="43.2139610" lon="5.4477200">
    <ele>240.7</ele>
    <time>2025-12-04T13:16:08Z</time>
   </trkpt>
   <trkpt lat="43.2139620" lon="5.4477180">
    <ele>240.7</ele>
    <time>2025-12-04T13:16:09Z</time>
   </trkpt>
   <trkpt lat="43.2139600" lon="5.4477150">
    <ele>240.7</ele>
    <time>2025-12-04T13:16:10Z</time>
   </trkpt>
   <trkpt lat="43.2139580" lon="5.4477170">
    <ele>240.8</ele>
    <time>2025-12-04T13:16:11Z</time>
   </trkpt>
   <trkpt lat="43.2139550" lon="5.4477190">
    <ele>240.8</ele>
    <time>2025-12-04T13:16:12Z</time>
   </trkpt>
   <trkpt lat="43.2139550" lon="5.4477190">
    <ele>240.8</ele>
    <time>2025-12-04T13:16:13Z</time>
   </trkpt>
   <trkpt lat="43.2139550" lon="5.4477190">
    <ele>240.8</ele>
    <time>2025-12-04T13:16:14Z</time>
   </trkpt>
   <trkpt lat="43.2139550" lon="5.4477190">
    <ele>240.8</ele>
    <time>2025-12-04T13:16:15Z</time>
   </trkpt>
   <trkpt lat="43.2139550" lon="5.4477190">
    <ele>240.8</ele>
    <time>2025-12-04T13:16:16Z</time>
   </trkpt>
   <trkpt lat="43.2139570" lon="5.4477220">
    <ele>240.8</ele>
    <time>2025-12-04T13:16:17Z</time>
   </trkpt>
   <trkpt lat="43.2139540" lon="5.4477180">
    <ele>240.8</ele>
    <time>2025-12-04T13:16:18Z</time>
   </trkpt>
   <trkpt lat="43.2139490" lon="5.4477240">
    <ele>240.9</ele>
    <time>2025-12-04T13:16:19Z</time>
   </trkpt>
   <trkpt lat="43.2139480" lon="5.4477260">
    <ele>240.9</ele>
    <time>2025-12-04T13:16:20Z</time>
   </trkpt>
   <trkpt lat="43.2139480" lon="5.4477340">
    <ele>240.9</ele>
    <time>2025-12-04T13:16:21Z</time>
   </trkpt>
   <trkpt lat="43.2139470" lon="5.4477350">
    <ele>240.9</ele>
    <time>2025-12-04T13:16:22Z</time>
   </trkpt>
   <trkpt lat="43.2139440" lon="5.4477360">
    <ele>240.9</ele>
    <time>2025-12-04T13:16:23Z</time>
   </trkpt>
   <trkpt lat="43.2139430" lon="5.4477370">
    <ele>241.0</ele>
    <time>2025-12-04T13:16:24Z</time>
   </trkpt>
   <trkpt lat="43.2139410" lon="5.4477410">
    <ele>241.0</ele>
    <time>2025-12-04T13:16:25Z</time>
   </trkpt>
   <trkpt lat="43.2139400" lon="5.4477430">
    <ele>241.0</ele>
    <time>2025-12-04T13:16:26Z</time>
   </trkpt>
   <trkpt lat="43.2139380" lon="5.4477450">
    <ele>241.0</ele>
    <time>2025-12-04T13:16:27Z</time>
   </trkpt>
   <trkpt lat="43.2139340" lon="5.4477470">
    <ele>241.0</ele>
    <time>2025-12-04T13:16:28Z</time>
   </trkpt>
   <trkpt lat="43.2139290" lon="5.4477500">
    <ele>241.1</ele>
    <time>2025-12-04T13:16:29Z</time>
   </trkpt>
   <trkpt lat="43.2139270" lon="5.4477530">
    <ele>241.1</ele>
    <time>2025-12-04T13:16:30Z</time>
   </trkpt>
   <trkpt lat="43.2139240" lon="5.4477480">
    <ele>241.1</ele>
    <time>2025-12-04T13:16:31Z</time>
   </trkpt>
   <trkpt lat="43.2139250" lon="5.4477490">
    <ele>241.1</ele>
    <time>2025-12-04T13:16:32Z</time>
   </trkpt>
   <trkpt lat="43.2139250" lon="5.4477470">
    <ele>241.1</ele>
    <time>2025-12-04T13:16:33Z</time>
   </trkpt>
   <trkpt lat="43.2139250" lon="5.4477480">
    <ele>241.1</ele>
    <time>2025-12-04T13:16:34Z</time>
   </trkpt>
   <trkpt lat="43.2139290" lon="5.4477480">
    <ele>241.2</ele>
    <time>2025-12-04T13:16:35Z</time>
   </trkpt>
   <trkpt lat="43.2139290" lon="5.4477430">
    <ele>241.2</ele>
    <time>2025-12-04T13:16:36Z</time>
   </trkpt>
   <trkpt lat="43.2139260" lon="5.4477250">
    <ele>241.3</ele>
    <time>2025-12-04T13:16:37Z</time>
   </trkpt>
   <trkpt lat="43.2139260" lon="5.4477250">
    <ele>241.3</ele>
    <time>2025-12-04T13:16:38Z</time>
   </trkpt>
   <trkpt lat="43.2139260" lon="5.4477250">
    <ele>241.3</ele>
    <time>2025-12-04T13:16:39Z</time>
   </trkpt>
   <trkpt lat="43.2139260" lon="5.4477250">
    <ele>241.3</ele>
    <time>2025-12-04T13:16:40Z</time>
   </trkpt>
   <trkpt lat="43.2139260" lon="5.4477250">
    <ele>241.3</ele>
    <time>2025-12-04T13:16:41Z</time>
   </trkpt>
   <trkpt lat="43.2139190" lon="5.4477130">
    <ele>241.4</ele>
    <time>2025-12-04T13:16:42Z</time>
   </trkpt>
   <trkpt lat="43.2139190" lon="5.4477120">
    <ele>241.4</ele>
    <time>2025-12-04T13:16:43Z</time>
   </trkpt>
   <trkpt lat="43.2139180" lon="5.4477100">
    <ele>241.4</ele>
    <time>2025-12-04T13:16:44Z</time>
   </trkpt>
   <trkpt lat="43.2139180" lon="5.4477090">
    <ele>241.4</ele>
    <time>2025-12-04T13:16:45Z</time>
   </trkpt>
   <trkpt lat="43.2139180" lon="5.4477080">
    <ele>241.4</ele>
    <time>2025-12-04T13:16:46Z</time>
   </trkpt>
   <trkpt lat="43.2139170" lon="5.4477070">
    <ele>241.4</ele>
    <time>2025-12-04T13:16:47Z</time>
   </trkpt>
   <trkpt lat="43.2139170" lon="5.4477050">
    <ele>241.4</ele>
    <time>2025-12-04T13:16:48Z</time>
   </trkpt>
   <trkpt lat="43.2139170" lon="5.4477040">
    <ele>241.4</ele>
    <time>2025-12-04T13:16:49Z</time>
   </trkpt>
   <trkpt lat="43.2139160" lon="5.4477030">
    <ele>241.4</ele>
    <time>2025-12-04T13:16:50Z</time>
   </trkpt>
   <trkpt lat="43.2139160" lon="5.4477020">
    <ele>241.4</ele>
    <time>2025-12-04T13:16:51Z</time>
   </trkpt>
   <trkpt lat="43.2139160" lon="5.4477000">
    <ele>241.4</ele>
    <time>2025-12-04T13:16:52Z</time>
   </trkpt>
   <trkpt lat="43.2139150" lon="5.4476990">
    <ele>241.4</ele>
    <time>2025-12-04T13:16:53Z</time>
   </trkpt>
   <trkpt lat="43.2139150" lon="5.4476980">
    <ele>241.4</ele>
    <time>2025-12-04T13:16:54Z</time>
   </trkpt>
   <trkpt lat="43.2139140" lon="5.4476960">
    <ele>241.5</ele>
    <time>2025-12-04T13:16:55Z</time>
   </trkpt>
   <trkpt lat="43.2139140" lon="5.4476950">
    <ele>241.5</ele>
    <time>2025-12-04T13:16:56Z</time>
   </trkpt>
   <trkpt lat="43.2139140" lon="5.4476940">
    <ele>241.5</ele>
    <time>2025-12-04T13:16:57Z</time>
   </trkpt>
   <trkpt lat="43.2139130" lon="5.4476930">
    <ele>241.5</ele>
    <time>2025-12-04T13:16:58Z</time>
   </trkpt>
   <trkpt lat="43.2139130" lon="5.4476910">
    <ele>241.5</ele>
    <time>2025-12-04T13:16:59Z</time>
   </trkpt>
   <trkpt lat="43.2139130" lon="5.4476900">
    <ele>241.5</ele>
    <time>2025-12-04T13:17:00Z</time>
   </trkpt>
   <trkpt lat="43.2139120" lon="5.4476890">
    <ele>241.5</ele>
    <time>2025-12-04T13:17:01Z</time>
   </trkpt>
   <trkpt lat="43.2139120" lon="5.4476870">
    <ele>241.5</ele>
    <time>2025-12-04T13:17:02Z</time>
   </trkpt>
   <trkpt lat="43.2139120" lon="5.4476860">
    <ele>241.5</ele>
    <time>2025-12-04T13:17:03Z</time>
   </trkpt>
   <trkpt lat="43.2139110" lon="5.4476850">
    <ele>241.5</ele>
    <time>2025-12-04T13:17:04Z</time>
   </trkpt>
   <trkpt lat="43.2139110" lon="5.4476840">
    <ele>241.5</ele>
    <time>2025-12-04T13:17:05Z</time>
   </trkpt>
   <trkpt lat="43.2139110" lon="5.4476820">
    <ele>241.5</ele>
    <time>2025-12-04T13:17:06Z</time>
   </trkpt>
   <trkpt lat="43.2139100" lon="5.4476810">
    <ele>241.5</ele>
    <time>2025-12-04T13:17:07Z</time>
   </trkpt>
   <trkpt lat="43.2139100" lon="5.4476800">
    <ele>241.5</ele>
    <time>2025-12-04T13:17:08Z</time>
   </trkpt>
   <trkpt lat="43.2139100" lon="5.4476790">
    <ele>241.5</ele>
    <time>2025-12-04T13:17:09Z</time>
   </trkpt>
   <trkpt lat="43.2139090" lon="5.4476770">
    <ele>241.6</ele>
    <time>2025-12-04T13:17:10Z</time>
   </trkpt>
   <trkpt lat="43.2139090" lon="5.4476760">
    <ele>241.6</ele>
    <time>2025-12-04T13:17:11Z</time>
   </trkpt>
   <trkpt lat="43.2139090" lon="5.4476750">
    <ele>241.6</ele>
    <time>2025-12-04T13:17:12Z</time>
   </trkpt>
   <trkpt lat="43.2139080" lon="5.4476730">
    <ele>241.6</ele>
    <time>2025-12-04T13:17:13Z</time>
   </trkpt>
   <trkpt lat="43.2139080" lon="5.4476720">
    <ele>241.6</ele>
    <time>2025-12-04T13:17:14Z</time>
   </trkpt>
   <trkpt lat="43.2139080" lon="5.4476710">
    <ele>241.6</ele>
    <time>2025-12-04T13:17:15Z</time>
   </trkpt>
   <trkpt lat="43.2139070" lon="5.4476700">
    <ele>241.6</ele>
    <time>2025-12-04T13:17:16Z</time>
   </trkpt>
   <trkpt lat="43.2139070" lon="5.4476680">
    <ele>241.6</ele>
    <time>2025-12-04T13:17:17Z</time>
   </trkpt>
   <trkpt lat="43.2139060" lon="5.4476670">
    <ele>241.6</ele>
    <time>2025-12-04T13:17:18Z</time>
   </trkpt>
   <trkpt lat="43.2139060" lon="5.4476660">
    <ele>241.6</ele>
    <time>2025-12-04T13:17:19Z</time>
   </trkpt>
   <trkpt lat="43.2139060" lon="5.4476650">
    <ele>241.6</ele>
    <time>2025-12-04T13:17:20Z</time>
   </trkpt>
   <trkpt lat="43.2139050" lon="5.4476630">
    <ele>241.6</ele>
    <time>2025-12-04T13:17:21Z</time>
   </trkpt>
   <trkpt lat="43.2139050" lon="5.4476620">
    <ele>241.6</ele>
    <time>2025-12-04T13:17:22Z</time>
   </trkpt>
   <trkpt lat="43.2139050" lon="5.4476610">
    <ele>241.6</ele>
    <time>2025-12-04T13:17:23Z</time>
   </trkpt>
   <trkpt lat="43.2139040" lon="5.4476590">
    <ele>241.7</ele>
    <time>2025-12-04T13:17:24Z</time>
   </trkpt>
   <trkpt lat="43.2139040" lon="5.4476580">
    <ele>241.7</ele>
    <time>2025-12-04T13:17:25Z</time>
   </trkpt>
   <trkpt lat="43.2139040" lon="5.4476570">
    <ele>241.7</ele>
    <time>2025-12-04T13:17:26Z</time>
   </trkpt>
   <trkpt lat="43.2139030" lon="5.4476560">
    <ele>241.7</ele>
    <time>2025-12-04T13:17:27Z</time>
   </trkpt>
   <trkpt lat="43.2139030" lon="5.4476540">
    <ele>241.7</ele>
    <time>2025-12-04T13:17:28Z</time>
   </trkpt>
   <trkpt lat="43.2139030" lon="5.4476530">
    <ele>241.7</ele>
    <time>2025-12-04T13:17:29Z</time>
   </trkpt>
   <trkpt lat="43.2139020" lon="5.4476520">
    <ele>241.7</ele>
    <time>2025-12-04T13:17:30Z</time>
   </trkpt>
   <trkpt lat="43.2139020" lon="5.4476510">
    <ele>241.7</ele>
    <time>2025-12-04T13:17:31Z</time>
   </trkpt>
   <trkpt lat="43.2139020" lon="5.4476490">
    <ele>241.7</ele>
    <time>2025-12-04T13:17:32Z</time>
   </trkpt>
   <trkpt lat="43.2139010" lon="5.4476480">
    <ele>241.7</ele>
    <time>2025-12-04T13:17:33Z</time>
   </trkpt>
   <trkpt lat="43.2139010" lon="5.4476470">
    <ele>241.7</ele>
    <time>2025-12-04T13:17:34Z</time>
   </trkpt>
   <trkpt lat="43.2139010" lon="5.4476450">
    <ele>241.7</ele>
    <time>2025-12-04T13:17:35Z</time>
   </trkpt>
   <trkpt lat="43.2139000" lon="5.4476440">
    <ele>241.7</ele>
    <time>2025-12-04T13:17:36Z</time>
   </trkpt>
   <trkpt lat="43.2139000" lon="5.4476430">
    <ele>241.7</ele>
    <time>2025-12-04T13:17:37Z</time>
   </trkpt>
   <trkpt lat="43.2139000" lon="5.4476420">
    <ele>241.7</ele>
    <time>2025-12-04T13:17:38Z</time>
   </trkpt>
   <trkpt lat="43.2138990" lon="5.4476400">
    <ele>241.7</ele>
    <time>2025-12-04T13:17:39Z</time>
   </trkpt>
   <trkpt lat="43.2138990" lon="5.4476390">
    <ele>241.8</ele>
    <time>2025-12-04T13:17:40Z</time>
   </trkpt>
   <trkpt lat="43.2138980" lon="5.4476380">
    <ele>241.8</ele>
    <time>2025-12-04T13:17:41Z</time>
   </trkpt>
   <trkpt lat="43.2138980" lon="5.4476360">
    <ele>241.8</ele>
    <time>2025-12-04T13:17:42Z</time>
   </trkpt>
   <trkpt lat="43.2138980" lon="5.4476350">
    <ele>241.8</ele>
    <time>2025-12-04T13:17:43Z</time>
   </trkpt>
   <trkpt lat="43.2138970" lon="5.4476340">
    <ele>241.8</ele>
    <time>2025-12-04T13:17:44Z</time>
   </trkpt>
   <trkpt lat="43.2138970" lon="5.4476330">
    <ele>241.8</ele>
    <time>2025-12-04T13:17:45Z</time>
   </trkpt>
   <trkpt lat="43.2138970" lon="5.4476310">
    <ele>241.8</ele>
    <time>2025-12-04T13:17:46Z</time>
   </trkpt>
   <trkpt lat="43.2138960" lon="5.4476300">
    <ele>241.8</ele>
    <time>2025-12-04T13:17:47Z</time>
   </trkpt>
   <trkpt lat="43.2138960" lon="5.4476290">
    <ele>241.8</ele>
    <time>2025-12-04T13:17:48Z</time>
   </trkpt>
   <trkpt lat="43.2138960" lon="5.4476280">
    <ele>241.8</ele>
    <time>2025-12-04T13:17:49Z</time>
   </trkpt>
   <trkpt lat="43.2138950" lon="5.4476260">
    <ele>241.8</ele>
    <time>2025-12-04T13:17:50Z</time>
   </trkpt>
   <trkpt lat="43.2138950" lon="5.4476250">
    <ele>241.8</ele>
    <time>2025-12-04T13:17:51Z</time>
   </trkpt>
   <trkpt lat="43.2138950" lon="5.4476270">
    <ele>241.8</ele>
    <time>2025-12-04T13:17:52Z</time>
   </trkpt>
   <trkpt lat="43.2138950" lon="5.4476290">
    <ele>241.8</ele>
    <time>2025-12-04T13:17:53Z</time>
   </trkpt>
   <trkpt lat="43.2138950" lon="5.4476310">
    <ele>241.8</ele>
    <time>2025-12-04T13:17:54Z</time>
   </trkpt>
   <trkpt lat="43.2138940" lon="5.4476330">
    <ele>241.9</ele>
    <time>2025-12-04T13:17:55Z</time>
   </trkpt>
   <trkpt lat="43.2138940" lon="5.4476350">
    <ele>241.9</ele>
    <time>2025-12-04T13:17:56Z</time>
   </trkpt>
   <trkpt lat="43.2138940" lon="5.4476370">
    <ele>241.9</ele>
    <time>2025-12-04T13:17:57Z</time>
   </trkpt>
   <trkpt lat="43.2138940" lon="5.4476390">
    <ele>241.9</ele>
    <time>2025-12-04T13:17:58Z</time>
   </trkpt>
   <trkpt lat="43.2138940" lon="5.4476410">
    <ele>241.9</ele>
    <time>2025-12-04T13:17:59Z</time>
   </trkpt>
   <trkpt lat="43.2138940" lon="5.4476430">
    <ele>241.9</ele>
    <time>2025-12-04T13:18:00Z</time>
   </trkpt>
   <trkpt lat="43.2138930" lon="5.4476450">
    <ele>241.9</ele>
    <time>2025-12-04T13:18:01Z</time>
   </trkpt>
   <trkpt lat="43.2138930" lon="5.4476470">
    <ele>241.9</ele>
    <time>2025-12-04T13:18:02Z</time>
   </trkpt>
   <trkpt lat="43.2138930" lon="5.4476490">
    <ele>241.9</ele>
    <time>2025-12-04T13:18:03Z</time>
   </trkpt>
   <trkpt lat="43.2138930" lon="5.4476500">
    <ele>241.9</ele>
    <time>2025-12-04T13:18:04Z</time>
   </trkpt>
   <trkpt lat="43.2138930" lon="5.4476520">
    <ele>241.9</ele>
    <time>2025-12-04T13:18:05Z</time>
   </trkpt>
   <trkpt lat="43.2138930" lon="5.4476540">
    <ele>241.9</ele>
    <time>2025-12-04T13:18:06Z</time>
   </trkpt>
   <trkpt lat="43.2138920" lon="5.4476560">
    <ele>241.9</ele>
    <time>2025-12-04T13:18:07Z</time>
   </trkpt>
   <trkpt lat="43.2138920" lon="5.4476580">
    <ele>242.0</ele>
    <time>2025-12-04T13:18:08Z</time>
   </trkpt>
   <trkpt lat="43.2138920" lon="5.4476600">
    <ele>242.0</ele>
    <time>2025-12-04T13:18:09Z</time>
   </trkpt>
   <trkpt lat="43.2138920" lon="5.4476620">
    <ele>242.0</ele>
    <time>2025-12-04T13:18:10Z</time>
   </trkpt>
   <trkpt lat="43.2138920" lon="5.4476640">
    <ele>242.0</ele>
    <time>2025-12-04T13:18:11Z</time>
   </trkpt>
   <trkpt lat="43.2138920" lon="5.4476660">
    <ele>242.0</ele>
    <time>2025-12-04T13:18:12Z</time>
   </trkpt>
   <trkpt lat="43.2138910" lon="5.4476680">
    <ele>242.0</ele>
    <time>2025-12-04T13:18:13Z</time>
   </trkpt>
   <trkpt lat="43.2138910" lon="5.4476700">
    <ele>242.0</ele>
    <time>2025-12-04T13:18:14Z</time>
   </trkpt>
   <trkpt lat="43.2138910" lon="5.4476720">
    <ele>242.0</ele>
    <time>2025-12-04T13:18:15Z</time>
   </trkpt>
   <trkpt lat="43.2138910" lon="5.4476740">
    <ele>242.0</ele>
    <time>2025-12-04T13:18:16Z</time>
   </trkpt>
   <trkpt lat="43.2138920" lon="5.4476750">
    <ele>242.0</ele>
    <time>2025-12-04T13:18:17Z</time>
   </trkpt>
   <trkpt lat="43.2138920" lon="5.4476760">
    <ele>242.0</ele>
    <time>2025-12-04T13:18:18Z</time>
   </trkpt>
   <trkpt lat="43.2138930" lon="5.4476770">
    <ele>242.0</ele>
    <time>2025-12-04T13:18:19Z</time>
   </trkpt>
   <trkpt lat="43.2138930" lon="5.4476770">
    <ele>242.0</ele>
    <time>2025-12-04T13:18:20Z</time>
   </trkpt>
   <trkpt lat="43.2138940" lon="5.4476780">
    <ele>242.0</ele>
    <time>2025-12-04T13:18:21Z</time>
   </trkpt>
   <trkpt lat="43.2138940" lon="5.4476790">
    <ele>242.0</ele>
    <time>2025-12-04T13:18:22Z</time>
   </trkpt>
   <trkpt lat="43.2138950" lon="5.4476800">
    <ele>242.1</ele>
    <time>2025-12-04T13:18:23Z</time>
   </trkpt>
   <trkpt lat="43.2138960" lon="5.4476810">
    <ele>242.1</ele>
    <time>2025-12-04T13:18:24Z</time>
   </trkpt>
   <trkpt lat="43.2138960" lon="5.4476820">
    <ele>242.1</ele>
    <time>2025-12-04T13:18:25Z</time>
   </trkpt>
   <trkpt lat="43.2138970" lon="5.4476830">
    <ele>242.1</ele>
    <time>2025-12-04T13:18:26Z</time>
   </trkpt>
   <trkpt lat="43.2138970" lon="5.4476830">
    <ele>242.1</ele>
    <time>2025-12-04T13:18:27Z</time>
   </trkpt>
   <trkpt lat="43.2138980" lon="5.4476840">
    <ele>242.1</ele>
    <time>2025-12-04T13:18:28Z</time>
   </trkpt>
   <trkpt lat="43.2138980" lon="5.4476850">
    <ele>242.1</ele>
    <time>2025-12-04T13:18:29Z</time>
   </trkpt>
   <trkpt lat="43.2138990" lon="5.4476860">
    <ele>242.1</ele>
    <time>2025-12-04T13:18:30Z</time>
   </trkpt>
   <trkpt lat="43.2139000" lon="5.4476870">
    <ele>242.1</ele>
    <time>2025-12-04T13:18:31Z</time>
   </trkpt>
   <trkpt lat="43.2139000" lon="5.4476880">
    <ele>242.1</ele>
    <time>2025-12-04T13:18:32Z</time>
   </trkpt>
   <trkpt lat="43.2139010" lon="5.4476880">
    <ele>242.1</ele>
    <time>2025-12-04T13:18:33Z</time>
   </trkpt>
   <trkpt lat="43.2139010" lon="5.4476890">
    <ele>242.1</ele>
    <time>2025-12-04T13:18:34Z</time>
   </trkpt>
   <trkpt lat="43.2139020" lon="5.4476900">
    <ele>242.1</ele>
    <time>2025-12-04T13:18:35Z</time>
   </trkpt>
   <trkpt lat="43.2139020" lon="5.4476910">
    <ele>242.1</ele>
    <time>2025-12-04T13:18:36Z</time>
   </trkpt>
   <trkpt lat="43.2139030" lon="5.4476920">
    <ele>242.1</ele>
    <time>2025-12-04T13:18:37Z</time>
   </trkpt>
   <trkpt lat="43.2139040" lon="5.4476930">
    <ele>242.1</ele>
    <time>2025-12-04T13:18:38Z</time>
   </trkpt>
   <trkpt lat="43.2139040" lon="5.4476940">
    <ele>242.1</ele>
    <time>2025-12-04T13:18:39Z</time>
   </trkpt>
   <trkpt lat="43.2139050" lon="5.4476940">
    <ele>242.1</ele>
    <time>2025-12-04T13:18:40Z</time>
   </trkpt>
   <trkpt lat="43.2139050" lon="5.4476950">
    <ele>242.1</ele>
    <time>2025-12-04T13:18:41Z</time>
   </trkpt>
   <trkpt lat="43.2139060" lon="5.4476960">
    <ele>242.2</ele>
    <time>2025-12-04T13:18:42Z</time>
   </trkpt>
   <trkpt lat="43.2139060" lon="5.4476970">
    <ele>242.2</ele>
    <time>2025-12-04T13:18:43Z</time>
   </trkpt>
   <trkpt lat="43.2139070" lon="5.4476980">
    <ele>242.2</ele>
    <time>2025-12-04T13:18:44Z</time>
   </trkpt>
   <trkpt lat="43.2139080" lon="5.4476990">
    <ele>242.2</ele>
    <time>2025-12-04T13:18:45Z</time>
   </trkpt>
   <trkpt lat="43.2139080" lon="5.4477000">
    <ele>242.2</ele>
    <time>2025-12-04T13:18:46Z</time>
   </trkpt>
   <trkpt lat="43.2139090" lon="5.4477000">
    <ele>242.2</ele>
    <time>2025-12-04T13:18:47Z</time>
   </trkpt>
   <trkpt lat="43.2139090" lon="5.4477010">
    <ele>242.2</ele>
    <time>2025-12-04T13:18:48Z</time>
   </trkpt>
   <trkpt lat="43.2139100" lon="5.4477020">
    <ele>242.2</ele>
    <time>2025-12-04T13:18:49Z</time>
   </trkpt>
   <trkpt lat="43.2139110" lon="5.4477030">
    <ele>242.2</ele>
    <time>2025-12-04T13:18:50Z</time>
   </trkpt>
   <trkpt lat="43.2139110" lon="5.4477040">
    <ele>242.2</ele>
    <time>2025-12-04T13:18:51Z</time>
   </trkpt>
   <trkpt lat="43.2139120" lon="5.4477050">
    <ele>242.2</ele>
    <time>2025-12-04T13:18:52Z</time>
   </trkpt>
   <trkpt lat="43.2139120" lon="5.4477060">
    <ele>242.2</ele>
    <time>2025-12-04T13:18:53Z</time>
   </trkpt>
   <trkpt lat="43.2139130" lon="5.4477060">
    <ele>242.2</ele>
    <time>2025-12-04T13:18:54Z</time>
   </trkpt>
   <trkpt lat="43.2139130" lon="5.4477070">
    <ele>242.2</ele>
    <time>2025-12-04T13:18:55Z</time>
   </trkpt>
   <trkpt lat="43.2139140" lon="5.4477080">
    <ele>242.2</ele>
    <time>2025-12-04T13:18:56Z</time>
   </trkpt>
   <trkpt lat="43.2139150" lon="5.4477090">
    <ele>242.2</ele>
    <time>2025-12-04T13:18:57Z</time>
   </trkpt>
   <trkpt lat="43.2139150" lon="5.4477100">
    <ele>242.2</ele>
    <time>2025-12-04T13:18:58Z</time>
   </trkpt>
   <trkpt lat="43.2139160" lon="5.4477110">
    <ele>242.2</ele>
    <time>2025-12-04T13:18:59Z</time>
   </trkpt>
   <trkpt lat="43.2139160" lon="5.4477120">
    <ele>242.3</ele>
    <time>2025-12-04T13:19:00Z</time>
   </trkpt>
   <trkpt lat="43.2139170" lon="5.4477120">
    <ele>242.3</ele>
    <time>2025-12-04T13:19:01Z</time>
   </trkpt>
   <trkpt lat="43.2139170" lon="5.4477130">
    <ele>242.3</ele>
    <time>2025-12-04T13:19:02Z</time>
   </trkpt>
   <trkpt lat="43.2139180" lon="5.4477140">
    <ele>242.3</ele>
    <time>2025-12-04T13:19:03Z</time>
   </trkpt>
   <trkpt lat="43.2139190" lon="5.4477150">
    <ele>242.3</ele>
    <time>2025-12-04T13:19:04Z</time>
   </trkpt>
   <trkpt lat="43.2139190" lon="5.4477160">
    <ele>242.3</ele>
    <time>2025-12-04T13:19:05Z</time>
   </trkpt>
   <trkpt lat="43.2139200" lon="5.4477170">
    <ele>242.3</ele>
    <time>2025-12-04T13:19:06Z</time>
   </trkpt>
   <trkpt lat="43.2139200" lon="5.4477170">
    <ele>242.3</ele>
    <time>2025-12-04T13:19:07Z</time>
   </trkpt>
   <trkpt lat="43.2139210" lon="5.4477180">
    <ele>242.3</ele>
    <time>2025-12-04T13:19:08Z</time>
   </trkpt>
   <trkpt lat="43.2139210" lon="5.4477190">
    <ele>242.3</ele>
    <time>2025-12-04T13:19:09Z</time>
   </trkpt>
   <trkpt lat="43.2139220" lon="5.4477200">
    <ele>242.3</ele>
    <time>2025-12-04T13:19:10Z</time>
   </trkpt>
   <trkpt lat="43.2139230" lon="5.4477210">
    <ele>242.3</ele>
    <time>2025-12-04T13:19:11Z</time>
   </trkpt>
   <trkpt lat="43.2139230" lon="5.4477220">
    <ele>242.3</ele>
    <time>2025-12-04T13:19:12Z</time>
   </trkpt>
   <trkpt lat="43.2139240" lon="5.4477230">
    <ele>242.3</ele>
    <time>2025-12-04T13:19:13Z</time>
   </trkpt>
   <trkpt lat="43.2139240" lon="5.4477230">
    <ele>242.3</ele>
    <time>2025-12-04T13:19:14Z</time>
   </trkpt>
   <trkpt lat="43.2139250" lon="5.4477240">
    <ele>242.3</ele>
    <time>2025-12-04T13:19:15Z</time>
   </trkpt>
   <trkpt lat="43.2139250" lon="5.4477250">
    <ele>242.3</ele>
    <time>2025-12-04T13:19:16Z</time>
   </trkpt>
   <trkpt lat="43.2139260" lon="5.4477260">
    <ele>242.3</ele>
    <time>2025-12-04T13:19:17Z</time>
   </trkpt>
   <trkpt lat="43.2139290" lon="5.4477300">
    <ele>242.4</ele>
    <time>2025-12-04T13:19:18Z</time>
   </trkpt>
   <trkpt lat="43.2139280" lon="5.4477330">
    <ele>242.4</ele>
    <time>2025-12-04T13:19:19Z</time>
   </trkpt>
   <trkpt lat="43.2139290" lon="5.4477310">
    <ele>242.4</ele>
    <time>2025-12-04T13:19:20Z</time>
   </trkpt>
   <trkpt lat="43.2139310" lon="5.4477240">
    <ele>242.4</ele>
    <time>2025-12-04T13:19:21Z</time>
   </trkpt>
   <trkpt lat="43.2139320" lon="5.4477260">
    <ele>242.4</ele>
    <time>2025-12-04T13:19:22Z</time>
   </trkpt>
   <trkpt lat="43.2139320" lon="5.4477260">
    <ele>242.4</ele>
    <time>2025-12-04T13:19:23Z</time>
   </trkpt>
   <trkpt lat="43.2139320" lon="5.4477260">
    <ele>242.4</ele>
    <time>2025-12-04T13:19:24Z</time>
   </trkpt>
   <trkpt lat="43.2139400" lon="5.4477240">
    <ele>242.5</ele>
    <time>2025-12-04T13:19:25Z</time>
   </trkpt>
   <trkpt lat="43.2139390" lon="5.4477260">
    <ele>242.5</ele>
    <time>2025-12-04T13:19:26Z</time>
   </trkpt>
   <trkpt lat="43.2139410" lon="5.4477240">
    <ele>242.5</ele>
    <time>2025-12-04T13:19:27Z</time>
   </trkpt>
   <trkpt lat="43.2139470" lon="5.4477240">
    <ele>242.5</ele>
    <time>2025-12-04T13:19:28Z</time>
   </trkpt>
   <trkpt lat="43.2139480" lon="5.4477250">
    <ele>242.5</ele>
    <time>2025-12-04T13:19:29Z</time>
   </trkpt>
   <trkpt lat="43.2139450" lon="5.4477270">
    <ele>242.5</ele>
    <time>2025-12-04T13:19:30Z</time>
   </trkpt>
   <trkpt lat="43.2139430" lon="5.4477270">
    <ele>242.6</ele>
    <time>2025-12-04T13:19:31Z</time>
   </trkpt>
   <trkpt lat="43.2139460" lon="5.4477270">
    <ele>242.6</ele>
    <time>2025-12-04T13:19:32Z</time>
   </trkpt>
   <trkpt lat="43.2139440" lon="5.4477250">
    <ele>242.6</ele>
    <time>2025-12-04T13:19:33Z</time>
   </trkpt>
   <trkpt lat="43.2139430" lon="5.4477270">
    <ele>242.6</ele>
    <time>2025-12-04T13:19:34Z</time>
   </trkpt>
   <trkpt lat="43.2139460" lon="5.4477260">
    <ele>242.6</ele>
    <time>2025-12-04T13:19:35Z</time>
   </trkpt>
   <trkpt lat="43.2139480" lon="5.4477190">
    <ele>242.6</ele>
    <time>2025-12-04T13:19:36Z</time>
   </trkpt>
   <trkpt lat="43.2139480" lon="5.4477230">
    <ele>242.7</ele>
    <time>2025-12-04T13:19:37Z</time>
   </trkpt>
   <trkpt lat="43.2139480" lon="5.4477230">
    <ele>242.7</ele>
    <time>2025-12-04T13:19:38Z</time>
   </trkpt>
   <trkpt lat="43.2139480" lon="5.4477230">
    <ele>242.7</ele>
    <time>2025-12-04T13:19:39Z</time>
   </trkpt>
   <trkpt lat="43.2139480" lon="5.4477230">
    <ele>242.7</ele>
    <time>2025-12-04T13:19:40Z</time>
   </trkpt>
   <trkpt lat="43.2139480" lon="5.4477230">
    <ele>242.7</ele>
    <time>2025-12-04T13:19:41Z</time>
   </trkpt>
   <trkpt lat="43.2139480" lon="5.4477230">
    <ele>242.7</ele>
    <time>2025-12-04T13:19:42Z</time>
   </trkpt>
   <trkpt lat="43.2139480" lon="5.4477230">
    <ele>242.7</ele>
    <time>2025-12-04T13:19:43Z</time>
   </trkpt>
   <trkpt lat="43.2139480" lon="5.4477230">
    <ele>242.7</ele>
    <time>2025-12-04T13:19:44Z</time>
   </trkpt>
   <trkpt lat="43.2139480" lon="5.4477230">
    <ele>242.7</ele>
    <time>2025-12-04T13:19:45Z</time>
   </trkpt>
   <trkpt lat="43.2139480" lon="5.4477230">
    <ele>242.7</ele>
    <time>2025-12-04T13:19:46Z</time>
   </trkpt>
   <trkpt lat="43.2139380" lon="5.4477280">
    <ele>242.7</ele>
    <time>2025-12-04T13:19:47Z</time>
   </trkpt>
   <trkpt lat="43.2139380" lon="5.4477280">
    <ele>242.7</ele>
    <time>2025-12-04T13:19:48Z</time>
   </trkpt>
   <trkpt lat="43.2139330" lon="5.4477190">
    <ele>242.8</ele>
    <time>2025-12-04T13:19:49Z</time>
   </trkpt>
   <trkpt lat="43.2139330" lon="5.4477190">
    <ele>242.8</ele>
    <time>2025-12-04T13:19:50Z</time>
   </trkpt>
   <trkpt lat="43.2139330" lon="5.4477190">
    <ele>242.8</ele>
    <time>2025-12-04T13:19:51Z</time>
   </trkpt>
   <trkpt lat="43.2139330" lon="5.4477190">
    <ele>242.8</ele>
    <time>2025-12-04T13:19:52Z</time>
   </trkpt>
   <trkpt lat="43.2139300" lon="5.4477270">
    <ele>242.8</ele>
    <time>2025-12-04T13:19:53Z</time>
   </trkpt>
   <trkpt lat="43.2139300" lon="5.4477270">
    <ele>242.8</ele>
    <time>2025-12-04T13:19:54Z</time>
   </trkpt>
   <trkpt lat="43.2139300" lon="5.4477270">
    <ele>242.8</ele>
    <time>2025-12-04T13:19:55Z</time>
   </trkpt>
   <trkpt lat="43.2139300" lon="5.4477270">
    <ele>242.8</ele>
    <time>2025-12-04T13:19:56Z</time>
   </trkpt>
   <trkpt lat="43.2139300" lon="5.4477270">
    <ele>242.8</ele>
    <time>2025-12-04T13:19:57Z</time>
   </trkpt>
   <trkpt lat="43.2139300" lon="5.4477270">
    <ele>242.8</ele>
    <time>2025-12-04T13:19:58Z</time>
   </trkpt>
   <trkpt lat="43.2139300" lon="5.4477270">
    <ele>242.8</ele>
    <time>2025-12-04T13:19:59Z</time>
   </trkpt>
   <trkpt lat="43.2139300" lon="5.4477270">
    <ele>242.8</ele>
    <time>2025-12-04T13:20:00Z</time>
   </trkpt>
   <trkpt lat="43.2139300" lon="5.4477270">
    <ele>242.8</ele>
    <time>2025-12-04T13:20:01Z</time>
   </trkpt>
   <trkpt lat="43.2139300" lon="5.4477270">
    <ele>242.8</ele>
    <time>2025-12-04T13:20:02Z</time>
   </trkpt>
   <trkpt lat="43.2139300" lon="5.4477270">
    <ele>242.8</ele>
    <time>2025-12-04T13:20:03Z</time>
   </trkpt>
   <trkpt lat="43.2139300" lon="5.4477270">
    <ele>242.8</ele>
    <time>2025-12-04T13:20:04Z</time>
   </trkpt>
   <trkpt lat="43.2139300" lon="5.4477270">
    <ele>242.8</ele>
    <time>2025-12-04T13:20:05Z</time>
   </trkpt>
   <trkpt lat="43.2139300" lon="5.4477270">
    <ele>242.8</ele>
    <time>2025-12-04T13:20:06Z</time>
   </trkpt>
   <trkpt lat="43.2139300" lon="5.4477270">
    <ele>242.8</ele>
    <time>2025-12-04T13:20:07Z</time>
   </trkpt>
   <trkpt lat="43.2139300" lon="5.4477270">
    <ele>242.8</ele>
    <time>2025-12-04T13:20:08Z</time>
   </trkpt>
   <trkpt lat="43.2139300" lon="5.4477270">
    <ele>242.8</ele>
    <time>2025-12-04T13:20:09Z</time>
   </trkpt>
   <trkpt lat="43.2139300" lon="5.4477270">
    <ele>242.8</ele>
    <time>2025-12-04T13:20:10Z</time>
   </trkpt>
   <trkpt lat="43.2139300" lon="5.4477270">
    <ele>242.8</ele>
    <time>2025-12-04T13:20:11Z</time>
   </trkpt>
   <trkpt lat="43.2139300" lon="5.4477270">
    <ele>242.8</ele>
    <time>2025-12-04T13:20:12Z</time>
   </trkpt>
   <trkpt lat="43.2139300" lon="5.4477270">
    <ele>242.8</ele>
    <time>2025-12-04T13:20:13Z</time>
   </trkpt>
   <trkpt lat="43.2139300" lon="5.4477270">
    <ele>242.8</ele>
    <time>2025-12-04T13:20:14Z</time>
   </trkpt>
   <trkpt lat="43.2139300" lon="5.4477270">
    <ele>242.8</ele>
    <time>2025-12-04T13:20:15Z</time>
   </trkpt>
   <trkpt lat="43.2139300" lon="5.4477270">
    <ele>242.8</ele>
    <time>2025-12-04T13:20:16Z</time>
   </trkpt>
   <trkpt lat="43.2139300" lon="5.4477270">
    <ele>242.8</ele>
    <time>2025-12-04T13:20:17Z</time>
   </trkpt>
   <trkpt lat="43.2139230" lon="5.4477110">
    <ele>242.9</ele>
    <time>2025-12-04T13:20:18Z</time>
   </trkpt>
   <trkpt lat="43.2139220" lon="5.4477090">
    <ele>242.9</ele>
    <time>2025-12-04T13:20:19Z</time>
   </trkpt>
   <trkpt lat="43.2139230" lon="5.4477050">
    <ele>242.9</ele>
    <time>2025-12-04T13:20:20Z</time>
   </trkpt>
   <trkpt lat="43.2139250" lon="5.4477060">
    <ele>242.9</ele>
    <time>2025-12-04T13:20:21Z</time>
   </trkpt>
   <trkpt lat="43.2139260" lon="5.4477040">
    <ele>242.9</ele>
    <time>2025-12-04T13:20:22Z</time>
   </trkpt>
   <trkpt lat="43.2139250" lon="5.4477040">
    <ele>242.9</ele>
    <time>2025-12-04T13:20:23Z</time>
   </trkpt>
   <trkpt lat="43.2139270" lon="5.4477060">
    <ele>242.9</ele>
    <time>2025-12-04T13:20:24Z</time>
   </trkpt>
   <trkpt lat="43.2139290" lon="5.4477070">
    <ele>242.9</ele>
    <time>2025-12-04T13:20:25Z</time>
   </trkpt>
   <trkpt lat="43.2139290" lon="5.4477070">
    <ele>242.9</ele>
    <time>2025-12-04T13:20:26Z</time>
   </trkpt>
   <trkpt lat="43.2139290" lon="5.4477070">
    <ele>242.9</ele>
    <time>2025-12-04T13:20:27Z</time>
   </trkpt>
   <trkpt lat="43.2139290" lon="5.4477070">
    <ele>242.9</ele>
    <time>2025-12-04T13:20:28Z</time>
   </trkpt>
   <trkpt lat="43.2139290" lon="5.4477070">
    <ele>242.9</ele>
    <time>2025-12-04T13:20:29Z</time>
   </trkpt>
   <trkpt lat="43.2139290" lon="5.4477070">
    <ele>242.9</ele>
    <time>2025-12-04T13:20:30Z</time>
   </trkpt>
   <trkpt lat="43.2139350" lon="5.4477130">
    <ele>243.0</ele>
    <time>2025-12-04T13:20:31Z</time>
   </trkpt>
   <trkpt lat="43.2139350" lon="5.4477130">
    <ele>243.0</ele>
    <time>2025-12-04T13:20:32Z</time>
   </trkpt>
   <trkpt lat="43.2139370" lon="5.4477110">
    <ele>243.0</ele>
    <time>2025-12-04T13:20:33Z</time>
   </trkpt>
   <trkpt lat="43.2139360" lon="5.4477130">
    <ele>243.0</ele>
    <time>2025-12-04T13:20:34Z</time>
   </trkpt>
   <trkpt lat="43.2139360" lon="5.4477030">
    <ele>243.0</ele>
    <time>2025-12-04T13:20:35Z</time>
   </trkpt>
   <trkpt lat="43.2139360" lon="5.4477000">
    <ele>243.0</ele>
    <time>2025-12-04T13:20:36Z</time>
   </trkpt>
   <trkpt lat="43.2139360" lon="5.4477010">
    <ele>243.0</ele>
    <time>2025-12-04T13:20:37Z</time>
   </trkpt>
   <trkpt lat="43.2139330" lon="5.4477000">
    <ele>243.1</ele>
    <time>2025-12-04T13:20:38Z</time>
   </trkpt>
   <trkpt lat="43.2139330" lon="5.4477010">
    <ele>243.1</ele>
    <time>2025-12-04T13:20:39Z</time>
   </trkpt>
   <trkpt lat="43.2139330" lon="5.4477020">
    <ele>243.1</ele>
    <time>2025-12-04T13:20:40Z</time>
   </trkpt>
   <trkpt lat="43.2139330" lon="5.4477020">
    <ele>243.1</ele>
    <time>2025-12-04T13:20:41Z</time>
   </trkpt>
   <trkpt lat="43.2139330" lon="5.4477020">
    <ele>243.1</ele>
    <time>2025-12-04T13:20:42Z</time>
   </trkpt>
   <trkpt lat="43.2139330" lon="5.4477020">
    <ele>243.1</ele>
    <time>2025-12-04T13:20:43Z</time>
   </trkpt>
   <trkpt lat="43.2139330" lon="5.4477020">
    <ele>243.1</ele>
    <time>2025-12-04T13:20:44Z</time>
   </trkpt>
   <trkpt lat="43.2139330" lon="5.4477020">
    <ele>243.1</ele>
    <time>2025-12-04T13:20:45Z</time>
   </trkpt>
   <trkpt lat="43.2139330" lon="5.4477020">
    <ele>243.1</ele>
    <time>2025-12-04T13:20:46Z</time>
   </trkpt>
   <trkpt lat="43.2139330" lon="5.4477020">
    <ele>243.1</ele>
    <time>2025-12-04T13:20:47Z</time>
   </trkpt>
   <trkpt lat="43.2139330" lon="5.4477020">
    <ele>243.1</ele>
    <time>2025-12-04T13:20:48Z</time>
   </trkpt>
   <trkpt lat="43.2139330" lon="5.4477020">
    <ele>243.1</ele>
    <time>2025-12-04T13:20:49Z</time>
   </trkpt>
   <trkpt lat="43.2139330" lon="5.4477020">
    <ele>243.1</ele>
    <time>2025-12-04T13:20:50Z</time>
   </trkpt>
   <trkpt lat="43.2139330" lon="5.4477020">
    <ele>243.1</ele>
    <time>2025-12-04T13:20:51Z</time>
   </trkpt>
   <trkpt lat="43.2139330" lon="5.4477020">
    <ele>243.1</ele>
    <time>2025-12-04T13:20:52Z</time>
   </trkpt>
   <trkpt lat="43.2139330" lon="5.4477020">
    <ele>243.1</ele>
    <time>2025-12-04T13:20:53Z</time>
   </trkpt>
   <trkpt lat="43.2139330" lon="5.4477020">
    <ele>243.1</ele>
    <time>2025-12-04T13:20:54Z</time>
   </trkpt>
   <trkpt lat="43.2139330" lon="5.4477020">
    <ele>243.1</ele>
    <time>2025-12-04T13:20:55Z</time>
   </trkpt>
   <trkpt lat="43.2139330" lon="5.4477020">
    <ele>243.1</ele>
    <time>2025-12-04T13:20:56Z</time>
   </trkpt>
   <trkpt lat="43.2139330" lon="5.4477020">
    <ele>243.1</ele>
    <time>2025-12-04T13:20:57Z</time>
   </trkpt>
   <trkpt lat="43.2139330" lon="5.4477020">
    <ele>243.1</ele>
    <time>2025-12-04T13:20:58Z</time>
   </trkpt>
   <trkpt lat="43.2139290" lon="5.4477080">
    <ele>243.1</ele>
    <time>2025-12-04T13:20:59Z</time>
   </trkpt>
   <trkpt lat="43.2139260" lon="5.4477070">
    <ele>243.1</ele>
    <time>2025-12-04T13:21:00Z</time>
   </trkpt>
   <trkpt lat="43.2139280" lon="5.4477090">
    <ele>243.1</ele>
    <time>2025-12-04T13:21:01Z</time>
   </trkpt>
   <trkpt lat="43.2139250" lon="5.4477050">
    <ele>243.1</ele>
    <time>2025-12-04T13:21:02Z</time>
   </trkpt>
   <trkpt lat="43.2139250" lon="5.4477060">
    <ele>243.1</ele>
    <time>2025-12-04T13:21:03Z</time>
   </trkpt>
   <trkpt lat="43.2139250" lon="5.4477060">
    <ele>243.1</ele>
    <time>2025-12-04T13:21:04Z</time>
   </trkpt>
   <trkpt lat="43.2139250" lon="5.4477050">
    <ele>243.1</ele>
    <time>2025-12-04T13:21:05Z</time>
   </trkpt>
   <trkpt lat="43.2139250" lon="5.4477050">
    <ele>243.1</ele>
    <time>2025-12-04T13:21:06Z</time>
   </trkpt>
   <trkpt lat="43.2139250" lon="5.4477050">
    <ele>243.1</ele>
    <time>2025-12-04T13:21:07Z</time>
   </trkpt>
   <trkpt lat="43.2139250" lon="5.4477050">
    <ele>243.1</ele>
    <time>2025-12-04T13:21:08Z</time>
   </trkpt>
   <trkpt lat="43.2139250" lon="5.4477050">
    <ele>243.1</ele>
    <time>2025-12-04T13:21:09Z</time>
   </trkpt>
   <trkpt lat="43.2139250" lon="5.4477050">
    <ele>243.1</ele>
    <time>2025-12-04T13:21:10Z</time>
   </trkpt>
   <trkpt lat="43.2139250" lon="5.4477050">
    <ele>243.1</ele>
    <time>2025-12-04T13:21:11Z</time>
   </trkpt>
   <trkpt lat="43.2139250" lon="5.4477050">
    <ele>243.1</ele>
    <time>2025-12-04T13:21:12Z</time>
   </trkpt>
   <trkpt lat="43.2139250" lon="5.4477050">
    <ele>243.1</ele>
    <time>2025-12-04T13:21:13Z</time>
   </trkpt>
   <trkpt lat="43.2139250" lon="5.4477050">
    <ele>243.1</ele>
    <time>2025-12-04T13:21:14Z</time>
   </trkpt>
   <trkpt lat="43.2139250" lon="5.4477050">
    <ele>243.1</ele>
    <time>2025-12-04T13:21:15Z</time>
   </trkpt>
   <trkpt lat="43.2139250" lon="5.4477050">
    <ele>243.1</ele>
    <time>2025-12-04T13:21:16Z</time>
   </trkpt>
   <trkpt lat="43.2139250" lon="5.4477050">
    <ele>243.1</ele>
    <time>2025-12-04T13:21:17Z</time>
   </trkpt>
   <trkpt lat="43.2139250" lon="5.4477050">
    <ele>243.1</ele>
    <time>2025-12-04T13:21:18Z</time>
   </trkpt>
   <trkpt lat="43.2139210" lon="5.4477050">
    <ele>243.2</ele>
    <time>2025-12-04T13:21:19Z</time>
   </trkpt>
   <trkpt lat="43.2139210" lon="5.4477050">
    <ele>243.2</ele>
    <time>2025-12-04T13:21:20Z</time>
   </trkpt>
   <trkpt lat="43.2139210" lon="5.4477050">
    <ele>243.2</ele>
    <time>2025-12-04T13:21:21Z</time>
   </trkpt>
   <trkpt lat="43.2139210" lon="5.4477050">
    <ele>243.2</ele>
    <time>2025-12-04T13:21:22Z</time>
   </trkpt>
   <trkpt lat="43.2139210" lon="5.4477050">
    <ele>243.2</ele>
    <time>2025-12-04T13:21:23Z</time>
   </trkpt>
   <trkpt lat="43.2139210" lon="5.4477050">
    <ele>243.2</ele>
    <time>2025-12-04T13:21:24Z</time>
   </trkpt>
   <trkpt lat="43.2139210" lon="5.4477050">
    <ele>243.2</ele>
    <time>2025-12-04T13:21:25Z</time>
   </trkpt>
   <trkpt lat="43.2139210" lon="5.4477050">
    <ele>243.2</ele>
    <time>2025-12-04T13:21:26Z</time>
   </trkpt>
   <trkpt lat="43.2139210" lon="5.4477050">
    <ele>243.2</ele>
    <time>2025-12-04T13:21:27Z</time>
   </trkpt>
   <trkpt lat="43.2139210" lon="5.4477130">
    <ele>243.2</ele>
    <time>2025-12-04T13:21:28Z</time>
   </trkpt>
   <trkpt lat="43.2139210" lon="5.4477130">
    <ele>243.2</ele>
    <time>2025-12-04T13:21:29Z</time>
   </trkpt>
   <trkpt lat="43.2139230" lon="5.4477140">
    <ele>243.2</ele>
    <time>2025-12-04T13:21:30Z</time>
   </trkpt>
   <trkpt lat="43.2139230" lon="5.4477140">
    <ele>243.2</ele>
    <time>2025-12-04T13:21:31Z</time>
   </trkpt>
   <trkpt lat="43.2139230" lon="5.4477140">
    <ele>243.2</ele>
    <time>2025-12-04T13:21:32Z</time>
   </trkpt>
   <trkpt lat="43.2139230" lon="5.4477140">
    <ele>243.2</ele>
    <time>2025-12-04T13:21:33Z</time>
   </trkpt>
   <trkpt lat="43.2139230" lon="5.4477140">
    <ele>243.2</ele>
    <time>2025-12-04T13:21:34Z</time>
   </trkpt>
   <trkpt lat="43.2139230" lon="5.4477140">
    <ele>243.2</ele>
    <time>2025-12-04T13:21:35Z</time>
   </trkpt>
   <trkpt lat="43.2139230" lon="5.4477140">
    <ele>243.2</ele>
    <time>2025-12-04T13:21:36Z</time>
   </trkpt>
   <trkpt lat="43.2139230" lon="5.4477140">
    <ele>243.2</ele>
    <time>2025-12-04T13:21:37Z</time>
   </trkpt>
   <trkpt lat="43.2139230" lon="5.4477140">
    <ele>243.2</ele>
    <time>2025-12-04T13:21:38Z</time>
   </trkpt>
   <trkpt lat="43.2139230" lon="5.4477140">
    <ele>243.2</ele>
    <time>2025-12-04T13:21:39Z</time>
   </trkpt>
   <trkpt lat="43.2139230" lon="5.4477140">
    <ele>243.2</ele>
    <time>2025-12-04T13:21:40Z</time>
   </trkpt>
   <trkpt lat="43.2139230" lon="5.4477140">
    <ele>243.2</ele>
    <time>2025-12-04T13:21:41Z</time>
   </trkpt>
   <trkpt lat="43.2139230" lon="5.4477140">
    <ele>243.2</ele>
    <time>2025-12-04T13:21:42Z</time>
   </trkpt>
   <trkpt lat="43.2139230" lon="5.4477140">
    <ele>243.2</ele>
    <time>2025-12-04T13:21:43Z</time>
   </trkpt>
   <trkpt lat="43.2139230" lon="5.4477140">
    <ele>243.2</ele>
    <time>2025-12-04T13:21:44Z</time>
   </trkpt>
   <trkpt lat="43.2139230" lon="5.4477140">
    <ele>243.2</ele>
    <time>2025-12-04T13:21:45Z</time>
   </trkpt>
   <trkpt lat="43.2139230" lon="5.4477140">
    <ele>243.2</ele>
    <time>2025-12-04T13:21:46Z</time>
   </trkpt>
   <trkpt lat="43.2139230" lon="5.4477140">
    <ele>243.2</ele>
    <time>2025-12-04T13:21:47Z</time>
   </trkpt>
   <trkpt lat="43.2139230" lon="5.4477140">
    <ele>243.2</ele>
    <time>2025-12-04T13:21:48Z</time>
   </trkpt>
   <trkpt lat="43.2139230" lon="5.4477140">
    <ele>243.2</ele>
    <time>2025-12-04T13:21:49Z</time>
   </trkpt>
   <trkpt lat="43.2139230" lon="5.4477140">
    <ele>243.2</ele>
    <time>2025-12-04T13:21:50Z</time>
   </trkpt>
   <trkpt lat="43.2139230" lon="5.4477140">
    <ele>243.2</ele>
    <time>2025-12-04T13:21:51Z</time>
   </trkpt>
   <trkpt lat="43.2139230" lon="5.4477140">
    <ele>243.2</ele>
    <time>2025-12-04T13:21:52Z</time>
   </trkpt>
   <trkpt lat="43.2139230" lon="5.4477140">
    <ele>243.2</ele>
    <time>2025-12-04T13:21:53Z</time>
   </trkpt>
   <trkpt lat="43.2139230" lon="5.4477140">
    <ele>243.2</ele>
    <time>2025-12-04T13:21:54Z</time>
   </trkpt>
   <trkpt lat="43.2139230" lon="5.4477140">
    <ele>243.2</ele>
    <time>2025-12-04T13:21:55Z</time>
   </trkpt>
   <trkpt lat="43.2139230" lon="5.4477140">
    <ele>243.2</ele>
    <time>2025-12-04T13:21:56Z</time>
   </trkpt>
   <trkpt lat="43.2139230" lon="5.4477140">
    <ele>243.2</ele>
    <time>2025-12-04T13:21:57Z</time>
   </trkpt>
   <trkpt lat="43.2139230" lon="5.4477140">
    <ele>243.2</ele>
    <time>2025-12-04T13:21:58Z</time>
   </trkpt>
   <trkpt lat="43.2139230" lon="5.4477140">
    <ele>243.2</ele>
    <time>2025-12-04T13:21:59Z</time>
   </trkpt>
   <trkpt lat="43.2139230" lon="5.4477140">
    <ele>243.2</ele>
    <time>2025-12-04T13:22:00Z</time>
   </trkpt>
   <trkpt lat="43.2139240" lon="5.4477260">
    <ele>243.2</ele>
    <time>2025-12-04T13:22:01Z</time>
   </trkpt>
   <trkpt lat="43.2139240" lon="5.4477260">
    <ele>243.2</ele>
    <time>2025-12-04T13:22:02Z</time>
   </trkpt>
   <trkpt lat="43.2139240" lon="5.4477260">
    <ele>243.2</ele>
    <time>2025-12-04T13:22:03Z</time>
   </trkpt>
   <trkpt lat="43.2139240" lon="5.4477260">
    <ele>243.2</ele>
    <time>2025-12-04T13:22:04Z</time>
   </trkpt>
   <trkpt lat="43.2139240" lon="5.4477260">
    <ele>243.2</ele>
    <time>2025-12-04T13:22:05Z</time>
   </trkpt>
   <trkpt lat="43.2139240" lon="5.4477260">
    <ele>243.2</ele>
    <time>2025-12-04T13:22:06Z</time>
   </trkpt>
   <trkpt lat="43.2139240" lon="5.4477260">
    <ele>243.2</ele>
    <time>2025-12-04T13:22:07Z</time>
   </trkpt>
   <trkpt lat="43.2139240" lon="5.4477260">
    <ele>243.2</ele>
    <time>2025-12-04T13:22:08Z</time>
   </trkpt>
   <trkpt lat="43.2139240" lon="5.4477260">
    <ele>243.2</ele>
    <time>2025-12-04T13:22:09Z</time>
   </trkpt>
   <trkpt lat="43.2139240" lon="5.4477260">
    <ele>243.2</ele>
    <time>2025-12-04T13:22:10Z</time>
   </trkpt>
   <trkpt lat="43.2139240" lon="5.4477260">
    <ele>243.2</ele>
    <time>2025-12-04T13:22:11Z</time>
   </trkpt>
   <trkpt lat="43.2139240" lon="5.4477260">
    <ele>243.2</ele>
    <time>2025-12-04T13:22:12Z</time>
   </trkpt>
   <trkpt lat="43.2139240" lon="5.4477260">
    <ele>243.2</ele>
    <time>2025-12-04T13:22:13Z</time>
   </trkpt>
   <trkpt lat="43.2139240" lon="5.4477260">
    <ele>243.2</ele>
    <time>2025-12-04T13:22:14Z</time>
   </trkpt>
   <trkpt lat="43.2139240" lon="5.4477260">
    <ele>243.2</ele>
    <time>2025-12-04T13:22:15Z</time>
   </trkpt>
   <trkpt lat="43.2139240" lon="5.4477260">
    <ele>243.2</ele>
    <time>2025-12-04T13:22:16Z</time>
   </trkpt>
   <trkpt lat="43.2139240" lon="5.4477260">
    <ele>243.2</ele>
    <time>2025-12-04T13:22:17Z</time>
   </trkpt>
   <trkpt lat="43.2139240" lon="5.4477260">
    <ele>243.2</ele>
    <time>2025-12-04T13:22:18Z</time>
   </trkpt>
   <trkpt lat="43.2139240" lon="5.4477260">
    <ele>243.2</ele>
    <time>2025-12-04T13:22:19Z</time>
   </trkpt>
   <trkpt lat="43.2139240" lon="5.4477260">
    <ele>243.2</ele>
    <time>2025-12-04T13:22:20Z</time>
   </trkpt>
   <trkpt lat="43.2139240" lon="5.4477260">
    <ele>243.2</ele>
    <time>2025-12-04T13:22:21Z</time>
   </trkpt>
   <trkpt lat="43.2139240" lon="5.4477260">
    <ele>243.2</ele>
    <time>2025-12-04T13:22:22Z</time>
   </trkpt>
   <trkpt lat="43.2139240" lon="5.4477260">
    <ele>243.2</ele>
    <time>2025-12-04T13:22:23Z</time>
   </trkpt>
   <trkpt lat="43.2139240" lon="5.4477260">
    <ele>243.2</ele>
    <time>2025-12-04T13:22:24Z</time>
   </trkpt>
   <trkpt lat="43.2139240" lon="5.4477260">
    <ele>243.2</ele>
    <time>2025-12-04T13:22:25Z</time>
   </trkpt>
   <trkpt lat="43.2139240" lon="5.4477260">
    <ele>243.2</ele>
    <time>2025-12-04T13:22:26Z</time>
   </trkpt>
   <trkpt lat="43.2139240" lon="5.4477260">
    <ele>243.2</ele>
    <time>2025-12-04T13:22:27Z</time>
   </trkpt>
   <trkpt lat="43.2139240" lon="5.4477260">
    <ele>243.2</ele>
    <time>2025-12-04T13:22:28Z</time>
   </trkpt>
   <trkpt lat="43.2139240" lon="5.4477260">
    <ele>243.2</ele>
    <time>2025-12-04T13:22:29Z</time>
   </trkpt>
   <trkpt lat="43.2139240" lon="5.4477260">
    <ele>243.2</ele>
    <time>2025-12-04T13:22:30Z</time>
   </trkpt>
   <trkpt lat="43.2139240" lon="5.4477260">
    <ele>243.2</ele>
    <time>2025-12-04T13:22:31Z</time>
   </trkpt>
   <trkpt lat="43.2139240" lon="5.4477260">
    <ele>243.2</ele>
    <time>2025-12-04T13:22:32Z</time>
   </trkpt>
   <trkpt lat="43.2139240" lon="5.4477260">
    <ele>243.2</ele>
    <time>2025-12-04T13:22:33Z</time>
   </trkpt>
   <trkpt lat="43.2139240" lon="5.4477260">
    <ele>243.2</ele>
    <time>2025-12-04T13:22:34Z</time>
   </trkpt>
   <trkpt lat="43.2139240" lon="5.4477260">
    <ele>243.2</ele>
    <time>2025-12-04T13:22:35Z</time>
   </trkpt>
   <trkpt lat="43.2139240" lon="5.4477260">
    <ele>243.2</ele>
    <time>2025-12-04T13:22:36Z</time>
   </trkpt>
   <trkpt lat="43.2139240" lon="5.4477250">
    <ele>243.2</ele>
    <time>2025-12-04T13:22:37Z</time>
   </trkpt>
   <trkpt lat="43.2139230" lon="5.4477250">
    <ele>243.2</ele>
    <time>2025-12-04T13:22:38Z</time>
   </trkpt>
   <trkpt lat="43.2139260" lon="5.4477260">
    <ele>243.3</ele>
    <time>2025-12-04T13:22:39Z</time>
   </trkpt>
   <trkpt lat="43.2139240" lon="5.4477270">
    <ele>243.3</ele>
    <time>2025-12-04T13:22:40Z</time>
   </trkpt>
   <trkpt lat="43.2139260" lon="5.4477290">
    <ele>243.3</ele>
    <time>2025-12-04T13:22:41Z</time>
   </trkpt>
   <trkpt lat="43.2139260" lon="5.4477290">
    <ele>243.3</ele>
    <time>2025-12-04T13:22:42Z</time>
   </trkpt>
   <trkpt lat="43.2139250" lon="5.4477270">
    <ele>243.3</ele>
    <time>2025-12-04T13:22:43Z</time>
   </trkpt>
   <trkpt lat="43.2139250" lon="5.4477280">
    <ele>243.3</ele>
    <time>2025-12-04T13:22:44Z</time>
   </trkpt>
   <trkpt lat="43.2139250" lon="5.4477290">
    <ele>243.3</ele>
    <time>2025-12-04T13:22:45Z</time>
   </trkpt>
   <trkpt lat="43.2139260" lon="5.4477260">
    <ele>243.3</ele>
    <time>2025-12-04T13:22:46Z</time>
   </trkpt>
   <trkpt lat="43.2139240" lon="5.4477240">
    <ele>243.3</ele>
    <time>2025-12-04T13:22:47Z</time>
   </trkpt>
   <trkpt lat="43.2139240" lon="5.4477250">
    <ele>243.3</ele>
    <time>2025-12-04T13:22:48Z</time>
   </trkpt>
   <trkpt lat="43.2139240" lon="5.4477250">
    <ele>243.3</ele>
    <time>2025-12-04T13:22:49Z</time>
   </trkpt>
   <trkpt lat="43.2139240" lon="5.4477250">
    <ele>243.3</ele>
    <time>2025-12-04T13:22:50Z</time>
   </trkpt>
   <trkpt lat="43.2139210" lon="5.4477250">
    <ele>243.3</ele>
    <time>2025-12-04T13:22:51Z</time>
   </trkpt>
   <trkpt lat="43.2139210" lon="5.4477290">
    <ele>243.3</ele>
    <time>2025-12-04T13:22:52Z</time>
   </trkpt>
   <trkpt lat="43.2139210" lon="5.4477290">
    <ele>243.3</ele>
    <time>2025-12-04T13:22:53Z</time>
   </trkpt>
   <trkpt lat="43.2139210" lon="5.4477290">
    <ele>243.3</ele>
    <time>2025-12-04T13:22:54Z</time>
   </trkpt>
   <trkpt lat="43.2139210" lon="5.4477290">
    <ele>243.3</ele>
    <time>2025-12-04T13:22:55Z</time>
   </trkpt>
   <trkpt lat="43.2139240" lon="5.4477140">
    <ele>243.4</ele>
    <time>2025-12-04T13:22:56Z</time>
   </trkpt>
   <trkpt lat="43.2139260" lon="5.4477170">
    <ele>243.4</ele>
    <time>2025-12-04T13:22:57Z</time>
   </trkpt>
   <trkpt lat="43.2139260" lon="5.4477180">
    <ele>243.4</ele>
    <time>2025-12-04T13:22:58Z</time>
   </trkpt>
   <trkpt lat="43.2139260" lon="5.4477180">
    <ele>243.4</ele>
    <time>2025-12-04T13:22:59Z</time>
   </trkpt>
   <trkpt lat="43.2139260" lon="5.4477180">
    <ele>243.4</ele>
    <time>2025-12-04T13:23:00Z</time>
   </trkpt>
   <trkpt lat="43.2139260" lon="5.4477180">
    <ele>243.4</ele>
    <time>2025-12-04T13:23:01Z</time>
   </trkpt>
   <trkpt lat="43.2139260" lon="5.4477180">
    <ele>243.4</ele>
    <time>2025-12-04T13:23:02Z</time>
   </trkpt>
   <trkpt lat="43.2139260" lon="5.4477180">
    <ele>243.4</ele>
    <time>2025-12-04T13:23:03Z</time>
   </trkpt>
   <trkpt lat="43.2139260" lon="5.4477180">
    <ele>243.4</ele>
    <time>2025-12-04T13:23:04Z</time>
   </trkpt>
   <trkpt lat="43.2139240" lon="5.4477220">
    <ele>243.4</ele>
    <time>2025-12-04T13:23:05Z</time>
   </trkpt>
   <trkpt lat="43.2139240" lon="5.4477220">
    <ele>243.4</ele>
    <time>2025-12-04T13:23:06Z</time>
   </trkpt>
   <trkpt lat="43.2139220" lon="5.4477210">
    <ele>243.4</ele>
    <time>2025-12-04T13:23:07Z</time>
   </trkpt>
   <trkpt lat="43.2139220" lon="5.4477210">
    <ele>243.4</ele>
    <time>2025-12-04T13:23:08Z</time>
   </trkpt>
   <trkpt lat="43.2139220" lon="5.4477210">
    <ele>243.4</ele>
    <time>2025-12-04T13:23:09Z</time>
   </trkpt>
   <trkpt lat="43.2139220" lon="5.4477210">
    <ele>243.4</ele>
    <time>2025-12-04T13:23:10Z</time>
   </trkpt>
   <trkpt lat="43.2139220" lon="5.4477210">
    <ele>243.4</ele>
    <time>2025-12-04T13:23:11Z</time>
   </trkpt>
   <trkpt lat="43.2139220" lon="5.4477210">
    <ele>243.4</ele>
    <time>2025-12-04T13:23:12Z</time>
   </trkpt>
   <trkpt lat="43.2139220" lon="5.4477210">
    <ele>243.4</ele>
    <time>2025-12-04T13:23:13Z</time>
   </trkpt>
   <trkpt lat="43.2139220" lon="5.4477210">
    <ele>243.4</ele>
    <time>2025-12-04T13:23:14Z</time>
   </trkpt>
   <trkpt lat="43.2139230" lon="5.4477260">
    <ele>243.4</ele>
    <time>2025-12-04T13:23:15Z</time>
   </trkpt>
   <trkpt lat="43.2139230" lon="5.4477260">
    <ele>243.4</ele>
    <time>2025-12-04T13:23:16Z</time>
   </trkpt>
   <trkpt lat="43.2139230" lon="5.4477260">
    <ele>243.4</ele>
    <time>2025-12-04T13:23:17Z</time>
   </trkpt>
   <trkpt lat="43.2139230" lon="5.4477260">
    <ele>243.4</ele>
    <time>2025-12-04T13:23:18Z</time>
   </trkpt>
   <trkpt lat="43.2139230" lon="5.4477260">
    <ele>243.4</ele>
    <time>2025-12-04T13:23:19Z</time>
   </trkpt>
   <trkpt lat="43.2139230" lon="5.4477260">
    <ele>243.4</ele>
    <time>2025-12-04T13:23:20Z</time>
   </trkpt>
   <trkpt lat="43.2139230" lon="5.4477260">
    <ele>243.4</ele>
    <time>2025-12-04T13:23:21Z</time>
   </trkpt>
   <trkpt lat="43.2139230" lon="5.4477260">
    <ele>243.4</ele>
    <time>2025-12-04T13:23:22Z</time>
   </trkpt>
   <trkpt lat="43.2139230" lon="5.4477260">
    <ele>243.4</ele>
    <time>2025-12-04T13:23:23Z</time>
   </trkpt>
   <trkpt lat="43.2139230" lon="5.4477260">
    <ele>243.4</ele>
    <time>2025-12-04T13:23:24Z</time>
   </trkpt>
   <trkpt lat="43.2139230" lon="5.4477260">
    <ele>243.4</ele>
    <time>2025-12-04T13:23:25Z</time>
   </trkpt>
   <trkpt lat="43.2139230" lon="5.4477260">
    <ele>243.4</ele>
    <time>2025-12-04T13:23:26Z</time>
   </trkpt>
   <trkpt lat="43.2139230" lon="5.4477260">
    <ele>243.4</ele>
    <time>2025-12-04T13:23:27Z</time>
   </trkpt>
   <trkpt lat="43.2139230" lon="5.4477260">
    <ele>243.4</ele>
    <time>2025-12-04T13:23:28Z</time>
   </trkpt>
   <trkpt lat="43.2139230" lon="5.4477260">
    <ele>243.4</ele>
    <time>2025-12-04T13:23:29Z</time>
   </trkpt>
   <trkpt lat="43.2139260" lon="5.4477220">
    <ele>243.5</ele>
    <time>2025-12-04T13:23:30Z</time>
   </trkpt>
   <trkpt lat="43.2139260" lon="5.4477220">
    <ele>243.5</ele>
    <time>2025-12-04T13:23:31Z</time>
   </trkpt>
   <trkpt lat="43.2139240" lon="5.4477200">
    <ele>243.5</ele>
    <time>2025-12-04T13:23:32Z</time>
   </trkpt>
   <trkpt lat="43.2139240" lon="5.4477200">
    <ele>243.5</ele>
    <time>2025-12-04T13:23:33Z</time>
   </trkpt>
   <trkpt lat="43.2139240" lon="5.4477200">
    <ele>243.5</ele>
    <time>2025-12-04T13:23:34Z</time>
   </trkpt>
   <trkpt lat="43.2139240" lon="5.4477200">
    <ele>243.5</ele>
    <time>2025-12-04T13:23:35Z</time>
   </trkpt>
   <trkpt lat="43.2139240" lon="5.4477200">
    <ele>243.5</ele>
    <time>2025-12-04T13:23:36Z</time>
   </trkpt>
   <trkpt lat="43.2139240" lon="5.4477200">
    <ele>243.5</ele>
    <time>2025-12-04T13:23:37Z</time>
   </trkpt>
   <trkpt lat="43.2139240" lon="5.4477200">
    <ele>243.5</ele>
    <time>2025-12-04T13:23:38Z</time>
   </trkpt>
   <trkpt lat="43.2139240" lon="5.4477200">
    <ele>243.5</ele>
    <time>2025-12-04T13:23:39Z</time>
   </trkpt>
   <trkpt lat="43.2139240" lon="5.4477200">
    <ele>243.5</ele>
    <time>2025-12-04T13:23:40Z</time>
   </trkpt>
   <trkpt lat="43.2139240" lon="5.4477200">
    <ele>243.5</ele>
    <time>2025-12-04T13:23:41Z</time>
   </trkpt>
   <trkpt lat="43.2139240" lon="5.4477200">
    <ele>243.5</ele>
    <time>2025-12-04T13:23:42Z</time>
   </trkpt>
   <trkpt lat="43.2139240" lon="5.4477200">
    <ele>243.5</ele>
    <time>2025-12-04T13:23:43Z</time>
   </trkpt>
   <trkpt lat="43.2139270" lon="5.4477250">
    <ele>243.5</ele>
    <time>2025-12-04T13:23:44Z</time>
   </trkpt>
   <trkpt lat="43.2139270" lon="5.4477250">
    <ele>243.5</ele>
    <time>2025-12-04T13:23:45Z</time>
   </trkpt>
   <trkpt lat="43.2139270" lon="5.4477250">
    <ele>243.5</ele>
    <time>2025-12-04T13:23:46Z</time>
   </trkpt>
   <trkpt lat="43.2139270" lon="5.4477250">
    <ele>243.5</ele>
    <time>2025-12-04T13:23:47Z</time>
   </trkpt>
   <trkpt lat="43.2139270" lon="5.4477250">
    <ele>243.5</ele>
    <time>2025-12-04T13:23:48Z</time>
   </trkpt>
   <trkpt lat="43.2139270" lon="5.4477250">
    <ele>243.5</ele>
    <time>2025-12-04T13:23:49Z</time>
   </trkpt>
   <trkpt lat="43.2139270" lon="5.4477250">
    <ele>243.5</ele>
    <time>2025-12-04T13:23:50Z</time>
   </trkpt>
   <trkpt lat="43.2139270" lon="5.4477250">
    <ele>243.5</ele>
    <time>2025-12-04T13:23:51Z</time>
   </trkpt>
   <trkpt lat="43.2139270" lon="5.4477280">
    <ele>243.5</ele>
    <time>2025-12-04T13:23:52Z</time>
   </trkpt>
   <trkpt lat="43.2139260" lon="5.4477220">
    <ele>243.5</ele>
    <time>2025-12-04T13:23:53Z</time>
   </trkpt>
   <trkpt lat="43.2139310" lon="5.4477240">
    <ele>243.6</ele>
    <time>2025-12-04T13:23:54Z</time>
   </trkpt>
   <trkpt lat="43.2139330" lon="5.4477200">
    <ele>243.6</ele>
    <time>2025-12-04T13:23:55Z</time>
   </trkpt>
   <trkpt lat="43.2139280" lon="5.4477200">
    <ele>243.6</ele>
    <time>2025-12-04T13:23:56Z</time>
   </trkpt>
   <trkpt lat="43.2139280" lon="5.4477180">
    <ele>243.6</ele>
    <time>2025-12-04T13:23:57Z</time>
   </trkpt>
   <trkpt lat="43.2139290" lon="5.4477170">
    <ele>243.6</ele>
    <time>2025-12-04T13:23:58Z</time>
   </trkpt>
   <trkpt lat="43.2139290" lon="5.4477170">
    <ele>243.6</ele>
    <time>2025-12-04T13:23:59Z</time>
   </trkpt>
   <trkpt lat="43.2139290" lon="5.4477170">
    <ele>243.6</ele>
    <time>2025-12-04T13:24:00Z</time>
   </trkpt>
   <trkpt lat="43.2139290" lon="5.4477170">
    <ele>243.6</ele>
    <time>2025-12-04T13:24:01Z</time>
   </trkpt>
   <trkpt lat="43.2139290" lon="5.4477170">
    <ele>243.6</ele>
    <time>2025-12-04T13:24:02Z</time>
   </trkpt>
   <trkpt lat="43.2139290" lon="5.4477110">
    <ele>243.6</ele>
    <time>2025-12-04T13:24:03Z</time>
   </trkpt>
   <trkpt lat="43.2139280" lon="5.4477120">
    <ele>243.6</ele>
    <time>2025-12-04T13:24:04Z</time>
   </trkpt>
   <trkpt lat="43.2139280" lon="5.4477120">
    <ele>243.6</ele>
    <time>2025-12-04T13:24:05Z</time>
   </trkpt>
   <trkpt lat="43.2139270" lon="5.4477110">
    <ele>243.6</ele>
    <time>2025-12-04T13:24:06Z</time>
   </trkpt>
   <trkpt lat="43.2139270" lon="5.4477120">
    <ele>243.6</ele>
    <time>2025-12-04T13:24:07Z</time>
   </trkpt>
   <trkpt lat="43.2139270" lon="5.4477120">
    <ele>243.6</ele>
    <time>2025-12-04T13:24:08Z</time>
   </trkpt>
   <trkpt lat="43.2139250" lon="5.4477040">
    <ele>243.7</ele>
    <time>2025-12-04T13:24:09Z</time>
   </trkpt>
   <trkpt lat="43.2139240" lon="5.4477060">
    <ele>243.7</ele>
    <time>2025-12-04T13:24:10Z</time>
   </trkpt>
   <trkpt lat="43.2139280" lon="5.4477080">
    <ele>243.7</ele>
    <time>2025-12-04T13:24:11Z</time>
   </trkpt>
   <trkpt lat="43.2139290" lon="5.4477080">
    <ele>243.7</ele>
    <time>2025-12-04T13:24:12Z</time>
   </trkpt>
   <trkpt lat="43.2139290" lon="5.4477080">
    <ele>243.7</ele>
    <time>2025-12-04T13:24:13Z</time>
   </trkpt>
   <trkpt lat="43.2139280" lon="5.4477150">
    <ele>243.7</ele>
    <time>2025-12-04T13:24:14Z</time>
   </trkpt>
   <trkpt lat="43.2139300" lon="5.4477140">
    <ele>243.7</ele>
    <time>2025-12-04T13:24:15Z</time>
   </trkpt>
   <trkpt lat="43.2139290" lon="5.4477140">
    <ele>243.7</ele>
    <time>2025-12-04T13:24:16Z</time>
   </trkpt>
   <trkpt lat="43.2139300" lon="5.4477170">
    <ele>243.7</ele>
    <time>2025-12-04T13:24:17Z</time>
   </trkpt>
   <trkpt lat="43.2139300" lon="5.4477150">
    <ele>243.7</ele>
    <time>2025-12-04T13:24:18Z</time>
   </trkpt>
   <trkpt lat="43.2139290" lon="5.4477240">
    <ele>243.8</ele>
    <time>2025-12-04T13:24:19Z</time>
   </trkpt>
   <trkpt lat="43.2139280" lon="5.4477280">
    <ele>243.8</ele>
    <time>2025-12-04T13:24:20Z</time>
   </trkpt>
   <trkpt lat="43.2139290" lon="5.4477310">
    <ele>243.8</ele>
    <time>2025-12-04T13:24:21Z</time>
   </trkpt>
   <trkpt lat="43.2139290" lon="5.4477240">
    <ele>243.8</ele>
    <time>2025-12-04T13:24:22Z</time>
   </trkpt>
   <trkpt lat="43.2139280" lon="5.4477230">
    <ele>243.8</ele>
    <time>2025-12-04T13:24:23Z</time>
   </trkpt>
   <trkpt lat="43.2139250" lon="5.4477210">
    <ele>243.8</ele>
    <time>2025-12-04T13:24:24Z</time>
   </trkpt>
   <trkpt lat="43.2139250" lon="5.4477210">
    <ele>243.8</ele>
    <time>2025-12-04T13:24:25Z</time>
   </trkpt>
   <trkpt lat="43.2139250" lon="5.4477210">
    <ele>243.8</ele>
    <time>2025-12-04T13:24:26Z</time>
   </trkpt>
   <trkpt lat="43.2139250" lon="5.4477210">
    <ele>243.8</ele>
    <time>2025-12-04T13:24:27Z</time>
   </trkpt>
   <trkpt lat="43.2139250" lon="5.4477210">
    <ele>243.8</ele>
    <time>2025-12-04T13:24:28Z</time>
   </trkpt>
   <trkpt lat="43.2139270" lon="5.4477150">
    <ele>243.9</ele>
    <time>2025-12-04T13:24:29Z</time>
   </trkpt>
   <trkpt lat="43.2139260" lon="5.4477160">
    <ele>243.9</ele>
    <time>2025-12-04T13:24:30Z</time>
   </trkpt>
   <trkpt lat="43.2139240" lon="5.4477140">
    <ele>243.9</ele>
    <time>2025-12-04T13:24:31Z</time>
   </trkpt>
   <trkpt lat="43.2139270" lon="5.4477170">
    <ele>243.9</ele>
    <time>2025-12-04T13:24:32Z</time>
   </trkpt>
   <trkpt lat="43.2139310" lon="5.4477180">
    <ele>243.9</ele>
    <time>2025-12-04T13:24:33Z</time>
   </trkpt>
   <trkpt lat="43.2139390" lon="5.4477200">
    <ele>243.9</ele>
    <time>2025-12-04T13:24:34Z</time>
   </trkpt>
   <trkpt lat="43.2139450" lon="5.4477200">
    <ele>244.0</ele>
    <time>2025-12-04T13:24:35Z</time>
   </trkpt>
   <trkpt lat="43.2139490" lon="5.4477230">
    <ele>244.0</ele>
    <time>2025-12-04T13:24:36Z</time>
   </trkpt>
   <trkpt lat="43.2139560" lon="5.4477150">
    <ele>244.0</ele>
    <time>2025-12-04T13:24:37Z</time>
   </trkpt>
   <trkpt lat="43.2139590" lon="5.4477260">
    <ele>244.0</ele>
    <time>2025-12-04T13:24:38Z</time>
   </trkpt>
   <trkpt lat="43.2139580" lon="5.4477270">
    <ele>244.1</ele>
    <time>2025-12-04T13:24:39Z</time>
   </trkpt>
   <trkpt lat="43.2139580" lon="5.4477260">
    <ele>244.1</ele>
    <time>2025-12-04T13:24:40Z</time>
   </trkpt>
   <trkpt lat="43.2139580" lon="5.4477260">
    <ele>244.1</ele>
    <time>2025-12-04T13:24:41Z</time>
   </trkpt>
   <trkpt lat="43.2139580" lon="5.4477280">
    <ele>244.1</ele>
    <time>2025-12-04T13:24:42Z</time>
   </trkpt>
   <trkpt lat="43.2139560" lon="5.4477270">
    <ele>244.1</ele>
    <time>2025-12-04T13:24:43Z</time>
   </trkpt>
   <trkpt lat="43.2139540" lon="5.4477240">
    <ele>244.1</ele>
    <time>2025-12-04T13:24:44Z</time>
   </trkpt>
   <trkpt lat="43.2139560" lon="5.4477290">
    <ele>244.1</ele>
    <time>2025-12-04T13:24:45Z</time>
   </trkpt>
   <trkpt lat="43.2139590" lon="5.4477240">
    <ele>244.1</ele>
    <time>2025-12-04T13:24:46Z</time>
   </trkpt>
   <trkpt lat="43.2139620" lon="5.4477220">
    <ele>244.1</ele>
    <time>2025-12-04T13:24:47Z</time>
   </trkpt>
   <trkpt lat="43.2139560" lon="5.4477270">
    <ele>244.1</ele>
    <time>2025-12-04T13:24:48Z</time>
   </trkpt>
   <trkpt lat="43.2139560" lon="5.4477240">
    <ele>244.2</ele>
    <time>2025-12-04T13:24:49Z</time>
   </trkpt>
   <trkpt lat="43.2139560" lon="5.4477240">
    <ele>244.2</ele>
    <time>2025-12-04T13:24:50Z</time>
   </trkpt>
   <trkpt lat="43.2139590" lon="5.4477250">
    <ele>244.2</ele>
    <time>2025-12-04T13:24:51Z</time>
   </trkpt>
   <trkpt lat="43.2139590" lon="5.4477280">
    <ele>244.2</ele>
    <time>2025-12-04T13:24:52Z</time>
   </trkpt>
   <trkpt lat="43.2139590" lon="5.4477310">
    <ele>244.2</ele>
    <time>2025-12-04T13:24:53Z</time>
   </trkpt>
   <trkpt lat="43.2139610" lon="5.4477290">
    <ele>244.2</ele>
    <time>2025-12-04T13:24:54Z</time>
   </trkpt>
   <trkpt lat="43.2139670" lon="5.4477240">
    <ele>244.2</ele>
    <time>2025-12-04T13:24:55Z</time>
   </trkpt>
   <trkpt lat="43.2139710" lon="5.4477290">
    <ele>244.2</ele>
    <time>2025-12-04T13:24:56Z</time>
   </trkpt>
   <trkpt lat="43.2139710" lon="5.4477320">
    <ele>244.2</ele>
    <time>2025-12-04T13:24:57Z</time>
   </trkpt>
   <trkpt lat="43.2139720" lon="5.4477280">
    <ele>244.3</ele>
    <time>2025-12-04T13:24:58Z</time>
   </trkpt>
   <trkpt lat="43.2139750" lon="5.4477220">
    <ele>244.3</ele>
    <time>2025-12-04T13:24:59Z</time>
   </trkpt>
   <trkpt lat="43.2139750" lon="5.4477160">
    <ele>244.3</ele>
    <time>2025-12-04T13:25:00Z</time>
   </trkpt>
   <trkpt lat="43.2139840" lon="5.4477140">
    <ele>244.3</ele>
    <time>2025-12-04T13:25:01Z</time>
   </trkpt>
   <trkpt lat="43.2139770" lon="5.4477210">
    <ele>244.3</ele>
    <time>2025-12-04T13:25:02Z</time>
   </trkpt>
   <trkpt lat="43.2139680" lon="5.4477330">
    <ele>244.4</ele>
    <time>2025-12-04T13:25:03Z</time>
   </trkpt>
   <trkpt lat="43.2139580" lon="5.4477450">
    <ele>244.4</ele>
    <time>2025-12-04T13:25:04Z</time>
   </trkpt>
   <trkpt lat="43.2139490" lon="5.4477570">
    <ele>244.5</ele>
    <time>2025-12-04T13:25:05Z</time>
   </trkpt>
   <trkpt lat="43.2139370" lon="5.4474920">
    <ele>245.1</ele>
    <time>2025-12-04T13:25:12Z</time>
   </trkpt>
   <trkpt lat="43.2139010" lon="5.4470250">
    <ele>245.9</ele>
    <time>2025-12-04T13:25:13Z</time>
   </trkpt>
   <trkpt lat="43.2139520" lon="5.4477360">
    <ele>243.3</ele>
    <time>2025-12-04T13:25:14Z</time>
   </trkpt>
   <trkpt lat="43.2139470" lon="5.4477400">
    <ele>243.3</ele>
    <time>2025-12-04T13:25:15Z</time>
   </trkpt>
   <trkpt lat="43.2139540" lon="5.4477350">
    <ele>243.3</ele>
    <time>2025-12-04T13:25:16Z</time>
   </trkpt>
   <trkpt lat="43.2139540" lon="5.4477350">
    <ele>243.3</ele>
    <time>2025-12-04T13:25:17Z</time>
   </trkpt>
   <trkpt lat="43.2139540" lon="5.4477350">
    <ele>243.3</ele>
    <time>2025-12-04T13:25:18Z</time>
   </trkpt>
   <trkpt lat="43.2139540" lon="5.4477350">
    <ele>243.3</ele>
    <time>2025-12-04T13:25:19Z</time>
   </trkpt>
   <trkpt lat="43.2139540" lon="5.4477350">
    <ele>243.3</ele>
    <time>2025-12-04T13:25:20Z</time>
   </trkpt>
   <trkpt lat="43.2139540" lon="5.4477350">
    <ele>243.3</ele>
    <time>2025-12-04T13:25:21Z</time>
   </trkpt>
   <trkpt lat="43.2139490" lon="5.4477140">
    <ele>243.2</ele>
    <time>2025-12-04T13:25:22Z</time>
   </trkpt>
   <trkpt lat="43.2139490" lon="5.4477160">
    <ele>243.2</ele>
    <time>2025-12-04T13:25:23Z</time>
   </trkpt>
   <trkpt lat="43.2139500" lon="5.4477270">
    <ele>243.2</ele>
    <time>2025-12-04T13:25:24Z</time>
   </trkpt>
   <trkpt lat="43.2139490" lon="5.4477350">
    <ele>243.1</ele>
    <time>2025-12-04T13:25:25Z</time>
   </trkpt>
   <trkpt lat="43.2139430" lon="5.4477370">
    <ele>243.1</ele>
    <time>2025-12-04T13:25:26Z</time>
   </trkpt>
   <trkpt lat="43.2139430" lon="5.4477370">
    <ele>243.1</ele>
    <time>2025-12-04T13:25:27Z</time>
   </trkpt>
   <trkpt lat="43.2139390" lon="5.4477370">
    <ele>243.1</ele>
    <time>2025-12-04T13:25:28Z</time>
   </trkpt>
   <trkpt lat="43.2139410" lon="5.4477390">
    <ele>243.1</ele>
    <time>2025-12-04T13:25:29Z</time>
   </trkpt>
   <trkpt lat="43.2139390" lon="5.4477350">
    <ele>243.1</ele>
    <time>2025-12-04T13:25:30Z</time>
   </trkpt>
   <trkpt lat="43.2139390" lon="5.4477350">
    <ele>243.1</ele>
    <time>2025-12-04T13:25:31Z</time>
   </trkpt>
   <trkpt lat="43.2139370" lon="5.4477390">
    <ele>243.1</ele>
    <time>2025-12-04T13:25:32Z</time>
   </trkpt>
   <trkpt lat="43.2139380" lon="5.4477420">
    <ele>243.0</ele>
    <time>2025-12-04T13:25:33Z</time>
   </trkpt>
   <trkpt lat="43.2139790" lon="5.4476810">
    <ele>242.8</ele>
    <time>2025-12-04T13:25:34Z</time>
   </trkpt>
   <trkpt lat="43.2139790" lon="5.4476760">
    <ele>242.8</ele>
    <time>2025-12-04T13:25:35Z</time>
   </trkpt>
   <trkpt lat="43.2139790" lon="5.4476750">
    <ele>242.8</ele>
    <time>2025-12-04T13:25:36Z</time>
   </trkpt>
   <trkpt lat="43.2139790" lon="5.4476710">
    <ele>242.8</ele>
    <time>2025-12-04T13:25:37Z</time>
   </trkpt>
   <trkpt lat="43.2139790" lon="5.4476710">
    <ele>242.8</ele>
    <time>2025-12-04T13:25:38Z</time>
   </trkpt>
   <trkpt lat="43.2139770" lon="5.4476690">
    <ele>242.7</ele>
    <time>2025-12-04T13:25:39Z</time>
   </trkpt>
   <trkpt lat="43.2139750" lon="5.4476710">
    <ele>242.7</ele>
    <time>2025-12-04T13:25:40Z</time>
   </trkpt>
   <trkpt lat="43.2139730" lon="5.4476730">
    <ele>242.7</ele>
    <time>2025-12-04T13:25:41Z</time>
   </trkpt>
   <trkpt lat="43.2139760" lon="5.4476710">
    <ele>242.7</ele>
    <time>2025-12-04T13:25:42Z</time>
   </trkpt>
   <trkpt lat="43.2139750" lon="5.4476730">
    <ele>242.7</ele>
    <time>2025-12-04T13:25:43Z</time>
   </trkpt>
   <trkpt lat="43.2139740" lon="5.4476790">
    <ele>242.7</ele>
    <time>2025-12-04T13:25:44Z</time>
   </trkpt>
   <trkpt lat="43.2139730" lon="5.4476790">
    <ele>242.7</ele>
    <time>2025-12-04T13:25:45Z</time>
   </trkpt>
   <trkpt lat="43.2139730" lon="5.4476790">
    <ele>242.7</ele>
    <time>2025-12-04T13:25:46Z</time>
   </trkpt>
   <trkpt lat="43.2139730" lon="5.4476790">
    <ele>242.7</ele>
    <time>2025-12-04T13:25:47Z</time>
   </trkpt>
   <trkpt lat="43.2139750" lon="5.4476840">
    <ele>242.7</ele>
    <time>2025-12-04T13:25:48Z</time>
   </trkpt>
   <trkpt lat="43.2139750" lon="5.4476840">
    <ele>242.7</ele>
    <time>2025-12-04T13:25:49Z</time>
   </trkpt>
   <trkpt lat="43.2139730" lon="5.4476910">
    <ele>242.6</ele>
    <time>2025-12-04T13:25:50Z</time>
   </trkpt>
   <trkpt lat="43.2139730" lon="5.4476900">
    <ele>242.6</ele>
    <time>2025-12-04T13:25:51Z</time>
   </trkpt>
   <trkpt lat="43.2139730" lon="5.4476900">
    <ele>242.6</ele>
    <time>2025-12-04T13:25:52Z</time>
   </trkpt>
   <trkpt lat="43.2139710" lon="5.4476950">
    <ele>242.6</ele>
    <time>2025-12-04T13:25:53Z</time>
   </trkpt>
   <trkpt lat="43.2139720" lon="5.4476910">
    <ele>242.6</ele>
    <time>2025-12-04T13:25:54Z</time>
   </trkpt>
   <trkpt lat="43.2139720" lon="5.4476910">
    <ele>242.6</ele>
    <time>2025-12-04T13:25:55Z</time>
   </trkpt>
   <trkpt lat="43.2139720" lon="5.4476910">
    <ele>242.6</ele>
    <time>2025-12-04T13:25:56Z</time>
   </trkpt>
   <trkpt lat="43.2139720" lon="5.4476910">
    <ele>242.6</ele>
    <time>2025-12-04T13:25:57Z</time>
   </trkpt>
   <trkpt lat="43.2139720" lon="5.4476910">
    <ele>242.6</ele>
    <time>2025-12-04T13:25:58Z</time>
   </trkpt>
   <trkpt lat="43.2139720" lon="5.4476910">
    <ele>242.6</ele>
    <time>2025-12-04T13:25:59Z</time>
   </trkpt>
   <trkpt lat="43.2139720" lon="5.4476910">
    <ele>242.6</ele>
    <time>2025-12-04T13:26:00Z</time>
   </trkpt>
   <trkpt lat="43.2139720" lon="5.4476910">
    <ele>242.6</ele>
    <time>2025-12-04T13:26:01Z</time>
   </trkpt>
   <trkpt lat="43.2139720" lon="5.4476910">
    <ele>242.6</ele>
    <time>2025-12-04T13:26:02Z</time>
   </trkpt>
   <trkpt lat="43.2139720" lon="5.4476910">
    <ele>242.6</ele>
    <time>2025-12-04T13:26:03Z</time>
   </trkpt>
   <trkpt lat="43.2139650" lon="5.4477050">
    <ele>242.5</ele>
    <time>2025-12-04T13:26:04Z</time>
   </trkpt>
   <trkpt lat="43.2139600" lon="5.4477130">
    <ele>242.5</ele>
    <time>2025-12-04T13:26:05Z</time>
   </trkpt>
   <trkpt lat="43.2139640" lon="5.4477110">
    <ele>242.5</ele>
    <time>2025-12-04T13:26:06Z</time>
   </trkpt>
   <trkpt lat="43.2139640" lon="5.4477110">
    <ele>242.5</ele>
    <time>2025-12-04T13:26:07Z</time>
   </trkpt>
   <trkpt lat="43.2139630" lon="5.4477090">
    <ele>242.5</ele>
    <time>2025-12-04T13:26:08Z</time>
   </trkpt>
   <trkpt lat="43.2139620" lon="5.4477060">
    <ele>242.5</ele>
    <time>2025-12-04T13:26:09Z</time>
   </trkpt>
   <trkpt lat="43.2139620" lon="5.4477060">
    <ele>242.5</ele>
    <time>2025-12-04T13:26:10Z</time>
   </trkpt>
   <trkpt lat="43.2139620" lon="5.4477080">
    <ele>242.5</ele>
    <time>2025-12-04T13:26:11Z</time>
   </trkpt>
   <trkpt lat="43.2139620" lon="5.4477080">
    <ele>242.5</ele>
    <time>2025-12-04T13:26:12Z</time>
   </trkpt>
   <trkpt lat="43.2139620" lon="5.4477080">
    <ele>242.5</ele>
    <time>2025-12-04T13:26:13Z</time>
   </trkpt>
   <trkpt lat="43.2139620" lon="5.4477080">
    <ele>242.5</ele>
    <time>2025-12-04T13:26:14Z</time>
   </trkpt>
   <trkpt lat="43.2139620" lon="5.4477080">
    <ele>242.5</ele>
    <time>2025-12-04T13:26:15Z</time>
   </trkpt>
   <trkpt lat="43.2139580" lon="5.4477130">
    <ele>242.4</ele>
    <time>2025-12-04T13:26:16Z</time>
   </trkpt>
   <trkpt lat="43.2139580" lon="5.4477130">
    <ele>242.4</ele>
    <time>2025-12-04T13:26:17Z</time>
   </trkpt>
   <trkpt lat="43.2139570" lon="5.4477110">
    <ele>242.4</ele>
    <time>2025-12-04T13:26:18Z</time>
   </trkpt>
   <trkpt lat="43.2139570" lon="5.4477110">
    <ele>242.4</ele>
    <time>2025-12-04T13:26:19Z</time>
   </trkpt>
   <trkpt lat="43.2139560" lon="5.4477130">
    <ele>242.4</ele>
    <time>2025-12-04T13:26:20Z</time>
   </trkpt>
   <trkpt lat="43.2139560" lon="5.4477130">
    <ele>242.4</ele>
    <time>2025-12-04T13:26:21Z</time>
   </trkpt>
   <trkpt lat="43.2139560" lon="5.4477130">
    <ele>242.4</ele>
    <time>2025-12-04T13:26:22Z</time>
   </trkpt>
   <trkpt lat="43.2139560" lon="5.4477130">
    <ele>242.4</ele>
    <time>2025-12-04T13:26:23Z</time>
   </trkpt>
   <trkpt lat="43.2139560" lon="5.4477130">
    <ele>242.4</ele>
    <time>2025-12-04T13:26:24Z</time>
   </trkpt>
   <trkpt lat="43.2139520" lon="5.4477220">
    <ele>242.4</ele>
    <time>2025-12-04T13:26:25Z</time>
   </trkpt>
   <trkpt lat="43.2139520" lon="5.4477220">
    <ele>242.4</ele>
    <time>2025-12-04T13:26:26Z</time>
   </trkpt>
   <trkpt lat="43.2139520" lon="5.4477210">
    <ele>242.4</ele>
    <time>2025-12-04T13:26:27Z</time>
   </trkpt>
   <trkpt lat="43.2139480" lon="5.4477200">
    <ele>242.4</ele>
    <time>2025-12-04T13:26:28Z</time>
   </trkpt>
   <trkpt lat="43.2139480" lon="5.4477200">
    <ele>242.4</ele>
    <time>2025-12-04T13:26:29Z</time>
   </trkpt>
   <trkpt lat="43.2139480" lon="5.4477200">
    <ele>242.4</ele>
    <time>2025-12-04T13:26:30Z</time>
   </trkpt>
   <trkpt lat="43.2139480" lon="5.4477200">
    <ele>242.4</ele>
    <time>2025-12-04T13:26:31Z</time>
   </trkpt>
   <trkpt lat="43.2139480" lon="5.4477200">
    <ele>242.4</ele>
    <time>2025-12-04T13:26:32Z</time>
   </trkpt>
   <trkpt lat="43.2139480" lon="5.4477200">
    <ele>242.4</ele>
    <time>2025-12-04T13:26:33Z</time>
   </trkpt>
   <trkpt lat="43.2139480" lon="5.4477200">
    <ele>242.4</ele>
    <time>2025-12-04T13:26:34Z</time>
   </trkpt>
   <trkpt lat="43.2139480" lon="5.4477200">
    <ele>242.4</ele>
    <time>2025-12-04T13:26:35Z</time>
   </trkpt>
   <trkpt lat="43.2139480" lon="5.4477200">
    <ele>242.4</ele>
    <time>2025-12-04T13:26:36Z</time>
   </trkpt>
   <trkpt lat="43.2139480" lon="5.4477200">
    <ele>242.4</ele>
    <time>2025-12-04T13:26:37Z</time>
   </trkpt>
   <trkpt lat="43.2139460" lon="5.4477200">
    <ele>242.3</ele>
    <time>2025-12-04T13:26:38Z</time>
   </trkpt>
   <trkpt lat="43.2139470" lon="5.4477180">
    <ele>242.3</ele>
    <time>2025-12-04T13:26:39Z</time>
   </trkpt>
   <trkpt lat="43.2139470" lon="5.4477180">
    <ele>242.3</ele>
    <time>2025-12-04T13:26:40Z</time>
   </trkpt>
   <trkpt lat="43.2139470" lon="5.4477180">
    <ele>242.3</ele>
    <time>2025-12-04T13:26:41Z</time>
   </trkpt>
   <trkpt lat="43.2139470" lon="5.4477180">
    <ele>242.3</ele>
    <time>2025-12-04T13:26:42Z</time>
   </trkpt>
   <trkpt lat="43.2139460" lon="5.4477240">
    <ele>242.3</ele>
    <time>2025-12-04T13:26:43Z</time>
   </trkpt>
   <trkpt lat="43.2139480" lon="5.4477190">
    <ele>242.3</ele>
    <time>2025-12-04T13:26:44Z</time>
   </trkpt>
   <trkpt lat="43.2139480" lon="5.4477190">
    <ele>242.3</ele>
    <time>2025-12-04T13:26:45Z</time>
   </trkpt>
   <trkpt lat="43.2139460" lon="5.4477230">
    <ele>242.3</ele>
    <time>2025-12-04T13:26:46Z</time>
   </trkpt>
   <trkpt lat="43.2139460" lon="5.4477230">
    <ele>242.3</ele>
    <time>2025-12-04T13:26:47Z</time>
   </trkpt>
   <trkpt lat="43.2139460" lon="5.4477200">
    <ele>242.3</ele>
    <time>2025-12-04T13:26:48Z</time>
   </trkpt>
   <trkpt lat="43.2139460" lon="5.4477180">
    <ele>242.3</ele>
    <time>2025-12-04T13:26:49Z</time>
   </trkpt>
   <trkpt lat="43.2139480" lon="5.4477180">
    <ele>242.3</ele>
    <time>2025-12-04T13:26:50Z</time>
   </trkpt>
   <trkpt lat="43.2139460" lon="5.4477220">
    <ele>242.2</ele>
    <time>2025-12-04T13:26:51Z</time>
   </trkpt>
   <trkpt lat="43.2139460" lon="5.4477220">
    <ele>242.2</ele>
    <time>2025-12-04T13:26:52Z</time>
   </trkpt>
   <trkpt lat="43.2139460" lon="5.4477220">
    <ele>242.2</ele>
    <time>2025-12-04T13:26:53Z</time>
   </trkpt>
   <trkpt lat="43.2139460" lon="5.4477220">
    <ele>242.2</ele>
    <time>2025-12-04T13:26:54Z</time>
   </trkpt>
   <trkpt lat="43.2139460" lon="5.4477220">
    <ele>242.2</ele>
    <time>2025-12-04T13:26:55Z</time>
   </trkpt>
   <trkpt lat="43.2139460" lon="5.4477220">
    <ele>242.2</ele>
    <time>2025-12-04T13:26:56Z</time>
   </trkpt>
   <trkpt lat="43.2139460" lon="5.4477220">
    <ele>242.2</ele>
    <time>2025-12-04T13:26:57Z</time>
   </trkpt>
   <trkpt lat="43.2139460" lon="5.4477220">
    <ele>242.2</ele>
    <time>2025-12-04T13:26:58Z</time>
   </trkpt>
   <trkpt lat="43.2139460" lon="5.4477220">
    <ele>242.2</ele>
    <time>2025-12-04T13:26:59Z</time>
   </trkpt>
   <trkpt lat="43.2139460" lon="5.4477220">
    <ele>242.2</ele>
    <time>2025-12-04T13:27:00Z</time>
   </trkpt>
   <trkpt lat="43.2139460" lon="5.4477220">
    <ele>242.2</ele>
    <time>2025-12-04T13:27:01Z</time>
   </trkpt>
   <trkpt lat="43.2139460" lon="5.4477220">
    <ele>242.2</ele>
    <time>2025-12-04T13:27:02Z</time>
   </trkpt>
   <trkpt lat="43.2139460" lon="5.4477220">
    <ele>242.2</ele>
    <time>2025-12-04T13:27:03Z</time>
   </trkpt>
   <trkpt lat="43.2139460" lon="5.4477220">
    <ele>242.2</ele>
    <time>2025-12-04T13:27:04Z</time>
   </trkpt>
   <trkpt lat="43.2139460" lon="5.4477220">
    <ele>242.2</ele>
    <time>2025-12-04T13:27:05Z</time>
   </trkpt>
   <trkpt lat="43.2139460" lon="5.4477220">
    <ele>242.2</ele>
    <time>2025-12-04T13:27:06Z</time>
   </trkpt>
   <trkpt lat="43.2139460" lon="5.4477220">
    <ele>242.2</ele>
    <time>2025-12-04T13:27:07Z</time>
   </trkpt>
   <trkpt lat="43.2139460" lon="5.4477220">
    <ele>242.2</ele>
    <time>2025-12-04T13:27:08Z</time>
   </trkpt>
   <trkpt lat="43.2139460" lon="5.4477220">
    <ele>242.2</ele>
    <time>2025-12-04T13:27:09Z</time>
   </trkpt>
   <trkpt lat="43.2139460" lon="5.4477220">
    <ele>242.2</ele>
    <time>2025-12-04T13:27:10Z</time>
   </trkpt>
   <trkpt lat="43.2139460" lon="5.4477220">
    <ele>242.2</ele>
    <time>2025-12-04T13:27:11Z</time>
   </trkpt>
   <trkpt lat="43.2139460" lon="5.4477220">
    <ele>242.2</ele>
    <time>2025-12-04T13:27:12Z</time>
   </trkpt>
   <trkpt lat="43.2139460" lon="5.4477220">
    <ele>242.2</ele>
    <time>2025-12-04T13:27:13Z</time>
   </trkpt>
   <trkpt lat="43.2139480" lon="5.4477340">
    <ele>242.2</ele>
    <time>2025-12-04T13:27:14Z</time>
   </trkpt>
   <trkpt lat="43.2139480" lon="5.4477340">
    <ele>242.2</ele>
    <time>2025-12-04T13:27:15Z</time>
   </trkpt>
   <trkpt lat="43.2139490" lon="5.4477360">
    <ele>242.2</ele>
    <time>2025-12-04T13:27:16Z</time>
   </trkpt>
   <trkpt lat="43.2139490" lon="5.4477380">
    <ele>242.2</ele>
    <time>2025-12-04T13:27:17Z</time>
   </trkpt>
   <trkpt lat="43.2139500" lon="5.4477390">
    <ele>242.2</ele>
    <time>2025-12-04T13:27:18Z</time>
   </trkpt>
   <trkpt lat="43.2139500" lon="5.4477390">
    <ele>242.2</ele>
    <time>2025-12-04T13:27:19Z</time>
   </trkpt>
   <trkpt lat="43.2139490" lon="5.4477400">
    <ele>242.2</ele>
    <time>2025-12-04T13:27:20Z</time>
   </trkpt>
   <trkpt lat="43.2139490" lon="5.4477390">
    <ele>242.2</ele>
    <time>2025-12-04T13:27:21Z</time>
   </trkpt>
   <trkpt lat="43.2139480" lon="5.4477360">
    <ele>242.2</ele>
    <time>2025-12-04T13:27:22Z</time>
   </trkpt>
   <trkpt lat="43.2139480" lon="5.4477360">
    <ele>242.2</ele>
    <time>2025-12-04T13:27:23Z</time>
   </trkpt>
   <trkpt lat="43.2139480" lon="5.4477360">
    <ele>242.2</ele>
    <time>2025-12-04T13:27:24Z</time>
   </trkpt>
   <trkpt lat="43.2139480" lon="5.4477360">
    <ele>242.2</ele>
    <time>2025-12-04T13:27:25Z</time>
   </trkpt>
   <trkpt lat="43.2139480" lon="5.4477360">
    <ele>242.2</ele>
    <time>2025-12-04T13:27:26Z</time>
   </trkpt>
   <trkpt lat="43.2139470" lon="5.4477290">
    <ele>242.1</ele>
    <time>2025-12-04T13:27:27Z</time>
   </trkpt>
   <trkpt lat="43.2139470" lon="5.4477290">
    <ele>242.1</ele>
    <time>2025-12-04T13:27:28Z</time>
   </trkpt>
   <trkpt lat="43.2139480" lon="5.4477330">
    <ele>242.1</ele>
    <time>2025-12-04T13:27:29Z</time>
   </trkpt>
   <trkpt lat="43.2139470" lon="5.4477290">
    <ele>242.1</ele>
    <time>2025-12-04T13:27:30Z</time>
   </trkpt>
   <trkpt lat="43.2139470" lon="5.4477290">
    <ele>242.1</ele>
    <time>2025-12-04T13:27:31Z</time>
   </trkpt>
   <trkpt lat="43.2139470" lon="5.4477290">
    <ele>242.1</ele>
    <time>2025-12-04T13:27:32Z</time>
   </trkpt>
   <trkpt lat="43.2139480" lon="5.4477280">
    <ele>242.1</ele>
    <time>2025-12-04T13:27:33Z</time>
   </trkpt>
   <trkpt lat="43.2139470" lon="5.4477290">
    <ele>242.1</ele>
    <time>2025-12-04T13:27:34Z</time>
   </trkpt>
   <trkpt lat="43.2139460" lon="5.4477260">
    <ele>242.1</ele>
    <time>2025-12-04T13:27:35Z</time>
   </trkpt>
   <trkpt lat="43.2139450" lon="5.4477330">
    <ele>242.1</ele>
    <time>2025-12-04T13:27:36Z</time>
   </trkpt>
   <trkpt lat="43.2139450" lon="5.4477330">
    <ele>242.1</ele>
    <time>2025-12-04T13:27:37Z</time>
   </trkpt>
   <trkpt lat="43.2139450" lon="5.4477330">
    <ele>242.1</ele>
    <time>2025-12-04T13:27:38Z</time>
   </trkpt>
   <trkpt lat="43.2139450" lon="5.4477330">
    <ele>242.1</ele>
    <time>2025-12-04T13:27:39Z</time>
   </trkpt>
   <trkpt lat="43.2139440" lon="5.4477390">
    <ele>242.0</ele>
    <time>2025-12-04T13:27:40Z</time>
   </trkpt>
   <trkpt lat="43.2139490" lon="5.4477350">
    <ele>242.0</ele>
    <time>2025-12-04T13:27:41Z</time>
   </trkpt>
   <trkpt lat="43.2139440" lon="5.4477360">
    <ele>242.0</ele>
    <time>2025-12-04T13:27:42Z</time>
   </trkpt>
   <trkpt lat="43.2139450" lon="5.4477370">
    <ele>242.0</ele>
    <time>2025-12-04T13:27:43Z</time>
   </trkpt>
   <trkpt lat="43.2139460" lon="5.4477410">
    <ele>242.0</ele>
    <time>2025-12-04T13:27:44Z</time>
   </trkpt>
   <trkpt lat="43.2139460" lon="5.4477390">
    <ele>242.0</ele>
    <time>2025-12-04T13:27:45Z</time>
   </trkpt>
   <trkpt lat="43.2139460" lon="5.4477390">
    <ele>242.0</ele>
    <time>2025-12-04T13:27:46Z</time>
   </trkpt>
   <trkpt lat="43.2139450" lon="5.4477390">
    <ele>242.0</ele>
    <time>2025-12-04T13:27:47Z</time>
   </trkpt>
   <trkpt lat="43.2139460" lon="5.4477420">
    <ele>241.9</ele>
    <time>2025-12-04T13:27:48Z</time>
   </trkpt>
   <trkpt lat="43.2139480" lon="5.4477400">
    <ele>241.9</ele>
    <time>2025-12-04T13:27:49Z</time>
   </trkpt>
   <trkpt lat="43.2139480" lon="5.4477400">
    <ele>241.9</ele>
    <time>2025-12-04T13:27:50Z</time>
   </trkpt>
   <trkpt lat="43.2139490" lon="5.4477390">
    <ele>241.9</ele>
    <time>2025-12-04T13:27:51Z</time>
   </trkpt>
   <trkpt lat="43.2139490" lon="5.4477390">
    <ele>241.9</ele>
    <time>2025-12-04T13:27:52Z</time>
   </trkpt>
   <trkpt lat="43.2139490" lon="5.4477390">
    <ele>241.9</ele>
    <time>2025-12-04T13:27:53Z</time>
   </trkpt>
   <trkpt lat="43.2139490" lon="5.4477390">
    <ele>241.9</ele>
    <time>2025-12-04T13:27:54Z</time>
   </trkpt>
   <trkpt lat="43.2139490" lon="5.4477390">
    <ele>241.9</ele>
    <time>2025-12-04T13:27:55Z</time>
   </trkpt>
   <trkpt lat="43.2139510" lon="5.4477380">
    <ele>241.9</ele>
    <time>2025-12-04T13:27:56Z</time>
   </trkpt>
   <trkpt lat="43.2139520" lon="5.4477340">
    <ele>241.9</ele>
    <time>2025-12-04T13:27:57Z</time>
   </trkpt>
   <trkpt lat="43.2139520" lon="5.4477330">
    <ele>241.9</ele>
    <time>2025-12-04T13:27:58Z</time>
   </trkpt>
   <trkpt lat="43.2139500" lon="5.4477350">
    <ele>241.9</ele>
    <time>2025-12-04T13:27:59Z</time>
   </trkpt>
   <trkpt lat="43.2139500" lon="5.4477350">
    <ele>241.9</ele>
    <time>2025-12-04T13:28:00Z</time>
   </trkpt>
   <trkpt lat="43.2139490" lon="5.4477350">
    <ele>241.9</ele>
    <time>2025-12-04T13:28:01Z</time>
   </trkpt>
   <trkpt lat="43.2139480" lon="5.4477330">
    <ele>241.9</ele>
    <time>2025-12-04T13:28:02Z</time>
   </trkpt>
   <trkpt lat="43.2139480" lon="5.4477330">
    <ele>241.9</ele>
    <time>2025-12-04T13:28:03Z</time>
   </trkpt>
   <trkpt lat="43.2139480" lon="5.4477330">
    <ele>241.9</ele>
    <time>2025-12-04T13:28:04Z</time>
   </trkpt>
   <trkpt lat="43.2139480" lon="5.4477330">
    <ele>241.9</ele>
    <time>2025-12-04T13:28:05Z</time>
   </trkpt>
   <trkpt lat="43.2139480" lon="5.4477330">
    <ele>241.9</ele>
    <time>2025-12-04T13:28:06Z</time>
   </trkpt>
   <trkpt lat="43.2139470" lon="5.4477330">
    <ele>241.9</ele>
    <time>2025-12-04T13:28:07Z</time>
   </trkpt>
   <trkpt lat="43.2139470" lon="5.4477330">
    <ele>241.9</ele>
    <time>2025-12-04T13:28:08Z</time>
   </trkpt>
   <trkpt lat="43.2139470" lon="5.4477330">
    <ele>241.9</ele>
    <time>2025-12-04T13:28:09Z</time>
   </trkpt>
   <trkpt lat="43.2139470" lon="5.4477330">
    <ele>241.9</ele>
    <time>2025-12-04T13:28:10Z</time>
   </trkpt>
   <trkpt lat="43.2139470" lon="5.4477330">
    <ele>241.9</ele>
    <time>2025-12-04T13:28:11Z</time>
   </trkpt>
   <trkpt lat="43.2139470" lon="5.4477330">
    <ele>241.9</ele>
    <time>2025-12-04T13:28:12Z</time>
   </trkpt>
   <trkpt lat="43.2139450" lon="5.4477420">
    <ele>241.8</ele>
    <time>2025-12-04T13:28:13Z</time>
   </trkpt>
   <trkpt lat="43.2139450" lon="5.4477430">
    <ele>241.8</ele>
    <time>2025-12-04T13:28:14Z</time>
   </trkpt>
   <trkpt lat="43.2139450" lon="5.4477430">
    <ele>241.8</ele>
    <time>2025-12-04T13:28:15Z</time>
   </trkpt>
   <trkpt lat="43.2139450" lon="5.4477430">
    <ele>241.8</ele>
    <time>2025-12-04T13:28:16Z</time>
   </trkpt>
   <trkpt lat="43.2139430" lon="5.4477420">
    <ele>241.8</ele>
    <time>2025-12-04T13:28:17Z</time>
   </trkpt>
   <trkpt lat="43.2139430" lon="5.4477420">
    <ele>241.8</ele>
    <time>2025-12-04T13:28:18Z</time>
   </trkpt>
   <trkpt lat="43.2139430" lon="5.4477420">
    <ele>241.8</ele>
    <time>2025-12-04T13:28:19Z</time>
   </trkpt>
   <trkpt lat="43.2139430" lon="5.4477420">
    <ele>241.8</ele>
    <time>2025-12-04T13:28:20Z</time>
   </trkpt>
   <trkpt lat="43.2139430" lon="5.4477420">
    <ele>241.8</ele>
    <time>2025-12-04T13:28:21Z</time>
   </trkpt>
   <trkpt lat="43.2139430" lon="5.4477420">
    <ele>241.8</ele>
    <time>2025-12-04T13:28:22Z</time>
   </trkpt>
   <trkpt lat="43.2139430" lon="5.4477420">
    <ele>241.8</ele>
    <time>2025-12-04T13:28:23Z</time>
   </trkpt>
   <trkpt lat="43.2139430" lon="5.4477420">
    <ele>241.8</ele>
    <time>2025-12-04T13:28:24Z</time>
   </trkpt>
   <trkpt lat="43.2139430" lon="5.4477420">
    <ele>241.8</ele>
    <time>2025-12-04T13:28:25Z</time>
   </trkpt>
   <trkpt lat="43.2139430" lon="5.4477420">
    <ele>241.8</ele>
    <time>2025-12-04T13:28:26Z</time>
   </trkpt>
   <trkpt lat="43.2139430" lon="5.4477420">
    <ele>241.8</ele>
    <time>2025-12-04T13:28:27Z</time>
   </trkpt>
   <trkpt lat="43.2139430" lon="5.4477420">
    <ele>241.8</ele>
    <time>2025-12-04T13:28:28Z</time>
   </trkpt>
   <trkpt lat="43.2139430" lon="5.4477420">
    <ele>241.8</ele>
    <time>2025-12-04T13:28:29Z</time>
   </trkpt>
   <trkpt lat="43.2139480" lon="5.4477360">
    <ele>241.8</ele>
    <time>2025-12-04T13:28:30Z</time>
   </trkpt>
   <trkpt lat="43.2139480" lon="5.4477340">
    <ele>241.8</ele>
    <time>2025-12-04T13:28:31Z</time>
   </trkpt>
   <trkpt lat="43.2139480" lon="5.4477330">
    <ele>241.8</ele>
    <time>2025-12-04T13:28:32Z</time>
   </trkpt>
   <trkpt lat="43.2139490" lon="5.4477320">
    <ele>241.8</ele>
    <time>2025-12-04T13:28:33Z</time>
   </trkpt>
   <trkpt lat="43.2139490" lon="5.4477310">
    <ele>241.8</ele>
    <time>2025-12-04T13:28:34Z</time>
   </trkpt>
   <trkpt lat="43.2139490" lon="5.4477310">
    <ele>241.8</ele>
    <time>2025-12-04T13:28:35Z</time>
   </trkpt>
   <trkpt lat="43.2139490" lon="5.4477310">
    <ele>241.8</ele>
    <time>2025-12-04T13:28:36Z</time>
   </trkpt>
   <trkpt lat="43.2139490" lon="5.4477310">
    <ele>241.8</ele>
    <time>2025-12-04T13:28:37Z</time>
   </trkpt>
   <trkpt lat="43.2139490" lon="5.4477310">
    <ele>241.8</ele>
    <time>2025-12-04T13:28:38Z</time>
   </trkpt>
   <trkpt lat="43.2139490" lon="5.4477310">
    <ele>241.8</ele>
    <time>2025-12-04T13:28:39Z</time>
   </trkpt>
   <trkpt lat="43.2139470" lon="5.4477330">
    <ele>241.8</ele>
    <time>2025-12-04T13:28:40Z</time>
   </trkpt>
   <trkpt lat="43.2139490" lon="5.4477330">
    <ele>241.7</ele>
    <time>2025-12-04T13:28:41Z</time>
   </trkpt>
   <trkpt lat="43.2139490" lon="5.4477330">
    <ele>241.7</ele>
    <time>2025-12-04T13:28:42Z</time>
   </trkpt>
   <trkpt lat="43.2139490" lon="5.4477330">
    <ele>241.7</ele>
    <time>2025-12-04T13:28:43Z</time>
   </trkpt>
   <trkpt lat="43.2139490" lon="5.4477340">
    <ele>241.7</ele>
    <time>2025-12-04T13:28:44Z</time>
   </trkpt>
   <trkpt lat="43.2139490" lon="5.4477340">
    <ele>241.7</ele>
    <time>2025-12-04T13:28:45Z</time>
   </trkpt>
   <trkpt lat="43.2139490" lon="5.4477340">
    <ele>241.7</ele>
    <time>2025-12-04T13:28:46Z</time>
   </trkpt>
   <trkpt lat="43.2139490" lon="5.4477340">
    <ele>241.7</ele>
    <time>2025-12-04T13:28:47Z</time>
   </trkpt>
   <trkpt lat="43.2139490" lon="5.4477330">
    <ele>241.7</ele>
    <time>2025-12-04T13:28:48Z</time>
   </trkpt>
   <trkpt lat="43.2139490" lon="5.4477330">
    <ele>241.7</ele>
    <time>2025-12-04T13:28:49Z</time>
   </trkpt>
   <trkpt lat="43.2139480" lon="5.4477350">
    <ele>241.7</ele>
    <time>2025-12-04T13:28:50Z</time>
   </trkpt>
   <trkpt lat="43.2139480" lon="5.4477350">
    <ele>241.7</ele>
    <time>2025-12-04T13:28:51Z</time>
   </trkpt>
   <trkpt lat="43.2139490" lon="5.4477340">
    <ele>241.7</ele>
    <time>2025-12-04T13:28:52Z</time>
   </trkpt>
   <trkpt lat="43.2139450" lon="5.4477370">
    <ele>241.7</ele>
    <time>2025-12-04T13:28:53Z</time>
   </trkpt>
   <trkpt lat="43.2139450" lon="5.4477380">
    <ele>241.7</ele>
    <time>2025-12-04T13:28:54Z</time>
   </trkpt>
   <trkpt lat="43.2139450" lon="5.4477380">
    <ele>241.7</ele>
    <time>2025-12-04T13:28:55Z</time>
   </trkpt>
   <trkpt lat="43.2139450" lon="5.4477380">
    <ele>241.7</ele>
    <time>2025-12-04T13:28:56Z</time>
   </trkpt>
   <trkpt lat="43.2139450" lon="5.4477380">
    <ele>241.7</ele>
    <time>2025-12-04T13:28:57Z</time>
   </trkpt>
   <trkpt lat="43.2139450" lon="5.4477380">
    <ele>241.7</ele>
    <time>2025-12-04T13:28:58Z</time>
   </trkpt>
   <trkpt lat="43.2139450" lon="5.4477380">
    <ele>241.7</ele>
    <time>2025-12-04T13:28:59Z</time>
   </trkpt>
   <trkpt lat="43.2139450" lon="5.4477380">
    <ele>241.7</ele>
    <time>2025-12-04T13:29:00Z</time>
   </trkpt>
   <trkpt lat="43.2139450" lon="5.4477380">
    <ele>241.7</ele>
    <time>2025-12-04T13:29:01Z</time>
   </trkpt>
   <trkpt lat="43.2139490" lon="5.4477340">
    <ele>241.7</ele>
    <time>2025-12-04T13:29:02Z</time>
   </trkpt>
   <trkpt lat="43.2139490" lon="5.4477340">
    <ele>241.7</ele>
    <time>2025-12-04T13:29:03Z</time>
   </trkpt>
   <trkpt lat="43.2139490" lon="5.4477340">
    <ele>241.7</ele>
    <time>2025-12-04T13:29:04Z</time>
   </trkpt>
   <trkpt lat="43.2139490" lon="5.4477340">
    <ele>241.7</ele>
    <time>2025-12-04T13:29:05Z</time>
   </trkpt>
   <trkpt lat="43.2139490" lon="5.4477340">
    <ele>241.7</ele>
    <time>2025-12-04T13:29:06Z</time>
   </trkpt>
   <trkpt lat="43.2139470" lon="5.4477380">
    <ele>241.7</ele>
    <time>2025-12-04T13:29:07Z</time>
   </trkpt>
   <trkpt lat="43.2139470" lon="5.4477380">
    <ele>241.7</ele>
    <time>2025-12-04T13:29:08Z</time>
   </trkpt>
   <trkpt lat="43.2139460" lon="5.4477410">
    <ele>241.6</ele>
    <time>2025-12-04T13:29:09Z</time>
   </trkpt>
   <trkpt lat="43.2139440" lon="5.4477390">
    <ele>241.6</ele>
    <time>2025-12-04T13:29:10Z</time>
   </trkpt>
   <trkpt lat="43.2139440" lon="5.4477390">
    <ele>241.6</ele>
    <time>2025-12-04T13:29:11Z</time>
   </trkpt>
   <trkpt lat="43.2139440" lon="5.4477390">
    <ele>241.6</ele>
    <time>2025-12-04T13:29:12Z</time>
   </trkpt>
   <trkpt lat="43.2139440" lon="5.4477370">
    <ele>241.6</ele>
    <time>2025-12-04T13:29:13Z</time>
   </trkpt>
   <trkpt lat="43.2139440" lon="5.4477370">
    <ele>241.6</ele>
    <time>2025-12-04T13:29:14Z</time>
   </trkpt>
   <trkpt lat="43.2139450" lon="5.4477360">
    <ele>241.6</ele>
    <time>2025-12-04T13:29:15Z</time>
   </trkpt>
   <trkpt lat="43.2139460" lon="5.4477340">
    <ele>241.6</ele>
    <time>2025-12-04T13:29:16Z</time>
   </trkpt>
   <trkpt lat="43.2139460" lon="5.4477340">
    <ele>241.6</ele>
    <time>2025-12-04T13:29:17Z</time>
   </trkpt>
   <trkpt lat="43.2139460" lon="5.4477340">
    <ele>241.6</ele>
    <time>2025-12-04T13:29:18Z</time>
   </trkpt>
   <trkpt lat="43.2139460" lon="5.4477340">
    <ele>241.6</ele>
    <time>2025-12-04T13:29:19Z</time>
   </trkpt>
   <trkpt lat="43.2139450" lon="5.4477310">
    <ele>241.6</ele>
    <time>2025-12-04T13:29:20Z</time>
   </trkpt>
   <trkpt lat="43.2139450" lon="5.4477310">
    <ele>241.6</ele>
    <time>2025-12-04T13:29:21Z</time>
   </trkpt>
   <trkpt lat="43.2139450" lon="5.4477310">
    <ele>241.6</ele>
    <time>2025-12-04T13:29:22Z</time>
   </trkpt>
   <trkpt lat="43.2139460" lon="5.4477330">
    <ele>241.6</ele>
    <time>2025-12-04T13:29:23Z</time>
   </trkpt>
   <trkpt lat="43.2139450" lon="5.4477340">
    <ele>241.6</ele>
    <time>2025-12-04T13:29:24Z</time>
   </trkpt>
   <trkpt lat="43.2139460" lon="5.4477320">
    <ele>241.6</ele>
    <time>2025-12-04T13:29:25Z</time>
   </trkpt>
   <trkpt lat="43.2139460" lon="5.4477320">
    <ele>241.6</ele>
    <time>2025-12-04T13:29:26Z</time>
   </trkpt>
   <trkpt lat="43.2139470" lon="5.4477310">
    <ele>241.6</ele>
    <time>2025-12-04T13:29:27Z</time>
   </trkpt>
   <trkpt lat="43.2139470" lon="5.4477330">
    <ele>241.6</ele>
    <time>2025-12-04T13:29:28Z</time>
   </trkpt>
   <trkpt lat="43.2139470" lon="5.4477320">
    <ele>241.6</ele>
    <time>2025-12-04T13:29:29Z</time>
   </trkpt>
   <trkpt lat="43.2139480" lon="5.4477310">
    <ele>241.5</ele>
    <time>2025-12-04T13:29:30Z</time>
   </trkpt>
   <trkpt lat="43.2139470" lon="5.4477320">
    <ele>241.5</ele>
    <time>2025-12-04T13:29:31Z</time>
   </trkpt>
   <trkpt lat="43.2139470" lon="5.4477360">
    <ele>241.5</ele>
    <time>2025-12-04T13:29:32Z</time>
   </trkpt>
   <trkpt lat="43.2139470" lon="5.4477330">
    <ele>241.5</ele>
    <time>2025-12-04T13:29:33Z</time>
   </trkpt>
   <trkpt lat="43.2139460" lon="5.4477340">
    <ele>241.5</ele>
    <time>2025-12-04T13:29:34Z</time>
   </trkpt>
   <trkpt lat="43.2139480" lon="5.4477330">
    <ele>241.5</ele>
    <time>2025-12-04T13:29:35Z</time>
   </trkpt>
   <trkpt lat="43.2139480" lon="5.4477330">
    <ele>241.5</ele>
    <time>2025-12-04T13:29:36Z</time>
   </trkpt>
   <trkpt lat="43.2139450" lon="5.4477350">
    <ele>241.5</ele>
    <time>2025-12-04T13:29:37Z</time>
   </trkpt>
   <trkpt lat="43.2139440" lon="5.4477340">
    <ele>241.5</ele>
    <time>2025-12-04T13:29:38Z</time>
   </trkpt>
   <trkpt lat="43.2139460" lon="5.4477340">
    <ele>241.5</ele>
    <time>2025-12-04T13:29:39Z</time>
   </trkpt>
   <trkpt lat="43.2139440" lon="5.4477350">
    <ele>241.4</ele>
    <time>2025-12-04T13:29:40Z</time>
   </trkpt>
   <trkpt lat="43.2139430" lon="5.4477350">
    <ele>241.4</ele>
    <time>2025-12-04T13:29:41Z</time>
   </trkpt>
   <trkpt lat="43.2139420" lon="5.4477320">
    <ele>241.4</ele>
    <time>2025-12-04T13:29:42Z</time>
   </trkpt>
   <trkpt lat="43.2139450" lon="5.4477310">
    <ele>241.4</ele>
    <time>2025-12-04T13:29:43Z</time>
   </trkpt>
   <trkpt lat="43.2139450" lon="5.4477290">
    <ele>241.4</ele>
    <time>2025-12-04T13:29:44Z</time>
   </trkpt>
   <trkpt lat="43.2139460" lon="5.4477290">
    <ele>241.4</ele>
    <time>2025-12-04T13:29:45Z</time>
   </trkpt>
   <trkpt lat="43.2139460" lon="5.4477290">
    <ele>241.4</ele>
    <time>2025-12-04T13:29:46Z</time>
   </trkpt>
   <trkpt lat="43.2139450" lon="5.4477280">
    <ele>241.4</ele>
    <time>2025-12-04T13:29:47Z</time>
   </trkpt>
   <trkpt lat="43.2139440" lon="5.4477270">
    <ele>241.4</ele>
    <time>2025-12-04T13:29:48Z</time>
   </trkpt>
   <trkpt lat="43.2139430" lon="5.4477310">
    <ele>241.4</ele>
    <time>2025-12-04T13:29:49Z</time>
   </trkpt>
   <trkpt lat="43.2139430" lon="5.4477320">
    <ele>241.4</ele>
    <time>2025-12-04T13:29:50Z</time>
   </trkpt>
   <trkpt lat="43.2139430" lon="5.4477320">
    <ele>241.4</ele>
    <time>2025-12-04T13:29:51Z</time>
   </trkpt>
   <trkpt lat="43.2139460" lon="5.4477250">
    <ele>241.3</ele>
    <time>2025-12-04T13:29:52Z</time>
   </trkpt>
   <trkpt lat="43.2139460" lon="5.4477250">
    <ele>241.3</ele>
    <time>2025-12-04T13:29:53Z</time>
   </trkpt>
   <trkpt lat="43.2139460" lon="5.4477250">
    <ele>241.3</ele>
    <time>2025-12-04T13:29:54Z</time>
   </trkpt>
   <trkpt lat="43.2139490" lon="5.4477240">
    <ele>241.3</ele>
    <time>2025-12-04T13:29:55Z</time>
   </trkpt>
   <trkpt lat="43.2139490" lon="5.4477240">
    <ele>241.3</ele>
    <time>2025-12-04T13:29:56Z</time>
   </trkpt>
   <trkpt lat="43.2139490" lon="5.4477240">
    <ele>241.3</ele>
    <time>2025-12-04T13:29:57Z</time>
   </trkpt>
   <trkpt lat="43.2139490" lon="5.4477240">
    <ele>241.3</ele>
    <time>2025-12-04T13:29:58Z</time>
   </trkpt>
   <trkpt lat="43.2139490" lon="5.4477240">
    <ele>241.3</ele>
    <time>2025-12-04T13:29:59Z</time>
   </trkpt>
   <trkpt lat="43.2139470" lon="5.4477260">
    <ele>241.3</ele>
    <time>2025-12-04T13:30:00Z</time>
   </trkpt>
   <trkpt lat="43.2139470" lon="5.4477260">
    <ele>241.3</ele>
    <time>2025-12-04T13:30:01Z</time>
   </trkpt>
   <trkpt lat="43.2139470" lon="5.4477260">
    <ele>241.3</ele>
    <time>2025-12-04T13:30:02Z</time>
   </trkpt>
   <trkpt lat="43.2139470" lon="5.4477260">
    <ele>241.3</ele>
    <time>2025-12-04T13:30:03Z</time>
   </trkpt>
   <trkpt lat="43.2139430" lon="5.4477310">
    <ele>241.3</ele>
    <time>2025-12-04T13:30:04Z</time>
   </trkpt>
   <trkpt lat="43.2139450" lon="5.4477290">
    <ele>241.2</ele>
    <time>2025-12-04T13:30:05Z</time>
   </trkpt>
   <trkpt lat="43.2139450" lon="5.4477290">
    <ele>241.2</ele>
    <time>2025-12-04T13:30:06Z</time>
   </trkpt>
   <trkpt lat="43.2139440" lon="5.4477310">
    <ele>241.2</ele>
    <time>2025-12-04T13:30:07Z</time>
   </trkpt>
   <trkpt lat="43.2139460" lon="5.4477320">
    <ele>241.2</ele>
    <time>2025-12-04T13:30:08Z</time>
   </trkpt>
   <trkpt lat="43.2139460" lon="5.4477330">
    <ele>241.2</ele>
    <time>2025-12-04T13:30:09Z</time>
   </trkpt>
   <trkpt lat="43.2139490" lon="5.4477330">
    <ele>241.2</ele>
    <time>2025-12-04T13:30:10Z</time>
   </trkpt>
   <trkpt lat="43.2139480" lon="5.4477290">
    <ele>241.2</ele>
    <time>2025-12-04T13:30:11Z</time>
   </trkpt>
   <trkpt lat="43.2139480" lon="5.4477290">
    <ele>241.2</ele>
    <time>2025-12-04T13:30:12Z</time>
   </trkpt>
   <trkpt lat="43.2139480" lon="5.4477290">
    <ele>241.2</ele>
    <time>2025-12-04T13:30:13Z</time>
   </trkpt>
   <trkpt lat="43.2139480" lon="5.4477290">
    <ele>241.2</ele>
    <time>2025-12-04T13:30:14Z</time>
   </trkpt>
   <trkpt lat="43.2139440" lon="5.4477320">
    <ele>241.2</ele>
    <time>2025-12-04T13:30:15Z</time>
   </trkpt>
   <trkpt lat="43.2139440" lon="5.4477320">
    <ele>241.2</ele>
    <time>2025-12-04T13:30:16Z</time>
   </trkpt>
   <trkpt lat="43.2139410" lon="5.4477300">
    <ele>241.1</ele>
    <time>2025-12-04T13:30:17Z</time>
   </trkpt>
   <trkpt lat="43.2139410" lon="5.4477300">
    <ele>241.1</ele>
    <time>2025-12-04T13:30:18Z</time>
   </trkpt>
   <trkpt lat="43.2139430" lon="5.4477310">
    <ele>241.1</ele>
    <time>2025-12-04T13:30:19Z</time>
   </trkpt>
   <trkpt lat="43.2139430" lon="5.4477310">
    <ele>241.1</ele>
    <time>2025-12-04T13:30:20Z</time>
   </trkpt>
   <trkpt lat="43.2139440" lon="5.4477310">
    <ele>241.1</ele>
    <time>2025-12-04T13:30:21Z</time>
   </trkpt>
   <trkpt lat="43.2139440" lon="5.4477310">
    <ele>241.1</ele>
    <time>2025-12-04T13:30:22Z</time>
   </trkpt>
   <trkpt lat="43.2139440" lon="5.4477310">
    <ele>241.1</ele>
    <time>2025-12-04T13:30:23Z</time>
   </trkpt>
   <trkpt lat="43.2139440" lon="5.4477310">
    <ele>241.1</ele>
    <time>2025-12-04T13:30:24Z</time>
   </trkpt>
   <trkpt lat="43.2139440" lon="5.4477310">
    <ele>241.1</ele>
    <time>2025-12-04T13:30:25Z</time>
   </trkpt>
   <trkpt lat="43.2139440" lon="5.4477310">
    <ele>241.1</ele>
    <time>2025-12-04T13:30:26Z</time>
   </trkpt>
   <trkpt lat="43.2139440" lon="5.4477310">
    <ele>241.1</ele>
    <time>2025-12-04T13:30:27Z</time>
   </trkpt>
   <trkpt lat="43.2139440" lon="5.4477310">
    <ele>241.1</ele>
    <time>2025-12-04T13:30:28Z</time>
   </trkpt>
   <trkpt lat="43.2139450" lon="5.4477320">
    <ele>241.1</ele>
    <time>2025-12-04T13:30:29Z</time>
   </trkpt>
   <trkpt lat="43.2139470" lon="5.4477310">
    <ele>241.1</ele>
    <time>2025-12-04T13:30:30Z</time>
   </trkpt>
   <trkpt lat="43.2139460" lon="5.4477310">
    <ele>241.1</ele>
    <time>2025-12-04T13:30:31Z</time>
   </trkpt>
   <trkpt lat="43.2139450" lon="5.4477330">
    <ele>241.1</ele>
    <time>2025-12-04T13:30:32Z</time>
   </trkpt>
   <trkpt lat="43.2139450" lon="5.4477330">
    <ele>241.1</ele>
    <time>2025-12-04T13:30:33Z</time>
   </trkpt>
   <trkpt lat="43.2139450" lon="5.4477330">
    <ele>241.1</ele>
    <time>2025-12-04T13:30:34Z</time>
   </trkpt>
   <trkpt lat="43.2139470" lon="5.4477400">
    <ele>241.1</ele>
    <time>2025-12-04T13:30:35Z</time>
   </trkpt>
   <trkpt lat="43.2139480" lon="5.4477390">
    <ele>241.0</ele>
    <time>2025-12-04T13:30:36Z</time>
   </trkpt>
   <trkpt lat="43.2139480" lon="5.4477390">
    <ele>241.0</ele>
    <time>2025-12-04T13:30:37Z</time>
   </trkpt>
   <trkpt lat="43.2139470" lon="5.4477390">
    <ele>241.0</ele>
    <time>2025-12-04T13:30:38Z</time>
   </trkpt>
   <trkpt lat="43.2139470" lon="5.4477390">
    <ele>241.0</ele>
    <time>2025-12-04T13:30:39Z</time>
   </trkpt>
   <trkpt lat="43.2139470" lon="5.4477390">
    <ele>241.0</ele>
    <time>2025-12-04T13:30:40Z</time>
   </trkpt>
   <trkpt lat="43.2139470" lon="5.4477390">
    <ele>241.0</ele>
    <time>2025-12-04T13:30:41Z</time>
   </trkpt>
   <trkpt lat="43.2139470" lon="5.4477390">
    <ele>241.0</ele>
    <time>2025-12-04T13:30:42Z</time>
   </trkpt>
   <trkpt lat="43.2139490" lon="5.4477380">
    <ele>241.0</ele>
    <time>2025-12-04T13:30:43Z</time>
   </trkpt>
   <trkpt lat="43.2139490" lon="5.4477380">
    <ele>241.0</ele>
    <time>2025-12-04T13:30:44Z</time>
   </trkpt>
   <trkpt lat="43.2139500" lon="5.4477370">
    <ele>241.0</ele>
    <time>2025-12-04T13:30:45Z</time>
   </trkpt>
   <trkpt lat="43.2139500" lon="5.4477380">
    <ele>241.0</ele>
    <time>2025-12-04T13:30:46Z</time>
   </trkpt>
   <trkpt lat="43.2139490" lon="5.4477400">
    <ele>241.0</ele>
    <time>2025-12-04T13:30:47Z</time>
   </trkpt>
   <trkpt lat="43.2139480" lon="5.4477400">
    <ele>241.0</ele>
    <time>2025-12-04T13:30:48Z</time>
   </trkpt>
   <trkpt lat="43.2139470" lon="5.4477400">
    <ele>241.0</ele>
    <time>2025-12-04T13:30:49Z</time>
   </trkpt>
   <trkpt lat="43.2139470" lon="5.4477390">
    <ele>241.0</ele>
    <time>2025-12-04T13:30:50Z</time>
   </trkpt>
   <trkpt lat="43.2139470" lon="5.4477390">
    <ele>241.0</ele>
    <time>2025-12-04T13:30:51Z</time>
   </trkpt>
   <trkpt lat="43.2139440" lon="5.4477380">
    <ele>241.0</ele>
    <time>2025-12-04T13:30:52Z</time>
   </trkpt>
   <trkpt lat="43.2139430" lon="5.4477400">
    <ele>241.0</ele>
    <time>2025-12-04T13:30:53Z</time>
   </trkpt>
   <trkpt lat="43.2139430" lon="5.4477380">
    <ele>241.0</ele>
    <time>2025-12-04T13:30:54Z</time>
   </trkpt>
   <trkpt lat="43.2139430" lon="5.4477380">
    <ele>241.0</ele>
    <time>2025-12-04T13:30:55Z</time>
   </trkpt>
   <trkpt lat="43.2139430" lon="5.4477380">
    <ele>241.0</ele>
    <time>2025-12-04T13:30:56Z</time>
   </trkpt>
   <trkpt lat="43.2139430" lon="5.4477380">
    <ele>241.0</ele>
    <time>2025-12-04T13:30:57Z</time>
   </trkpt>
   <trkpt lat="43.2139440" lon="5.4477350">
    <ele>240.9</ele>
    <time>2025-12-04T13:30:58Z</time>
   </trkpt>
   <trkpt lat="43.2139440" lon="5.4477370">
    <ele>240.9</ele>
    <time>2025-12-04T13:30:59Z</time>
   </trkpt>
   <trkpt lat="43.2139440" lon="5.4477350">
    <ele>240.9</ele>
    <time>2025-12-04T13:31:00Z</time>
   </trkpt>
   <trkpt lat="43.2139430" lon="5.4477400">
    <ele>240.9</ele>
    <time>2025-12-04T13:31:01Z</time>
   </trkpt>
   <trkpt lat="43.2139430" lon="5.4477400">
    <ele>240.9</ele>
    <time>2025-12-04T13:31:02Z</time>
   </trkpt>
   <trkpt lat="43.2139430" lon="5.4477400">
    <ele>240.9</ele>
    <time>2025-12-04T13:31:03Z</time>
   </trkpt>
   <trkpt lat="43.2139450" lon="5.4477420">
    <ele>240.9</ele>
    <time>2025-12-04T13:31:04Z</time>
   </trkpt>
   <trkpt lat="43.2139450" lon="5.4477420">
    <ele>240.9</ele>
    <time>2025-12-04T13:31:05Z</time>
   </trkpt>
   <trkpt lat="43.2139460" lon="5.4477410">
    <ele>240.9</ele>
    <time>2025-12-04T13:31:06Z</time>
   </trkpt>
   <trkpt lat="43.2139470" lon="5.4477400">
    <ele>240.9</ele>
    <time>2025-12-04T13:31:07Z</time>
   </trkpt>
   <trkpt lat="43.2139470" lon="5.4477420">
    <ele>240.9</ele>
    <time>2025-12-04T13:31:08Z</time>
   </trkpt>
   <trkpt lat="43.2139470" lon="5.4477420">
    <ele>240.9</ele>
    <time>2025-12-04T13:31:09Z</time>
   </trkpt>
   <trkpt lat="43.2139470" lon="5.4477420">
    <ele>240.9</ele>
    <time>2025-12-04T13:31:10Z</time>
   </trkpt>
   <trkpt lat="43.2139470" lon="5.4477420">
    <ele>240.9</ele>
    <time>2025-12-04T13:31:11Z</time>
   </trkpt>
   <trkpt lat="43.2139430" lon="5.4477340">
    <ele>240.8</ele>
    <time>2025-12-04T13:31:12Z</time>
   </trkpt>
   <trkpt lat="43.2139430" lon="5.4477390">
    <ele>240.8</ele>
    <time>2025-12-04T13:31:13Z</time>
   </trkpt>
   <trkpt lat="43.2139440" lon="5.4477390">
    <ele>240.8</ele>
    <time>2025-12-04T13:31:14Z</time>
   </trkpt>
   <trkpt lat="43.2139440" lon="5.4477390">
    <ele>240.8</ele>
    <time>2025-12-04T13:31:15Z</time>
   </trkpt>
   <trkpt lat="43.2139440" lon="5.4477390">
    <ele>240.8</ele>
    <time>2025-12-04T13:31:16Z</time>
   </trkpt>
   <trkpt lat="43.2139440" lon="5.4477390">
    <ele>240.8</ele>
    <time>2025-12-04T13:31:17Z</time>
   </trkpt>
   <trkpt lat="43.2139430" lon="5.4477460">
    <ele>240.8</ele>
    <time>2025-12-04T13:31:18Z</time>
   </trkpt>
   <trkpt lat="43.2139410" lon="5.4477450">
    <ele>240.8</ele>
    <time>2025-12-04T13:31:19Z</time>
   </trkpt>
   <trkpt lat="43.2139410" lon="5.4477450">
    <ele>240.8</ele>
    <time>2025-12-04T13:31:20Z</time>
   </trkpt>
   <trkpt lat="43.2139420" lon="5.4477410">
    <ele>240.7</ele>
    <time>2025-12-04T13:31:21Z</time>
   </trkpt>
   <trkpt lat="43.2139430" lon="5.4477270">
    <ele>240.7</ele>
    <time>2025-12-04T13:31:22Z</time>
   </trkpt>
   <trkpt lat="43.2139430" lon="5.4477330">
    <ele>240.7</ele>
    <time>2025-12-04T13:31:23Z</time>
   </trkpt>
   <trkpt lat="43.2139450" lon="5.4477400">
    <ele>240.6</ele>
    <time>2025-12-04T13:31:24Z</time>
   </trkpt>
   <trkpt lat="43.2139450" lon="5.4477400">
    <ele>240.6</ele>
    <time>2025-12-04T13:31:25Z</time>
   </trkpt>
   <trkpt lat="43.2139460" lon="5.4477400">
    <ele>240.6</ele>
    <time>2025-12-04T13:31:26Z</time>
   </trkpt>
   <trkpt lat="43.2139460" lon="5.4477400">
    <ele>240.6</ele>
    <time>2025-12-04T13:31:27Z</time>
   </trkpt>
   <trkpt lat="43.2139460" lon="5.4477400">
    <ele>240.6</ele>
    <time>2025-12-04T13:31:28Z</time>
   </trkpt>
   <trkpt lat="43.2139460" lon="5.4477360">
    <ele>240.6</ele>
    <time>2025-12-04T13:31:29Z</time>
   </trkpt>
   <trkpt lat="43.2139470" lon="5.4477400">
    <ele>240.6</ele>
    <time>2025-12-04T13:31:30Z</time>
   </trkpt>
   <trkpt lat="43.2139480" lon="5.4477420">
    <ele>240.6</ele>
    <time>2025-12-04T13:31:31Z</time>
   </trkpt>
   <trkpt lat="43.2139480" lon="5.4477420">
    <ele>240.6</ele>
    <time>2025-12-04T13:31:32Z</time>
   </trkpt>
   <trkpt lat="43.2139490" lon="5.4477410">
    <ele>240.6</ele>
    <time>2025-12-04T13:31:33Z</time>
   </trkpt>
   <trkpt lat="43.2139490" lon="5.4477460">
    <ele>240.6</ele>
    <time>2025-12-04T13:31:34Z</time>
   </trkpt>
   <trkpt lat="43.2139500" lon="5.4477480">
    <ele>240.5</ele>
    <time>2025-12-04T13:31:35Z</time>
   </trkpt>
   <trkpt lat="43.2139520" lon="5.4477430">
    <ele>240.5</ele>
    <time>2025-12-04T13:31:36Z</time>
   </trkpt>
   <trkpt lat="43.2139520" lon="5.4477440">
    <ele>240.5</ele>
    <time>2025-12-04T13:31:37Z</time>
   </trkpt>
   <trkpt lat="43.2139520" lon="5.4477440">
    <ele>240.5</ele>
    <time>2025-12-04T13:31:38Z</time>
   </trkpt>
   <trkpt lat="43.2139520" lon="5.4477440">
    <ele>240.5</ele>
    <time>2025-12-04T13:31:39Z</time>
   </trkpt>
   <trkpt lat="43.2139490" lon="5.4477420">
    <ele>240.5</ele>
    <time>2025-12-04T13:31:40Z</time>
   </trkpt>
   <trkpt lat="43.2139480" lon="5.4477400">
    <ele>240.5</ele>
    <time>2025-12-04T13:31:41Z</time>
   </trkpt>
   <trkpt lat="43.2139480" lon="5.4477400">
    <ele>240.5</ele>
    <time>2025-12-04T13:31:42Z</time>
   </trkpt>
   <trkpt lat="43.2139470" lon="5.4477410">
    <ele>240.5</ele>
    <time>2025-12-04T13:31:43Z</time>
   </trkpt>
   <trkpt lat="43.2139470" lon="5.4477410">
    <ele>240.5</ele>
    <time>2025-12-04T13:31:44Z</time>
   </trkpt>
   <trkpt lat="43.2139470" lon="5.4477410">
    <ele>240.5</ele>
    <time>2025-12-04T13:31:45Z</time>
   </trkpt>
   <trkpt lat="43.2139470" lon="5.4477410">
    <ele>240.5</ele>
    <time>2025-12-04T13:31:46Z</time>
   </trkpt>
   <trkpt lat="43.2139450" lon="5.4477460">
    <ele>240.5</ele>
    <time>2025-12-04T13:31:47Z</time>
   </trkpt>
   <trkpt lat="43.2139450" lon="5.4477480">
    <ele>240.5</ele>
    <time>2025-12-04T13:31:48Z</time>
   </trkpt>
   <trkpt lat="43.2139450" lon="5.4477480">
    <ele>240.5</ele>
    <time>2025-12-04T13:31:49Z</time>
   </trkpt>
   <trkpt lat="43.2139420" lon="5.4477480">
    <ele>240.4</ele>
    <time>2025-12-04T13:31:50Z</time>
   </trkpt>
   <trkpt lat="43.2139440" lon="5.4477450">
    <ele>240.4</ele>
    <time>2025-12-04T13:31:51Z</time>
   </trkpt>
   <trkpt lat="43.2139440" lon="5.4477430">
    <ele>240.4</ele>
    <time>2025-12-04T13:31:52Z</time>
   </trkpt>
   <trkpt lat="43.2139440" lon="5.4477430">
    <ele>240.4</ele>
    <time>2025-12-04T13:31:53Z</time>
   </trkpt>
   <trkpt lat="43.2139440" lon="5.4477430">
    <ele>240.4</ele>
    <time>2025-12-04T13:31:54Z</time>
   </trkpt>
   <trkpt lat="43.2139440" lon="5.4477430">
    <ele>240.4</ele>
    <time>2025-12-04T13:31:55Z</time>
   </trkpt>
   <trkpt lat="43.2139450" lon="5.4477410">
    <ele>240.4</ele>
    <time>2025-12-04T13:31:56Z</time>
   </trkpt>
   <trkpt lat="43.2139460" lon="5.4477430">
    <ele>240.4</ele>
    <time>2025-12-04T13:31:57Z</time>
   </trkpt>
   <trkpt lat="43.2139460" lon="5.4477420">
    <ele>240.4</ele>
    <time>2025-12-04T13:31:58Z</time>
   </trkpt>
   <trkpt lat="43.2139440" lon="5.4477410">
    <ele>240.4</ele>
    <time>2025-12-04T13:31:59Z</time>
   </trkpt>
   <trkpt lat="43.2139440" lon="5.4477430">
    <ele>240.4</ele>
    <time>2025-12-04T13:32:00Z</time>
   </trkpt>
   <trkpt lat="43.2139450" lon="5.4477430">
    <ele>240.4</ele>
    <time>2025-12-04T13:32:01Z</time>
   </trkpt>
   <trkpt lat="43.2139510" lon="5.4477320">
    <ele>240.3</ele>
    <time>2025-12-04T13:32:02Z</time>
   </trkpt>
   <trkpt lat="43.2139470" lon="5.4477380">
    <ele>240.3</ele>
    <time>2025-12-04T13:32:03Z</time>
   </trkpt>
   <trkpt lat="43.2139460" lon="5.4477380">
    <ele>240.3</ele>
    <time>2025-12-04T13:32:04Z</time>
   </trkpt>
   <trkpt lat="43.2139460" lon="5.4477380">
    <ele>240.3</ele>
    <time>2025-12-04T13:32:05Z</time>
   </trkpt>
   <trkpt lat="43.2139470" lon="5.4477360">
    <ele>240.3</ele>
    <time>2025-12-04T13:32:06Z</time>
   </trkpt>
   <trkpt lat="43.2139470" lon="5.4477360">
    <ele>240.3</ele>
    <time>2025-12-04T13:32:07Z</time>
   </trkpt>
   <trkpt lat="43.2139470" lon="5.4477360">
    <ele>240.3</ele>
    <time>2025-12-04T13:32:08Z</time>
   </trkpt>
   <trkpt lat="43.2139490" lon="5.4477370">
    <ele>240.2</ele>
    <time>2025-12-04T13:32:09Z</time>
   </trkpt>
   <trkpt lat="43.2139490" lon="5.4477370">
    <ele>240.2</ele>
    <time>2025-12-04T13:32:10Z</time>
   </trkpt>
   <trkpt lat="43.2139490" lon="5.4477380">
    <ele>240.2</ele>
    <time>2025-12-04T13:32:11Z</time>
   </trkpt>
   <trkpt lat="43.2139490" lon="5.4477380">
    <ele>240.2</ele>
    <time>2025-12-04T13:32:12Z</time>
   </trkpt>
   <trkpt lat="43.2139490" lon="5.4477380">
    <ele>240.2</ele>
    <time>2025-12-04T13:32:13Z</time>
   </trkpt>
   <trkpt lat="43.2139440" lon="5.4477330">
    <ele>240.2</ele>
    <time>2025-12-04T13:32:14Z</time>
   </trkpt>
   <trkpt lat="43.2139430" lon="5.4477380">
    <ele>240.2</ele>
    <time>2025-12-04T13:32:15Z</time>
   </trkpt>
   <trkpt lat="43.2139460" lon="5.4477370">
    <ele>240.2</ele>
    <time>2025-12-04T13:32:16Z</time>
   </trkpt>
   <trkpt lat="43.2139460" lon="5.4477370">
    <ele>240.2</ele>
    <time>2025-12-04T13:32:17Z</time>
   </trkpt>
   <trkpt lat="43.2139460" lon="5.4477370">
    <ele>240.2</ele>
    <time>2025-12-04T13:32:18Z</time>
   </trkpt>
   <trkpt lat="43.2139460" lon="5.4477370">
    <ele>240.2</ele>
    <time>2025-12-04T13:32:19Z</time>
   </trkpt>
   <trkpt lat="43.2139460" lon="5.4477370">
    <ele>240.2</ele>
    <time>2025-12-04T13:32:20Z</time>
   </trkpt>
   <trkpt lat="43.2139460" lon="5.4477370">
    <ele>240.2</ele>
    <time>2025-12-04T13:32:21Z</time>
   </trkpt>
   <trkpt lat="43.2139460" lon="5.4477370">
    <ele>240.2</ele>
    <time>2025-12-04T13:32:22Z</time>
   </trkpt>
   <trkpt lat="43.2139460" lon="5.4477370">
    <ele>240.2</ele>
    <time>2025-12-04T13:32:23Z</time>
   </trkpt>
   <trkpt lat="43.2139460" lon="5.4477370">
    <ele>240.2</ele>
    <time>2025-12-04T13:32:24Z</time>
   </trkpt>
   <trkpt lat="43.2139460" lon="5.4477370">
    <ele>240.2</ele>
    <time>2025-12-04T13:32:25Z</time>
   </trkpt>
   <trkpt lat="43.2139460" lon="5.4477370">
    <ele>240.2</ele>
    <time>2025-12-04T13:32:26Z</time>
   </trkpt>
   <trkpt lat="43.2139470" lon="5.4477390">
    <ele>240.2</ele>
    <time>2025-12-04T13:32:27Z</time>
   </trkpt>
   <trkpt lat="43.2139470" lon="5.4477390">
    <ele>240.2</ele>
    <time>2025-12-04T13:32:28Z</time>
   </trkpt>
   <trkpt lat="43.2139470" lon="5.4477390">
    <ele>240.2</ele>
    <time>2025-12-04T13:32:29Z</time>
   </trkpt>
   <trkpt lat="43.2139470" lon="5.4477370">
    <ele>240.1</ele>
    <time>2025-12-04T13:32:30Z</time>
   </trkpt>
   <trkpt lat="43.2139470" lon="5.4477370">
    <ele>240.1</ele>
    <time>2025-12-04T13:32:31Z</time>
   </trkpt>
   <trkpt lat="43.2139510" lon="5.4477360">
    <ele>240.1</ele>
    <time>2025-12-04T13:32:32Z</time>
   </trkpt>
   <trkpt lat="43.2139510" lon="5.4477360">
    <ele>240.1</ele>
    <time>2025-12-04T13:32:33Z</time>
   </trkpt>
   <trkpt lat="43.2139510" lon="5.4477380">
    <ele>240.1</ele>
    <time>2025-12-04T13:32:34Z</time>
   </trkpt>
   <trkpt lat="43.2139500" lon="5.4477360">
    <ele>240.1</ele>
    <time>2025-12-04T13:32:35Z</time>
   </trkpt>
   <trkpt lat="43.2139500" lon="5.4477360">
    <ele>240.1</ele>
    <time>2025-12-04T13:32:36Z</time>
   </trkpt>
   <trkpt lat="43.2139480" lon="5.4477340">
    <ele>240.1</ele>
    <time>2025-12-04T13:32:37Z</time>
   </trkpt>
   <trkpt lat="43.2139500" lon="5.4477300">
    <ele>240.1</ele>
    <time>2025-12-04T13:32:38Z</time>
   </trkpt>
   <trkpt lat="43.2139510" lon="5.4477440">
    <ele>240.0</ele>
    <time>2025-12-04T13:32:39Z</time>
   </trkpt>
   <trkpt lat="43.2139510" lon="5.4477440">
    <ele>240.0</ele>
    <time>2025-12-04T13:32:40Z</time>
   </trkpt>
   <trkpt lat="43.2139510" lon="5.4477440">
    <ele>240.0</ele>
    <time>2025-12-04T13:32:41Z</time>
   </trkpt>
   <trkpt lat="43.2139510" lon="5.4477440">
    <ele>240.0</ele>
    <time>2025-12-04T13:32:42Z</time>
   </trkpt>
   <trkpt lat="43.2139510" lon="5.4477440">
    <ele>240.0</ele>
    <time>2025-12-04T13:32:43Z</time>
   </trkpt>
   <trkpt lat="43.2139510" lon="5.4477440">
    <ele>240.0</ele>
    <time>2025-12-04T13:32:44Z</time>
   </trkpt>
   <trkpt lat="43.2139510" lon="5.4477440">
    <ele>240.0</ele>
    <time>2025-12-04T13:32:45Z</time>
   </trkpt>
   <trkpt lat="43.2139510" lon="5.4477440">
    <ele>240.0</ele>
    <time>2025-12-04T13:32:46Z</time>
   </trkpt>
   <trkpt lat="43.2139510" lon="5.4477440">
    <ele>240.0</ele>
    <time>2025-12-04T13:32:47Z</time>
   </trkpt>
   <trkpt lat="43.2139510" lon="5.4477440">
    <ele>240.0</ele>
    <time>2025-12-04T13:32:48Z</time>
   </trkpt>
   <trkpt lat="43.2139510" lon="5.4477440">
    <ele>240.0</ele>
    <time>2025-12-04T13:32:49Z</time>
   </trkpt>
   <trkpt lat="43.2139510" lon="5.4477440">
    <ele>240.0</ele>
    <time>2025-12-04T13:32:50Z</time>
   </trkpt>
   <trkpt lat="43.2139480" lon="5.4477430">
    <ele>240.0</ele>
    <time>2025-12-04T13:32:51Z</time>
   </trkpt>
   <trkpt lat="43.2139480" lon="5.4477430">
    <ele>240.0</ele>
    <time>2025-12-04T13:32:52Z</time>
   </trkpt>
   <trkpt lat="43.2139530" lon="5.4477430">
    <ele>239.9</ele>
    <time>2025-12-04T13:32:53Z</time>
   </trkpt>
   <trkpt lat="43.2139540" lon="5.4477400">
    <ele>239.9</ele>
    <time>2025-12-04T13:32:54Z</time>
   </trkpt>
   <trkpt lat="43.2139490" lon="5.4477320">
    <ele>239.9</ele>
    <time>2025-12-04T13:32:55Z</time>
   </trkpt>
   <trkpt lat="43.2139490" lon="5.4477330">
    <ele>239.9</ele>
    <time>2025-12-04T13:32:56Z</time>
   </trkpt>
   <trkpt lat="43.2139510" lon="5.4477340">
    <ele>239.9</ele>
    <time>2025-12-04T13:32:57Z</time>
   </trkpt>
   <trkpt lat="43.2139460" lon="5.4477410">
    <ele>239.8</ele>
    <time>2025-12-04T13:32:58Z</time>
   </trkpt>
   <trkpt lat="43.2139450" lon="5.4477540">
    <ele>239.8</ele>
    <time>2025-12-04T13:32:59Z</time>
   </trkpt>
   <trkpt lat="43.2139460" lon="5.4477360">
    <ele>239.7</ele>
    <time>2025-12-04T13:33:00Z</time>
   </trkpt>
   <trkpt lat="43.2139430" lon="5.4477280">
    <ele>239.6</ele>
    <time>2025-12-04T13:33:01Z</time>
   </trkpt>
   <trkpt lat="43.2139430" lon="5.4477240">
    <ele>239.6</ele>
    <time>2025-12-04T13:33:02Z</time>
   </trkpt>
   <trkpt lat="43.2139480" lon="5.4477180">
    <ele>239.6</ele>
    <time>2025-12-04T13:33:03Z</time>
   </trkpt>
   <trkpt lat="43.2139510" lon="5.4477200">
    <ele>239.6</ele>
    <time>2025-12-04T13:33:04Z</time>
   </trkpt>
   <trkpt lat="43.2139570" lon="5.4477360">
    <ele>239.5</ele>
    <time>2025-12-04T13:33:05Z</time>
   </trkpt>
   <trkpt lat="43.2139550" lon="5.4477330">
    <ele>239.5</ele>
    <time>2025-12-04T13:33:06Z</time>
   </trkpt>
   <trkpt lat="43.2139560" lon="5.4477340">
    <ele>239.5</ele>
    <time>2025-12-04T13:33:07Z</time>
   </trkpt>
   <trkpt lat="43.2139580" lon="5.4477330">
    <ele>239.4</ele>
    <time>2025-12-04T13:33:08Z</time>
   </trkpt>
   <trkpt lat="43.2139570" lon="5.4477460">
    <ele>239.4</ele>
    <time>2025-12-04T13:33:09Z</time>
   </trkpt>
   <trkpt lat="43.2139510" lon="5.4477460">
    <ele>239.3</ele>
    <time>2025-12-04T13:33:10Z</time>
   </trkpt>
   <trkpt lat="43.2139520" lon="5.4477520">
    <ele>239.3</ele>
    <time>2025-12-04T13:33:11Z</time>
   </trkpt>
   <trkpt lat="43.2139500" lon="5.4477540">
    <ele>239.3</ele>
    <time>2025-12-04T13:33:12Z</time>
   </trkpt>
   <trkpt lat="43.2139570" lon="5.4477590">
    <ele>239.3</ele>
    <time>2025-12-04T13:33:13Z</time>
   </trkpt>
   <trkpt lat="43.2139640" lon="5.4477630">
    <ele>239.2</ele>
    <time>2025-12-04T13:33:14Z</time>
   </trkpt>
   <trkpt lat="43.2139640" lon="5.4477610">
    <ele>239.2</ele>
    <time>2025-12-04T13:33:15Z</time>
   </trkpt>
   <trkpt lat="43.2139650" lon="5.4477640">
    <ele>239.2</ele>
    <time>2025-12-04T13:33:16Z</time>
   </trkpt>
   <trkpt lat="43.2139650" lon="5.4477710">
    <ele>239.1</ele>
    <time>2025-12-04T13:33:17Z</time>
   </trkpt>
   <trkpt lat="43.2139660" lon="5.4477690">
    <ele>239.1</ele>
    <time>2025-12-04T13:33:18Z</time>
   </trkpt>
   <trkpt lat="43.2139650" lon="5.4477750">
    <ele>239.1</ele>
    <time>2025-12-04T13:33:19Z</time>
   </trkpt>
   <trkpt lat="43.2139650" lon="5.4477770">
    <ele>239.1</ele>
    <time>2025-12-04T13:33:20Z</time>
   </trkpt>
   <trkpt lat="43.2139650" lon="5.4477780">
    <ele>239.1</ele>
    <time>2025-12-04T13:33:21Z</time>
   </trkpt>
   <trkpt lat="43.2139650" lon="5.4477780">
    <ele>239.1</ele>
    <time>2025-12-04T13:33:22Z</time>
   </trkpt>
   <trkpt lat="43.2139630" lon="5.4477780">
    <ele>239.1</ele>
    <time>2025-12-04T13:33:23Z</time>
   </trkpt>
   <trkpt lat="43.2139620" lon="5.4477780">
    <ele>239.1</ele>
    <time>2025-12-04T13:33:24Z</time>
   </trkpt>
   <trkpt lat="43.2139590" lon="5.4477820">
    <ele>239.1</ele>
    <time>2025-12-04T13:33:25Z</time>
   </trkpt>
   <trkpt lat="43.2139580" lon="5.4477810">
    <ele>239.0</ele>
    <time>2025-12-04T13:33:26Z</time>
   </trkpt>
   <trkpt lat="43.2139570" lon="5.4477810">
    <ele>239.0</ele>
    <time>2025-12-04T13:33:27Z</time>
   </trkpt>
   <trkpt lat="43.2139600" lon="5.4477840">
    <ele>239.0</ele>
    <time>2025-12-04T13:33:28Z</time>
   </trkpt>
   <trkpt lat="43.2139600" lon="5.4477870">
    <ele>239.0</ele>
    <time>2025-12-04T13:33:29Z</time>
   </trkpt>
   <trkpt lat="43.2139590" lon="5.4477900">
    <ele>239.0</ele>
    <time>2025-12-04T13:33:30Z</time>
   </trkpt>
   <trkpt lat="43.2139570" lon="5.4477920">
    <ele>239.0</ele>
    <time>2025-12-04T13:33:31Z</time>
   </trkpt>
   <trkpt lat="43.2139570" lon="5.4477950">
    <ele>239.0</ele>
    <time>2025-12-04T13:33:32Z</time>
   </trkpt>
   <trkpt lat="43.2139540" lon="5.4478010">
    <ele>238.9</ele>
    <time>2025-12-04T13:33:33Z</time>
   </trkpt>
   <trkpt lat="43.2139570" lon="5.4477870">
    <ele>238.9</ele>
    <time>2025-12-04T13:33:34Z</time>
   </trkpt>
   <trkpt lat="43.2139510" lon="5.4477820">
    <ele>238.8</ele>
    <time>2025-12-04T13:33:35Z</time>
   </trkpt>
   <trkpt lat="43.2139480" lon="5.4477740">
    <ele>238.8</ele>
    <time>2025-12-04T13:33:36Z</time>
   </trkpt>
   <trkpt lat="43.2139430" lon="5.4477770">
    <ele>238.7</ele>
    <time>2025-12-04T13:33:37Z</time>
   </trkpt>
   <trkpt lat="43.2139410" lon="5.4477780">
    <ele>238.7</ele>
    <time>2025-12-04T13:33:38Z</time>
   </trkpt>
   <trkpt lat="43.2139380" lon="5.4477780">
    <ele>238.7</ele>
    <time>2025-12-04T13:33:39Z</time>
   </trkpt>
   <trkpt lat="43.2139350" lon="5.4477760">
    <ele>238.7</ele>
    <time>2025-12-04T13:33:40Z</time>
   </trkpt>
   <trkpt lat="43.2139370" lon="5.4477800">
    <ele>238.7</ele>
    <time>2025-12-04T13:33:41Z</time>
   </trkpt>
   <trkpt lat="43.2139420" lon="5.4477680">
    <ele>238.6</ele>
    <time>2025-12-04T13:33:42Z</time>
   </trkpt>
   <trkpt lat="43.2139430" lon="5.4477650">
    <ele>238.6</ele>
    <time>2025-12-04T13:33:43Z</time>
   </trkpt>
   <trkpt lat="43.2139430" lon="5.4477650">
    <ele>238.6</ele>
    <time>2025-12-04T13:33:44Z</time>
   </trkpt>
   <trkpt lat="43.2139430" lon="5.4477650">
    <ele>238.6</ele>
    <time>2025-12-04T13:33:45Z</time>
   </trkpt>
   <trkpt lat="43.2139580" lon="5.4477470">
    <ele>238.5</ele>
    <time>2025-12-04T13:33:46Z</time>
   </trkpt>
   <trkpt lat="43.2139590" lon="5.4477420">
    <ele>238.4</ele>
    <time>2025-12-04T13:33:47Z</time>
   </trkpt>
   <trkpt lat="43.2139580" lon="5.4477400">
    <ele>238.4</ele>
    <time>2025-12-04T13:33:48Z</time>
   </trkpt>
   <trkpt lat="43.2139610" lon="5.4477430">
    <ele>238.4</ele>
    <time>2025-12-04T13:33:49Z</time>
   </trkpt>
   <trkpt lat="43.2139610" lon="5.4477440">
    <ele>238.4</ele>
    <time>2025-12-04T13:33:50Z</time>
   </trkpt>
   <trkpt lat="43.2139600" lon="5.4477390">
    <ele>238.4</ele>
    <time>2025-12-04T13:33:51Z</time>
   </trkpt>
   <trkpt lat="43.2139590" lon="5.4477390">
    <ele>238.4</ele>
    <time>2025-12-04T13:33:52Z</time>
   </trkpt>
   <trkpt lat="43.2139580" lon="5.4477390">
    <ele>238.4</ele>
    <time>2025-12-04T13:33:53Z</time>
   </trkpt>
   <trkpt lat="43.2139580" lon="5.4477390">
    <ele>238.4</ele>
    <time>2025-12-04T13:33:54Z</time>
   </trkpt>
   <trkpt lat="43.2139610" lon="5.4477370">
    <ele>238.3</ele>
    <time>2025-12-04T13:33:55Z</time>
   </trkpt>
   <trkpt lat="43.2139610" lon="5.4477330">
    <ele>238.3</ele>
    <time>2025-12-04T13:33:56Z</time>
   </trkpt>
   <trkpt lat="43.2139640" lon="5.4477300">
    <ele>238.3</ele>
    <time>2025-12-04T13:33:57Z</time>
   </trkpt>
   <trkpt lat="43.2139600" lon="5.4477370">
    <ele>238.3</ele>
    <time>2025-12-04T13:33:58Z</time>
   </trkpt>
   <trkpt lat="43.2139550" lon="5.4477360">
    <ele>238.2</ele>
    <time>2025-12-04T13:33:59Z</time>
   </trkpt>
   <trkpt lat="43.2139530" lon="5.4477390">
    <ele>238.2</ele>
    <time>2025-12-04T13:34:00Z</time>
   </trkpt>
   <trkpt lat="43.2139570" lon="5.4477420">
    <ele>238.2</ele>
    <time>2025-12-04T13:34:01Z</time>
   </trkpt>
   <trkpt lat="43.2139560" lon="5.4477430">
    <ele>238.2</ele>
    <time>2025-12-04T13:34:02Z</time>
   </trkpt>
   <trkpt lat="43.2139490" lon="5.4477470">
    <ele>238.1</ele>
    <time>2025-12-04T13:34:03Z</time>
   </trkpt>
   <trkpt lat="43.2139530" lon="5.4477470">
    <ele>238.1</ele>
    <time>2025-12-04T13:34:04Z</time>
   </trkpt>
   <trkpt lat="43.2139510" lon="5.4477470">
    <ele>238.1</ele>
    <time>2025-12-04T13:34:05Z</time>
   </trkpt>
   <trkpt lat="43.2139500" lon="5.4477450">
    <ele>238.1</ele>
    <time>2025-12-04T13:34:06Z</time>
   </trkpt>
   <trkpt lat="43.2139490" lon="5.4477460">
    <ele>238.1</ele>
    <time>2025-12-04T13:34:07Z</time>
   </trkpt>
   <trkpt lat="43.2139480" lon="5.4477490">
    <ele>238.1</ele>
    <time>2025-12-04T13:34:08Z</time>
   </trkpt>
   <trkpt lat="43.2139510" lon="5.4477500">
    <ele>238.0</ele>
    <time>2025-12-04T13:34:09Z</time>
   </trkpt>
   <trkpt lat="43.2139510" lon="5.4477480">
    <ele>238.0</ele>
    <time>2025-12-04T13:34:10Z</time>
   </trkpt>
   <trkpt lat="43.2139510" lon="5.4477430">
    <ele>238.0</ele>
    <time>2025-12-04T13:34:11Z</time>
   </trkpt>
   <trkpt lat="43.2139480" lon="5.4477530">
    <ele>238.0</ele>
    <time>2025-12-04T13:34:12Z</time>
   </trkpt>
   <trkpt lat="43.2139460" lon="5.4477580">
    <ele>237.9</ele>
    <time>2025-12-04T13:34:13Z</time>
   </trkpt>
   <trkpt lat="43.2139420" lon="5.4477620">
    <ele>237.9</ele>
    <time>2025-12-04T13:34:14Z</time>
   </trkpt>
   <trkpt lat="43.2139330" lon="5.4477490">
    <ele>237.8</ele>
    <time>2025-12-04T13:34:15Z</time>
   </trkpt>
   <trkpt lat="43.2139280" lon="5.4477440">
    <ele>237.8</ele>
    <time>2025-12-04T13:34:16Z</time>
   </trkpt>
   <trkpt lat="43.2139260" lon="5.4477370">
    <ele>237.7</ele>
    <time>2025-12-04T13:34:17Z</time>
   </trkpt>
   <trkpt lat="43.2139200" lon="5.4477300">
    <ele>237.7</ele>
    <time>2025-12-04T13:34:18Z</time>
   </trkpt>
   <trkpt lat="43.2139090" lon="5.4477290">
    <ele>237.6</ele>
    <time>2025-12-04T13:34:19Z</time>
   </trkpt>
   <trkpt lat="43.2139030" lon="5.4477330">
    <ele>237.6</ele>
    <time>2025-12-04T13:34:20Z</time>
   </trkpt>
   <trkpt lat="43.2139030" lon="5.4477410">
    <ele>237.6</ele>
    <time>2025-12-04T13:34:21Z</time>
   </trkpt>
   <trkpt lat="43.2139020" lon="5.4477360">
    <ele>237.5</ele>
    <time>2025-12-04T13:34:22Z</time>
   </trkpt>
   <trkpt lat="43.2138930" lon="5.4477450">
    <ele>237.5</ele>
    <time>2025-12-04T13:34:23Z</time>
   </trkpt>
   <trkpt lat="43.2138850" lon="5.4477460">
    <ele>237.4</ele>
    <time>2025-12-04T13:34:24Z</time>
   </trkpt>
   <trkpt lat="43.2138840" lon="5.4477540">
    <ele>237.4</ele>
    <time>2025-12-04T13:34:25Z</time>
   </trkpt>
   <trkpt lat="43.2138730" lon="5.4477550">
    <ele>237.3</ele>
    <time>2025-12-04T13:34:26Z</time>
   </trkpt>
   <trkpt lat="43.2138740" lon="5.4477640">
    <ele>237.3</ele>
    <time>2025-12-04T13:34:27Z</time>
   </trkpt>
   <trkpt lat="43.2138700" lon="5.4477720">
    <ele>237.2</ele>
    <time>2025-12-04T13:34:28Z</time>
   </trkpt>
   <trkpt lat="43.2138680" lon="5.4477820">
    <ele>237.2</ele>
    <time>2025-12-04T13:34:29Z</time>
   </trkpt>
   <trkpt lat="43.2138650" lon="5.4477890">
    <ele>237.1</ele>
    <time>2025-12-04T13:34:30Z</time>
   </trkpt>
   <trkpt lat="43.2138600" lon="5.4477950">
    <ele>237.1</ele>
    <time>2025-12-04T13:34:31Z</time>
   </trkpt>
   <trkpt lat="43.2138510" lon="5.4478040">
    <ele>237.0</ele>
    <time>2025-12-04T13:34:32Z</time>
   </trkpt>
   <trkpt lat="43.2138490" lon="5.4478150">
    <ele>236.8</ele>
    <time>2025-12-04T13:34:33Z</time>
   </trkpt>
   <trkpt lat="43.2138510" lon="5.4478150">
    <ele>236.8</ele>
    <time>2025-12-04T13:34:34Z</time>
   </trkpt>
   <trkpt lat="43.2138560" lon="5.4478240">
    <ele>236.7</ele>
    <time>2025-12-04T13:34:35Z</time>
   </trkpt>
   <trkpt lat="43.2138610" lon="5.4478260">
    <ele>236.6</ele>
    <time>2025-12-04T13:34:36Z</time>
   </trkpt>
   <trkpt lat="43.2138630" lon="5.4478250">
    <ele>236.5</ele>
    <time>2025-12-04T13:34:37Z</time>
   </trkpt>
   <trkpt lat="43.2138710" lon="5.4478290">
    <ele>236.4</ele>
    <time>2025-12-04T13:34:38Z</time>
   </trkpt>
   <trkpt lat="43.2138770" lon="5.4478390">
    <ele>236.3</ele>
    <time>2025-12-04T13:34:39Z</time>
   </trkpt>
   <trkpt lat="43.2138850" lon="5.4478470">
    <ele>236.1</ele>
    <time>2025-12-04T13:34:40Z</time>
   </trkpt>
   <trkpt lat="43.2138890" lon="5.4478510">
    <ele>236.1</ele>
    <time>2025-12-04T13:34:41Z</time>
   </trkpt>
   <trkpt lat="43.2138960" lon="5.4478480">
    <ele>235.9</ele>
    <time>2025-12-04T13:34:42Z</time>
   </trkpt>
   <trkpt lat="43.2139080" lon="5.4478540">
    <ele>235.8</ele>
    <time>2025-12-04T13:34:43Z</time>
   </trkpt>
   <trkpt lat="43.2139160" lon="5.4478570">
    <ele>235.6</ele>
    <time>2025-12-04T13:34:44Z</time>
   </trkpt>
   <trkpt lat="43.2139240" lon="5.4478630">
    <ele>235.5</ele>
    <time>2025-12-04T13:34:45Z</time>
   </trkpt>
   <trkpt lat="43.2139250" lon="5.4478740">
    <ele>235.4</ele>
    <time>2025-12-04T13:34:46Z</time>
   </trkpt>
   <trkpt lat="43.2139370" lon="5.4478780">
    <ele>235.2</ele>
    <time>2025-12-04T13:34:47Z</time>
   </trkpt>
   <trkpt lat="43.2139420" lon="5.4478780">
    <ele>235.1</ele>
    <time>2025-12-04T13:34:48Z</time>
   </trkpt>
   <trkpt lat="43.2139560" lon="5.4478730">
    <ele>234.9</ele>
    <time>2025-12-04T13:34:49Z</time>
   </trkpt>
   <trkpt lat="43.2139620" lon="5.4478730">
    <ele>234.8</ele>
    <time>2025-12-04T13:34:50Z</time>
   </trkpt>
   <trkpt lat="43.2139680" lon="5.4478730">
    <ele>234.8</ele>
    <time>2025-12-04T13:34:51Z</time>
   </trkpt>
   <trkpt lat="43.2139730" lon="5.4478740">
    <ele>234.7</ele>
    <time>2025-12-04T13:34:52Z</time>
   </trkpt>
   <trkpt lat="43.2139790" lon="5.4478740">
    <ele>234.6</ele>
    <time>2025-12-04T13:34:53Z</time>
   </trkpt>
   <trkpt lat="43.2139850" lon="5.4478740">
    <ele>234.5</ele>
    <time>2025-12-04T13:34:54Z</time>
   </trkpt>
   <trkpt lat="43.2139910" lon="5.4478740">
    <ele>234.4</ele>
    <time>2025-12-04T13:34:55Z</time>
   </trkpt>
   <trkpt lat="43.2139930" lon="5.4478750">
    <ele>234.4</ele>
    <time>2025-12-04T13:34:56Z</time>
   </trkpt>
   <trkpt lat="43.2140010" lon="5.4478760">
    <ele>234.3</ele>
    <time>2025-12-04T13:34:57Z</time>
   </trkpt>
   <trkpt lat="43.2140060" lon="5.4478730">
    <ele>234.2</ele>
    <time>2025-12-04T13:34:58Z</time>
   </trkpt>
   <trkpt lat="43.2140120" lon="5.4478700">
    <ele>234.1</ele>
    <time>2025-12-04T13:34:59Z</time>
   </trkpt>
   <trkpt lat="43.2140140" lon="5.4478640">
    <ele>234.0</ele>
    <time>2025-12-04T13:35:00Z</time>
   </trkpt>
   <trkpt lat="43.2140120" lon="5.4478610">
    <ele>234.0</ele>
    <time>2025-12-04T13:35:01Z</time>
   </trkpt>
   <trkpt lat="43.2140140" lon="5.4478470">
    <ele>233.9</ele>
    <time>2025-12-04T13:35:02Z</time>
   </trkpt>
   <trkpt lat="43.2140080" lon="5.4478300">
    <ele>233.7</ele>
    <time>2025-12-04T13:35:03Z</time>
   </trkpt>
   <trkpt lat="43.2140100" lon="5.4478150">
    <ele>233.5</ele>
    <time>2025-12-04T13:35:04Z</time>
   </trkpt>
   <trkpt lat="43.2140110" lon="5.4478120">
    <ele>233.5</ele>
    <time>2025-12-04T13:35:05Z</time>
   </trkpt>
   <trkpt lat="43.2140170" lon="5.4478070">
    <ele>233.4</ele>
    <time>2025-12-04T13:35:06Z</time>
   </trkpt>
   <trkpt lat="43.2140230" lon="5.4477970">
    <ele>233.2</ele>
    <time>2025-12-04T13:35:07Z</time>
   </trkpt>
   <trkpt lat="43.2140310" lon="5.4477950">
    <ele>233.1</ele>
    <time>2025-12-04T13:35:08Z</time>
   </trkpt>
   <trkpt lat="43.2140370" lon="5.4477830">
    <ele>233.0</ele>
    <time>2025-12-04T13:35:09Z</time>
   </trkpt>
   <trkpt lat="43.2140430" lon="5.4477730">
    <ele>232.8</ele>
    <time>2025-12-04T13:35:10Z</time>
   </trkpt>
   <trkpt lat="43.2140390" lon="5.4477570">
    <ele>232.7</ele>
    <time>2025-12-04T13:35:11Z</time>
   </trkpt>
   <trkpt lat="43.2140460" lon="5.4477480">
    <ele>232.5</ele>
    <time>2025-12-04T13:35:12Z</time>
   </trkpt>
   <trkpt lat="43.2140510" lon="5.4477420">
    <ele>232.4</ele>
    <time>2025-12-04T13:35:13Z</time>
   </trkpt>
   <trkpt lat="43.2140540" lon="5.4477400">
    <ele>232.4</ele>
    <time>2025-12-04T13:35:14Z</time>
   </trkpt>
   <trkpt lat="43.2140520" lon="5.4477410">
    <ele>232.4</ele>
    <time>2025-12-04T13:35:15Z</time>
   </trkpt>
   <trkpt lat="43.2140560" lon="5.4477420">
    <ele>232.3</ele>
    <time>2025-12-04T13:35:16Z</time>
   </trkpt>
   <trkpt lat="43.2140650" lon="5.4477330">
    <ele>232.2</ele>
    <time>2025-12-04T13:35:17Z</time>
   </trkpt>
   <trkpt lat="43.2140760" lon="5.4477260">
    <ele>232.0</ele>
    <time>2025-12-04T13:35:18Z</time>
   </trkpt>
   <trkpt lat="43.2140810" lon="5.4477270">
    <ele>231.9</ele>
    <time>2025-12-04T13:35:19Z</time>
   </trkpt>
   <trkpt lat="43.2140860" lon="5.4477280">
    <ele>231.9</ele>
    <time>2025-12-04T13:35:20Z</time>
   </trkpt>
   <trkpt lat="43.2140910" lon="5.4477300">
    <ele>231.8</ele>
    <time>2025-12-04T13:35:21Z</time>
   </trkpt>
   <trkpt lat="43.2140960" lon="5.4477310">
    <ele>231.7</ele>
    <time>2025-12-04T13:35:22Z</time>
   </trkpt>
   <trkpt lat="43.2141010" lon="5.4477320">
    <ele>231.7</ele>
    <time>2025-12-04T13:35:23Z</time>
   </trkpt>
   <trkpt lat="43.2141190" lon="5.4477290">
    <ele>231.5</ele>
    <time>2025-12-04T13:35:24Z</time>
   </trkpt>
   <trkpt lat="43.2141280" lon="5.4477290">
    <ele>231.4</ele>
    <time>2025-12-04T13:35:25Z</time>
   </trkpt>
   <trkpt lat="43.2141360" lon="5.4477300">
    <ele>231.3</ele>
    <time>2025-12-04T13:35:26Z</time>
   </trkpt>
   <trkpt lat="43.2141450" lon="5.4477300">
    <ele>231.2</ele>
    <time>2025-12-04T13:35:27Z</time>
   </trkpt>
   <trkpt lat="43.2141640" lon="5.4477390">
    <ele>231.0</ele>
    <time>2025-12-04T13:35:28Z</time>
   </trkpt>
   <trkpt lat="43.2141760" lon="5.4477410">
    <ele>230.8</ele>
    <time>2025-12-04T13:35:29Z</time>
   </trkpt>
   <trkpt lat="43.2141880" lon="5.4477430">
    <ele>230.7</ele>
    <time>2025-12-04T13:35:30Z</time>
   </trkpt>
   <trkpt lat="43.2142020" lon="5.4477550">
    <ele>230.6</ele>
    <time>2025-12-04T13:35:31Z</time>
   </trkpt>
   <trkpt lat="43.2142100" lon="5.4477530">
    <ele>230.5</ele>
    <time>2025-12-04T13:35:32Z</time>
   </trkpt>
   <trkpt lat="43.2142180" lon="5.4477540">
    <ele>230.4</ele>
    <time>2025-12-04T13:35:33Z</time>
   </trkpt>
   <trkpt lat="43.2142170" lon="5.4477670">
    <ele>230.4</ele>
    <time>2025-12-04T13:35:34Z</time>
   </trkpt>
   <trkpt lat="43.2142230" lon="5.4477700">
    <ele>230.3</ele>
    <time>2025-12-04T13:35:35Z</time>
   </trkpt>
   <trkpt lat="43.2142310" lon="5.4477700">
    <ele>230.2</ele>
    <time>2025-12-04T13:35:36Z</time>
   </trkpt>
   <trkpt lat="43.2142380" lon="5.4477640">
    <ele>230.2</ele>
    <time>2025-12-04T13:35:37Z</time>
   </trkpt>
   <trkpt lat="43.2142500" lon="5.4477610">
    <ele>230.0</ele>
    <time>2025-12-04T13:35:38Z</time>
   </trkpt>
   <trkpt lat="43.2142550" lon="5.4477580">
    <ele>230.0</ele>
    <time>2025-12-04T13:35:39Z</time>
   </trkpt>
   <trkpt lat="43.2142600" lon="5.4477550">
    <ele>230.0</ele>
    <time>2025-12-04T13:35:40Z</time>
   </trkpt>
   <trkpt lat="43.2142710" lon="5.4477530">
    <ele>229.9</ele>
    <time>2025-12-04T13:35:41Z</time>
   </trkpt>
   <trkpt lat="43.2142800" lon="5.4477490">
    <ele>229.8</ele>
    <time>2025-12-04T13:35:42Z</time>
   </trkpt>
   <trkpt lat="43.2142850" lon="5.4477530">
    <ele>229.7</ele>
    <time>2025-12-04T13:35:43Z</time>
   </trkpt>
   <trkpt lat="43.2142910" lon="5.4477570">
    <ele>229.7</ele>
    <time>2025-12-04T13:35:44Z</time>
   </trkpt>
   <trkpt lat="43.2142960" lon="5.4477550">
    <ele>229.6</ele>
    <time>2025-12-04T13:35:45Z</time>
   </trkpt>
   <trkpt lat="43.2143040" lon="5.4477520">
    <ele>229.6</ele>
    <time>2025-12-04T13:35:46Z</time>
   </trkpt>
   <trkpt lat="43.2143080" lon="5.4477480">
    <ele>229.5</ele>
    <time>2025-12-04T13:35:47Z</time>
   </trkpt>
   <trkpt lat="43.2143170" lon="5.4477510">
    <ele>229.5</ele>
    <time>2025-12-04T13:35:48Z</time>
   </trkpt>
   <trkpt lat="43.2143260" lon="5.4477430">
    <ele>229.4</ele>
    <time>2025-12-04T13:35:49Z</time>
   </trkpt>
   <trkpt lat="43.2143340" lon="5.4477360">
    <ele>229.3</ele>
    <time>2025-12-04T13:35:50Z</time>
   </trkpt>
   <trkpt lat="43.2143390" lon="5.4477230">
    <ele>229.2</ele>
    <time>2025-12-04T13:35:51Z</time>
   </trkpt>
   <trkpt lat="43.2143510" lon="5.4477210">
    <ele>229.2</ele>
    <time>2025-12-04T13:35:52Z</time>
   </trkpt>
   <trkpt lat="43.2143600" lon="5.4477090">
    <ele>229.1</ele>
    <time>2025-12-04T13:35:53Z</time>
   </trkpt>
   <trkpt lat="43.2143650" lon="5.4476990">
    <ele>229.0</ele>
    <time>2025-12-04T13:35:54Z</time>
   </trkpt>
   <trkpt lat="43.2143800" lon="5.4476760">
    <ele>228.9</ele>
    <time>2025-12-04T13:35:55Z</time>
   </trkpt>
   <trkpt lat="43.2143870" lon="5.4476700">
    <ele>228.8</ele>
    <time>2025-12-04T13:35:56Z</time>
   </trkpt>
   <trkpt lat="43.2143940" lon="5.4476650">
    <ele>228.8</ele>
    <time>2025-12-04T13:35:57Z</time>
   </trkpt>
   <trkpt lat="43.2143980" lon="5.4476500">
    <ele>228.7</ele>
    <time>2025-12-04T13:35:58Z</time>
   </trkpt>
   <trkpt lat="43.2144020" lon="5.4476360">
    <ele>228.7</ele>
    <time>2025-12-04T13:35:59Z</time>
   </trkpt>
   <trkpt lat="43.2144070" lon="5.4476240">
    <ele>228.7</ele>
    <time>2025-12-04T13:36:00Z</time>
   </trkpt>
   <trkpt lat="43.2144190" lon="5.4476210">
    <ele>228.6</ele>
    <time>2025-12-04T13:36:01Z</time>
   </trkpt>
   <trkpt lat="43.2144230" lon="5.4476070">
    <ele>228.6</ele>
    <time>2025-12-04T13:36:02Z</time>
   </trkpt>
   <trkpt lat="43.2144300" lon="5.4475930">
    <ele>228.5</ele>
    <time>2025-12-04T13:36:03Z</time>
   </trkpt>
   <trkpt lat="43.2144420" lon="5.4475780">
    <ele>228.5</ele>
    <time>2025-12-04T13:36:04Z</time>
   </trkpt>
   <trkpt lat="43.2144520" lon="5.4475670">
    <ele>228.4</ele>
    <time>2025-12-04T13:36:05Z</time>
   </trkpt>
   <trkpt lat="43.2144560" lon="5.4475560">
    <ele>228.4</ele>
    <time>2025-12-04T13:36:06Z</time>
   </trkpt>
   <trkpt lat="43.2144590" lon="5.4475420">
    <ele>228.4</ele>
    <time>2025-12-04T13:36:07Z</time>
   </trkpt>
   <trkpt lat="43.2144680" lon="5.4475350">
    <ele>228.3</ele>
    <time>2025-12-04T13:36:08Z</time>
   </trkpt>
   <trkpt lat="43.2144770" lon="5.4475210">
    <ele>228.2</ele>
    <time>2025-12-04T13:36:09Z</time>
   </trkpt>
   <trkpt lat="43.2144850" lon="5.4475000">
    <ele>228.2</ele>
    <time>2025-12-04T13:36:10Z</time>
   </trkpt>
   <trkpt lat="43.2144870" lon="5.4474740">
    <ele>228.1</ele>
    <time>2025-12-04T13:36:11Z</time>
   </trkpt>
   <trkpt lat="43.2144880" lon="5.4474610">
    <ele>228.0</ele>
    <time>2025-12-04T13:36:12Z</time>
   </trkpt>
   <trkpt lat="43.2144890" lon="5.4474490">
    <ele>228.0</ele>
    <time>2025-12-04T13:36:13Z</time>
   </trkpt>
   <trkpt lat="43.2144980" lon="5.4474310">
    <ele>227.9</ele>
    <time>2025-12-04T13:36:14Z</time>
   </trkpt>
   <trkpt lat="43.2145020" lon="5.4474140">
    <ele>227.8</ele>
    <time>2025-12-04T13:36:15Z</time>
   </trkpt>
   <trkpt lat="43.2145080" lon="5.4473970">
    <ele>227.8</ele>
    <time>2025-12-04T13:36:16Z</time>
   </trkpt>
   <trkpt lat="43.2145160" lon="5.4473780">
    <ele>227.7</ele>
    <time>2025-12-04T13:36:17Z</time>
   </trkpt>
   <trkpt lat="43.2145080" lon="5.4473630">
    <ele>227.6</ele>
    <time>2025-12-04T13:36:18Z</time>
   </trkpt>
   <trkpt lat="43.2145110" lon="5.4473480">
    <ele>227.5</ele>
    <time>2025-12-04T13:36:19Z</time>
   </trkpt>
   <trkpt lat="43.2145120" lon="5.4473330">
    <ele>227.5</ele>
    <time>2025-12-04T13:36:20Z</time>
   </trkpt>
   <trkpt lat="43.2145180" lon="5.4473090">
    <ele>227.4</ele>
    <time>2025-12-04T13:36:21Z</time>
   </trkpt>
   <trkpt lat="43.2145210" lon="5.4472970">
    <ele>227.3</ele>
    <time>2025-12-04T13:36:22Z</time>
   </trkpt>
   <trkpt lat="43.2145240" lon="5.4472850">
    <ele>227.3</ele>
    <time>2025-12-04T13:36:23Z</time>
   </trkpt>
   <trkpt lat="43.2145280" lon="5.4472740">
    <ele>227.2</ele>
    <time>2025-12-04T13:36:24Z</time>
   </trkpt>
   <trkpt lat="43.2145290" lon="5.4472540">
    <ele>227.2</ele>
    <time>2025-12-04T13:36:25Z</time>
   </trkpt>
   <trkpt lat="43.2145340" lon="5.4472400">
    <ele>227.1</ele>
    <time>2025-12-04T13:36:26Z</time>
   </trkpt>
   <trkpt lat="43.2145380" lon="5.4472120">
    <ele>227.0</ele>
    <time>2025-12-04T13:36:27Z</time>
   </trkpt>
   <trkpt lat="43.2145430" lon="5.4472030">
    <ele>226.9</ele>
    <time>2025-12-04T13:36:28Z</time>
   </trkpt>
   <trkpt lat="43.2145490" lon="5.4471930">
    <ele>226.9</ele>
    <time>2025-12-04T13:36:29Z</time>
   </trkpt>
   <trkpt lat="43.2145560" lon="5.4471740">
    <ele>226.8</ele>
    <time>2025-12-04T13:36:30Z</time>
   </trkpt>
   <trkpt lat="43.2145630" lon="5.4471610">
    <ele>226.7</ele>
    <time>2025-12-04T13:36:31Z</time>
   </trkpt>
   <trkpt lat="43.2145650" lon="5.4471470">
    <ele>226.7</ele>
    <time>2025-12-04T13:36:32Z</time>
   </trkpt>
   <trkpt lat="43.2145680" lon="5.4471330">
    <ele>226.6</ele>
    <time>2025-12-04T13:36:33Z</time>
   </trkpt>
   <trkpt lat="43.2145740" lon="5.4471200">
    <ele>226.6</ele>
    <time>2025-12-04T13:36:34Z</time>
   </trkpt>
   <trkpt lat="43.2145760" lon="5.4471000">
    <ele>226.5</ele>
    <time>2025-12-04T13:36:35Z</time>
   </trkpt>
   <trkpt lat="43.2145850" lon="5.4470860">
    <ele>226.4</ele>
    <time>2025-12-04T13:36:36Z</time>
   </trkpt>
   <trkpt lat="43.2145880" lon="5.4470620">
    <ele>226.3</ele>
    <time>2025-12-04T13:36:37Z</time>
   </trkpt>
   <trkpt lat="43.2145900" lon="5.4470430">
    <ele>226.2</ele>
    <time>2025-12-04T13:36:38Z</time>
   </trkpt>
   <trkpt lat="43.2146010" lon="5.4470190">
    <ele>226.1</ele>
    <time>2025-12-04T13:36:39Z</time>
   </trkpt>
   <trkpt lat="43.2146070" lon="5.4470080">
    <ele>226.0</ele>
    <time>2025-12-04T13:36:40Z</time>
   </trkpt>
   <trkpt lat="43.2146120" lon="5.4469980">
    <ele>226.0</ele>
    <time>2025-12-04T13:36:41Z</time>
   </trkpt>
   <trkpt lat="43.2146170" lon="5.4469800">
    <ele>225.9</ele>
    <time>2025-12-04T13:36:42Z</time>
   </trkpt>
   <trkpt lat="43.2146280" lon="5.4469600">
    <ele>225.8</ele>
    <time>2025-12-04T13:36:43Z</time>
   </trkpt>
   <trkpt lat="43.2146340" lon="5.4469490">
    <ele>225.7</ele>
    <time>2025-12-04T13:36:44Z</time>
   </trkpt>
   <trkpt lat="43.2146400" lon="5.4469290">
    <ele>225.6</ele>
    <time>2025-12-04T13:36:45Z</time>
   </trkpt>
   <trkpt lat="43.2146480" lon="5.4469190">
    <ele>225.6</ele>
    <time>2025-12-04T13:36:46Z</time>
   </trkpt>
   <trkpt lat="43.2146510" lon="5.4469030">
    <ele>225.5</ele>
    <time>2025-12-04T13:36:47Z</time>
   </trkpt>
   <trkpt lat="43.2146560" lon="5.4468900">
    <ele>225.4</ele>
    <time>2025-12-04T13:36:48Z</time>
   </trkpt>
   <trkpt lat="43.2146600" lon="5.4468790">
    <ele>225.4</ele>
    <time>2025-12-04T13:36:49Z</time>
   </trkpt>
   <trkpt lat="43.2146650" lon="5.4468570">
    <ele>225.3</ele>
    <time>2025-12-04T13:36:50Z</time>
   </trkpt>
   <trkpt lat="43.2146700" lon="5.4468440">
    <ele>225.2</ele>
    <time>2025-12-04T13:36:51Z</time>
   </trkpt>
   <trkpt lat="43.2146760" lon="5.4468290">
    <ele>225.2</ele>
    <time>2025-12-04T13:36:52Z</time>
   </trkpt>
   <trkpt lat="43.2146890" lon="5.4468120">
    <ele>225.1</ele>
    <time>2025-12-04T13:36:53Z</time>
   </trkpt>
   <trkpt lat="43.2146990" lon="5.4467980">
    <ele>225.0</ele>
    <time>2025-12-04T13:36:54Z</time>
   </trkpt>
   <trkpt lat="43.2147070" lon="5.4467810">
    <ele>224.9</ele>
    <time>2025-12-04T13:36:55Z</time>
   </trkpt>
   <trkpt lat="43.2147180" lon="5.4467690">
    <ele>224.8</ele>
    <time>2025-12-04T13:36:56Z</time>
   </trkpt>
   <trkpt lat="43.2147300" lon="5.4467570">
    <ele>224.7</ele>
    <time>2025-12-04T13:36:57Z</time>
   </trkpt>
   <trkpt lat="43.2147440" lon="5.4467440">
    <ele>224.7</ele>
    <time>2025-12-04T13:36:58Z</time>
   </trkpt>
   <trkpt lat="43.2147590" lon="5.4467340">
    <ele>224.6</ele>
    <time>2025-12-04T13:36:59Z</time>
   </trkpt>
   <trkpt lat="43.2147740" lon="5.4467220">
    <ele>224.5</ele>
    <time>2025-12-04T13:37:00Z</time>
   </trkpt>
   <trkpt lat="43.2147850" lon="5.4467100">
    <ele>224.4</ele>
    <time>2025-12-04T13:37:01Z</time>
   </trkpt>
   <trkpt lat="43.2148000" lon="5.4467020">
    <ele>224.3</ele>
    <time>2025-12-04T13:37:02Z</time>
   </trkpt>
   <trkpt lat="43.2148110" lon="5.4466870">
    <ele>224.2</ele>
    <time>2025-12-04T13:37:03Z</time>
   </trkpt>
   <trkpt lat="43.2148250" lon="5.4466760">
    <ele>224.1</ele>
    <time>2025-12-04T13:37:04Z</time>
   </trkpt>
   <trkpt lat="43.2148330" lon="5.4466560">
    <ele>224.0</ele>
    <time>2025-12-04T13:37:05Z</time>
   </trkpt>
   <trkpt lat="43.2148440" lon="5.4466420">
    <ele>224.0</ele>
    <time>2025-12-04T13:37:06Z</time>
   </trkpt>
   <trkpt lat="43.2148560" lon="5.4466280">
    <ele>223.9</ele>
    <time>2025-12-04T13:37:07Z</time>
   </trkpt>
   <trkpt lat="43.2148680" lon="5.4466130">
    <ele>223.8</ele>
    <time>2025-12-04T13:37:08Z</time>
   </trkpt>
   <trkpt lat="43.2148790" lon="5.4465990">
    <ele>223.7</ele>
    <time>2025-12-04T13:37:09Z</time>
   </trkpt>
   <trkpt lat="43.2148930" lon="5.4465860">
    <ele>223.6</ele>
    <time>2025-12-04T13:37:10Z</time>
   </trkpt>
   <trkpt lat="43.2149060" lon="5.4465730">
    <ele>223.5</ele>
    <time>2025-12-04T13:37:11Z</time>
   </trkpt>
   <trkpt lat="43.2149150" lon="5.4465570">
    <ele>223.5</ele>
    <time>2025-12-04T13:37:12Z</time>
   </trkpt>
   <trkpt lat="43.2149280" lon="5.4465500">
    <ele>223.4</ele>
    <time>2025-12-04T13:37:13Z</time>
   </trkpt>
   <trkpt lat="43.2149390" lon="5.4465370">
    <ele>223.4</ele>
    <time>2025-12-04T13:37:14Z</time>
   </trkpt>
   <trkpt lat="43.2149500" lon="5.4465240">
    <ele>223.3</ele>
    <time>2025-12-04T13:37:15Z</time>
   </trkpt>
   <trkpt lat="43.2149640" lon="5.4465140">
    <ele>223.2</ele>
    <time>2025-12-04T13:37:16Z</time>
   </trkpt>
   <trkpt lat="43.2149790" lon="5.4465080">
    <ele>223.2</ele>
    <time>2025-12-04T13:37:17Z</time>
   </trkpt>
   <trkpt lat="43.2149890" lon="5.4464910">
    <ele>223.1</ele>
    <time>2025-12-04T13:37:18Z</time>
   </trkpt>
   <trkpt lat="43.2150000" lon="5.4464760">
    <ele>223.0</ele>
    <time>2025-12-04T13:37:19Z</time>
   </trkpt>
   <trkpt lat="43.2150120" lon="5.4464640">
    <ele>223.0</ele>
    <time>2025-12-04T13:37:20Z</time>
   </trkpt>
   <trkpt lat="43.2150250" lon="5.4464540">
    <ele>222.9</ele>
    <time>2025-12-04T13:37:21Z</time>
   </trkpt>
   <trkpt lat="43.2150400" lon="5.4464500">
    <ele>222.9</ele>
    <time>2025-12-04T13:37:22Z</time>
   </trkpt>
   <trkpt lat="43.2150530" lon="5.4464410">
    <ele>222.8</ele>
    <time>2025-12-04T13:37:23Z</time>
   </trkpt>
   <trkpt lat="43.2150640" lon="5.4464270">
    <ele>222.8</ele>
    <time>2025-12-04T13:37:24Z</time>
   </trkpt>
   <trkpt lat="43.2150740" lon="5.4464140">
    <ele>222.7</ele>
    <time>2025-12-04T13:37:25Z</time>
   </trkpt>
   <trkpt lat="43.2150870" lon="5.4464040">
    <ele>222.7</ele>
    <time>2025-12-04T13:37:26Z</time>
   </trkpt>
   <trkpt lat="43.2150990" lon="5.4463930">
    <ele>222.6</ele>
    <time>2025-12-04T13:37:27Z</time>
   </trkpt>
   <trkpt lat="43.2151090" lon="5.4463790">
    <ele>222.5</ele>
    <time>2025-12-04T13:37:28Z</time>
   </trkpt>
   <trkpt lat="43.2151230" lon="5.4463700">
    <ele>222.5</ele>
    <time>2025-12-04T13:37:29Z</time>
   </trkpt>
   <trkpt lat="43.2151340" lon="5.4463590">
    <ele>222.4</ele>
    <time>2025-12-04T13:37:30Z</time>
   </trkpt>
   <trkpt lat="43.2151450" lon="5.4463470">
    <ele>222.4</ele>
    <time>2025-12-04T13:37:31Z</time>
   </trkpt>
   <trkpt lat="43.2151560" lon="5.4463310">
    <ele>222.3</ele>
    <time>2025-12-04T13:37:32Z</time>
   </trkpt>
   <trkpt lat="43.2151660" lon="5.4463200">
    <ele>222.3</ele>
    <time>2025-12-04T13:37:33Z</time>
   </trkpt>
   <trkpt lat="43.2151740" lon="5.4463040">
    <ele>222.2</ele>
    <time>2025-12-04T13:37:34Z</time>
   </trkpt>
   <trkpt lat="43.2151850" lon="5.4462900">
    <ele>222.2</ele>
    <time>2025-12-04T13:37:35Z</time>
   </trkpt>
   <trkpt lat="43.2151940" lon="5.4462740">
    <ele>222.1</ele>
    <time>2025-12-04T13:37:36Z</time>
   </trkpt>
   <trkpt lat="43.2152040" lon="5.4462610">
    <ele>222.0</ele>
    <time>2025-12-04T13:37:37Z</time>
   </trkpt>
   <trkpt lat="43.2152140" lon="5.4462480">
    <ele>222.0</ele>
    <time>2025-12-04T13:37:38Z</time>
   </trkpt>
   <trkpt lat="43.2152240" lon="5.4462340">
    <ele>221.9</ele>
    <time>2025-12-04T13:37:39Z</time>
   </trkpt>
   <trkpt lat="43.2152360" lon="5.4462230">
    <ele>221.8</ele>
    <time>2025-12-04T13:37:40Z</time>
   </trkpt>
   <trkpt lat="43.2152460" lon="5.4462110">
    <ele>221.8</ele>
    <time>2025-12-04T13:37:41Z</time>
   </trkpt>
   <trkpt lat="43.2152550" lon="5.4461950">
    <ele>221.7</ele>
    <time>2025-12-04T13:37:42Z</time>
   </trkpt>
   <trkpt lat="43.2152650" lon="5.4461800">
    <ele>221.6</ele>
    <time>2025-12-04T13:37:43Z</time>
   </trkpt>
   <trkpt lat="43.2152730" lon="5.4461660">
    <ele>221.6</ele>
    <time>2025-12-04T13:37:44Z</time>
   </trkpt>
   <trkpt lat="43.2152830" lon="5.4461510">
    <ele>221.5</ele>
    <time>2025-12-04T13:37:45Z</time>
   </trkpt>
   <trkpt lat="43.2152920" lon="5.4461370">
    <ele>221.5</ele>
    <time>2025-12-04T13:37:46Z</time>
   </trkpt>
   <trkpt lat="43.2153020" lon="5.4461240">
    <ele>221.4</ele>
    <time>2025-12-04T13:37:47Z</time>
   </trkpt>
   <trkpt lat="43.2153100" lon="5.4461100">
    <ele>221.3</ele>
    <time>2025-12-04T13:37:48Z</time>
   </trkpt>
   <trkpt lat="43.2153190" lon="5.4460950">
    <ele>221.3</ele>
    <time>2025-12-04T13:37:49Z</time>
   </trkpt>
   <trkpt lat="43.2153260" lon="5.4460780">
    <ele>221.2</ele>
    <time>2025-12-04T13:37:50Z</time>
   </trkpt>
   <trkpt lat="43.2153340" lon="5.4460630">
    <ele>221.1</ele>
    <time>2025-12-04T13:37:51Z</time>
   </trkpt>
   <trkpt lat="43.2153520" lon="5.4460450">
    <ele>221.0</ele>
    <time>2025-12-04T13:37:52Z</time>
   </trkpt>
   <trkpt lat="43.2153590" lon="5.4460380">
    <ele>221.0</ele>
    <time>2025-12-04T13:37:53Z</time>
   </trkpt>
   <trkpt lat="43.2153660" lon="5.4460310">
    <ele>221.0</ele>
    <time>2025-12-04T13:37:54Z</time>
   </trkpt>
   <trkpt lat="43.2153740" lon="5.4460160">
    <ele>220.9</ele>
    <time>2025-12-04T13:37:55Z</time>
   </trkpt>
   <trkpt lat="43.2153820" lon="5.4459980">
    <ele>220.8</ele>
    <time>2025-12-04T13:37:56Z</time>
   </trkpt>
   <trkpt lat="43.2153920" lon="5.4459870">
    <ele>220.8</ele>
    <time>2025-12-04T13:37:57Z</time>
   </trkpt>
   <trkpt lat="43.2154030" lon="5.4459730">
    <ele>220.7</ele>
    <time>2025-12-04T13:37:58Z</time>
   </trkpt>
   <trkpt lat="43.2154110" lon="5.4459570">
    <ele>220.6</ele>
    <time>2025-12-04T13:37:59Z</time>
   </trkpt>
   <trkpt lat="43.2154220" lon="5.4459430">
    <ele>220.6</ele>
    <time>2025-12-04T13:38:00Z</time>
   </trkpt>
   <trkpt lat="43.2154330" lon="5.4459300">
    <ele>220.5</ele>
    <time>2025-12-04T13:38:01Z</time>
   </trkpt>
   <trkpt lat="43.2154450" lon="5.4459190">
    <ele>220.5</ele>
    <time>2025-12-04T13:38:02Z</time>
   </trkpt>
   <trkpt lat="43.2154530" lon="5.4459000">
    <ele>220.4</ele>
    <time>2025-12-04T13:38:03Z</time>
   </trkpt>
   <trkpt lat="43.2154620" lon="5.4458850">
    <ele>220.4</ele>
    <time>2025-12-04T13:38:04Z</time>
   </trkpt>
   <trkpt lat="43.2154720" lon="5.4458700">
    <ele>220.4</ele>
    <time>2025-12-04T13:38:05Z</time>
   </trkpt>
   <trkpt lat="43.2154800" lon="5.4458510">
    <ele>220.3</ele>
    <time>2025-12-04T13:38:06Z</time>
   </trkpt>
   <trkpt lat="43.2154890" lon="5.4458350">
    <ele>220.3</ele>
    <time>2025-12-04T13:38:07Z</time>
   </trkpt>
   <trkpt lat="43.2155000" lon="5.4458200">
    <ele>220.3</ele>
    <time>2025-12-04T13:38:08Z</time>
   </trkpt>
   <trkpt lat="43.2155090" lon="5.4458040">
    <ele>220.2</ele>
    <time>2025-12-04T13:38:09Z</time>
   </trkpt>
   <trkpt lat="43.2155200" lon="5.4457920">
    <ele>220.2</ele>
    <time>2025-12-04T13:38:10Z</time>
   </trkpt>
   <trkpt lat="43.2155330" lon="5.4457810">
    <ele>220.2</ele>
    <time>2025-12-04T13:38:11Z</time>
   </trkpt>
   <trkpt lat="43.2155430" lon="5.4457650">
    <ele>220.2</ele>
    <time>2025-12-04T13:38:12Z</time>
   </trkpt>
   <trkpt lat="43.2155520" lon="5.4457480">
    <ele>220.2</ele>
    <time>2025-12-04T13:38:13Z</time>
   </trkpt>
   <trkpt lat="43.2155580" lon="5.4457310">
    <ele>220.2</ele>
    <time>2025-12-04T13:38:14Z</time>
   </trkpt>
   <trkpt lat="43.2155760" lon="5.4457100">
    <ele>220.2</ele>
    <time>2025-12-04T13:38:15Z</time>
   </trkpt>
   <trkpt lat="43.2155840" lon="5.4457030">
    <ele>220.2</ele>
    <time>2025-12-04T13:38:16Z</time>
   </trkpt>
   <trkpt lat="43.2155930" lon="5.4456970">
    <ele>220.2</ele>
    <time>2025-12-04T13:38:17Z</time>
   </trkpt>
   <trkpt lat="43.2156070" lon="5.4456890">
    <ele>220.2</ele>
    <time>2025-12-04T13:38:18Z</time>
   </trkpt>
   <trkpt lat="43.2156150" lon="5.4456730">
    <ele>220.2</ele>
    <time>2025-12-04T13:38:19Z</time>
   </trkpt>
   <trkpt lat="43.2156240" lon="5.4456590">
    <ele>220.2</ele>
    <time>2025-12-04T13:38:20Z</time>
   </trkpt>
   <trkpt lat="43.2156340" lon="5.4456440">
    <ele>220.2</ele>
    <time>2025-12-04T13:38:21Z</time>
   </trkpt>
   <trkpt lat="43.2156430" lon="5.4456320">
    <ele>220.2</ele>
    <time>2025-12-04T13:38:22Z</time>
   </trkpt>
   <trkpt lat="43.2156460" lon="5.4456060">
    <ele>220.2</ele>
    <time>2025-12-04T13:38:23Z</time>
   </trkpt>
   <trkpt lat="43.2156580" lon="5.4455970">
    <ele>220.2</ele>
    <time>2025-12-04T13:38:24Z</time>
   </trkpt>
   <trkpt lat="43.2156710" lon="5.4455890">
    <ele>220.3</ele>
    <time>2025-12-04T13:38:25Z</time>
   </trkpt>
   <trkpt lat="43.2156820" lon="5.4455750">
    <ele>220.3</ele>
    <time>2025-12-04T13:38:26Z</time>
   </trkpt>
   <trkpt lat="43.2156890" lon="5.4455550">
    <ele>220.3</ele>
    <time>2025-12-04T13:38:27Z</time>
   </trkpt>
   <trkpt lat="43.2156950" lon="5.4455370">
    <ele>220.4</ele>
    <time>2025-12-04T13:38:28Z</time>
   </trkpt>
   <trkpt lat="43.2157070" lon="5.4455270">
    <ele>220.4</ele>
    <time>2025-12-04T13:38:29Z</time>
   </trkpt>
   <trkpt lat="43.2157180" lon="5.4455140">
    <ele>220.4</ele>
    <time>2025-12-04T13:38:30Z</time>
   </trkpt>
   <trkpt lat="43.2157280" lon="5.4454990">
    <ele>220.5</ele>
    <time>2025-12-04T13:38:31Z</time>
   </trkpt>
   <trkpt lat="43.2157390" lon="5.4454870">
    <ele>220.5</ele>
    <time>2025-12-04T13:38:32Z</time>
   </trkpt>
   <trkpt lat="43.2157530" lon="5.4454790">
    <ele>220.5</ele>
    <time>2025-12-04T13:38:33Z</time>
   </trkpt>
   <trkpt lat="43.2157670" lon="5.4454710">
    <ele>220.6</ele>
    <time>2025-12-04T13:38:34Z</time>
   </trkpt>
   <trkpt lat="43.2157820" lon="5.4454650">
    <ele>220.6</ele>
    <time>2025-12-04T13:38:35Z</time>
   </trkpt>
   <trkpt lat="43.2157930" lon="5.4454510">
    <ele>220.7</ele>
    <time>2025-12-04T13:38:36Z</time>
   </trkpt>
   <trkpt lat="43.2158090" lon="5.4454480">
    <ele>220.7</ele>
    <time>2025-12-04T13:38:37Z</time>
   </trkpt>
   <trkpt lat="43.2158220" lon="5.4454370">
    <ele>220.8</ele>
    <time>2025-12-04T13:38:38Z</time>
   </trkpt>
   <trkpt lat="43.2158300" lon="5.4454180">
    <ele>220.8</ele>
    <time>2025-12-04T13:38:39Z</time>
   </trkpt>
   <trkpt lat="43.2158400" lon="5.4454060">
    <ele>220.9</ele>
    <time>2025-12-04T13:38:40Z</time>
   </trkpt>
   <trkpt lat="43.2158490" lon="5.4453870">
    <ele>220.9</ele>
    <time>2025-12-04T13:38:41Z</time>
   </trkpt>
   <trkpt lat="43.2158620" lon="5.4453800">
    <ele>221.0</ele>
    <time>2025-12-04T13:38:42Z</time>
   </trkpt>
   <trkpt lat="43.2158740" lon="5.4453640">
    <ele>221.0</ele>
    <time>2025-12-04T13:38:43Z</time>
   </trkpt>
   <trkpt lat="43.2158820" lon="5.4453500">
    <ele>221.1</ele>
    <time>2025-12-04T13:38:44Z</time>
   </trkpt>
   <trkpt lat="43.2158990" lon="5.4453480">
    <ele>221.2</ele>
    <time>2025-12-04T13:38:45Z</time>
   </trkpt>
   <trkpt lat="43.2159090" lon="5.4453350">
    <ele>221.2</ele>
    <time>2025-12-04T13:38:46Z</time>
   </trkpt>
   <trkpt lat="43.2159200" lon="5.4453240">
    <ele>221.3</ele>
    <time>2025-12-04T13:38:47Z</time>
   </trkpt>
   <trkpt lat="43.2159350" lon="5.4453190">
    <ele>221.4</ele>
    <time>2025-12-04T13:38:48Z</time>
   </trkpt>
   <trkpt lat="43.2159460" lon="5.4453080">
    <ele>221.4</ele>
    <time>2025-12-04T13:38:49Z</time>
   </trkpt>
   <trkpt lat="43.2159530" lon="5.4452990">
    <ele>221.5</ele>
    <time>2025-12-04T13:38:50Z</time>
   </trkpt>
   <trkpt lat="43.2159610" lon="5.4452940">
    <ele>221.5</ele>
    <time>2025-12-04T13:38:51Z</time>
   </trkpt>
   <trkpt lat="43.2159690" lon="5.4452890">
    <ele>221.6</ele>
    <time>2025-12-04T13:38:52Z</time>
   </trkpt>
   <trkpt lat="43.2159750" lon="5.4452820">
    <ele>221.6</ele>
    <time>2025-12-04T13:38:53Z</time>
   </trkpt>
   <trkpt lat="43.2159840" lon="5.4452730">
    <ele>221.7</ele>
    <time>2025-12-04T13:38:54Z</time>
   </trkpt>
   <trkpt lat="43.2159900" lon="5.4452680">
    <ele>221.7</ele>
    <time>2025-12-04T13:38:55Z</time>
   </trkpt>
   <trkpt lat="43.2159970" lon="5.4452610">
    <ele>221.8</ele>
    <time>2025-12-04T13:38:56Z</time>
   </trkpt>
   <trkpt lat="43.2160130" lon="5.4452380">
    <ele>221.9</ele>
    <time>2025-12-04T13:38:57Z</time>
   </trkpt>
   <trkpt lat="43.2160210" lon="5.4452320">
    <ele>222.0</ele>
    <time>2025-12-04T13:38:58Z</time>
   </trkpt>
   <trkpt lat="43.2160280" lon="5.4452260">
    <ele>222.0</ele>
    <time>2025-12-04T13:38:59Z</time>
   </trkpt>
   <trkpt lat="43.2160350" lon="5.4452250">
    <ele>222.1</ele>
    <time>2025-12-04T13:39:00Z</time>
   </trkpt>
   <trkpt lat="43.2160440" lon="5.4452190">
    <ele>222.1</ele>
    <time>2025-12-04T13:39:01Z</time>
   </trkpt>
   <trkpt lat="43.2160510" lon="5.4452150">
    <ele>222.2</ele>
    <time>2025-12-04T13:39:02Z</time>
   </trkpt>
   <trkpt lat="43.2160600" lon="5.4452080">
    <ele>222.2</ele>
    <time>2025-12-04T13:39:03Z</time>
   </trkpt>
   <trkpt lat="43.2160670" lon="5.4452010">
    <ele>222.3</ele>
    <time>2025-12-04T13:39:04Z</time>
   </trkpt>
   <trkpt lat="43.2160740" lon="5.4451950">
    <ele>222.4</ele>
    <time>2025-12-04T13:39:05Z</time>
   </trkpt>
   <trkpt lat="43.2160800" lon="5.4451870">
    <ele>222.4</ele>
    <time>2025-12-04T13:39:06Z</time>
   </trkpt>
   <trkpt lat="43.2160860" lon="5.4451830">
    <ele>222.5</ele>
    <time>2025-12-04T13:39:07Z</time>
   </trkpt>
   <trkpt lat="43.2160910" lon="5.4451860">
    <ele>222.5</ele>
    <time>2025-12-04T13:39:08Z</time>
   </trkpt>
   <trkpt lat="43.2160930" lon="5.4451860">
    <ele>222.5</ele>
    <time>2025-12-04T13:39:09Z</time>
   </trkpt>
   <trkpt lat="43.2160960" lon="5.4451860">
    <ele>222.5</ele>
    <time>2025-12-04T13:39:10Z</time>
   </trkpt>
   <trkpt lat="43.2160990" lon="5.4451860">
    <ele>222.5</ele>
    <time>2025-12-04T13:39:11Z</time>
   </trkpt>
   <trkpt lat="43.2161010" lon="5.4451860">
    <ele>222.6</ele>
    <time>2025-12-04T13:39:12Z</time>
   </trkpt>
   <trkpt lat="43.2161040" lon="5.4451860">
    <ele>222.6</ele>
    <time>2025-12-04T13:39:13Z</time>
   </trkpt>
   <trkpt lat="43.2161060" lon="5.4451860">
    <ele>222.6</ele>
    <time>2025-12-04T13:39:14Z</time>
   </trkpt>
   <trkpt lat="43.2161090" lon="5.4451850">
    <ele>222.6</ele>
    <time>2025-12-04T13:39:15Z</time>
   </trkpt>
   <trkpt lat="43.2161120" lon="5.4451850">
    <ele>222.6</ele>
    <time>2025-12-04T13:39:16Z</time>
   </trkpt>
   <trkpt lat="43.2161140" lon="5.4451850">
    <ele>222.6</ele>
    <time>2025-12-04T13:39:17Z</time>
   </trkpt>
   <trkpt lat="43.2161170" lon="5.4451850">
    <ele>222.7</ele>
    <time>2025-12-04T13:39:18Z</time>
   </trkpt>
   <trkpt lat="43.2161200" lon="5.4451850">
    <ele>222.7</ele>
    <time>2025-12-04T13:39:19Z</time>
   </trkpt>
   <trkpt lat="43.2161220" lon="5.4451850">
    <ele>222.7</ele>
    <time>2025-12-04T13:39:20Z</time>
   </trkpt>
   <trkpt lat="43.2161250" lon="5.4451850">
    <ele>222.7</ele>
    <time>2025-12-04T13:39:21Z</time>
   </trkpt>
   <trkpt lat="43.2161320" lon="5.4451800">
    <ele>222.8</ele>
    <time>2025-12-04T13:39:22Z</time>
   </trkpt>
   <trkpt lat="43.2161420" lon="5.4451800">
    <ele>222.8</ele>
    <time>2025-12-04T13:39:23Z</time>
   </trkpt>
   <trkpt lat="43.2161530" lon="5.4451640">
    <ele>223.0</ele>
    <time>2025-12-04T13:39:24Z</time>
   </trkpt>
   <trkpt lat="43.2161650" lon="5.4451560">
    <ele>223.0</ele>
    <time>2025-12-04T13:39:25Z</time>
   </trkpt>
   <trkpt lat="43.2161740" lon="5.4451410">
    <ele>223.1</ele>
    <time>2025-12-04T13:39:26Z</time>
   </trkpt>
   <trkpt lat="43.2161820" lon="5.4451350">
    <ele>223.2</ele>
    <time>2025-12-04T13:39:27Z</time>
   </trkpt>
   <trkpt lat="43.2161890" lon="5.4451320">
    <ele>223.2</ele>
    <time>2025-12-04T13:39:28Z</time>
   </trkpt>
   <trkpt lat="43.2162030" lon="5.4451210">
    <ele>223.3</ele>
    <time>2025-12-04T13:39:29Z</time>
   </trkpt>
   <trkpt lat="43.2162140" lon="5.4451190">
    <ele>223.4</ele>
    <time>2025-12-04T13:39:30Z</time>
   </trkpt>
   <trkpt lat="43.2162220" lon="5.4451130">
    <ele>223.5</ele>
    <time>2025-12-04T13:39:31Z</time>
   </trkpt>
   <trkpt lat="43.2162360" lon="5.4451000">
    <ele>223.6</ele>
    <time>2025-12-04T13:39:32Z</time>
   </trkpt>
   <trkpt lat="43.2162580" lon="5.4450980">
    <ele>223.7</ele>
    <time>2025-12-04T13:39:33Z</time>
   </trkpt>
   <trkpt lat="43.2162660" lon="5.4450940">
    <ele>223.8</ele>
    <time>2025-12-04T13:39:34Z</time>
   </trkpt>
   <trkpt lat="43.2162750" lon="5.4450910">
    <ele>223.8</ele>
    <time>2025-12-04T13:39:35Z</time>
   </trkpt>
   <trkpt lat="43.2162900" lon="5.4450870">
    <ele>223.9</ele>
    <time>2025-12-04T13:39:36Z</time>
   </trkpt>
   <trkpt lat="43.2163020" lon="5.4450790">
    <ele>224.0</ele>
    <time>2025-12-04T13:39:37Z</time>
   </trkpt>
   <trkpt lat="43.2163170" lon="5.4450760">
    <ele>224.1</ele>
    <time>2025-12-04T13:39:38Z</time>
   </trkpt>
   <trkpt lat="43.2163290" lon="5.4450680">
    <ele>224.2</ele>
    <time>2025-12-04T13:39:39Z</time>
   </trkpt>
   <trkpt lat="43.2163410" lon="5.4450620">
    <ele>224.2</ele>
    <time>2025-12-04T13:39:40Z</time>
   </trkpt>
   <trkpt lat="43.2163510" lon="5.4450650">
    <ele>224.3</ele>
    <time>2025-12-04T13:39:41Z</time>
   </trkpt>
   <trkpt lat="43.2163620" lon="5.4450580">
    <ele>224.3</ele>
    <time>2025-12-04T13:39:42Z</time>
   </trkpt>
   <trkpt lat="43.2163830" lon="5.4450700">
    <ele>224.5</ele>
    <time>2025-12-04T13:39:43Z</time>
   </trkpt>
   <trkpt lat="43.2163910" lon="5.4450730">
    <ele>224.5</ele>
    <time>2025-12-04T13:39:44Z</time>
   </trkpt>
   <trkpt lat="43.2164000" lon="5.4450750">
    <ele>224.6</ele>
    <time>2025-12-04T13:39:45Z</time>
   </trkpt>
   <trkpt lat="43.2164100" lon="5.4450760">
    <ele>224.6</ele>
    <time>2025-12-04T13:39:46Z</time>
   </trkpt>
   <trkpt lat="43.2164200" lon="5.4450790">
    <ele>224.7</ele>
    <time>2025-12-04T13:39:47Z</time>
   </trkpt>
   <trkpt lat="43.2164310" lon="5.4450820">
    <ele>224.7</ele>
    <time>2025-12-04T13:39:48Z</time>
   </trkpt>
   <trkpt lat="43.2164420" lon="5.4450850">
    <ele>224.8</ele>
    <time>2025-12-04T13:39:49Z</time>
   </trkpt>
   <trkpt lat="43.2164580" lon="5.4450900">
    <ele>224.9</ele>
    <time>2025-12-04T13:39:50Z</time>
   </trkpt>
   <trkpt lat="43.2164740" lon="5.4450920">
    <ele>224.9</ele>
    <time>2025-12-04T13:39:51Z</time>
   </trkpt>
   <trkpt lat="43.2164870" lon="5.4450940">
    <ele>225.0</ele>
    <time>2025-12-04T13:39:52Z</time>
   </trkpt>
   <trkpt lat="43.2165030" lon="5.4450960">
    <ele>225.1</ele>
    <time>2025-12-04T13:39:53Z</time>
   </trkpt>
   <trkpt lat="43.2165170" lon="5.4451040">
    <ele>225.1</ele>
    <time>2025-12-04T13:39:54Z</time>
   </trkpt>
   <trkpt lat="43.2165390" lon="5.4451100">
    <ele>225.2</ele>
    <time>2025-12-04T13:39:55Z</time>
   </trkpt>
   <trkpt lat="43.2165500" lon="5.4451130">
    <ele>225.2</ele>
    <time>2025-12-04T13:39:56Z</time>
   </trkpt>
   <trkpt lat="43.2165600" lon="5.4451150">
    <ele>225.3</ele>
    <time>2025-12-04T13:39:57Z</time>
   </trkpt>
   <trkpt lat="43.2165690" lon="5.4451240">
    <ele>225.3</ele>
    <time>2025-12-04T13:39:58Z</time>
   </trkpt>
   <trkpt lat="43.2165810" lon="5.4451270">
    <ele>225.4</ele>
    <time>2025-12-04T13:39:59Z</time>
   </trkpt>
   <trkpt lat="43.2165890" lon="5.4451320">
    <ele>225.4</ele>
    <time>2025-12-04T13:40:00Z</time>
   </trkpt>
   <trkpt lat="43.2166090" lon="5.4451400">
    <ele>225.4</ele>
    <time>2025-12-04T13:40:01Z</time>
   </trkpt>
   <trkpt lat="43.2166180" lon="5.4451420">
    <ele>225.5</ele>
    <time>2025-12-04T13:40:02Z</time>
   </trkpt>
   <trkpt lat="43.2166280" lon="5.4451450">
    <ele>225.5</ele>
    <time>2025-12-04T13:40:03Z</time>
   </trkpt>
   <trkpt lat="43.2166420" lon="5.4451560">
    <ele>225.5</ele>
    <time>2025-12-04T13:40:04Z</time>
   </trkpt>
   <trkpt lat="43.2166520" lon="5.4451640">
    <ele>225.5</ele>
    <time>2025-12-04T13:40:05Z</time>
   </trkpt>
   <trkpt lat="43.2166690" lon="5.4451780">
    <ele>225.6</ele>
    <time>2025-12-04T13:40:06Z</time>
   </trkpt>
   <trkpt lat="43.2166780" lon="5.4451850">
    <ele>225.6</ele>
    <time>2025-12-04T13:40:07Z</time>
   </trkpt>
   <trkpt lat="43.2166860" lon="5.4451920">
    <ele>225.6</ele>
    <time>2025-12-04T13:40:08Z</time>
   </trkpt>
   <trkpt lat="43.2167070" lon="5.4452070">
    <ele>225.6</ele>
    <time>2025-12-04T13:40:09Z</time>
   </trkpt>
   <trkpt lat="43.2167100" lon="5.4452100">
    <ele>225.6</ele>
    <time>2025-12-04T13:40:10Z</time>
   </trkpt>
   <trkpt lat="43.2167250" lon="5.4452330">
    <ele>225.5</ele>
    <time>2025-12-04T13:40:11Z</time>
   </trkpt>
   <trkpt lat="43.2167280" lon="5.4452430">
    <ele>225.5</ele>
    <time>2025-12-04T13:40:12Z</time>
   </trkpt>
   <trkpt lat="43.2167310" lon="5.4452540">
    <ele>225.5</ele>
    <time>2025-12-04T13:40:13Z</time>
   </trkpt>
   <trkpt lat="43.2167440" lon="5.4452810">
    <ele>225.5</ele>
    <time>2025-12-04T13:40:14Z</time>
   </trkpt>
   <trkpt lat="43.2167500" lon="5.4452920">
    <ele>225.5</ele>
    <time>2025-12-04T13:40:15Z</time>
   </trkpt>
   <trkpt lat="43.2167550" lon="5.4453040">
    <ele>225.4</ele>
    <time>2025-12-04T13:40:16Z</time>
   </trkpt>
   <trkpt lat="43.2167630" lon="5.4453190">
    <ele>225.4</ele>
    <time>2025-12-04T13:40:17Z</time>
   </trkpt>
   <trkpt lat="43.2167690" lon="5.4453270">
    <ele>225.4</ele>
    <time>2025-12-04T13:40:18Z</time>
   </trkpt>
   <trkpt lat="43.2167710" lon="5.4453430">
    <ele>225.4</ele>
    <time>2025-12-04T13:40:19Z</time>
   </trkpt>
   <trkpt lat="43.2167790" lon="5.4453690">
    <ele>225.4</ele>
    <time>2025-12-04T13:40:20Z</time>
   </trkpt>
   <trkpt lat="43.2167820" lon="5.4453800">
    <ele>225.3</ele>
    <time>2025-12-04T13:40:21Z</time>
   </trkpt>
   <trkpt lat="43.2167850" lon="5.4453910">
    <ele>225.3</ele>
    <time>2025-12-04T13:40:22Z</time>
   </trkpt>
   <trkpt lat="43.2167970" lon="5.4454100">
    <ele>225.3</ele>
    <time>2025-12-04T13:40:23Z</time>
   </trkpt>
   <trkpt lat="43.2168000" lon="5.4454290">
    <ele>225.3</ele>
    <time>2025-12-04T13:40:24Z</time>
   </trkpt>
   <trkpt lat="43.2168170" lon="5.4454550">
    <ele>225.2</ele>
    <time>2025-12-04T13:40:25Z</time>
   </trkpt>
   <trkpt lat="43.2168210" lon="5.4454650">
    <ele>225.2</ele>
    <time>2025-12-04T13:40:26Z</time>
   </trkpt>
   <trkpt lat="43.2168240" lon="5.4454760">
    <ele>225.2</ele>
    <time>2025-12-04T13:40:27Z</time>
   </trkpt>
   <trkpt lat="43.2168240" lon="5.4454960">
    <ele>225.2</ele>
    <time>2025-12-04T13:40:28Z</time>
   </trkpt>
   <trkpt lat="43.2168330" lon="5.4455150">
    <ele>225.2</ele>
    <time>2025-12-04T13:40:29Z</time>
   </trkpt>
   <trkpt lat="43.2168430" lon="5.4455420">
    <ele>225.1</ele>
    <time>2025-12-04T13:40:30Z</time>
   </trkpt>
   <trkpt lat="43.2168470" lon="5.4455530">
    <ele>225.1</ele>
    <time>2025-12-04T13:40:31Z</time>
   </trkpt>
   <trkpt lat="43.2168510" lon="5.4455640">
    <ele>225.1</ele>
    <time>2025-12-04T13:40:32Z</time>
   </trkpt>
   <trkpt lat="43.2168630" lon="5.4455800">
    <ele>225.1</ele>
    <time>2025-12-04T13:40:33Z</time>
   </trkpt>
   <trkpt lat="43.2168670" lon="5.4456020">
    <ele>225.0</ele>
    <time>2025-12-04T13:40:34Z</time>
   </trkpt>
   <trkpt lat="43.2168780" lon="5.4456180">
    <ele>225.0</ele>
    <time>2025-12-04T13:40:35Z</time>
   </trkpt>
   <trkpt lat="43.2168850" lon="5.4456360">
    <ele>225.0</ele>
    <time>2025-12-04T13:40:36Z</time>
   </trkpt>
   <trkpt lat="43.2168970" lon="5.4456480">
    <ele>224.9</ele>
    <time>2025-12-04T13:40:37Z</time>
   </trkpt>
   <trkpt lat="43.2168960" lon="5.4456700">
    <ele>224.9</ele>
    <time>2025-12-04T13:40:38Z</time>
   </trkpt>
   <trkpt lat="43.2169020" lon="5.4456850">
    <ele>224.8</ele>
    <time>2025-12-04T13:40:39Z</time>
   </trkpt>
   <trkpt lat="43.2169130" lon="5.4456940">
    <ele>224.8</ele>
    <time>2025-12-04T13:40:40Z</time>
   </trkpt>
   <trkpt lat="43.2169150" lon="5.4457080">
    <ele>224.8</ele>
    <time>2025-12-04T13:40:41Z</time>
   </trkpt>
   <trkpt lat="43.2169170" lon="5.4457180">
    <ele>224.8</ele>
    <time>2025-12-04T13:40:42Z</time>
   </trkpt>
   <trkpt lat="43.2169230" lon="5.4457360">
    <ele>224.7</ele>
    <time>2025-12-04T13:40:43Z</time>
   </trkpt>
   <trkpt lat="43.2169290" lon="5.4457530">
    <ele>224.7</ele>
    <time>2025-12-04T13:40:44Z</time>
   </trkpt>
   <trkpt lat="43.2169370" lon="5.4457680">
    <ele>224.6</ele>
    <time>2025-12-04T13:40:45Z</time>
   </trkpt>
   <trkpt lat="43.2169460" lon="5.4457880">
    <ele>224.6</ele>
    <time>2025-12-04T13:40:46Z</time>
   </trkpt>
   <trkpt lat="43.2169510" lon="5.4458160">
    <ele>224.5</ele>
    <time>2025-12-04T13:40:47Z</time>
   </trkpt>
   <trkpt lat="43.2169560" lon="5.4458260">
    <ele>224.5</ele>
    <time>2025-12-04T13:40:48Z</time>
   </trkpt>
   <trkpt lat="43.2169610" lon="5.4458350">
    <ele>224.5</ele>
    <time>2025-12-04T13:40:49Z</time>
   </trkpt>
   <trkpt lat="43.2169690" lon="5.4458510">
    <ele>224.4</ele>
    <time>2025-12-04T13:40:50Z</time>
   </trkpt>
   <trkpt lat="43.2169820" lon="5.4458720">
    <ele>224.4</ele>
    <time>2025-12-04T13:40:51Z</time>
   </trkpt>
   <trkpt lat="43.2169810" lon="5.4458890">
    <ele>224.3</ele>
    <time>2025-12-04T13:40:52Z</time>
   </trkpt>
   <trkpt lat="43.2169890" lon="5.4459040">
    <ele>224.3</ele>
    <time>2025-12-04T13:40:53Z</time>
   </trkpt>
   <trkpt lat="43.2169950" lon="5.4459140">
    <ele>224.2</ele>
    <time>2025-12-04T13:40:54Z</time>
   </trkpt>
   <trkpt lat="43.2169950" lon="5.4459290">
    <ele>224.2</ele>
    <time>2025-12-04T13:40:55Z</time>
   </trkpt>
   <trkpt lat="43.2170030" lon="5.4459370">
    <ele>224.2</ele>
    <time>2025-12-04T13:40:56Z</time>
   </trkpt>
   <trkpt lat="43.2170140" lon="5.4459440">
    <ele>224.2</ele>
    <time>2025-12-04T13:40:57Z</time>
   </trkpt>
   <trkpt lat="43.2170240" lon="5.4459710">
    <ele>224.1</ele>
    <time>2025-12-04T13:40:58Z</time>
   </trkpt>
   <trkpt lat="43.2170290" lon="5.4459840">
    <ele>224.1</ele>
    <time>2025-12-04T13:40:59Z</time>
   </trkpt>
   <trkpt lat="43.2170340" lon="5.4459960">
    <ele>224.0</ele>
    <time>2025-12-04T13:41:00Z</time>
   </trkpt>
   <trkpt lat="43.2170440" lon="5.4460170">
    <ele>224.0</ele>
    <time>2025-12-04T13:41:01Z</time>
   </trkpt>
   <trkpt lat="43.2170460" lon="5.4460300">
    <ele>224.0</ele>
    <time>2025-12-04T13:41:02Z</time>
   </trkpt>
   <trkpt lat="43.2170480" lon="5.4460430">
    <ele>223.9</ele>
    <time>2025-12-04T13:41:03Z</time>
   </trkpt>
   <trkpt lat="43.2170600" lon="5.4460530">
    <ele>223.9</ele>
    <time>2025-12-04T13:41:04Z</time>
   </trkpt>
   <trkpt lat="43.2170660" lon="5.4460730">
    <ele>223.9</ele>
    <time>2025-12-04T13:41:05Z</time>
   </trkpt>
   <trkpt lat="43.2170720" lon="5.4460910">
    <ele>223.9</ele>
    <time>2025-12-04T13:41:06Z</time>
   </trkpt>
   <trkpt lat="43.2170810" lon="5.4461050">
    <ele>223.8</ele>
    <time>2025-12-04T13:41:07Z</time>
   </trkpt>
   <trkpt lat="43.2170880" lon="5.4461090">
    <ele>223.8</ele>
    <time>2025-12-04T13:41:08Z</time>
   </trkpt>
   <trkpt lat="43.2170960" lon="5.4461220">
    <ele>223.8</ele>
    <time>2025-12-04T13:41:09Z</time>
   </trkpt>
   <trkpt lat="43.2171070" lon="5.4461340">
    <ele>223.8</ele>
    <time>2025-12-04T13:41:10Z</time>
   </trkpt>
   <trkpt lat="43.2171180" lon="5.4461500">
    <ele>223.7</ele>
    <time>2025-12-04T13:41:11Z</time>
   </trkpt>
   <trkpt lat="43.2171270" lon="5.4461630">
    <ele>223.7</ele>
    <time>2025-12-04T13:41:12Z</time>
   </trkpt>
   <trkpt lat="43.2171360" lon="5.4461760">
    <ele>223.7</ele>
    <time>2025-12-04T13:41:13Z</time>
   </trkpt>
   <trkpt lat="43.2171480" lon="5.4461880">
    <ele>223.6</ele>
    <time>2025-12-04T13:41:14Z</time>
   </trkpt>
   <trkpt lat="43.2171580" lon="5.4462150">
    <ele>223.6</ele>
    <time>2025-12-04T13:41:15Z</time>
   </trkpt>
   <trkpt lat="43.2171610" lon="5.4462240">
    <ele>223.6</ele>
    <time>2025-12-04T13:41:16Z</time>
   </trkpt>
   <trkpt lat="43.2171650" lon="5.4462340">
    <ele>223.6</ele>
    <time>2025-12-04T13:41:17Z</time>
   </trkpt>
   <trkpt lat="43.2171790" lon="5.4462590">
    <ele>223.5</ele>
    <time>2025-12-04T13:41:18Z</time>
   </trkpt>
   <trkpt lat="43.2171840" lon="5.4462700">
    <ele>223.5</ele>
    <time>2025-12-04T13:41:19Z</time>
   </trkpt>
   <trkpt lat="43.2171900" lon="5.4462800">
    <ele>223.5</ele>
    <time>2025-12-04T13:41:20Z</time>
   </trkpt>
   <trkpt lat="43.2171980" lon="5.4462940">
    <ele>223.5</ele>
    <time>2025-12-04T13:41:21Z</time>
   </trkpt>
   <trkpt lat="43.2172090" lon="5.4463090">
    <ele>223.5</ele>
    <time>2025-12-04T13:41:22Z</time>
   </trkpt>
   <trkpt lat="43.2172150" lon="5.4463210">
    <ele>223.4</ele>
    <time>2025-12-04T13:41:23Z</time>
   </trkpt>
   <trkpt lat="43.2172190" lon="5.4463330">
    <ele>223.4</ele>
    <time>2025-12-04T13:41:24Z</time>
   </trkpt>
   <trkpt lat="43.2172260" lon="5.4463520">
    <ele>223.4</ele>
    <time>2025-12-04T13:41:25Z</time>
   </trkpt>
   <trkpt lat="43.2172380" lon="5.4463820">
    <ele>223.4</ele>
    <time>2025-12-04T13:41:26Z</time>
   </trkpt>
   <trkpt lat="43.2172460" lon="5.4463930">
    <ele>223.3</ele>
    <time>2025-12-04T13:41:27Z</time>
   </trkpt>
   <trkpt lat="43.2172530" lon="5.4464040">
    <ele>223.3</ele>
    <time>2025-12-04T13:41:28Z</time>
   </trkpt>
   <trkpt lat="43.2172660" lon="5.4464280">
    <ele>223.3</ele>
    <time>2025-12-04T13:41:29Z</time>
   </trkpt>
   <trkpt lat="43.2172720" lon="5.4464330">
    <ele>223.3</ele>
    <time>2025-12-04T13:41:30Z</time>
   </trkpt>
   <trkpt lat="43.2172870" lon="5.4464530">
    <ele>223.2</ele>
    <time>2025-12-04T13:41:31Z</time>
   </trkpt>
   <trkpt lat="43.2172950" lon="5.4464590">
    <ele>223.2</ele>
    <time>2025-12-04T13:41:32Z</time>
   </trkpt>
   <trkpt lat="43.2173020" lon="5.4464640">
    <ele>223.2</ele>
    <time>2025-12-04T13:41:33Z</time>
   </trkpt>
   <trkpt lat="43.2173250" lon="5.4464770">
    <ele>223.1</ele>
    <time>2025-12-04T13:41:34Z</time>
   </trkpt>
   <trkpt lat="43.2173300" lon="5.4464830">
    <ele>223.1</ele>
    <time>2025-12-04T13:41:35Z</time>
   </trkpt>
   <trkpt lat="43.2173350" lon="5.4464880">
    <ele>223.1</ele>
    <time>2025-12-04T13:41:36Z</time>
   </trkpt>
   <trkpt lat="43.2173470" lon="5.4464980">
    <ele>223.1</ele>
    <time>2025-12-04T13:41:37Z</time>
   </trkpt>
   <trkpt lat="43.2173640" lon="5.4465060">
    <ele>223.1</ele>
    <time>2025-12-04T13:41:38Z</time>
   </trkpt>
   <trkpt lat="43.2173760" lon="5.4465290">
    <ele>223.0</ele>
    <time>2025-12-04T13:41:39Z</time>
   </trkpt>
   <trkpt lat="43.2173810" lon="5.4465380">
    <ele>223.0</ele>
    <time>2025-12-04T13:41:40Z</time>
   </trkpt>
   <trkpt lat="43.2173870" lon="5.4465460">
    <ele>223.0</ele>
    <time>2025-12-04T13:41:41Z</time>
   </trkpt>
   <trkpt lat="43.2174040" lon="5.4465630">
    <ele>222.9</ele>
    <time>2025-12-04T13:41:42Z</time>
   </trkpt>
   <trkpt lat="43.2174120" lon="5.4465690">
    <ele>222.9</ele>
    <time>2025-12-04T13:41:43Z</time>
   </trkpt>
   <trkpt lat="43.2174190" lon="5.4465750">
    <ele>222.9</ele>
    <time>2025-12-04T13:41:44Z</time>
   </trkpt>
   <trkpt lat="43.2174300" lon="5.4465840">
    <ele>222.8</ele>
    <time>2025-12-04T13:41:45Z</time>
   </trkpt>
   <trkpt lat="43.2174380" lon="5.4465900">
    <ele>222.8</ele>
    <time>2025-12-04T13:41:46Z</time>
   </trkpt>
   <trkpt lat="43.2174490" lon="5.4465970">
    <ele>222.8</ele>
    <time>2025-12-04T13:41:47Z</time>
   </trkpt>
   <trkpt lat="43.2174610" lon="5.4466030">
    <ele>222.7</ele>
    <time>2025-12-04T13:41:48Z</time>
   </trkpt>
   <trkpt lat="43.2174760" lon="5.4466060">
    <ele>222.7</ele>
    <time>2025-12-04T13:41:49Z</time>
   </trkpt>
   <trkpt lat="43.2174950" lon="5.4466190">
    <ele>222.6</ele>
    <time>2025-12-04T13:41:50Z</time>
   </trkpt>
   <trkpt lat="43.2175030" lon="5.4466270">
    <ele>222.6</ele>
    <time>2025-12-04T13:41:51Z</time>
   </trkpt>
   <trkpt lat="43.2175110" lon="5.4466350">
    <ele>222.6</ele>
    <time>2025-12-04T13:41:52Z</time>
   </trkpt>
   <trkpt lat="43.2175230" lon="5.4466380">
    <ele>222.5</ele>
    <time>2025-12-04T13:41:53Z</time>
   </trkpt>
   <trkpt lat="43.2175330" lon="5.4466400">
    <ele>222.5</ele>
    <time>2025-12-04T13:41:54Z</time>
   </trkpt>
   <trkpt lat="43.2175470" lon="5.4466420">
    <ele>222.4</ele>
    <time>2025-12-04T13:41:55Z</time>
   </trkpt>
   <trkpt lat="43.2175720" lon="5.4466460">
    <ele>222.3</ele>
    <time>2025-12-04T13:41:56Z</time>
   </trkpt>
   <trkpt lat="43.2175800" lon="5.4466480">
    <ele>222.3</ele>
    <time>2025-12-04T13:41:57Z</time>
   </trkpt>
   <trkpt lat="43.2175880" lon="5.4466510">
    <ele>222.3</ele>
    <time>2025-12-04T13:41:58Z</time>
   </trkpt>
   <trkpt lat="43.2175890" lon="5.4466580">
    <ele>222.2</ele>
    <time>2025-12-04T13:41:59Z</time>
   </trkpt>
   <trkpt lat="43.2176050" lon="5.4466630">
    <ele>222.2</ele>
    <time>2025-12-04T13:42:00Z</time>
   </trkpt>
   <trkpt lat="43.2176170" lon="5.4466700">
    <ele>222.1</ele>
    <time>2025-12-04T13:42:01Z</time>
   </trkpt>
   <trkpt lat="43.2176280" lon="5.4466730">
    <ele>222.0</ele>
    <time>2025-12-04T13:42:02Z</time>
   </trkpt>
   <trkpt lat="43.2176350" lon="5.4466800">
    <ele>222.0</ele>
    <time>2025-12-04T13:42:03Z</time>
   </trkpt>
   <trkpt lat="43.2176470" lon="5.4466740">
    <ele>221.9</ele>
    <time>2025-12-04T13:42:04Z</time>
   </trkpt>
   <trkpt lat="43.2176660" lon="5.4466920">
    <ele>221.8</ele>
    <time>2025-12-04T13:42:05Z</time>
   </trkpt>
   <trkpt lat="43.2176720" lon="5.4466970">
    <ele>221.8</ele>
    <time>2025-12-04T13:42:06Z</time>
   </trkpt>
   <trkpt lat="43.2176790" lon="5.4467030">
    <ele>221.7</ele>
    <time>2025-12-04T13:42:07Z</time>
   </trkpt>
   <trkpt lat="43.2176900" lon="5.4467060">
    <ele>221.6</ele>
    <time>2025-12-04T13:42:08Z</time>
   </trkpt>
   <trkpt lat="43.2176980" lon="5.4467190">
    <ele>221.6</ele>
    <time>2025-12-04T13:42:09Z</time>
   </trkpt>
   <trkpt lat="43.2177100" lon="5.4467230">
    <ele>221.5</ele>
    <time>2025-12-04T13:42:10Z</time>
   </trkpt>
   <trkpt lat="43.2177280" lon="5.4467200">
    <ele>221.3</ele>
    <time>2025-12-04T13:42:11Z</time>
   </trkpt>
   <trkpt lat="43.2177440" lon="5.4467270">
    <ele>221.2</ele>
    <time>2025-12-04T13:42:12Z</time>
   </trkpt>
   <trkpt lat="43.2177640" lon="5.4467370">
    <ele>221.1</ele>
    <time>2025-12-04T13:42:13Z</time>
   </trkpt>
   <trkpt lat="43.2177710" lon="5.4467420">
    <ele>221.0</ele>
    <time>2025-12-04T13:42:14Z</time>
   </trkpt>
   <trkpt lat="43.2177790" lon="5.4467460">
    <ele>221.0</ele>
    <time>2025-12-04T13:42:15Z</time>
   </trkpt>
   <trkpt lat="43.2177950" lon="5.4467590">
    <ele>220.8</ele>
    <time>2025-12-04T13:42:16Z</time>
   </trkpt>
   <trkpt lat="43.2178060" lon="5.4467700">
    <ele>220.7</ele>
    <time>2025-12-04T13:42:17Z</time>
   </trkpt>
   <trkpt lat="43.2178220" lon="5.4467850">
    <ele>220.6</ele>
    <time>2025-12-04T13:42:18Z</time>
   </trkpt>
   <trkpt lat="43.2178310" lon="5.4467900">
    <ele>220.5</ele>
    <time>2025-12-04T13:42:19Z</time>
   </trkpt>
   <trkpt lat="43.2178390" lon="5.4467960">
    <ele>220.4</ele>
    <time>2025-12-04T13:42:20Z</time>
   </trkpt>
   <trkpt lat="43.2178570" lon="5.4467970">
    <ele>220.3</ele>
    <time>2025-12-04T13:42:21Z</time>
   </trkpt>
   <trkpt lat="43.2178730" lon="5.4468020">
    <ele>220.1</ele>
    <time>2025-12-04T13:42:22Z</time>
   </trkpt>
   <trkpt lat="43.2178910" lon="5.4468080">
    <ele>220.0</ele>
    <time>2025-12-04T13:42:23Z</time>
   </trkpt>
   <trkpt lat="43.2179040" lon="5.4468060">
    <ele>219.9</ele>
    <time>2025-12-04T13:42:24Z</time>
   </trkpt>
   <trkpt lat="43.2179210" lon="5.4468070">
    <ele>219.7</ele>
    <time>2025-12-04T13:42:25Z</time>
   </trkpt>
   <trkpt lat="43.2179370" lon="5.4468100">
    <ele>219.6</ele>
    <time>2025-12-04T13:42:26Z</time>
   </trkpt>
   <trkpt lat="43.2179510" lon="5.4468210">
    <ele>219.4</ele>
    <time>2025-12-04T13:42:27Z</time>
   </trkpt>
   <trkpt lat="43.2179690" lon="5.4468280">
    <ele>219.3</ele>
    <time>2025-12-04T13:42:28Z</time>
   </trkpt>
   <trkpt lat="43.2179830" lon="5.4468370">
    <ele>219.1</ele>
    <time>2025-12-04T13:42:29Z</time>
   </trkpt>
   <trkpt lat="43.2180000" lon="5.4468350">
    <ele>219.0</ele>
    <time>2025-12-04T13:42:30Z</time>
   </trkpt>
   <trkpt lat="43.2180120" lon="5.4468440">
    <ele>218.9</ele>
    <time>2025-12-04T13:42:31Z</time>
   </trkpt>
   <trkpt lat="43.2180250" lon="5.4468500">
    <ele>218.8</ele>
    <time>2025-12-04T13:42:32Z</time>
   </trkpt>
   <trkpt lat="43.2180360" lon="5.4468550">
    <ele>218.7</ele>
    <time>2025-12-04T13:42:33Z</time>
   </trkpt>
   <trkpt lat="43.2180480" lon="5.4468560">
    <ele>218.6</ele>
    <time>2025-12-04T13:42:34Z</time>
   </trkpt>
   <trkpt lat="43.2180590" lon="5.4468590">
    <ele>218.5</ele>
    <time>2025-12-04T13:42:35Z</time>
   </trkpt>
   <trkpt lat="43.2180700" lon="5.4468640">
    <ele>218.4</ele>
    <time>2025-12-04T13:42:36Z</time>
   </trkpt>
   <trkpt lat="43.2180820" lon="5.4468680">
    <ele>218.2</ele>
    <time>2025-12-04T13:42:37Z</time>
   </trkpt>
   <trkpt lat="43.2180890" lon="5.4468700">
    <ele>218.2</ele>
    <time>2025-12-04T13:42:38Z</time>
   </trkpt>
   <trkpt lat="43.2180990" lon="5.4468720">
    <ele>218.1</ele>
    <time>2025-12-04T13:42:39Z</time>
   </trkpt>
   <trkpt lat="43.2181160" lon="5.4468770">
    <ele>217.9</ele>
    <time>2025-12-04T13:42:40Z</time>
   </trkpt>
   <trkpt lat="43.2181300" lon="5.4468890">
    <ele>217.8</ele>
    <time>2025-12-04T13:42:41Z</time>
   </trkpt>
   <trkpt lat="43.2181470" lon="5.4468940">
    <ele>217.6</ele>
    <time>2025-12-04T13:42:42Z</time>
   </trkpt>
   <trkpt lat="43.2181570" lon="5.4468950">
    <ele>217.6</ele>
    <time>2025-12-04T13:42:43Z</time>
   </trkpt>
   <trkpt lat="43.2181630" lon="5.4468970">
    <ele>217.5</ele>
    <time>2025-12-04T13:42:44Z</time>
   </trkpt>
   <trkpt lat="43.2181780" lon="5.4469020">
    <ele>217.4</ele>
    <time>2025-12-04T13:42:45Z</time>
   </trkpt>
   <trkpt lat="43.2181960" lon="5.4469130">
    <ele>217.2</ele>
    <time>2025-12-04T13:42:46Z</time>
   </trkpt>
   <trkpt lat="43.2182010" lon="5.4469170">
    <ele>217.1</ele>
    <time>2025-12-04T13:42:47Z</time>
   </trkpt>
   <trkpt lat="43.2182090" lon="5.4469160">
    <ele>217.1</ele>
    <time>2025-12-04T13:42:48Z</time>
   </trkpt>
   <trkpt lat="43.2182380" lon="5.4469280">
    <ele>216.8</ele>
    <time>2025-12-04T13:42:49Z</time>
   </trkpt>
   <trkpt lat="43.2182450" lon="5.4469290">
    <ele>216.8</ele>
    <time>2025-12-04T13:42:50Z</time>
   </trkpt>
   <trkpt lat="43.2182570" lon="5.4469330">
    <ele>216.6</ele>
    <time>2025-12-04T13:42:51Z</time>
   </trkpt>
   <trkpt lat="43.2182670" lon="5.4469370">
    <ele>216.6</ele>
    <time>2025-12-04T13:42:52Z</time>
   </trkpt>
   <trkpt lat="43.2182800" lon="5.4469350">
    <ele>216.5</ele>
    <time>2025-12-04T13:42:53Z</time>
   </trkpt>
   <trkpt lat="43.2183090" lon="5.4469520">
    <ele>216.3</ele>
    <time>2025-12-04T13:42:54Z</time>
   </trkpt>
   <trkpt lat="43.2183200" lon="5.4469600">
    <ele>216.3</ele>
    <time>2025-12-04T13:42:55Z</time>
   </trkpt>
   <trkpt lat="43.2183470" lon="5.4469790">
    <ele>216.1</ele>
    <time>2025-12-04T13:42:56Z</time>
   </trkpt>
   <trkpt lat="43.2183560" lon="5.4469840">
    <ele>216.1</ele>
    <time>2025-12-04T13:42:57Z</time>
   </trkpt>
   <trkpt lat="43.2183890" lon="5.4469740">
    <ele>216.0</ele>
    <time>2025-12-04T13:42:58Z</time>
   </trkpt>
   <trkpt lat="43.2183980" lon="5.4469700">
    <ele>216.0</ele>
    <time>2025-12-04T13:42:59Z</time>
   </trkpt>
   <trkpt lat="43.2184230" lon="5.4469920">
    <ele>215.9</ele>
    <time>2025-12-04T13:43:00Z</time>
   </trkpt>
   <trkpt lat="43.2184330" lon="5.4469930">
    <ele>215.9</ele>
    <time>2025-12-04T13:43:01Z</time>
   </trkpt>
   <trkpt lat="43.2184490" lon="5.4470030">
    <ele>215.9</ele>
    <time>2025-12-04T13:43:02Z</time>
   </trkpt>
   <trkpt lat="43.2184630" lon="5.4470140">
    <ele>215.9</ele>
    <time>2025-12-04T13:43:03Z</time>
   </trkpt>
   <trkpt lat="43.2184760" lon="5.4470280">
    <ele>215.9</ele>
    <time>2025-12-04T13:43:04Z</time>
   </trkpt>
   <trkpt lat="43.2184880" lon="5.4470440">
    <ele>215.9</ele>
    <time>2025-12-04T13:43:05Z</time>
   </trkpt>
   <trkpt lat="43.2185030" lon="5.4470510">
    <ele>215.9</ele>
    <time>2025-12-04T13:43:06Z</time>
   </trkpt>
   <trkpt lat="43.2185170" lon="5.4470560">
    <ele>215.9</ele>
    <time>2025-12-04T13:43:07Z</time>
   </trkpt>
   <trkpt lat="43.2185310" lon="5.4470640">
    <ele>216.0</ele>
    <time>2025-12-04T13:43:08Z</time>
   </trkpt>
   <trkpt lat="43.2185460" lon="5.4470670">
    <ele>216.0</ele>
    <time>2025-12-04T13:43:09Z</time>
   </trkpt>
   <trkpt lat="43.2185590" lon="5.4470700">
    <ele>216.0</ele>
    <time>2025-12-04T13:43:10Z</time>
   </trkpt>
   <trkpt lat="43.2185770" lon="5.4470710">
    <ele>216.0</ele>
    <time>2025-12-04T13:43:11Z</time>
   </trkpt>
   <trkpt lat="43.2185920" lon="5.4470730">
    <ele>216.0</ele>
    <time>2025-12-04T13:43:12Z</time>
   </trkpt>
   <trkpt lat="43.2186060" lon="5.4470780">
    <ele>216.0</ele>
    <time>2025-12-04T13:43:13Z</time>
   </trkpt>
   <trkpt lat="43.2186200" lon="5.4470790">
    <ele>216.0</ele>
    <time>2025-12-04T13:43:14Z</time>
   </trkpt>
   <trkpt lat="43.2186340" lon="5.4470690">
    <ele>216.1</ele>
    <time>2025-12-04T13:43:15Z</time>
   </trkpt>
   <trkpt lat="43.2186540" lon="5.4470550">
    <ele>216.1</ele>
    <time>2025-12-04T13:43:16Z</time>
   </trkpt>
   <trkpt lat="43.2186600" lon="5.4470450">
    <ele>216.0</ele>
    <time>2025-12-04T13:43:17Z</time>
   </trkpt>
   <trkpt lat="43.2186670" lon="5.4470350">
    <ele>216.0</ele>
    <time>2025-12-04T13:43:18Z</time>
   </trkpt>
   <trkpt lat="43.2186770" lon="5.4470180">
    <ele>215.9</ele>
    <time>2025-12-04T13:43:19Z</time>
   </trkpt>
   <trkpt lat="43.2186860" lon="5.4469980">
    <ele>215.9</ele>
    <time>2025-12-04T13:43:20Z</time>
   </trkpt>
   <trkpt lat="43.2186950" lon="5.4469830">
    <ele>215.8</ele>
    <time>2025-12-04T13:43:21Z</time>
   </trkpt>
   <trkpt lat="43.2187040" lon="5.4469670">
    <ele>215.8</ele>
    <time>2025-12-04T13:43:22Z</time>
   </trkpt>
   <trkpt lat="43.2187120" lon="5.4469480">
    <ele>215.7</ele>
    <time>2025-12-04T13:43:23Z</time>
   </trkpt>
   <trkpt lat="43.2187180" lon="5.4469280">
    <ele>215.6</ele>
    <time>2025-12-04T13:43:24Z</time>
   </trkpt>
   <trkpt lat="43.2187240" lon="5.4469090">
    <ele>215.6</ele>
    <time>2025-12-04T13:43:25Z</time>
   </trkpt>
   <trkpt lat="43.2187360" lon="5.4468960">
    <ele>215.5</ele>
    <time>2025-12-04T13:43:26Z</time>
   </trkpt>
   <trkpt lat="43.2187410" lon="5.4468780">
    <ele>215.4</ele>
    <time>2025-12-04T13:43:27Z</time>
   </trkpt>
   <trkpt lat="43.2187500" lon="5.4468610">
    <ele>215.3</ele>
    <time>2025-12-04T13:43:28Z</time>
   </trkpt>
   <trkpt lat="43.2187520" lon="5.4468410">
    <ele>215.3</ele>
    <time>2025-12-04T13:43:29Z</time>
   </trkpt>
   <trkpt lat="43.2187620" lon="5.4468240">
    <ele>215.2</ele>
    <time>2025-12-04T13:43:30Z</time>
   </trkpt>
   <trkpt lat="43.2187700" lon="5.4468060">
    <ele>215.1</ele>
    <time>2025-12-04T13:43:31Z</time>
   </trkpt>
   <trkpt lat="43.2187770" lon="5.4467880">
    <ele>215.0</ele>
    <time>2025-12-04T13:43:32Z</time>
   </trkpt>
   <trkpt lat="43.2187840" lon="5.4467680">
    <ele>214.9</ele>
    <time>2025-12-04T13:43:33Z</time>
   </trkpt>
   <trkpt lat="43.2187900" lon="5.4467510">
    <ele>214.7</ele>
    <time>2025-12-04T13:43:34Z</time>
   </trkpt>
   <trkpt lat="43.2187950" lon="5.4467320">
    <ele>214.6</ele>
    <time>2025-12-04T13:43:35Z</time>
   </trkpt>
   <trkpt lat="43.2187990" lon="5.4467110">
    <ele>214.4</ele>
    <time>2025-12-04T13:43:36Z</time>
   </trkpt>
   <trkpt lat="43.2188030" lon="5.4466910">
    <ele>214.3</ele>
    <time>2025-12-04T13:43:37Z</time>
   </trkpt>
   <trkpt lat="43.2188030" lon="5.4466690">
    <ele>214.1</ele>
    <time>2025-12-04T13:43:38Z</time>
   </trkpt>
   <trkpt lat="43.2188120" lon="5.4466390">
    <ele>213.9</ele>
    <time>2025-12-04T13:43:39Z</time>
   </trkpt>
   <trkpt lat="43.2188160" lon="5.4466290">
    <ele>213.8</ele>
    <time>2025-12-04T13:43:40Z</time>
   </trkpt>
   <trkpt lat="43.2188190" lon="5.4466180">
    <ele>213.7</ele>
    <time>2025-12-04T13:43:41Z</time>
   </trkpt>
   <trkpt lat="43.2188230" lon="5.4466100">
    <ele>213.7</ele>
    <time>2025-12-04T13:43:42Z</time>
   </trkpt>
   <trkpt lat="43.2188270" lon="5.4465960">
    <ele>213.5</ele>
    <time>2025-12-04T13:43:43Z</time>
   </trkpt>
   <trkpt lat="43.2188340" lon="5.4465850">
    <ele>213.4</ele>
    <time>2025-12-04T13:43:44Z</time>
   </trkpt>
   <trkpt lat="43.2188430" lon="5.4465720">
    <ele>213.3</ele>
    <time>2025-12-04T13:43:45Z</time>
   </trkpt>
   <trkpt lat="43.2188480" lon="5.4465600">
    <ele>213.2</ele>
    <time>2025-12-04T13:43:46Z</time>
   </trkpt>
   <trkpt lat="43.2188470" lon="5.4465430">
    <ele>213.1</ele>
    <time>2025-12-04T13:43:47Z</time>
   </trkpt>
   <trkpt lat="43.2188500" lon="5.4465320">
    <ele>213.0</ele>
    <time>2025-12-04T13:43:48Z</time>
   </trkpt>
   <trkpt lat="43.2188530" lon="5.4465170">
    <ele>212.9</ele>
    <time>2025-12-04T13:43:49Z</time>
   </trkpt>
   <trkpt lat="43.2188580" lon="5.4465010">
    <ele>212.8</ele>
    <time>2025-12-04T13:43:50Z</time>
   </trkpt>
   <trkpt lat="43.2188660" lon="5.4464760">
    <ele>212.6</ele>
    <time>2025-12-04T13:43:51Z</time>
   </trkpt>
   <trkpt lat="43.2188680" lon="5.4464650">
    <ele>212.6</ele>
    <time>2025-12-04T13:43:52Z</time>
   </trkpt>
   <trkpt lat="43.2188700" lon="5.4464530">
    <ele>212.5</ele>
    <time>2025-12-04T13:43:53Z</time>
   </trkpt>
   <trkpt lat="43.2188730" lon="5.4464250">
    <ele>212.3</ele>
    <time>2025-12-04T13:43:54Z</time>
   </trkpt>
   <trkpt lat="43.2188760" lon="5.4464140">
    <ele>212.3</ele>
    <time>2025-12-04T13:43:55Z</time>
   </trkpt>
   <trkpt lat="43.2188780" lon="5.4464030">
    <ele>212.2</ele>
    <time>2025-12-04T13:43:56Z</time>
   </trkpt>
   <trkpt lat="43.2188740" lon="5.4463840">
    <ele>212.1</ele>
    <time>2025-12-04T13:43:57Z</time>
   </trkpt>
   <trkpt lat="43.2188740" lon="5.4463650">
    <ele>212.0</ele>
    <time>2025-12-04T13:43:58Z</time>
   </trkpt>
   <trkpt lat="43.2188790" lon="5.4463390">
    <ele>211.9</ele>
    <time>2025-12-04T13:43:59Z</time>
   </trkpt>
   <trkpt lat="43.2188830" lon="5.4463280">
    <ele>211.8</ele>
    <time>2025-12-04T13:44:00Z</time>
   </trkpt>
   <trkpt lat="43.2188880" lon="5.4463160">
    <ele>211.7</ele>
    <time>2025-12-04T13:44:01Z</time>
   </trkpt>
   <trkpt lat="43.2189030" lon="5.4462840">
    <ele>211.5</ele>
    <time>2025-12-04T13:44:02Z</time>
   </trkpt>
   <trkpt lat="43.2189100" lon="5.4462710">
    <ele>211.4</ele>
    <time>2025-12-04T13:44:03Z</time>
   </trkpt>
   <trkpt lat="43.2189150" lon="5.4462540">
    <ele>211.3</ele>
    <time>2025-12-04T13:44:04Z</time>
   </trkpt>
   <trkpt lat="43.2189230" lon="5.4462340">
    <ele>211.2</ele>
    <time>2025-12-04T13:44:05Z</time>
   </trkpt>
   <trkpt lat="43.2189260" lon="5.4462130">
    <ele>211.1</ele>
    <time>2025-12-04T13:44:06Z</time>
   </trkpt>
   <trkpt lat="43.2189430" lon="5.4461980">
    <ele>211.0</ele>
    <time>2025-12-04T13:44:07Z</time>
   </trkpt>
   <trkpt lat="43.2189520" lon="5.4461800">
    <ele>210.9</ele>
    <time>2025-12-04T13:44:08Z</time>
   </trkpt>
   <trkpt lat="43.2189590" lon="5.4461600">
    <ele>210.7</ele>
    <time>2025-12-04T13:44:09Z</time>
   </trkpt>
   <trkpt lat="43.2189700" lon="5.4461440">
    <ele>210.6</ele>
    <time>2025-12-04T13:44:10Z</time>
   </trkpt>
   <trkpt lat="43.2189810" lon="5.4461290">
    <ele>210.5</ele>
    <time>2025-12-04T13:44:11Z</time>
   </trkpt>
   <trkpt lat="43.2189930" lon="5.4461180">
    <ele>210.4</ele>
    <time>2025-12-04T13:44:12Z</time>
   </trkpt>
   <trkpt lat="43.2190070" lon="5.4461090">
    <ele>210.3</ele>
    <time>2025-12-04T13:44:13Z</time>
   </trkpt>
   <trkpt lat="43.2190180" lon="5.4460970">
    <ele>210.2</ele>
    <time>2025-12-04T13:44:14Z</time>
   </trkpt>
   <trkpt lat="43.2190310" lon="5.4460820">
    <ele>210.1</ele>
    <time>2025-12-04T13:44:15Z</time>
   </trkpt>
   <trkpt lat="43.2190450" lon="5.4460730">
    <ele>210.0</ele>
    <time>2025-12-04T13:44:16Z</time>
   </trkpt>
   <trkpt lat="43.2190610" lon="5.4460650">
    <ele>209.9</ele>
    <time>2025-12-04T13:44:17Z</time>
   </trkpt>
   <trkpt lat="43.2190730" lon="5.4460510">
    <ele>209.8</ele>
    <time>2025-12-04T13:44:18Z</time>
   </trkpt>
   <trkpt lat="43.2190820" lon="5.4460310">
    <ele>209.7</ele>
    <time>2025-12-04T13:44:19Z</time>
   </trkpt>
   <trkpt lat="43.2190950" lon="5.4460210">
    <ele>209.6</ele>
    <time>2025-12-04T13:44:20Z</time>
   </trkpt>
   <trkpt lat="43.2191020" lon="5.4460010">
    <ele>209.5</ele>
    <time>2025-12-04T13:44:21Z</time>
   </trkpt>
   <trkpt lat="43.2191110" lon="5.4459830">
    <ele>209.4</ele>
    <time>2025-12-04T13:44:22Z</time>
   </trkpt>
   <trkpt lat="43.2191220" lon="5.4459690">
    <ele>209.3</ele>
    <time>2025-12-04T13:44:23Z</time>
   </trkpt>
   <trkpt lat="43.2191270" lon="5.4459490">
    <ele>209.2</ele>
    <time>2025-12-04T13:44:24Z</time>
   </trkpt>
   <trkpt lat="43.2191360" lon="5.4459340">
    <ele>209.1</ele>
    <time>2025-12-04T13:44:25Z</time>
   </trkpt>
   <trkpt lat="43.2191420" lon="5.4459120">
    <ele>209.0</ele>
    <time>2025-12-04T13:44:26Z</time>
   </trkpt>
   <trkpt lat="43.2191500" lon="5.4458940">
    <ele>208.9</ele>
    <time>2025-12-04T13:44:27Z</time>
   </trkpt>
   <trkpt lat="43.2191560" lon="5.4458750">
    <ele>208.8</ele>
    <time>2025-12-04T13:44:28Z</time>
   </trkpt>
   <trkpt lat="43.2191570" lon="5.4458520">
    <ele>208.7</ele>
    <time>2025-12-04T13:44:29Z</time>
   </trkpt>
   <trkpt lat="43.2191660" lon="5.4458360">
    <ele>208.6</ele>
    <time>2025-12-04T13:44:30Z</time>
   </trkpt>
   <trkpt lat="43.2191730" lon="5.4458190">
    <ele>208.5</ele>
    <time>2025-12-04T13:44:31Z</time>
   </trkpt>
   <trkpt lat="43.2191800" lon="5.4458010">
    <ele>208.4</ele>
    <time>2025-12-04T13:44:32Z</time>
   </trkpt>
   <trkpt lat="43.2191870" lon="5.4457830">
    <ele>208.3</ele>
    <time>2025-12-04T13:44:33Z</time>
   </trkpt>
   <trkpt lat="43.2191930" lon="5.4457640">
    <ele>208.2</ele>
    <time>2025-12-04T13:44:34Z</time>
   </trkpt>
   <trkpt lat="43.2192050" lon="5.4457490">
    <ele>208.1</ele>
    <time>2025-12-04T13:44:35Z</time>
   </trkpt>
   <trkpt lat="43.2192090" lon="5.4457290">
    <ele>207.9</ele>
    <time>2025-12-04T13:44:36Z</time>
   </trkpt>
   <trkpt lat="43.2192180" lon="5.4457140">
    <ele>207.8</ele>
    <time>2025-12-04T13:44:37Z</time>
   </trkpt>
   <trkpt lat="43.2192300" lon="5.4457000">
    <ele>207.7</ele>
    <time>2025-12-04T13:44:38Z</time>
   </trkpt>
   <trkpt lat="43.2192400" lon="5.4456900">
    <ele>207.6</ele>
    <time>2025-12-04T13:44:39Z</time>
   </trkpt>
   <trkpt lat="43.2192490" lon="5.4456720">
    <ele>207.5</ele>
    <time>2025-12-04T13:44:40Z</time>
   </trkpt>
   <trkpt lat="43.2192550" lon="5.4456550">
    <ele>207.3</ele>
    <time>2025-12-04T13:44:41Z</time>
   </trkpt>
   <trkpt lat="43.2192580" lon="5.4456350">
    <ele>207.2</ele>
    <time>2025-12-04T13:44:42Z</time>
   </trkpt>
   <trkpt lat="43.2192670" lon="5.4456200">
    <ele>207.1</ele>
    <time>2025-12-04T13:44:43Z</time>
   </trkpt>
   <trkpt lat="43.2192780" lon="5.4456070">
    <ele>206.9</ele>
    <time>2025-12-04T13:44:44Z</time>
   </trkpt>
   <trkpt lat="43.2192910" lon="5.4455970">
    <ele>206.8</ele>
    <time>2025-12-04T13:44:45Z</time>
   </trkpt>
   <trkpt lat="43.2192960" lon="5.4455820">
    <ele>206.7</ele>
    <time>2025-12-04T13:44:46Z</time>
   </trkpt>
   <trkpt lat="43.2193070" lon="5.4455710">
    <ele>206.6</ele>
    <time>2025-12-04T13:44:47Z</time>
   </trkpt>
   <trkpt lat="43.2193130" lon="5.4455580">
    <ele>206.5</ele>
    <time>2025-12-04T13:44:48Z</time>
   </trkpt>
   <trkpt lat="43.2193190" lon="5.4455510">
    <ele>206.5</ele>
    <time>2025-12-04T13:44:49Z</time>
   </trkpt>
   <trkpt lat="43.2193240" lon="5.4455440">
    <ele>206.5</ele>
    <time>2025-12-04T13:44:50Z</time>
   </trkpt>
   <trkpt lat="43.2193310" lon="5.4455380">
    <ele>206.5</ele>
    <time>2025-12-04T13:44:51Z</time>
   </trkpt>
   <trkpt lat="43.2193370" lon="5.4455270">
    <ele>206.5</ele>
    <time>2025-12-04T13:44:52Z</time>
   </trkpt>
   <trkpt lat="43.2193440" lon="5.4455220">
    <ele>206.5</ele>
    <time>2025-12-04T13:44:53Z</time>
   </trkpt>
   <trkpt lat="43.2193470" lon="5.4455110">
    <ele>206.5</ele>
    <time>2025-12-04T13:44:54Z</time>
   </trkpt>
   <trkpt lat="43.2193530" lon="5.4455050">
    <ele>206.5</ele>
    <time>2025-12-04T13:44:55Z</time>
   </trkpt>
   <trkpt lat="43.2193540" lon="5.4454970">
    <ele>206.5</ele>
    <time>2025-12-04T13:44:56Z</time>
   </trkpt>
   <trkpt lat="43.2193610" lon="5.4454720">
    <ele>206.5</ele>
    <time>2025-12-04T13:44:57Z</time>
   </trkpt>
   <trkpt lat="43.2193680" lon="5.4454600">
    <ele>206.5</ele>
    <time>2025-12-04T13:44:58Z</time>
   </trkpt>
   <trkpt lat="43.2193740" lon="5.4454480">
    <ele>206.5</ele>
    <time>2025-12-04T13:44:59Z</time>
   </trkpt>
   <trkpt lat="43.2193820" lon="5.4454420">
    <ele>206.5</ele>
    <time>2025-12-04T13:45:00Z</time>
   </trkpt>
   <trkpt lat="43.2193840" lon="5.4454390">
    <ele>206.5</ele>
    <time>2025-12-04T13:45:01Z</time>
   </trkpt>
   <trkpt lat="43.2193890" lon="5.4454260">
    <ele>206.5</ele>
    <time>2025-12-04T13:45:02Z</time>
   </trkpt>
   <trkpt lat="43.2193950" lon="5.4454140">
    <ele>206.5</ele>
    <time>2025-12-04T13:45:03Z</time>
   </trkpt>
   <trkpt lat="43.2194090" lon="5.4454090">
    <ele>206.6</ele>
    <time>2025-12-04T13:45:04Z</time>
   </trkpt>
   <trkpt lat="43.2194180" lon="5.4454020">
    <ele>206.6</ele>
    <time>2025-12-04T13:45:05Z</time>
   </trkpt>
   <trkpt lat="43.2194290" lon="5.4454000">
    <ele>206.6</ele>
    <time>2025-12-04T13:45:06Z</time>
   </trkpt>
   <trkpt lat="43.2194340" lon="5.4453930">
    <ele>206.6</ele>
    <time>2025-12-04T13:45:07Z</time>
   </trkpt>
   <trkpt lat="43.2194400" lon="5.4453840">
    <ele>206.6</ele>
    <time>2025-12-04T13:45:08Z</time>
   </trkpt>
   <trkpt lat="43.2194420" lon="5.4453760">
    <ele>206.7</ele>
    <time>2025-12-04T13:45:09Z</time>
   </trkpt>
   <trkpt lat="43.2194460" lon="5.4453660">
    <ele>206.7</ele>
    <time>2025-12-04T13:45:10Z</time>
   </trkpt>
   <trkpt lat="43.2194500" lon="5.4453580">
    <ele>206.7</ele>
    <time>2025-12-04T13:45:11Z</time>
   </trkpt>
   <trkpt lat="43.2194590" lon="5.4453540">
    <ele>206.7</ele>
    <time>2025-12-04T13:45:12Z</time>
   </trkpt>
   <trkpt lat="43.2194700" lon="5.4453450">
    <ele>206.8</ele>
    <time>2025-12-04T13:45:13Z</time>
   </trkpt>
   <trkpt lat="43.2194850" lon="5.4453250">
    <ele>206.8</ele>
    <time>2025-12-04T13:45:14Z</time>
   </trkpt>
   <trkpt lat="43.2194900" lon="5.4453170">
    <ele>206.8</ele>
    <time>2025-12-04T13:45:15Z</time>
   </trkpt>
   <trkpt lat="43.2194960" lon="5.4453080">
    <ele>206.9</ele>
    <time>2025-12-04T13:45:16Z</time>
   </trkpt>
   <trkpt lat="43.2195050" lon="5.4452950">
    <ele>206.9</ele>
    <time>2025-12-04T13:45:17Z</time>
   </trkpt>
   <trkpt lat="43.2195140" lon="5.4452900">
    <ele>206.9</ele>
    <time>2025-12-04T13:45:18Z</time>
   </trkpt>
   <trkpt lat="43.2195200" lon="5.4452780">
    <ele>207.0</ele>
    <time>2025-12-04T13:45:19Z</time>
   </trkpt>
   <trkpt lat="43.2195240" lon="5.4452670">
    <ele>207.0</ele>
    <time>2025-12-04T13:45:20Z</time>
   </trkpt>
   <trkpt lat="43.2195290" lon="5.4452540">
    <ele>207.0</ele>
    <time>2025-12-04T13:45:21Z</time>
   </trkpt>
   <trkpt lat="43.2195350" lon="5.4452450">
    <ele>207.1</ele>
    <time>2025-12-04T13:45:22Z</time>
   </trkpt>
   <trkpt lat="43.2195480" lon="5.4452200">
    <ele>207.1</ele>
    <time>2025-12-04T13:45:23Z</time>
   </trkpt>
   <trkpt lat="43.2195550" lon="5.4452080">
    <ele>207.1</ele>
    <time>2025-12-04T13:45:24Z</time>
   </trkpt>
   <trkpt lat="43.2195620" lon="5.4451950">
    <ele>207.2</ele>
    <time>2025-12-04T13:45:25Z</time>
   </trkpt>
   <trkpt lat="43.2195800" lon="5.4451770">
    <ele>207.2</ele>
    <time>2025-12-04T13:45:26Z</time>
   </trkpt>
   <trkpt lat="43.2195870" lon="5.4451790">
    <ele>207.2</ele>
    <time>2025-12-04T13:45:27Z</time>
   </trkpt>
   <trkpt lat="43.2196030" lon="5.4451580">
    <ele>207.3</ele>
    <time>2025-12-04T13:45:28Z</time>
   </trkpt>
   <trkpt lat="43.2196100" lon="5.4451500">
    <ele>207.3</ele>
    <time>2025-12-04T13:45:29Z</time>
   </trkpt>
   <trkpt lat="43.2196160" lon="5.4451420">
    <ele>207.3</ele>
    <time>2025-12-04T13:45:30Z</time>
   </trkpt>
   <trkpt lat="43.2196260" lon="5.4451360">
    <ele>207.3</ele>
    <time>2025-12-04T13:45:31Z</time>
   </trkpt>
   <trkpt lat="43.2196340" lon="5.4451300">
    <ele>207.4</ele>
    <time>2025-12-04T13:45:32Z</time>
   </trkpt>
   <trkpt lat="43.2196420" lon="5.4451180">
    <ele>207.4</ele>
    <time>2025-12-04T13:45:33Z</time>
   </trkpt>
   <trkpt lat="43.2196560" lon="5.4451030">
    <ele>207.4</ele>
    <time>2025-12-04T13:45:34Z</time>
   </trkpt>
   <trkpt lat="43.2196640" lon="5.4450940">
    <ele>207.4</ele>
    <time>2025-12-04T13:45:35Z</time>
   </trkpt>
   <trkpt lat="43.2196710" lon="5.4450860">
    <ele>207.5</ele>
    <time>2025-12-04T13:45:36Z</time>
   </trkpt>
   <trkpt lat="43.2196830" lon="5.4450750">
    <ele>207.5</ele>
    <time>2025-12-04T13:45:37Z</time>
   </trkpt>
   <trkpt lat="43.2196940" lon="5.4450640">
    <ele>207.5</ele>
    <time>2025-12-04T13:45:38Z</time>
   </trkpt>
   <trkpt lat="43.2197040" lon="5.4450560">
    <ele>207.5</ele>
    <time>2025-12-04T13:45:39Z</time>
   </trkpt>
   <trkpt lat="43.2197120" lon="5.4450430">
    <ele>207.5</ele>
    <time>2025-12-04T13:45:40Z</time>
   </trkpt>
   <trkpt lat="43.2197200" lon="5.4450330">
    <ele>207.5</ele>
    <time>2025-12-04T13:45:41Z</time>
   </trkpt>
   <trkpt lat="43.2197390" lon="5.4450180">
    <ele>207.6</ele>
    <time>2025-12-04T13:45:42Z</time>
   </trkpt>
   <trkpt lat="43.2197460" lon="5.4450110">
    <ele>207.6</ele>
    <time>2025-12-04T13:45:43Z</time>
   </trkpt>
   <trkpt lat="43.2197530" lon="5.4450040">
    <ele>207.6</ele>
    <time>2025-12-04T13:45:44Z</time>
   </trkpt>
   <trkpt lat="43.2197680" lon="5.4449880">
    <ele>207.6</ele>
    <time>2025-12-04T13:45:45Z</time>
   </trkpt>
   <trkpt lat="43.2197750" lon="5.4449800">
    <ele>207.6</ele>
    <time>2025-12-04T13:45:46Z</time>
   </trkpt>
   <trkpt lat="43.2197810" lon="5.4449720">
    <ele>207.6</ele>
    <time>2025-12-04T13:45:47Z</time>
   </trkpt>
   <trkpt lat="43.2197870" lon="5.4449650">
    <ele>207.6</ele>
    <time>2025-12-04T13:45:48Z</time>
   </trkpt>
   <trkpt lat="43.2197990" lon="5.4449440">
    <ele>207.6</ele>
    <time>2025-12-04T13:45:49Z</time>
   </trkpt>
   <trkpt lat="43.2198150" lon="5.4449260">
    <ele>207.6</ele>
    <time>2025-12-04T13:45:50Z</time>
   </trkpt>
   <trkpt lat="43.2198230" lon="5.4449210">
    <ele>207.6</ele>
    <time>2025-12-04T13:45:51Z</time>
   </trkpt>
   <trkpt lat="43.2198300" lon="5.4449150">
    <ele>207.6</ele>
    <time>2025-12-04T13:45:52Z</time>
   </trkpt>
   <trkpt lat="43.2198430" lon="5.4448970">
    <ele>207.7</ele>
    <time>2025-12-04T13:45:53Z</time>
   </trkpt>
   <trkpt lat="43.2198540" lon="5.4448830">
    <ele>207.7</ele>
    <time>2025-12-04T13:45:54Z</time>
   </trkpt>
   <trkpt lat="43.2198620" lon="5.4448710">
    <ele>207.7</ele>
    <time>2025-12-04T13:45:55Z</time>
   </trkpt>
   <trkpt lat="43.2198720" lon="5.4448610">
    <ele>207.7</ele>
    <time>2025-12-04T13:45:56Z</time>
   </trkpt>
   <trkpt lat="43.2198780" lon="5.4448540">
    <ele>207.7</ele>
    <time>2025-12-04T13:45:57Z</time>
   </trkpt>
   <trkpt lat="43.2198960" lon="5.4448380">
    <ele>207.7</ele>
    <time>2025-12-04T13:45:58Z</time>
   </trkpt>
   <trkpt lat="43.2199040" lon="5.4448300">
    <ele>207.7</ele>
    <time>2025-12-04T13:45:59Z</time>
   </trkpt>
   <trkpt lat="43.2199120" lon="5.4448210">
    <ele>207.7</ele>
    <time>2025-12-04T13:46:00Z</time>
   </trkpt>
   <trkpt lat="43.2199240" lon="5.4448080">
    <ele>207.7</ele>
    <time>2025-12-04T13:46:01Z</time>
   </trkpt>
   <trkpt lat="43.2199380" lon="5.4447910">
    <ele>207.7</ele>
    <time>2025-12-04T13:46:02Z</time>
   </trkpt>
   <trkpt lat="43.2199560" lon="5.4447870">
    <ele>207.7</ele>
    <time>2025-12-04T13:46:03Z</time>
   </trkpt>
   <trkpt lat="43.2199710" lon="5.4447820">
    <ele>207.8</ele>
    <time>2025-12-04T13:46:04Z</time>
   </trkpt>
   <trkpt lat="43.2199990" lon="5.4447650">
    <ele>207.8</ele>
    <time>2025-12-04T13:46:05Z</time>
   </trkpt>
   <trkpt lat="43.2200070" lon="5.4447590">
    <ele>207.8</ele>
    <time>2025-12-04T13:46:06Z</time>
   </trkpt>
   <trkpt lat="43.2200160" lon="5.4447560">
    <ele>207.8</ele>
    <time>2025-12-04T13:46:07Z</time>
   </trkpt>
   <trkpt lat="43.2200230" lon="5.4447500">
    <ele>207.8</ele>
    <time>2025-12-04T13:46:08Z</time>
   </trkpt>
   <trkpt lat="43.2200350" lon="5.4447430">
    <ele>207.9</ele>
    <time>2025-12-04T13:46:09Z</time>
   </trkpt>
   <trkpt lat="43.2200500" lon="5.4447310">
    <ele>207.9</ele>
    <time>2025-12-04T13:46:10Z</time>
   </trkpt>
   <trkpt lat="43.2200640" lon="5.4447250">
    <ele>207.9</ele>
    <time>2025-12-04T13:46:11Z</time>
   </trkpt>
   <trkpt lat="43.2200710" lon="5.4447110">
    <ele>207.9</ele>
    <time>2025-12-04T13:46:12Z</time>
   </trkpt>
   <trkpt lat="43.2200800" lon="5.4447060">
    <ele>208.0</ele>
    <time>2025-12-04T13:46:13Z</time>
   </trkpt>
   <trkpt lat="43.2200860" lon="5.4446930">
    <ele>208.0</ele>
    <time>2025-12-04T13:46:14Z</time>
   </trkpt>
   <trkpt lat="43.2200950" lon="5.4446900">
    <ele>208.0</ele>
    <time>2025-12-04T13:46:15Z</time>
   </trkpt>
   <trkpt lat="43.2201070" lon="5.4446810">
    <ele>208.0</ele>
    <time>2025-12-04T13:46:16Z</time>
   </trkpt>
   <trkpt lat="43.2201190" lon="5.4446730">
    <ele>208.1</ele>
    <time>2025-12-04T13:46:17Z</time>
   </trkpt>
   <trkpt lat="43.2201330" lon="5.4446610">
    <ele>208.1</ele>
    <time>2025-12-04T13:46:18Z</time>
   </trkpt>
   <trkpt lat="43.2201440" lon="5.4446540">
    <ele>208.1</ele>
    <time>2025-12-04T13:46:19Z</time>
   </trkpt>
   <trkpt lat="43.2201610" lon="5.4446360">
    <ele>208.2</ele>
    <time>2025-12-04T13:46:20Z</time>
   </trkpt>
   <trkpt lat="43.2201700" lon="5.4446240">
    <ele>208.2</ele>
    <time>2025-12-04T13:46:21Z</time>
   </trkpt>
   <trkpt lat="43.2201790" lon="5.4446160">
    <ele>208.2</ele>
    <time>2025-12-04T13:46:22Z</time>
   </trkpt>
   <trkpt lat="43.2201880" lon="5.4446100">
    <ele>208.2</ele>
    <time>2025-12-04T13:46:23Z</time>
   </trkpt>
   <trkpt lat="43.2201980" lon="5.4446050">
    <ele>208.3</ele>
    <time>2025-12-04T13:46:24Z</time>
   </trkpt>
   <trkpt lat="43.2202120" lon="5.4445950">
    <ele>208.3</ele>
    <time>2025-12-04T13:46:25Z</time>
   </trkpt>
   <trkpt lat="43.2202250" lon="5.4445850">
    <ele>208.3</ele>
    <time>2025-12-04T13:46:26Z</time>
   </trkpt>
   <trkpt lat="43.2202360" lon="5.4445750">
    <ele>208.4</ele>
    <time>2025-12-04T13:46:27Z</time>
   </trkpt>
   <trkpt lat="43.2202480" lon="5.4445640">
    <ele>208.4</ele>
    <time>2025-12-04T13:46:28Z</time>
   </trkpt>
   <trkpt lat="43.2202550" lon="5.4445640">
    <ele>208.4</ele>
    <time>2025-12-04T13:46:29Z</time>
   </trkpt>
   <trkpt lat="43.2202630" lon="5.4445540">
    <ele>208.4</ele>
    <time>2025-12-04T13:46:30Z</time>
   </trkpt>
   <trkpt lat="43.2202700" lon="5.4445460">
    <ele>208.5</ele>
    <time>2025-12-04T13:46:31Z</time>
   </trkpt>
   <trkpt lat="43.2202760" lon="5.4445430">
    <ele>208.5</ele>
    <time>2025-12-04T13:46:32Z</time>
   </trkpt>
   <trkpt lat="43.2202860" lon="5.4445330">
    <ele>208.5</ele>
    <time>2025-12-04T13:46:33Z</time>
   </trkpt>
   <trkpt lat="43.2202910" lon="5.4445270">
    <ele>208.5</ele>
    <time>2025-12-04T13:46:34Z</time>
   </trkpt>
   <trkpt lat="43.2203040" lon="5.4445130">
    <ele>208.6</ele>
    <time>2025-12-04T13:46:35Z</time>
   </trkpt>
   <trkpt lat="43.2203110" lon="5.4445020">
    <ele>208.6</ele>
    <time>2025-12-04T13:46:36Z</time>
   </trkpt>
   <trkpt lat="43.2203220" lon="5.4444910">
    <ele>208.6</ele>
    <time>2025-12-04T13:46:37Z</time>
   </trkpt>
   <trkpt lat="43.2203300" lon="5.4444840">
    <ele>208.7</ele>
    <time>2025-12-04T13:46:38Z</time>
   </trkpt>
   <trkpt lat="43.2203410" lon="5.4444690">
    <ele>208.7</ele>
    <time>2025-12-04T13:46:39Z</time>
   </trkpt>
   <trkpt lat="43.2203510" lon="5.4444600">
    <ele>208.7</ele>
    <time>2025-12-04T13:46:40Z</time>
   </trkpt>
   <trkpt lat="43.2203600" lon="5.4444500">
    <ele>208.7</ele>
    <time>2025-12-04T13:46:41Z</time>
   </trkpt>
   <trkpt lat="43.2203720" lon="5.4444380">
    <ele>208.8</ele>
    <time>2025-12-04T13:46:42Z</time>
   </trkpt>
   <trkpt lat="43.2203820" lon="5.4444200">
    <ele>208.8</ele>
    <time>2025-12-04T13:46:43Z</time>
   </trkpt>
   <trkpt lat="43.2203950" lon="5.4444100">
    <ele>208.9</ele>
    <time>2025-12-04T13:46:44Z</time>
   </trkpt>
   <trkpt lat="43.2204070" lon="5.4443980">
    <ele>208.9</ele>
    <time>2025-12-04T13:46:45Z</time>
   </trkpt>
   <trkpt lat="43.2204230" lon="5.4443790">
    <ele>209.0</ele>
    <time>2025-12-04T13:46:46Z</time>
   </trkpt>
   <trkpt lat="43.2204330" lon="5.4443680">
    <ele>209.0</ele>
    <time>2025-12-04T13:46:47Z</time>
   </trkpt>
   <trkpt lat="43.2204540" lon="5.4443490">
    <ele>209.1</ele>
    <time>2025-12-04T13:46:48Z</time>
   </trkpt>
   <trkpt lat="43.2204610" lon="5.4443440">
    <ele>209.2</ele>
    <time>2025-12-04T13:46:49Z</time>
   </trkpt>
   <trkpt lat="43.2204680" lon="5.4443390">
    <ele>209.2</ele>
    <time>2025-12-04T13:46:50Z</time>
   </trkpt>
   <trkpt lat="43.2204790" lon="5.4443320">
    <ele>209.2</ele>
    <time>2025-12-04T13:46:51Z</time>
   </trkpt>
   <trkpt lat="43.2204850" lon="5.4443200">
    <ele>209.3</ele>
    <time>2025-12-04T13:46:52Z</time>
   </trkpt>
   <trkpt lat="43.2204920" lon="5.4443120">
    <ele>209.3</ele>
    <time>2025-12-04T13:46:53Z</time>
   </trkpt>
   <trkpt lat="43.2205110" lon="5.4442900">
    <ele>209.4</ele>
    <time>2025-12-04T13:46:54Z</time>
   </trkpt>
   <trkpt lat="43.2205140" lon="5.4442810">
    <ele>209.4</ele>
    <time>2025-12-04T13:46:55Z</time>
   </trkpt>
   <trkpt lat="43.2205340" lon="5.4442700">
    <ele>209.5</ele>
    <time>2025-12-04T13:46:56Z</time>
   </trkpt>
   <trkpt lat="43.2205420" lon="5.4442680">
    <ele>209.5</ele>
    <time>2025-12-04T13:46:57Z</time>
   </trkpt>
   <trkpt lat="43.2205510" lon="5.4442650">
    <ele>209.6</ele>
    <time>2025-12-04T13:46:58Z</time>
   </trkpt>
   <trkpt lat="43.2205590" lon="5.4442490">
    <ele>209.6</ele>
    <time>2025-12-04T13:46:59Z</time>
   </trkpt>
   <trkpt lat="43.2205740" lon="5.4442400">
    <ele>209.7</ele>
    <time>2025-12-04T13:47:00Z</time>
   </trkpt>
   <trkpt lat="43.2205810" lon="5.4442330">
    <ele>209.7</ele>
    <time>2025-12-04T13:47:01Z</time>
   </trkpt>
   <trkpt lat="43.2205830" lon="5.4442190">
    <ele>209.8</ele>
    <time>2025-12-04T13:47:02Z</time>
   </trkpt>
   <trkpt lat="43.2205930" lon="5.4442080">
    <ele>209.8</ele>
    <time>2025-12-04T13:47:03Z</time>
   </trkpt>
   <trkpt lat="43.2206010" lon="5.4441980">
    <ele>209.8</ele>
    <time>2025-12-04T13:47:04Z</time>
   </trkpt>
   <trkpt lat="43.2206150" lon="5.4441870">
    <ele>209.9</ele>
    <time>2025-12-04T13:47:05Z</time>
   </trkpt>
   <trkpt lat="43.2206220" lon="5.4441790">
    <ele>209.9</ele>
    <time>2025-12-04T13:47:06Z</time>
   </trkpt>
   <trkpt lat="43.2206310" lon="5.4441730">
    <ele>210.0</ele>
    <time>2025-12-04T13:47:07Z</time>
   </trkpt>
   <trkpt lat="43.2206460" lon="5.4441620">
    <ele>210.0</ele>
    <time>2025-12-04T13:47:08Z</time>
   </trkpt>
   <trkpt lat="43.2206460" lon="5.4441600">
    <ele>210.0</ele>
    <time>2025-12-04T13:47:09Z</time>
   </trkpt>
   <trkpt lat="43.2206540" lon="5.4441540">
    <ele>210.0</ele>
    <time>2025-12-04T13:47:10Z</time>
   </trkpt>
   <trkpt lat="43.2206590" lon="5.4441460">
    <ele>210.0</ele>
    <time>2025-12-04T13:47:11Z</time>
   </trkpt>
   <trkpt lat="43.2206700" lon="5.4441360">
    <ele>210.1</ele>
    <time>2025-12-04T13:47:12Z</time>
   </trkpt>
   <trkpt lat="43.2206900" lon="5.4441200">
    <ele>210.1</ele>
    <time>2025-12-04T13:47:13Z</time>
   </trkpt>
   <trkpt lat="43.2206970" lon="5.4441110">
    <ele>210.2</ele>
    <time>2025-12-04T13:47:14Z</time>
   </trkpt>
   <trkpt lat="43.2207040" lon="5.4441030">
    <ele>210.2</ele>
    <time>2025-12-04T13:47:15Z</time>
   </trkpt>
   <trkpt lat="43.2207240" lon="5.4440910">
    <ele>210.2</ele>
    <time>2025-12-04T13:47:16Z</time>
   </trkpt>
   <trkpt lat="43.2207330" lon="5.4440840">
    <ele>210.2</ele>
    <time>2025-12-04T13:47:17Z</time>
   </trkpt>
   <trkpt lat="43.2207410" lon="5.4440760">
    <ele>210.3</ele>
    <time>2025-12-04T13:47:18Z</time>
   </trkpt>
   <trkpt lat="43.2207520" lon="5.4440700">
    <ele>210.3</ele>
    <time>2025-12-04T13:47:19Z</time>
   </trkpt>
   <trkpt lat="43.2207620" lon="5.4440610">
    <ele>210.3</ele>
    <time>2025-12-04T13:47:20Z</time>
   </trkpt>
   <trkpt lat="43.2207710" lon="5.4440530">
    <ele>210.3</ele>
    <time>2025-12-04T13:47:21Z</time>
   </trkpt>
   <trkpt lat="43.2207800" lon="5.4440380">
    <ele>210.3</ele>
    <time>2025-12-04T13:47:22Z</time>
   </trkpt>
   <trkpt lat="43.2207910" lon="5.4440240">
    <ele>210.4</ele>
    <time>2025-12-04T13:47:23Z</time>
   </trkpt>
   <trkpt lat="43.2208050" lon="5.4440050">
    <ele>210.4</ele>
    <time>2025-12-04T13:47:24Z</time>
   </trkpt>
   <trkpt lat="43.2208120" lon="5.4439940">
    <ele>210.4</ele>
    <time>2025-12-04T13:47:25Z</time>
   </trkpt>
   <trkpt lat="43.2208180" lon="5.4439840">
    <ele>210.4</ele>
    <time>2025-12-04T13:47:26Z</time>
   </trkpt>
   <trkpt lat="43.2208240" lon="5.4439730">
    <ele>210.4</ele>
    <time>2025-12-04T13:47:27Z</time>
   </trkpt>
   <trkpt lat="43.2208320" lon="5.4439600">
    <ele>210.4</ele>
    <time>2025-12-04T13:47:28Z</time>
   </trkpt>
   <trkpt lat="43.2208420" lon="5.4439440">
    <ele>210.4</ele>
    <time>2025-12-04T13:47:29Z</time>
   </trkpt>
   <trkpt lat="43.2208550" lon="5.4439220">
    <ele>210.4</ele>
    <time>2025-12-04T13:47:30Z</time>
   </trkpt>
   <trkpt lat="43.2208630" lon="5.4439110">
    <ele>210.4</ele>
    <time>2025-12-04T13:47:31Z</time>
   </trkpt>
   <trkpt lat="43.2208710" lon="5.4439010">
    <ele>210.4</ele>
    <time>2025-12-04T13:47:32Z</time>
   </trkpt>
   <trkpt lat="43.2208840" lon="5.4438880">
    <ele>210.4</ele>
    <time>2025-12-04T13:47:33Z</time>
   </trkpt>
   <trkpt lat="43.2209000" lon="5.4438730">
    <ele>210.3</ele>
    <time>2025-12-04T13:47:34Z</time>
   </trkpt>
   <trkpt lat="43.2209020" lon="5.4438750">
    <ele>210.3</ele>
    <time>2025-12-04T13:47:35Z</time>
   </trkpt>
   <trkpt lat="43.2209100" lon="5.4438660">
    <ele>210.3</ele>
    <time>2025-12-04T13:47:36Z</time>
   </trkpt>
   <trkpt lat="43.2209210" lon="5.4438570">
    <ele>210.3</ele>
    <time>2025-12-04T13:47:37Z</time>
   </trkpt>
   <trkpt lat="43.2209310" lon="5.4438530">
    <ele>210.3</ele>
    <time>2025-12-04T13:47:38Z</time>
   </trkpt>
   <trkpt lat="43.2209420" lon="5.4438390">
    <ele>210.3</ele>
    <time>2025-12-04T13:47:39Z</time>
   </trkpt>
   <trkpt lat="43.2209560" lon="5.4438320">
    <ele>210.3</ele>
    <time>2025-12-04T13:47:40Z</time>
   </trkpt>
   <trkpt lat="43.2209670" lon="5.4438200">
    <ele>210.2</ele>
    <time>2025-12-04T13:47:41Z</time>
   </trkpt>
   <trkpt lat="43.2209820" lon="5.4438060">
    <ele>210.2</ele>
    <time>2025-12-04T13:47:42Z</time>
   </trkpt>
   <trkpt lat="43.2209900" lon="5.4438000">
    <ele>210.2</ele>
    <time>2025-12-04T13:47:43Z</time>
   </trkpt>
   <trkpt lat="43.2210050" lon="5.4437950">
    <ele>210.2</ele>
    <time>2025-12-04T13:47:44Z</time>
   </trkpt>
   <trkpt lat="43.2210090" lon="5.4437920">
    <ele>210.1</ele>
    <time>2025-12-04T13:47:45Z</time>
   </trkpt>
   <trkpt lat="43.2210170" lon="5.4437840">
    <ele>210.1</ele>
    <time>2025-12-04T13:47:46Z</time>
   </trkpt>
   <trkpt lat="43.2210350" lon="5.4437750">
    <ele>210.1</ele>
    <time>2025-12-04T13:47:47Z</time>
   </trkpt>
   <trkpt lat="43.2210480" lon="5.4437700">
    <ele>210.1</ele>
    <time>2025-12-04T13:47:48Z</time>
   </trkpt>
   <trkpt lat="43.2210660" lon="5.4437520">
    <ele>210.0</ele>
    <time>2025-12-04T13:47:49Z</time>
   </trkpt>
   <trkpt lat="43.2210640" lon="5.4437570">
    <ele>210.0</ele>
    <time>2025-12-04T13:47:50Z</time>
   </trkpt>
   <trkpt lat="43.2210780" lon="5.4437440">
    <ele>209.9</ele>
    <time>2025-12-04T13:47:51Z</time>
   </trkpt>
   <trkpt lat="43.2210900" lon="5.4437320">
    <ele>209.9</ele>
    <time>2025-12-04T13:47:52Z</time>
   </trkpt>
   <trkpt lat="43.2211080" lon="5.4437140">
    <ele>209.8</ele>
    <time>2025-12-04T13:47:53Z</time>
   </trkpt>
   <trkpt lat="43.2211150" lon="5.4437050">
    <ele>209.8</ele>
    <time>2025-12-04T13:47:54Z</time>
   </trkpt>
   <trkpt lat="43.2211210" lon="5.4436970">
    <ele>209.8</ele>
    <time>2025-12-04T13:47:55Z</time>
   </trkpt>
   <trkpt lat="43.2211350" lon="5.4436950">
    <ele>209.8</ele>
    <time>2025-12-04T13:47:56Z</time>
   </trkpt>
   <trkpt lat="43.2211500" lon="5.4436870">
    <ele>209.7</ele>
    <time>2025-12-04T13:47:57Z</time>
   </trkpt>
   <trkpt lat="43.2211580" lon="5.4436770">
    <ele>209.7</ele>
    <time>2025-12-04T13:47:58Z</time>
   </trkpt>
   <trkpt lat="43.2211640" lon="5.4436710">
    <ele>209.6</ele>
    <time>2025-12-04T13:47:59Z</time>
   </trkpt>
   <trkpt lat="43.2211700" lon="5.4436660">
    <ele>209.6</ele>
    <time>2025-12-04T13:48:00Z</time>
   </trkpt>
   <trkpt lat="43.2211760" lon="5.4436600">
    <ele>209.5</ele>
    <time>2025-12-04T13:48:01Z</time>
   </trkpt>
   <trkpt lat="43.2211820" lon="5.4436550">
    <ele>209.5</ele>
    <time>2025-12-04T13:48:02Z</time>
   </trkpt>
   <trkpt lat="43.2212030" lon="5.4436420">
    <ele>209.3</ele>
    <time>2025-12-04T13:48:03Z</time>
   </trkpt>
   <trkpt lat="43.2212110" lon="5.4436420">
    <ele>209.3</ele>
    <time>2025-12-04T13:48:04Z</time>
   </trkpt>
   <trkpt lat="43.2212180" lon="5.4436410">
    <ele>209.2</ele>
    <time>2025-12-04T13:48:05Z</time>
   </trkpt>
   <trkpt lat="43.2212240" lon="5.4436430">
    <ele>209.2</ele>
    <time>2025-12-04T13:48:06Z</time>
   </trkpt>
   <trkpt lat="43.2212340" lon="5.4436360">
    <ele>209.1</ele>
    <time>2025-12-04T13:48:07Z</time>
   </trkpt>
   <trkpt lat="43.2212460" lon="5.4436310">
    <ele>209.0</ele>
    <time>2025-12-04T13:48:08Z</time>
   </trkpt>
   <trkpt lat="43.2212620" lon="5.4436250">
    <ele>208.9</ele>
    <time>2025-12-04T13:48:09Z</time>
   </trkpt>
   <trkpt lat="43.2212680" lon="5.4436220">
    <ele>208.9</ele>
    <time>2025-12-04T13:48:10Z</time>
   </trkpt>
   <trkpt lat="43.2212750" lon="5.4436180">
    <ele>208.8</ele>
    <time>2025-12-04T13:48:11Z</time>
   </trkpt>
   <trkpt lat="43.2212810" lon="5.4436140">
    <ele>208.8</ele>
    <time>2025-12-04T13:48:12Z</time>
   </trkpt>
   <trkpt lat="43.2212880" lon="5.4436110">
    <ele>208.7</ele>
    <time>2025-12-04T13:48:13Z</time>
   </trkpt>
   <trkpt lat="43.2212890" lon="5.4436090">
    <ele>208.7</ele>
    <time>2025-12-04T13:48:14Z</time>
   </trkpt>
   <trkpt lat="43.2212950" lon="5.4436090">
    <ele>208.6</ele>
    <time>2025-12-04T13:48:15Z</time>
   </trkpt>
   <trkpt lat="43.2213030" lon="5.4436090">
    <ele>208.6</ele>
    <time>2025-12-04T13:48:16Z</time>
   </trkpt>
   <trkpt lat="43.2213090" lon="5.4436040">
    <ele>208.5</ele>
    <time>2025-12-04T13:48:17Z</time>
   </trkpt>
   <trkpt lat="43.2213190" lon="5.4435940">
    <ele>208.4</ele>
    <time>2025-12-04T13:48:18Z</time>
   </trkpt>
   <trkpt lat="43.2213270" lon="5.4435900">
    <ele>208.4</ele>
    <time>2025-12-04T13:48:19Z</time>
   </trkpt>
   <trkpt lat="43.2213340" lon="5.4435840">
    <ele>208.3</ele>
    <time>2025-12-04T13:48:20Z</time>
   </trkpt>
   <trkpt lat="43.2213400" lon="5.4435770">
    <ele>208.2</ele>
    <time>2025-12-04T13:48:21Z</time>
   </trkpt>
   <trkpt lat="43.2213430" lon="5.4435780">
    <ele>208.2</ele>
    <time>2025-12-04T13:48:22Z</time>
   </trkpt>
   <trkpt lat="43.2213560" lon="5.4435720">
    <ele>208.1</ele>
    <time>2025-12-04T13:48:23Z</time>
   </trkpt>
   <trkpt lat="43.2213640" lon="5.4435630">
    <ele>208.0</ele>
    <time>2025-12-04T13:48:24Z</time>
   </trkpt>
   <trkpt lat="43.2213650" lon="5.4435580">
    <ele>208.0</ele>
    <time>2025-12-04T13:48:25Z</time>
   </trkpt>
   <trkpt lat="43.2213730" lon="5.4435530">
    <ele>207.9</ele>
    <time>2025-12-04T13:48:26Z</time>
   </trkpt>
   <trkpt lat="43.2213770" lon="5.4435430">
    <ele>207.8</ele>
    <time>2025-12-04T13:48:27Z</time>
   </trkpt>
   <trkpt lat="43.2213900" lon="5.4435340">
    <ele>207.7</ele>
    <time>2025-12-04T13:48:28Z</time>
   </trkpt>
   <trkpt lat="43.2213900" lon="5.4435320">
    <ele>207.7</ele>
    <time>2025-12-04T13:48:29Z</time>
   </trkpt>
   <trkpt lat="43.2214000" lon="5.4435270">
    <ele>207.6</ele>
    <time>2025-12-04T13:48:30Z</time>
   </trkpt>
   <trkpt lat="43.2214040" lon="5.4435270">
    <ele>207.5</ele>
    <time>2025-12-04T13:48:31Z</time>
   </trkpt>
   <trkpt lat="43.2214050" lon="5.4435270">
    <ele>207.5</ele>
    <time>2025-12-04T13:48:32Z</time>
   </trkpt>
   <trkpt lat="43.2214130" lon="5.4435260">
    <ele>207.4</ele>
    <time>2025-12-04T13:48:33Z</time>
   </trkpt>
   <trkpt lat="43.2214140" lon="5.4435240">
    <ele>207.4</ele>
    <time>2025-12-04T13:48:34Z</time>
   </trkpt>
   <trkpt lat="43.2214180" lon="5.4435270">
    <ele>207.4</ele>
    <time>2025-12-04T13:48:35Z</time>
   </trkpt>
   <trkpt lat="43.2214200" lon="5.4435260">
    <ele>207.4</ele>
    <time>2025-12-04T13:48:36Z</time>
   </trkpt>
   <trkpt lat="43.2214350" lon="5.4435240">
    <ele>207.2</ele>
    <time>2025-12-04T13:48:37Z</time>
   </trkpt>
   <trkpt lat="43.2214490" lon="5.4435280">
    <ele>207.1</ele>
    <time>2025-12-04T13:48:38Z</time>
   </trkpt>
   <trkpt lat="43.2214560" lon="5.4435260">
    <ele>207.0</ele>
    <time>2025-12-04T13:48:39Z</time>
   </trkpt>
   <trkpt lat="43.2214610" lon="5.4435280">
    <ele>206.9</ele>
    <time>2025-12-04T13:48:40Z</time>
   </trkpt>
   <trkpt lat="43.2214740" lon="5.4435240">
    <ele>206.8</ele>
    <time>2025-12-04T13:48:41Z</time>
   </trkpt>
   <trkpt lat="43.2214820" lon="5.4435150">
    <ele>206.7</ele>
    <time>2025-12-04T13:48:42Z</time>
   </trkpt>
   <trkpt lat="43.2214830" lon="5.4435110">
    <ele>206.6</ele>
    <time>2025-12-04T13:48:43Z</time>
   </trkpt>
   <trkpt lat="43.2214910" lon="5.4435120">
    <ele>206.5</ele>
    <time>2025-12-04T13:48:44Z</time>
   </trkpt>
   <trkpt lat="43.2215020" lon="5.4435030">
    <ele>206.4</ele>
    <time>2025-12-04T13:48:45Z</time>
   </trkpt>
   <trkpt lat="43.2215060" lon="5.4435060">
    <ele>206.3</ele>
    <time>2025-12-04T13:48:46Z</time>
   </trkpt>
   <trkpt lat="43.2215120" lon="5.4434940">
    <ele>206.2</ele>
    <time>2025-12-04T13:48:47Z</time>
   </trkpt>
   <trkpt lat="43.2215150" lon="5.4434940">
    <ele>206.2</ele>
    <time>2025-12-04T13:48:48Z</time>
   </trkpt>
   <trkpt lat="43.2215310" lon="5.4434850">
    <ele>206.0</ele>
    <time>2025-12-04T13:48:49Z</time>
   </trkpt>
   <trkpt lat="43.2215380" lon="5.4434790">
    <ele>205.9</ele>
    <time>2025-12-04T13:48:50Z</time>
   </trkpt>
   <trkpt lat="43.2215440" lon="5.4434770">
    <ele>205.8</ele>
    <time>2025-12-04T13:48:51Z</time>
   </trkpt>
   <trkpt lat="43.2215450" lon="5.4434770">
    <ele>205.8</ele>
    <time>2025-12-04T13:48:52Z</time>
   </trkpt>
   <trkpt lat="43.2215510" lon="5.4434810">
    <ele>205.8</ele>
    <time>2025-12-04T13:48:53Z</time>
   </trkpt>
   <trkpt lat="43.2215590" lon="5.4434740">
    <ele>205.6</ele>
    <time>2025-12-04T13:48:54Z</time>
   </trkpt>
   <trkpt lat="43.2215690" lon="5.4434650">
    <ele>205.5</ele>
    <time>2025-12-04T13:48:55Z</time>
   </trkpt>
   <trkpt lat="43.2215810" lon="5.4434610">
    <ele>205.3</ele>
    <time>2025-12-04T13:48:56Z</time>
   </trkpt>
   <trkpt lat="43.2215880" lon="5.4434600">
    <ele>205.3</ele>
    <time>2025-12-04T13:48:57Z</time>
   </trkpt>
   <trkpt lat="43.2216000" lon="5.4434530">
    <ele>205.1</ele>
    <time>2025-12-04T13:48:58Z</time>
   </trkpt>
   <trkpt lat="43.2216080" lon="5.4434530">
    <ele>205.0</ele>
    <time>2025-12-04T13:48:59Z</time>
   </trkpt>
   <trkpt lat="43.2216120" lon="5.4434500">
    <ele>204.9</ele>
    <time>2025-12-04T13:49:00Z</time>
   </trkpt>
   <trkpt lat="43.2216130" lon="5.4434440">
    <ele>204.9</ele>
    <time>2025-12-04T13:49:01Z</time>
   </trkpt>
   <trkpt lat="43.2216220" lon="5.4434340">
    <ele>204.7</ele>
    <time>2025-12-04T13:49:02Z</time>
   </trkpt>
   <trkpt lat="43.2216280" lon="5.4434310">
    <ele>204.7</ele>
    <time>2025-12-04T13:49:03Z</time>
   </trkpt>
   <trkpt lat="43.2216320" lon="5.4434270">
    <ele>204.6</ele>
    <time>2025-12-04T13:49:04Z</time>
   </trkpt>
   <trkpt lat="43.2216360" lon="5.4434250">
    <ele>204.6</ele>
    <time>2025-12-04T13:49:05Z</time>
   </trkpt>
   <trkpt lat="43.2216410" lon="5.4434240">
    <ele>204.5</ele>
    <time>2025-12-04T13:49:06Z</time>
   </trkpt>
   <trkpt lat="43.2216400" lon="5.4434200">
    <ele>204.5</ele>
    <time>2025-12-04T13:49:07Z</time>
   </trkpt>
   <trkpt lat="43.2216560" lon="5.4434110">
    <ele>204.2</ele>
    <time>2025-12-04T13:49:08Z</time>
   </trkpt>
   <trkpt lat="43.2216660" lon="5.4434040">
    <ele>204.1</ele>
    <time>2025-12-04T13:49:09Z</time>
   </trkpt>
   <trkpt lat="43.2216760" lon="5.4434030">
    <ele>203.9</ele>
    <time>2025-12-04T13:49:10Z</time>
   </trkpt>
   <trkpt lat="43.2216810" lon="5.4434100">
    <ele>203.9</ele>
    <time>2025-12-04T13:49:11Z</time>
   </trkpt>
   <trkpt lat="43.2216900" lon="5.4434080">
    <ele>203.7</ele>
    <time>2025-12-04T13:49:12Z</time>
   </trkpt>
   <trkpt lat="43.2216960" lon="5.4434100">
    <ele>203.7</ele>
    <time>2025-12-04T13:49:13Z</time>
   </trkpt>
   <trkpt lat="43.2217000" lon="5.4434150">
    <ele>203.6</ele>
    <time>2025-12-04T13:49:14Z</time>
   </trkpt>
   <trkpt lat="43.2217090" lon="5.4434100">
    <ele>203.5</ele>
    <time>2025-12-04T13:49:15Z</time>
   </trkpt>
   <trkpt lat="43.2217160" lon="5.4434130">
    <ele>203.4</ele>
    <time>2025-12-04T13:49:16Z</time>
   </trkpt>
   <trkpt lat="43.2217200" lon="5.4434120">
    <ele>203.3</ele>
    <time>2025-12-04T13:49:17Z</time>
   </trkpt>
   <trkpt lat="43.2217280" lon="5.4434080">
    <ele>203.2</ele>
    <time>2025-12-04T13:49:18Z</time>
   </trkpt>
   <trkpt lat="43.2217440" lon="5.4434030">
    <ele>202.9</ele>
    <time>2025-12-04T13:49:19Z</time>
   </trkpt>
   <trkpt lat="43.2217540" lon="5.4434110">
    <ele>202.8</ele>
    <time>2025-12-04T13:49:20Z</time>
   </trkpt>
   <trkpt lat="43.2217660" lon="5.4434130">
    <ele>202.6</ele>
    <time>2025-12-04T13:49:21Z</time>
   </trkpt>
   <trkpt lat="43.2217720" lon="5.4434130">
    <ele>202.5</ele>
    <time>2025-12-04T13:49:22Z</time>
   </trkpt>
   <trkpt lat="43.2217770" lon="5.4434120">
    <ele>202.4</ele>
    <time>2025-12-04T13:49:23Z</time>
   </trkpt>
   <trkpt lat="43.2217820" lon="5.4434110">
    <ele>202.3</ele>
    <time>2025-12-04T13:49:24Z</time>
   </trkpt>
   <trkpt lat="43.2217880" lon="5.4434110">
    <ele>202.2</ele>
    <time>2025-12-04T13:49:25Z</time>
   </trkpt>
   <trkpt lat="43.2217930" lon="5.4434100">
    <ele>202.2</ele>
    <time>2025-12-04T13:49:26Z</time>
   </trkpt>
   <trkpt lat="43.2217990" lon="5.4434000">
    <ele>202.0</ele>
    <time>2025-12-04T13:49:27Z</time>
   </trkpt>
   <trkpt lat="43.2218100" lon="5.4433900">
    <ele>201.8</ele>
    <time>2025-12-04T13:49:28Z</time>
   </trkpt>
   <trkpt lat="43.2218150" lon="5.4433840">
    <ele>201.7</ele>
    <time>2025-12-04T13:49:29Z</time>
   </trkpt>
   <trkpt lat="43.2218120" lon="5.4433880">
    <ele>201.6</ele>
    <time>2025-12-04T13:49:30Z</time>
   </trkpt>
   <trkpt lat="43.2218230" lon="5.4433790">
    <ele>201.4</ele>
    <time>2025-12-04T13:49:31Z</time>
   </trkpt>
   <trkpt lat="43.2218330" lon="5.4433680">
    <ele>201.2</ele>
    <time>2025-12-04T13:49:32Z</time>
   </trkpt>
   <trkpt lat="43.2218300" lon="5.4433670">
    <ele>201.1</ele>
    <time>2025-12-04T13:49:33Z</time>
   </trkpt>
   <trkpt lat="43.2218340" lon="5.4433670">
    <ele>201.0</ele>
    <time>2025-12-04T13:49:34Z</time>
   </trkpt>
   <trkpt lat="43.2218450" lon="5.4433660">
    <ele>200.8</ele>
    <time>2025-12-04T13:49:35Z</time>
   </trkpt>
   <trkpt lat="43.2218490" lon="5.4433700">
    <ele>200.8</ele>
    <time>2025-12-04T13:49:36Z</time>
   </trkpt>
   <trkpt lat="43.2218610" lon="5.4433640">
    <ele>200.5</ele>
    <time>2025-12-04T13:49:37Z</time>
   </trkpt>
   <trkpt lat="43.2218650" lon="5.4433630">
    <ele>200.4</ele>
    <time>2025-12-04T13:49:38Z</time>
   </trkpt>
   <trkpt lat="43.2218690" lon="5.4433580">
    <ele>200.3</ele>
    <time>2025-12-04T13:49:39Z</time>
   </trkpt>
   <trkpt lat="43.2218730" lon="5.4433530">
    <ele>200.2</ele>
    <time>2025-12-04T13:49:40Z</time>
   </trkpt>
   <trkpt lat="43.2218750" lon="5.4433470">
    <ele>200.1</ele>
    <time>2025-12-04T13:49:41Z</time>
   </trkpt>
   <trkpt lat="43.2218830" lon="5.4433420">
    <ele>200.0</ele>
    <time>2025-12-04T13:49:42Z</time>
   </trkpt>
   <trkpt lat="43.2218950" lon="5.4433420">
    <ele>199.8</ele>
    <time>2025-12-04T13:49:43Z</time>
   </trkpt>
   <trkpt lat="43.2219010" lon="5.4433430">
    <ele>199.6</ele>
    <time>2025-12-04T13:49:44Z</time>
   </trkpt>
   <trkpt lat="43.2219060" lon="5.4433440">
    <ele>199.5</ele>
    <time>2025-12-04T13:49:45Z</time>
   </trkpt>
   <trkpt lat="43.2219130" lon="5.4433450">
    <ele>199.4</ele>
    <time>2025-12-04T13:49:46Z</time>
   </trkpt>
   <trkpt lat="43.2219170" lon="5.4433510">
    <ele>199.3</ele>
    <time>2025-12-04T13:49:47Z</time>
   </trkpt>
   <trkpt lat="43.2219240" lon="5.4433550">
    <ele>199.2</ele>
    <time>2025-12-04T13:49:48Z</time>
   </trkpt>
   <trkpt lat="43.2219320" lon="5.4433560">
    <ele>199.0</ele>
    <time>2025-12-04T13:49:49Z</time>
   </trkpt>
   <trkpt lat="43.2219380" lon="5.4433540">
    <ele>198.9</ele>
    <time>2025-12-04T13:49:50Z</time>
   </trkpt>
   <trkpt lat="43.2219430" lon="5.4433550">
    <ele>198.8</ele>
    <time>2025-12-04T13:49:51Z</time>
   </trkpt>
   <trkpt lat="43.2219520" lon="5.4433520">
    <ele>198.6</ele>
    <time>2025-12-04T13:49:52Z</time>
   </trkpt>
   <trkpt lat="43.2219550" lon="5.4433500">
    <ele>198.6</ele>
    <time>2025-12-04T13:49:53Z</time>
   </trkpt>
   <trkpt lat="43.2219620" lon="5.4433480">
    <ele>198.4</ele>
    <time>2025-12-04T13:49:54Z</time>
   </trkpt>
   <trkpt lat="43.2219560" lon="5.4433510">
    <ele>198.3</ele>
    <time>2025-12-04T13:49:55Z</time>
   </trkpt>
   <trkpt lat="43.2219540" lon="5.4433550">
    <ele>198.2</ele>
    <time>2025-12-04T13:49:56Z</time>
   </trkpt>
   <trkpt lat="43.2219700" lon="5.4433500">
    <ele>197.9</ele>
    <time>2025-12-04T13:49:57Z</time>
   </trkpt>
   <trkpt lat="43.2219770" lon="5.4433490">
    <ele>197.8</ele>
    <time>2025-12-04T13:49:58Z</time>
   </trkpt>
   <trkpt lat="43.2219840" lon="5.4433500">
    <ele>197.7</ele>
    <time>2025-12-04T13:49:59Z</time>
   </trkpt>
   <trkpt lat="43.2219940" lon="5.4433470">
    <ele>197.5</ele>
    <time>2025-12-04T13:50:00Z</time>
   </trkpt>
   <trkpt lat="43.2220020" lon="5.4433470">
    <ele>197.3</ele>
    <time>2025-12-04T13:50:01Z</time>
   </trkpt>
   <trkpt lat="43.2220030" lon="5.4433420">
    <ele>197.2</ele>
    <time>2025-12-04T13:50:02Z</time>
   </trkpt>
   <trkpt lat="43.2220070" lon="5.4433390">
    <ele>197.2</ele>
    <time>2025-12-04T13:50:03Z</time>
   </trkpt>
   <trkpt lat="43.2220170" lon="5.4433310">
    <ele>196.9</ele>
    <time>2025-12-04T13:50:04Z</time>
   </trkpt>
   <trkpt lat="43.2220250" lon="5.4433260">
    <ele>196.8</ele>
    <time>2025-12-04T13:50:05Z</time>
   </trkpt>
   <trkpt lat="43.2220330" lon="5.4433230">
    <ele>196.6</ele>
    <time>2025-12-04T13:50:06Z</time>
   </trkpt>
   <trkpt lat="43.2220380" lon="5.4433250">
    <ele>196.5</ele>
    <time>2025-12-04T13:50:07Z</time>
   </trkpt>
   <trkpt lat="43.2220440" lon="5.4433290">
    <ele>196.4</ele>
    <time>2025-12-04T13:50:08Z</time>
   </trkpt>
   <trkpt lat="43.2220420" lon="5.4433400">
    <ele>196.2</ele>
    <time>2025-12-04T13:50:09Z</time>
   </trkpt>
   <trkpt lat="43.2220530" lon="5.4433400">
    <ele>196.0</ele>
    <time>2025-12-04T13:50:10Z</time>
   </trkpt>
   <trkpt lat="43.2220620" lon="5.4433330">
    <ele>195.8</ele>
    <time>2025-12-04T13:50:11Z</time>
   </trkpt>
   <trkpt lat="43.2220550" lon="5.4433290">
    <ele>195.7</ele>
    <time>2025-12-04T13:50:12Z</time>
   </trkpt>
   <trkpt lat="43.2220640" lon="5.4433230">
    <ele>195.5</ele>
    <time>2025-12-04T13:50:13Z</time>
   </trkpt>
   <trkpt lat="43.2220680" lon="5.4433180">
    <ele>195.4</ele>
    <time>2025-12-04T13:50:14Z</time>
   </trkpt>
   <trkpt lat="43.2220720" lon="5.4433170">
    <ele>195.4</ele>
    <time>2025-12-04T13:50:15Z</time>
   </trkpt>
   <trkpt lat="43.2220760" lon="5.4433030">
    <ele>195.2</ele>
    <time>2025-12-04T13:50:16Z</time>
   </trkpt>
   <trkpt lat="43.2220790" lon="5.4433030">
    <ele>195.1</ele>
    <time>2025-12-04T13:50:17Z</time>
   </trkpt>
   <trkpt lat="43.2220930" lon="5.4432960">
    <ele>194.9</ele>
    <time>2025-12-04T13:50:18Z</time>
   </trkpt>
   <trkpt lat="43.2220980" lon="5.4433000">
    <ele>194.7</ele>
    <time>2025-12-04T13:50:19Z</time>
   </trkpt>
   <trkpt lat="43.2221110" lon="5.4433000">
    <ele>194.5</ele>
    <time>2025-12-04T13:50:20Z</time>
   </trkpt>
   <trkpt lat="43.2221220" lon="5.4432940">
    <ele>194.3</ele>
    <time>2025-12-04T13:50:21Z</time>
   </trkpt>
   <trkpt lat="43.2221370" lon="5.4432960">
    <ele>194.0</ele>
    <time>2025-12-04T13:50:22Z</time>
   </trkpt>
   <trkpt lat="43.2221420" lon="5.4432970">
    <ele>194.0</ele>
    <time>2025-12-04T13:50:23Z</time>
   </trkpt>
   <trkpt lat="43.2221520" lon="5.4432980">
    <ele>193.8</ele>
    <time>2025-12-04T13:50:24Z</time>
   </trkpt>
   <trkpt lat="43.2221580" lon="5.4432990">
    <ele>193.7</ele>
    <time>2025-12-04T13:50:25Z</time>
   </trkpt>
   <trkpt lat="43.2221650" lon="5.4432990">
    <ele>193.6</ele>
    <time>2025-12-04T13:50:26Z</time>
   </trkpt>
   <trkpt lat="43.2221720" lon="5.4433000">
    <ele>193.4</ele>
    <time>2025-12-04T13:50:27Z</time>
   </trkpt>
   <trkpt lat="43.2221780" lon="5.4433010">
    <ele>193.3</ele>
    <time>2025-12-04T13:50:28Z</time>
   </trkpt>
   <trkpt lat="43.2221850" lon="5.4433020">
    <ele>193.2</ele>
    <time>2025-12-04T13:50:29Z</time>
   </trkpt>
   <trkpt lat="43.2221920" lon="5.4432980">
    <ele>193.1</ele>
    <time>2025-12-04T13:50:30Z</time>
   </trkpt>
   <trkpt lat="43.2221970" lon="5.4432840">
    <ele>192.9</ele>
    <time>2025-12-04T13:50:31Z</time>
   </trkpt>
   <trkpt lat="43.2222040" lon="5.4432770">
    <ele>192.8</ele>
    <time>2025-12-04T13:50:32Z</time>
   </trkpt>
   <trkpt lat="43.2222070" lon="5.4432720">
    <ele>192.7</ele>
    <time>2025-12-04T13:50:33Z</time>
   </trkpt>
   <trkpt lat="43.2222100" lon="5.4432660">
    <ele>192.6</ele>
    <time>2025-12-04T13:50:34Z</time>
   </trkpt>
   <trkpt lat="43.2222110" lon="5.4432610">
    <ele>192.6</ele>
    <time>2025-12-04T13:50:35Z</time>
   </trkpt>
   <trkpt lat="43.2222210" lon="5.4432500">
    <ele>192.4</ele>
    <time>2025-12-04T13:50:36Z</time>
   </trkpt>
   <trkpt lat="43.2222230" lon="5.4432410">
    <ele>192.3</ele>
    <time>2025-12-04T13:50:37Z</time>
   </trkpt>
   <trkpt lat="43.2222350" lon="5.4432320">
    <ele>192.1</ele>
    <time>2025-12-04T13:50:38Z</time>
   </trkpt>
   <trkpt lat="43.2222380" lon="5.4432270">
    <ele>192.0</ele>
    <time>2025-12-04T13:50:39Z</time>
   </trkpt>
   <trkpt lat="43.2222460" lon="5.4432250">
    <ele>191.8</ele>
    <time>2025-12-04T13:50:40Z</time>
   </trkpt>
   <trkpt lat="43.2222580" lon="5.4432280">
    <ele>191.7</ele>
    <time>2025-12-04T13:50:41Z</time>
   </trkpt>
   <trkpt lat="43.2222690" lon="5.4432260">
    <ele>191.5</ele>
    <time>2025-12-04T13:50:42Z</time>
   </trkpt>
   <trkpt lat="43.2222760" lon="5.4432230">
    <ele>191.4</ele>
    <time>2025-12-04T13:50:43Z</time>
   </trkpt>
   <trkpt lat="43.2222850" lon="5.4432110">
    <ele>191.2</ele>
    <time>2025-12-04T13:50:44Z</time>
   </trkpt>
   <trkpt lat="43.2222920" lon="5.4432060">
    <ele>191.1</ele>
    <time>2025-12-04T13:50:45Z</time>
   </trkpt>
   <trkpt lat="43.2222990" lon="5.4432070">
    <ele>191.0</ele>
    <time>2025-12-04T13:50:46Z</time>
   </trkpt>
   <trkpt lat="43.2223060" lon="5.4432010">
    <ele>190.9</ele>
    <time>2025-12-04T13:50:47Z</time>
   </trkpt>
   <trkpt lat="43.2223150" lon="5.4432000">
    <ele>190.8</ele>
    <time>2025-12-04T13:50:48Z</time>
   </trkpt>
   <trkpt lat="43.2223240" lon="5.4431940">
    <ele>190.6</ele>
    <time>2025-12-04T13:50:49Z</time>
   </trkpt>
   <trkpt lat="43.2223320" lon="5.4431910">
    <ele>190.5</ele>
    <time>2025-12-04T13:50:50Z</time>
   </trkpt>
   <trkpt lat="43.2223360" lon="5.4431900">
    <ele>190.5</ele>
    <time>2025-12-04T13:50:51Z</time>
   </trkpt>
   <trkpt lat="43.2223440" lon="5.4431810">
    <ele>190.3</ele>
    <time>2025-12-04T13:50:52Z</time>
   </trkpt>
   <trkpt lat="43.2223490" lon="5.4431800">
    <ele>190.3</ele>
    <time>2025-12-04T13:50:53Z</time>
   </trkpt>
   <trkpt lat="43.2223490" lon="5.4431800">
    <ele>190.3</ele>
    <time>2025-12-04T13:50:54Z</time>
   </trkpt>
   <trkpt lat="43.2223520" lon="5.4431700">
    <ele>190.1</ele>
    <time>2025-12-04T13:50:55Z</time>
   </trkpt>
   <trkpt lat="43.2223650" lon="5.4431670">
    <ele>190.0</ele>
    <time>2025-12-04T13:50:56Z</time>
   </trkpt>
   <trkpt lat="43.2223720" lon="5.4431720">
    <ele>189.9</ele>
    <time>2025-12-04T13:50:57Z</time>
   </trkpt>
   <trkpt lat="43.2223780" lon="5.4431790">
    <ele>189.7</ele>
    <time>2025-12-04T13:50:58Z</time>
   </trkpt>
   <trkpt lat="43.2223850" lon="5.4431800">
    <ele>189.7</ele>
    <time>2025-12-04T13:50:59Z</time>
   </trkpt>
   <trkpt lat="43.2223920" lon="5.4431790">
    <ele>189.6</ele>
    <time>2025-12-04T13:51:00Z</time>
   </trkpt>
   <trkpt lat="43.2224010" lon="5.4431730">
    <ele>189.4</ele>
    <time>2025-12-04T13:51:01Z</time>
   </trkpt>
   <trkpt lat="43.2224000" lon="5.4431710">
    <ele>189.4</ele>
    <time>2025-12-04T13:51:02Z</time>
   </trkpt>
   <trkpt lat="43.2224070" lon="5.4431720">
    <ele>189.3</ele>
    <time>2025-12-04T13:51:03Z</time>
   </trkpt>
   <trkpt lat="43.2224110" lon="5.4431750">
    <ele>189.2</ele>
    <time>2025-12-04T13:51:04Z</time>
   </trkpt>
   <trkpt lat="43.2224220" lon="5.4431750">
    <ele>189.1</ele>
    <time>2025-12-04T13:51:05Z</time>
   </trkpt>
   <trkpt lat="43.2224290" lon="5.4431720">
    <ele>189.0</ele>
    <time>2025-12-04T13:51:06Z</time>
   </trkpt>
   <trkpt lat="43.2224360" lon="5.4431800">
    <ele>188.8</ele>
    <time>2025-12-04T13:51:07Z</time>
   </trkpt>
   <trkpt lat="43.2224410" lon="5.4431860">
    <ele>188.8</ele>
    <time>2025-12-04T13:51:08Z</time>
   </trkpt>
   <trkpt lat="43.2224530" lon="5.4431910">
    <ele>188.6</ele>
    <time>2025-12-04T13:51:09Z</time>
   </trkpt>
   <trkpt lat="43.2224600" lon="5.4432050">
    <ele>188.4</ele>
    <time>2025-12-04T13:51:10Z</time>
   </trkpt>
   <trkpt lat="43.2224650" lon="5.4432120">
    <ele>188.3</ele>
    <time>2025-12-04T13:51:11Z</time>
   </trkpt>
   <trkpt lat="43.2224710" lon="5.4432200">
    <ele>188.2</ele>
    <time>2025-12-04T13:51:12Z</time>
   </trkpt>
   <trkpt lat="43.2224760" lon="5.4432260">
    <ele>188.1</ele>
    <time>2025-12-04T13:51:13Z</time>
   </trkpt>
   <trkpt lat="43.2224720" lon="5.4432290">
    <ele>188.0</ele>
    <time>2025-12-04T13:51:14Z</time>
   </trkpt>
   <trkpt lat="43.2224730" lon="5.4432320">
    <ele>188.0</ele>
    <time>2025-12-04T13:51:15Z</time>
   </trkpt>
   <trkpt lat="43.2224740" lon="5.4432350">
    <ele>187.9</ele>
    <time>2025-12-04T13:51:16Z</time>
   </trkpt>
   <trkpt lat="43.2224790" lon="5.4432430">
    <ele>187.8</ele>
    <time>2025-12-04T13:51:17Z</time>
   </trkpt>
   <trkpt lat="43.2224780" lon="5.4432450">
    <ele>187.8</ele>
    <time>2025-12-04T13:51:18Z</time>
   </trkpt>
   <trkpt lat="43.2224800" lon="5.4432480">
    <ele>187.7</ele>
    <time>2025-12-04T13:51:19Z</time>
   </trkpt>
   <trkpt lat="43.2224850" lon="5.4432520">
    <ele>187.6</ele>
    <time>2025-12-04T13:51:20Z</time>
   </trkpt>
   <trkpt lat="43.2224910" lon="5.4432460">
    <ele>187.5</ele>
    <time>2025-12-04T13:51:21Z</time>
   </trkpt>
   <trkpt lat="43.2224940" lon="5.4432390">
    <ele>187.4</ele>
    <time>2025-12-04T13:51:22Z</time>
   </trkpt>
   <trkpt lat="43.2224970" lon="5.4432320">
    <ele>187.4</ele>
    <time>2025-12-04T13:51:23Z</time>
   </trkpt>
   <trkpt lat="43.2225000" lon="5.4432250">
    <ele>187.3</ele>
    <time>2025-12-04T13:51:24Z</time>
   </trkpt>
   <trkpt lat="43.2225030" lon="5.4432180">
    <ele>187.2</ele>
    <time>2025-12-04T13:51:25Z</time>
   </trkpt>
   <trkpt lat="43.2225060" lon="5.4432110">
    <ele>187.1</ele>
    <time>2025-12-04T13:51:26Z</time>
   </trkpt>
   <trkpt lat="43.2225220" lon="5.4432090">
    <ele>186.8</ele>
    <time>2025-12-04T13:51:27Z</time>
   </trkpt>
   <trkpt lat="43.2225230" lon="5.4432090">
    <ele>186.8</ele>
    <time>2025-12-04T13:51:28Z</time>
   </trkpt>
   <trkpt lat="43.2225270" lon="5.4432030">
    <ele>186.7</ele>
    <time>2025-12-04T13:51:29Z</time>
   </trkpt>
   <trkpt lat="43.2225330" lon="5.4431980">
    <ele>186.6</ele>
    <time>2025-12-04T13:51:30Z</time>
   </trkpt>
   <trkpt lat="43.2225430" lon="5.4432020">
    <ele>186.5</ele>
    <time>2025-12-04T13:51:31Z</time>
   </trkpt>
   <trkpt lat="43.2225490" lon="5.4432090">
    <ele>186.4</ele>
    <time>2025-12-04T13:51:32Z</time>
   </trkpt>
   <trkpt lat="43.2225530" lon="5.4432130">
    <ele>186.3</ele>
    <time>2025-12-04T13:51:33Z</time>
   </trkpt>
   <trkpt lat="43.2225630" lon="5.4432150">
    <ele>186.1</ele>
    <time>2025-12-04T13:51:34Z</time>
   </trkpt>
   <trkpt lat="43.2225760" lon="5.4432220">
    <ele>185.9</ele>
    <time>2025-12-04T13:51:35Z</time>
   </trkpt>
   <trkpt lat="43.2225860" lon="5.4432220">
    <ele>185.8</ele>
    <time>2025-12-04T13:51:36Z</time>
   </trkpt>
   <trkpt lat="43.2225940" lon="5.4432270">
    <ele>185.6</ele>
    <time>2025-12-04T13:51:37Z</time>
   </trkpt>
   <trkpt lat="43.2226020" lon="5.4432310">
    <ele>185.5</ele>
    <time>2025-12-04T13:51:38Z</time>
   </trkpt>
   <trkpt lat="43.2226090" lon="5.4432350">
    <ele>185.4</ele>
    <time>2025-12-04T13:51:39Z</time>
   </trkpt>
   <trkpt lat="43.2226180" lon="5.4432350">
    <ele>185.3</ele>
    <time>2025-12-04T13:51:40Z</time>
   </trkpt>
   <trkpt lat="43.2226250" lon="5.4432340">
    <ele>185.2</ele>
    <time>2025-12-04T13:51:41Z</time>
   </trkpt>
   <trkpt lat="43.2226330" lon="5.4432370">
    <ele>185.1</ele>
    <time>2025-12-04T13:51:42Z</time>
   </trkpt>
   <trkpt lat="43.2226400" lon="5.4432350">
    <ele>185.0</ele>
    <time>2025-12-04T13:51:43Z</time>
   </trkpt>
   <trkpt lat="43.2226460" lon="5.4432360">
    <ele>184.9</ele>
    <time>2025-12-04T13:51:44Z</time>
   </trkpt>
   <trkpt lat="43.2226520" lon="5.4432360">
    <ele>184.8</ele>
    <time>2025-12-04T13:51:45Z</time>
   </trkpt>
   <trkpt lat="43.2226540" lon="5.4432340">
    <ele>184.8</ele>
    <time>2025-12-04T13:51:46Z</time>
   </trkpt>
   <trkpt lat="43.2226620" lon="5.4432380">
    <ele>184.7</ele>
    <time>2025-12-04T13:51:47Z</time>
   </trkpt>
   <trkpt lat="43.2226680" lon="5.4432350">
    <ele>184.6</ele>
    <time>2025-12-04T13:51:48Z</time>
   </trkpt>
   <trkpt lat="43.2226750" lon="5.4432350">
    <ele>184.5</ele>
    <time>2025-12-04T13:51:49Z</time>
   </trkpt>
   <trkpt lat="43.2226800" lon="5.4432470">
    <ele>184.4</ele>
    <time>2025-12-04T13:51:50Z</time>
   </trkpt>
   <trkpt lat="43.2226930" lon="5.4432390">
    <ele>184.2</ele>
    <time>2025-12-04T13:51:51Z</time>
   </trkpt>
   <trkpt lat="43.2227000" lon="5.4432360">
    <ele>184.1</ele>
    <time>2025-12-04T13:51:52Z</time>
   </trkpt>
   <trkpt lat="43.2227100" lon="5.4432320">
    <ele>184.0</ele>
    <time>2025-12-04T13:51:53Z</time>
   </trkpt>
   <trkpt lat="43.2227200" lon="5.4432210">
    <ele>183.9</ele>
    <time>2025-12-04T13:51:54Z</time>
   </trkpt>
   <trkpt lat="43.2227280" lon="5.4432180">
    <ele>183.8</ele>
    <time>2025-12-04T13:51:55Z</time>
   </trkpt>
   <trkpt lat="43.2227340" lon="5.4432160">
    <ele>183.7</ele>
    <time>2025-12-04T13:51:56Z</time>
   </trkpt>
   <trkpt lat="43.2227370" lon="5.4432140">
    <ele>183.6</ele>
    <time>2025-12-04T13:51:57Z</time>
   </trkpt>
   <trkpt lat="43.2227510" lon="5.4432130">
    <ele>183.5</ele>
    <time>2025-12-04T13:51:58Z</time>
   </trkpt>
   <trkpt lat="43.2227620" lon="5.4432120">
    <ele>183.4</ele>
    <time>2025-12-04T13:51:59Z</time>
   </trkpt>
   <trkpt lat="43.2227730" lon="5.4432100">
    <ele>183.2</ele>
    <time>2025-12-04T13:52:00Z</time>
   </trkpt>
   <trkpt lat="43.2227840" lon="5.4432090">
    <ele>183.1</ele>
    <time>2025-12-04T13:52:01Z</time>
   </trkpt>
   <trkpt lat="43.2228000" lon="5.4432230">
    <ele>182.9</ele>
    <time>2025-12-04T13:52:02Z</time>
   </trkpt>
   <trkpt lat="43.2228110" lon="5.4432240">
    <ele>182.8</ele>
    <time>2025-12-04T13:52:03Z</time>
   </trkpt>
   <trkpt lat="43.2228200" lon="5.4432210">
    <ele>182.7</ele>
    <time>2025-12-04T13:52:04Z</time>
   </trkpt>
   <trkpt lat="43.2228220" lon="5.4432220">
    <ele>182.6</ele>
    <time>2025-12-04T13:52:05Z</time>
   </trkpt>
   <trkpt lat="43.2228290" lon="5.4432260">
    <ele>182.5</ele>
    <time>2025-12-04T13:52:06Z</time>
   </trkpt>
   <trkpt lat="43.2228370" lon="5.4432240">
    <ele>182.5</ele>
    <time>2025-12-04T13:52:07Z</time>
   </trkpt>
   <trkpt lat="43.2228470" lon="5.4432300">
    <ele>182.3</ele>
    <time>2025-12-04T13:52:08Z</time>
   </trkpt>
   <trkpt lat="43.2228540" lon="5.4432280">
    <ele>182.3</ele>
    <time>2025-12-04T13:52:09Z</time>
   </trkpt>
   <trkpt lat="43.2228610" lon="5.4432250">
    <ele>182.2</ele>
    <time>2025-12-04T13:52:10Z</time>
   </trkpt>
   <trkpt lat="43.2228660" lon="5.4432130">
    <ele>182.1</ele>
    <time>2025-12-04T13:52:11Z</time>
   </trkpt>
   <trkpt lat="43.2228650" lon="5.4432200">
    <ele>182.0</ele>
    <time>2025-12-04T13:52:12Z</time>
   </trkpt>
   <trkpt lat="43.2228790" lon="5.4432230">
    <ele>181.8</ele>
    <time>2025-12-04T13:52:13Z</time>
   </trkpt>
   <trkpt lat="43.2229020" lon="5.4432170">
    <ele>181.6</ele>
    <time>2025-12-04T13:52:14Z</time>
   </trkpt>
   <trkpt lat="43.2229090" lon="5.4432170">
    <ele>181.5</ele>
    <time>2025-12-04T13:52:15Z</time>
   </trkpt>
   <trkpt lat="43.2229160" lon="5.4432160">
    <ele>181.4</ele>
    <time>2025-12-04T13:52:16Z</time>
   </trkpt>
   <trkpt lat="43.2229240" lon="5.4432140">
    <ele>181.3</ele>
    <time>2025-12-04T13:52:17Z</time>
   </trkpt>
   <trkpt lat="43.2229270" lon="5.4432130">
    <ele>181.3</ele>
    <time>2025-12-04T13:52:18Z</time>
   </trkpt>
   <trkpt lat="43.2229320" lon="5.4432120">
    <ele>181.2</ele>
    <time>2025-12-04T13:52:19Z</time>
   </trkpt>
   <trkpt lat="43.2229420" lon="5.4432100">
    <ele>181.1</ele>
    <time>2025-12-04T13:52:20Z</time>
   </trkpt>
   <trkpt lat="43.2229500" lon="5.4432070">
    <ele>181.0</ele>
    <time>2025-12-04T13:52:21Z</time>
   </trkpt>
   <trkpt lat="43.2229560" lon="5.4432040">
    <ele>181.0</ele>
    <time>2025-12-04T13:52:22Z</time>
   </trkpt>
   <trkpt lat="43.2229630" lon="5.4432060">
    <ele>180.9</ele>
    <time>2025-12-04T13:52:23Z</time>
   </trkpt>
   <trkpt lat="43.2229730" lon="5.4432110">
    <ele>180.8</ele>
    <time>2025-12-04T13:52:24Z</time>
   </trkpt>
   <trkpt lat="43.2229800" lon="5.4432150">
    <ele>180.7</ele>
    <time>2025-12-04T13:52:25Z</time>
   </trkpt>
   <trkpt lat="43.2229850" lon="5.4432110">
    <ele>180.7</ele>
    <time>2025-12-04T13:52:26Z</time>
   </trkpt>
   <trkpt lat="43.2229880" lon="5.4432130">
    <ele>180.6</ele>
    <time>2025-12-04T13:52:27Z</time>
   </trkpt>
   <trkpt lat="43.2229950" lon="5.4432120">
    <ele>180.6</ele>
    <time>2025-12-04T13:52:28Z</time>
   </trkpt>
   <trkpt lat="43.2230000" lon="5.4432100">
    <ele>180.5</ele>
    <time>2025-12-04T13:52:29Z</time>
   </trkpt>
   <trkpt lat="43.2230080" lon="5.4432070">
    <ele>180.4</ele>
    <time>2025-12-04T13:52:30Z</time>
   </trkpt>
   <trkpt lat="43.2230200" lon="5.4432120">
    <ele>180.3</ele>
    <time>2025-12-04T13:52:31Z</time>
   </trkpt>
   <trkpt lat="43.2230320" lon="5.4432130">
    <ele>180.2</ele>
    <time>2025-12-04T13:52:32Z</time>
   </trkpt>
   <trkpt lat="43.2230450" lon="5.4432100">
    <ele>180.0</ele>
    <time>2025-12-04T13:52:33Z</time>
   </trkpt>
   <trkpt lat="43.2230610" lon="5.4432080">
    <ele>179.9</ele>
    <time>2025-12-04T13:52:34Z</time>
   </trkpt>
   <trkpt lat="43.2230730" lon="5.4432020">
    <ele>179.8</ele>
    <time>2025-12-04T13:52:35Z</time>
   </trkpt>
   <trkpt lat="43.2230840" lon="5.4431990">
    <ele>179.7</ele>
    <time>2025-12-04T13:52:36Z</time>
   </trkpt>
   <trkpt lat="43.2230910" lon="5.4432030">
    <ele>179.6</ele>
    <time>2025-12-04T13:52:37Z</time>
   </trkpt>
   <trkpt lat="43.2230990" lon="5.4431970">
    <ele>179.5</ele>
    <time>2025-12-04T13:52:38Z</time>
   </trkpt>
   <trkpt lat="43.2231080" lon="5.4431930">
    <ele>179.4</ele>
    <time>2025-12-04T13:52:39Z</time>
   </trkpt>
   <trkpt lat="43.2231230" lon="5.4432010">
    <ele>179.3</ele>
    <time>2025-12-04T13:52:40Z</time>
   </trkpt>
   <trkpt lat="43.2231390" lon="5.4432080">
    <ele>179.1</ele>
    <time>2025-12-04T13:52:41Z</time>
   </trkpt>
   <trkpt lat="43.2231490" lon="5.4432130">
    <ele>179.0</ele>
    <time>2025-12-04T13:52:42Z</time>
   </trkpt>
   <trkpt lat="43.2231600" lon="5.4432170">
    <ele>178.9</ele>
    <time>2025-12-04T13:52:43Z</time>
   </trkpt>
   <trkpt lat="43.2231770" lon="5.4432200">
    <ele>178.8</ele>
    <time>2025-12-04T13:52:44Z</time>
   </trkpt>
   <trkpt lat="43.2231890" lon="5.4432250">
    <ele>178.7</ele>
    <time>2025-12-04T13:52:45Z</time>
   </trkpt>
   <trkpt lat="43.2231970" lon="5.4432220">
    <ele>178.6</ele>
    <time>2025-12-04T13:52:46Z</time>
   </trkpt>
   <trkpt lat="43.2232090" lon="5.4432250">
    <ele>178.5</ele>
    <time>2025-12-04T13:52:47Z</time>
   </trkpt>
   <trkpt lat="43.2232210" lon="5.4432250">
    <ele>178.4</ele>
    <time>2025-12-04T13:52:48Z</time>
   </trkpt>
   <trkpt lat="43.2232310" lon="5.4432230">
    <ele>178.4</ele>
    <time>2025-12-04T13:52:49Z</time>
   </trkpt>
   <trkpt lat="43.2232410" lon="5.4432230">
    <ele>178.3</ele>
    <time>2025-12-04T13:52:50Z</time>
   </trkpt>
   <trkpt lat="43.2232480" lon="5.4432240">
    <ele>178.2</ele>
    <time>2025-12-04T13:52:51Z</time>
   </trkpt>
   <trkpt lat="43.2232550" lon="5.4432270">
    <ele>178.2</ele>
    <time>2025-12-04T13:52:52Z</time>
   </trkpt>
   <trkpt lat="43.2232640" lon="5.4432310">
    <ele>178.1</ele>
    <time>2025-12-04T13:52:53Z</time>
   </trkpt>
   <trkpt lat="43.2232710" lon="5.4432300">
    <ele>178.1</ele>
    <time>2025-12-04T13:52:54Z</time>
   </trkpt>
   <trkpt lat="43.2232820" lon="5.4432290">
    <ele>178.0</ele>
    <time>2025-12-04T13:52:55Z</time>
   </trkpt>
   <trkpt lat="43.2232910" lon="5.4432260">
    <ele>177.9</ele>
    <time>2025-12-04T13:52:56Z</time>
   </trkpt>
   <trkpt lat="43.2233010" lon="5.4432270">
    <ele>177.8</ele>
    <time>2025-12-04T13:52:57Z</time>
   </trkpt>
   <trkpt lat="43.2233120" lon="5.4432290">
    <ele>177.8</ele>
    <time>2025-12-04T13:52:58Z</time>
   </trkpt>
   <trkpt lat="43.2233240" lon="5.4432360">
    <ele>177.7</ele>
    <time>2025-12-04T13:52:59Z</time>
   </trkpt>
   <trkpt lat="43.2233370" lon="5.4432400">
    <ele>177.6</ele>
    <time>2025-12-04T13:53:00Z</time>
   </trkpt>
   <trkpt lat="43.2233470" lon="5.4432340">
    <ele>177.5</ele>
    <time>2025-12-04T13:53:01Z</time>
   </trkpt>
   <trkpt lat="43.2233570" lon="5.4432320">
    <ele>177.4</ele>
    <time>2025-12-04T13:53:02Z</time>
   </trkpt>
   <trkpt lat="43.2233690" lon="5.4432290">
    <ele>177.3</ele>
    <time>2025-12-04T13:53:03Z</time>
   </trkpt>
   <trkpt lat="43.2233770" lon="5.4432260">
    <ele>177.3</ele>
    <time>2025-12-04T13:53:04Z</time>
   </trkpt>
   <trkpt lat="43.2233850" lon="5.4432270">
    <ele>177.2</ele>
    <time>2025-12-04T13:53:05Z</time>
   </trkpt>
   <trkpt lat="43.2233930" lon="5.4432240">
    <ele>177.1</ele>
    <time>2025-12-04T13:53:06Z</time>
   </trkpt>
   <trkpt lat="43.2234010" lon="5.4432230">
    <ele>177.1</ele>
    <time>2025-12-04T13:53:07Z</time>
   </trkpt>
   <trkpt lat="43.2234100" lon="5.4432170">
    <ele>177.0</ele>
    <time>2025-12-04T13:53:08Z</time>
   </trkpt>
   <trkpt lat="43.2234240" lon="5.4432110">
    <ele>176.9</ele>
    <time>2025-12-04T13:53:09Z</time>
   </trkpt>
   <trkpt lat="43.2234270" lon="5.4432080">
    <ele>176.9</ele>
    <time>2025-12-04T13:53:10Z</time>
   </trkpt>
   <trkpt lat="43.2234360" lon="5.4432040">
    <ele>176.8</ele>
    <time>2025-12-04T13:53:11Z</time>
   </trkpt>
   <trkpt lat="43.2234480" lon="5.4432080">
    <ele>176.7</ele>
    <time>2025-12-04T13:53:12Z</time>
   </trkpt>
   <trkpt lat="43.2234590" lon="5.4432050">
    <ele>176.7</ele>
    <time>2025-12-04T13:53:13Z</time>
   </trkpt>
   <trkpt lat="43.2234690" lon="5.4432040">
    <ele>176.6</ele>
    <time>2025-12-04T13:53:14Z</time>
   </trkpt>
   <trkpt lat="43.2234760" lon="5.4432020">
    <ele>176.5</ele>
    <time>2025-12-04T13:53:15Z</time>
   </trkpt>
   <trkpt lat="43.2234830" lon="5.4432010">
    <ele>176.5</ele>
    <time>2025-12-04T13:53:16Z</time>
   </trkpt>
   <trkpt lat="43.2234990" lon="5.4431960">
    <ele>176.4</ele>
    <time>2025-12-04T13:53:17Z</time>
   </trkpt>
   <trkpt lat="43.2235090" lon="5.4431920">
    <ele>176.3</ele>
    <time>2025-12-04T13:53:18Z</time>
   </trkpt>
   <trkpt lat="43.2235190" lon="5.4431870">
    <ele>176.2</ele>
    <time>2025-12-04T13:53:19Z</time>
   </trkpt>
   <trkpt lat="43.2235270" lon="5.4431790">
    <ele>176.2</ele>
    <time>2025-12-04T13:53:20Z</time>
   </trkpt>
   <trkpt lat="43.2235350" lon="5.4431740">
    <ele>176.1</ele>
    <time>2025-12-04T13:53:21Z</time>
   </trkpt>
   <trkpt lat="43.2235490" lon="5.4431760">
    <ele>176.0</ele>
    <time>2025-12-04T13:53:22Z</time>
   </trkpt>
   <trkpt lat="43.2235580" lon="5.4431720">
    <ele>176.0</ele>
    <time>2025-12-04T13:53:23Z</time>
   </trkpt>
   <trkpt lat="43.2235660" lon="5.4431710">
    <ele>175.9</ele>
    <time>2025-12-04T13:53:24Z</time>
   </trkpt>
   <trkpt lat="43.2235750" lon="5.4431720">
    <ele>175.9</ele>
    <time>2025-12-04T13:53:25Z</time>
   </trkpt>
   <trkpt lat="43.2235870" lon="5.4431700">
    <ele>175.8</ele>
    <time>2025-12-04T13:53:26Z</time>
   </trkpt>
   <trkpt lat="43.2236080" lon="5.4431640">
    <ele>175.7</ele>
    <time>2025-12-04T13:53:27Z</time>
   </trkpt>
   <trkpt lat="43.2236180" lon="5.4431630">
    <ele>175.7</ele>
    <time>2025-12-04T13:53:28Z</time>
   </trkpt>
   <trkpt lat="43.2236290" lon="5.4431630">
    <ele>175.6</ele>
    <time>2025-12-04T13:53:29Z</time>
   </trkpt>
   <trkpt lat="43.2236490" lon="5.4431590">
    <ele>175.5</ele>
    <time>2025-12-04T13:53:30Z</time>
   </trkpt>
   <trkpt lat="43.2236580" lon="5.4431560">
    <ele>175.5</ele>
    <time>2025-12-04T13:53:31Z</time>
   </trkpt>
   <trkpt lat="43.2236680" lon="5.4431530">
    <ele>175.5</ele>
    <time>2025-12-04T13:53:32Z</time>
   </trkpt>
   <trkpt lat="43.2236780" lon="5.4431480">
    <ele>175.4</ele>
    <time>2025-12-04T13:53:33Z</time>
   </trkpt>
   <trkpt lat="43.2236880" lon="5.4431510">
    <ele>175.4</ele>
    <time>2025-12-04T13:53:34Z</time>
   </trkpt>
   <trkpt lat="43.2237020" lon="5.4431480">
    <ele>175.4</ele>
    <time>2025-12-04T13:53:35Z</time>
   </trkpt>
   <trkpt lat="43.2237130" lon="5.4431440">
    <ele>175.3</ele>
    <time>2025-12-04T13:53:36Z</time>
   </trkpt>
   <trkpt lat="43.2237240" lon="5.4431430">
    <ele>175.3</ele>
    <time>2025-12-04T13:53:37Z</time>
   </trkpt>
   <trkpt lat="43.2237340" lon="5.4431440">
    <ele>175.3</ele>
    <time>2025-12-04T13:53:38Z</time>
   </trkpt>
   <trkpt lat="43.2237430" lon="5.4431430">
    <ele>175.3</ele>
    <time>2025-12-04T13:53:39Z</time>
   </trkpt>
   <trkpt lat="43.2237510" lon="5.4431470">
    <ele>175.3</ele>
    <time>2025-12-04T13:53:40Z</time>
   </trkpt>
   <trkpt lat="43.2237650" lon="5.4431530">
    <ele>175.3</ele>
    <time>2025-12-04T13:53:41Z</time>
   </trkpt>
   <trkpt lat="43.2237760" lon="5.4431490">
    <ele>175.3</ele>
    <time>2025-12-04T13:53:42Z</time>
   </trkpt>
   <trkpt lat="43.2237840" lon="5.4431430">
    <ele>175.2</ele>
    <time>2025-12-04T13:53:43Z</time>
   </trkpt>
   <trkpt lat="43.2237990" lon="5.4431370">
    <ele>175.2</ele>
    <time>2025-12-04T13:53:44Z</time>
   </trkpt>
   <trkpt lat="43.2238100" lon="5.4431270">
    <ele>175.2</ele>
    <time>2025-12-04T13:53:45Z</time>
   </trkpt>
   <trkpt lat="43.2238190" lon="5.4431260">
    <ele>175.2</ele>
    <time>2025-12-04T13:53:46Z</time>
   </trkpt>
   <trkpt lat="43.2238280" lon="5.4431240">
    <ele>175.2</ele>
    <time>2025-12-04T13:53:47Z</time>
   </trkpt>
   <trkpt lat="43.2238370" lon="5.4431220">
    <ele>175.2</ele>
    <time>2025-12-04T13:53:48Z</time>
   </trkpt>
   <trkpt lat="43.2238530" lon="5.4431150">
    <ele>175.3</ele>
    <time>2025-12-04T13:53:49Z</time>
   </trkpt>
   <trkpt lat="43.2238570" lon="5.4431070">
    <ele>175.3</ele>
    <time>2025-12-04T13:53:50Z</time>
   </trkpt>
   <trkpt lat="43.2238620" lon="5.4431040">
    <ele>175.3</ele>
    <time>2025-12-04T13:53:51Z</time>
   </trkpt>
   <trkpt lat="43.2238690" lon="5.4431040">
    <ele>175.3</ele>
    <time>2025-12-04T13:53:52Z</time>
   </trkpt>
   <trkpt lat="43.2238800" lon="5.4430990">
    <ele>175.3</ele>
    <time>2025-12-04T13:53:53Z</time>
   </trkpt>
   <trkpt lat="43.2238890" lon="5.4430950">
    <ele>175.3</ele>
    <time>2025-12-04T13:53:54Z</time>
   </trkpt>
   <trkpt lat="43.2239040" lon="5.4430940">
    <ele>175.3</ele>
    <time>2025-12-04T13:53:55Z</time>
   </trkpt>
   <trkpt lat="43.2239170" lon="5.4430870">
    <ele>175.3</ele>
    <time>2025-12-04T13:53:56Z</time>
   </trkpt>
   <trkpt lat="43.2239290" lon="5.4430800">
    <ele>175.2</ele>
    <time>2025-12-04T13:53:57Z</time>
   </trkpt>
   <trkpt lat="43.2239340" lon="5.4430720">
    <ele>175.1</ele>
    <time>2025-12-04T13:53:58Z</time>
   </trkpt>
   <trkpt lat="43.2239410" lon="5.4430650">
    <ele>175.0</ele>
    <time>2025-12-04T13:53:59Z</time>
   </trkpt>
   <trkpt lat="43.2239510" lon="5.4430640">
    <ele>174.9</ele>
    <time>2025-12-04T13:54:00Z</time>
   </trkpt>
   <trkpt lat="43.2239610" lon="5.4430650">
    <ele>174.8</ele>
    <time>2025-12-04T13:54:01Z</time>
   </trkpt>
   <trkpt lat="43.2239690" lon="5.4430690">
    <ele>174.7</ele>
    <time>2025-12-04T13:54:02Z</time>
   </trkpt>
   <trkpt lat="43.2239730" lon="5.4430660">
    <ele>174.7</ele>
    <time>2025-12-04T13:54:03Z</time>
   </trkpt>
   <trkpt lat="43.2239750" lon="5.4430660">
    <ele>174.6</ele>
    <time>2025-12-04T13:54:04Z</time>
   </trkpt>
   <trkpt lat="43.2239750" lon="5.4430640">
    <ele>174.6</ele>
    <time>2025-12-04T13:54:05Z</time>
   </trkpt>
   <trkpt lat="43.2239800" lon="5.4430640">
    <ele>174.6</ele>
    <time>2025-12-04T13:54:06Z</time>
   </trkpt>
   <trkpt lat="43.2239840" lon="5.4430650">
    <ele>174.5</ele>
    <time>2025-12-04T13:54:07Z</time>
   </trkpt>
   <trkpt lat="43.2239860" lon="5.4430640">
    <ele>174.5</ele>
    <time>2025-12-04T13:54:08Z</time>
   </trkpt>
   <trkpt lat="43.2239910" lon="5.4430620">
    <ele>174.4</ele>
    <time>2025-12-04T13:54:09Z</time>
   </trkpt>
   <trkpt lat="43.2239980" lon="5.4430590">
    <ele>174.4</ele>
    <time>2025-12-04T13:54:10Z</time>
   </trkpt>
   <trkpt lat="43.2240010" lon="5.4430560">
    <ele>174.3</ele>
    <time>2025-12-04T13:54:11Z</time>
   </trkpt>
   <trkpt lat="43.2240070" lon="5.4430520">
    <ele>174.2</ele>
    <time>2025-12-04T13:54:12Z</time>
   </trkpt>
   <trkpt lat="43.2240110" lon="5.4430520">
    <ele>174.2</ele>
    <time>2025-12-04T13:54:13Z</time>
   </trkpt>
   <trkpt lat="43.2240180" lon="5.4430530">
    <ele>174.1</ele>
    <time>2025-12-04T13:54:14Z</time>
   </trkpt>
   <trkpt lat="43.2240190" lon="5.4430510">
    <ele>174.1</ele>
    <time>2025-12-04T13:54:15Z</time>
   </trkpt>
   <trkpt lat="43.2240150" lon="5.4430460">
    <ele>174.0</ele>
    <time>2025-12-04T13:54:16Z</time>
   </trkpt>
   <trkpt lat="43.2240190" lon="5.4430300">
    <ele>173.9</ele>
    <time>2025-12-04T13:54:17Z</time>
   </trkpt>
   <trkpt lat="43.2240360" lon="5.4430300">
    <ele>173.7</ele>
    <time>2025-12-04T13:54:18Z</time>
   </trkpt>
   <trkpt lat="43.2240450" lon="5.4430180">
    <ele>173.5</ele>
    <time>2025-12-04T13:54:19Z</time>
   </trkpt>
   <trkpt lat="43.2240470" lon="5.4430110">
    <ele>173.5</ele>
    <time>2025-12-04T13:54:20Z</time>
   </trkpt>
   <trkpt lat="43.2240550" lon="5.4430050">
    <ele>173.4</ele>
    <time>2025-12-04T13:54:21Z</time>
   </trkpt>
   <trkpt lat="43.2240630" lon="5.4430030">
    <ele>173.3</ele>
    <time>2025-12-04T13:54:22Z</time>
   </trkpt>
   <trkpt lat="43.2240690" lon="5.4429940">
    <ele>173.2</ele>
    <time>2025-12-04T13:54:23Z</time>
   </trkpt>
   <trkpt lat="43.2240760" lon="5.4429870">
    <ele>173.1</ele>
    <time>2025-12-04T13:54:24Z</time>
   </trkpt>
   <trkpt lat="43.2240820" lon="5.4429850">
    <ele>173.0</ele>
    <time>2025-12-04T13:54:25Z</time>
   </trkpt>
   <trkpt lat="43.2240860" lon="5.4429840">
    <ele>173.0</ele>
    <time>2025-12-04T13:54:26Z</time>
   </trkpt>
   <trkpt lat="43.2240970" lon="5.4429740">
    <ele>172.9</ele>
    <time>2025-12-04T13:54:27Z</time>
   </trkpt>
   <trkpt lat="43.2241110" lon="5.4429630">
    <ele>172.7</ele>
    <time>2025-12-04T13:54:28Z</time>
   </trkpt>
   <trkpt lat="43.2241220" lon="5.4429570">
    <ele>172.6</ele>
    <time>2025-12-04T13:54:29Z</time>
   </trkpt>
   <trkpt lat="43.2241370" lon="5.4429510">
    <ele>172.4</ele>
    <time>2025-12-04T13:54:30Z</time>
   </trkpt>
   <trkpt lat="43.2241440" lon="5.4429470">
    <ele>172.4</ele>
    <time>2025-12-04T13:54:31Z</time>
   </trkpt>
   <trkpt lat="43.2241510" lon="5.4429440">
    <ele>172.3</ele>
    <time>2025-12-04T13:54:32Z</time>
   </trkpt>
   <trkpt lat="43.2241580" lon="5.4429400">
    <ele>172.3</ele>
    <time>2025-12-04T13:54:33Z</time>
   </trkpt>
   <trkpt lat="43.2241650" lon="5.4429360">
    <ele>172.2</ele>
    <time>2025-12-04T13:54:34Z</time>
   </trkpt>
   <trkpt lat="43.2241740" lon="5.4429300">
    <ele>172.1</ele>
    <time>2025-12-04T13:54:35Z</time>
   </trkpt>
   <trkpt lat="43.2241860" lon="5.4429290">
    <ele>172.0</ele>
    <time>2025-12-04T13:54:36Z</time>
   </trkpt>
   <trkpt lat="43.2241950" lon="5.4429250">
    <ele>172.0</ele>
    <time>2025-12-04T13:54:37Z</time>
   </trkpt>
   <trkpt lat="43.2242030" lon="5.4429170">
    <ele>171.9</ele>
    <time>2025-12-04T13:54:38Z</time>
   </trkpt>
   <trkpt lat="43.2242150" lon="5.4429120">
    <ele>171.8</ele>
    <time>2025-12-04T13:54:39Z</time>
   </trkpt>
   <trkpt lat="43.2242240" lon="5.4429120">
    <ele>171.7</ele>
    <time>2025-12-04T13:54:40Z</time>
   </trkpt>
   <trkpt lat="43.2242340" lon="5.4429060">
    <ele>171.7</ele>
    <time>2025-12-04T13:54:41Z</time>
   </trkpt>
   <trkpt lat="43.2242430" lon="5.4429010">
    <ele>171.6</ele>
    <time>2025-12-04T13:54:42Z</time>
   </trkpt>
   <trkpt lat="43.2242540" lon="5.4428990">
    <ele>171.5</ele>
    <time>2025-12-04T13:54:43Z</time>
   </trkpt>
   <trkpt lat="43.2242660" lon="5.4429000">
    <ele>171.5</ele>
    <time>2025-12-04T13:54:44Z</time>
   </trkpt>
   <trkpt lat="43.2242720" lon="5.4429000">
    <ele>171.4</ele>
    <time>2025-12-04T13:54:45Z</time>
   </trkpt>
   <trkpt lat="43.2242830" lon="5.4429000">
    <ele>171.4</ele>
    <time>2025-12-04T13:54:46Z</time>
   </trkpt>
   <trkpt lat="43.2243040" lon="5.4428970">
    <ele>171.2</ele>
    <time>2025-12-04T13:54:47Z</time>
   </trkpt>
   <trkpt lat="43.2243110" lon="5.4428950">
    <ele>171.2</ele>
    <time>2025-12-04T13:54:48Z</time>
   </trkpt>
   <trkpt lat="43.2243190" lon="5.4428930">
    <ele>171.2</ele>
    <time>2025-12-04T13:54:49Z</time>
   </trkpt>
   <trkpt lat="43.2243340" lon="5.4428900">
    <ele>171.1</ele>
    <time>2025-12-04T13:54:50Z</time>
   </trkpt>
   <trkpt lat="43.2243440" lon="5.4428840">
    <ele>171.0</ele>
    <time>2025-12-04T13:54:51Z</time>
   </trkpt>
   <trkpt lat="43.2243530" lon="5.4428820">
    <ele>170.9</ele>
    <time>2025-12-04T13:54:52Z</time>
   </trkpt>
   <trkpt lat="43.2243710" lon="5.4428780">
    <ele>170.8</ele>
    <time>2025-12-04T13:54:53Z</time>
   </trkpt>
   <trkpt lat="43.2243830" lon="5.4428780">
    <ele>170.8</ele>
    <time>2025-12-04T13:54:54Z</time>
   </trkpt>
   <trkpt lat="43.2243910" lon="5.4428800">
    <ele>170.7</ele>
    <time>2025-12-04T13:54:55Z</time>
   </trkpt>
   <trkpt lat="43.2243980" lon="5.4428770">
    <ele>170.7</ele>
    <time>2025-12-04T13:54:56Z</time>
   </trkpt>
   <trkpt lat="43.2244060" lon="5.4428750">
    <ele>170.6</ele>
    <time>2025-12-04T13:54:57Z</time>
   </trkpt>
   <trkpt lat="43.2244150" lon="5.4428700">
    <ele>170.6</ele>
    <time>2025-12-04T13:54:58Z</time>
   </trkpt>
   <trkpt lat="43.2244260" lon="5.4428690">
    <ele>170.5</ele>
    <time>2025-12-04T13:54:59Z</time>
   </trkpt>
   <trkpt lat="43.2244390" lon="5.4428610">
    <ele>170.4</ele>
    <time>2025-12-04T13:55:00Z</time>
   </trkpt>
   <trkpt lat="43.2244470" lon="5.4428550">
    <ele>170.4</ele>
    <time>2025-12-04T13:55:01Z</time>
   </trkpt>
   <trkpt lat="43.2244600" lon="5.4428430">
    <ele>170.3</ele>
    <time>2025-12-04T13:55:02Z</time>
   </trkpt>
   <trkpt lat="43.2244660" lon="5.4428350">
    <ele>170.2</ele>
    <time>2025-12-04T13:55:03Z</time>
   </trkpt>
   <trkpt lat="43.2244770" lon="5.4428320">
    <ele>170.2</ele>
    <time>2025-12-04T13:55:04Z</time>
   </trkpt>
   <trkpt lat="43.2244890" lon="5.4428290">
    <ele>170.1</ele>
    <time>2025-12-04T13:55:05Z</time>
   </trkpt>
   <trkpt lat="43.2245000" lon="5.4428290">
    <ele>170.0</ele>
    <time>2025-12-04T13:55:06Z</time>
   </trkpt>
   <trkpt lat="43.2245120" lon="5.4428260">
    <ele>170.0</ele>
    <time>2025-12-04T13:55:07Z</time>
   </trkpt>
   <trkpt lat="43.2245250" lon="5.4428250">
    <ele>169.9</ele>
    <time>2025-12-04T13:55:08Z</time>
   </trkpt>
   <trkpt lat="43.2245340" lon="5.4428210">
    <ele>169.9</ele>
    <time>2025-12-04T13:55:09Z</time>
   </trkpt>
   <trkpt lat="43.2245470" lon="5.4428230">
    <ele>169.8</ele>
    <time>2025-12-04T13:55:10Z</time>
   </trkpt>
   <trkpt lat="43.2245580" lon="5.4428180">
    <ele>169.8</ele>
    <time>2025-12-04T13:55:11Z</time>
   </trkpt>
   <trkpt lat="43.2245730" lon="5.4428120">
    <ele>169.7</ele>
    <time>2025-12-04T13:55:12Z</time>
   </trkpt>
   <trkpt lat="43.2245930" lon="5.4428000">
    <ele>169.6</ele>
    <time>2025-12-04T13:55:13Z</time>
   </trkpt>
   <trkpt lat="43.2246010" lon="5.4427970">
    <ele>169.5</ele>
    <time>2025-12-04T13:55:14Z</time>
   </trkpt>
   <trkpt lat="43.2246100" lon="5.4427940">
    <ele>169.5</ele>
    <time>2025-12-04T13:55:15Z</time>
   </trkpt>
   <trkpt lat="43.2246190" lon="5.4427920">
    <ele>169.5</ele>
    <time>2025-12-04T13:55:16Z</time>
   </trkpt>
   <trkpt lat="43.2246310" lon="5.4427900">
    <ele>169.4</ele>
    <time>2025-12-04T13:55:17Z</time>
   </trkpt>
   <trkpt lat="43.2246430" lon="5.4427780">
    <ele>169.3</ele>
    <time>2025-12-04T13:55:18Z</time>
   </trkpt>
   <trkpt lat="43.2246580" lon="5.4427760">
    <ele>169.3</ele>
    <time>2025-12-04T13:55:19Z</time>
   </trkpt>
   <trkpt lat="43.2246680" lon="5.4427710">
    <ele>169.2</ele>
    <time>2025-12-04T13:55:20Z</time>
   </trkpt>
   <trkpt lat="43.2246780" lon="5.4427690">
    <ele>169.2</ele>
    <time>2025-12-04T13:55:21Z</time>
   </trkpt>
   <trkpt lat="43.2246950" lon="5.4427680">
    <ele>169.1</ele>
    <time>2025-12-04T13:55:22Z</time>
   </trkpt>
   <trkpt lat="43.2247060" lon="5.4427640">
    <ele>169.1</ele>
    <time>2025-12-04T13:55:23Z</time>
   </trkpt>
   <trkpt lat="43.2247230" lon="5.4427610">
    <ele>169.0</ele>
    <time>2025-12-04T13:55:24Z</time>
   </trkpt>
   <trkpt lat="43.2247340" lon="5.4427530">
    <ele>169.0</ele>
    <time>2025-12-04T13:55:25Z</time>
   </trkpt>
   <trkpt lat="43.2247540" lon="5.4427460">
    <ele>168.9</ele>
    <time>2025-12-04T13:55:26Z</time>
   </trkpt>
   <trkpt lat="43.2247620" lon="5.4427440">
    <ele>168.8</ele>
    <time>2025-12-04T13:55:27Z</time>
   </trkpt>
   <trkpt lat="43.2247710" lon="5.4427430">
    <ele>168.8</ele>
    <time>2025-12-04T13:55:28Z</time>
   </trkpt>
   <trkpt lat="43.2247890" lon="5.4427430">
    <ele>168.7</ele>
    <time>2025-12-04T13:55:29Z</time>
   </trkpt>
   <trkpt lat="43.2248010" lon="5.4427490">
    <ele>168.7</ele>
    <time>2025-12-04T13:55:30Z</time>
   </trkpt>
   <trkpt lat="43.2248050" lon="5.4427510">
    <ele>168.7</ele>
    <time>2025-12-04T13:55:31Z</time>
   </trkpt>
   <trkpt lat="43.2248130" lon="5.4427490">
    <ele>168.6</ele>
    <time>2025-12-04T13:55:32Z</time>
   </trkpt>
   <trkpt lat="43.2248290" lon="5.4427450">
    <ele>168.6</ele>
    <time>2025-12-04T13:55:33Z</time>
   </trkpt>
   <trkpt lat="43.2248410" lon="5.4427390">
    <ele>168.5</ele>
    <time>2025-12-04T13:55:34Z</time>
   </trkpt>
   <trkpt lat="43.2248500" lon="5.4427290">
    <ele>168.5</ele>
    <time>2025-12-04T13:55:35Z</time>
   </trkpt>
   <trkpt lat="43.2248560" lon="5.4427260">
    <ele>168.4</ele>
    <time>2025-12-04T13:55:36Z</time>
   </trkpt>
   <trkpt lat="43.2248720" lon="5.4427310">
    <ele>168.4</ele>
    <time>2025-12-04T13:55:37Z</time>
   </trkpt>
   <trkpt lat="43.2248860" lon="5.4427290">
    <ele>168.3</ele>
    <time>2025-12-04T13:55:38Z</time>
   </trkpt>
   <trkpt lat="43.2248980" lon="5.4427320">
    <ele>168.3</ele>
    <time>2025-12-04T13:55:39Z</time>
   </trkpt>
   <trkpt lat="43.2249070" lon="5.4427270">
    <ele>168.2</ele>
    <time>2025-12-04T13:55:40Z</time>
   </trkpt>
   <trkpt lat="43.2249180" lon="5.4427260">
    <ele>168.2</ele>
    <time>2025-12-04T13:55:41Z</time>
   </trkpt>
   <trkpt lat="43.2249260" lon="5.4427190">
    <ele>168.1</ele>
    <time>2025-12-04T13:55:42Z</time>
   </trkpt>
   <trkpt lat="43.2249370" lon="5.4427090">
    <ele>168.1</ele>
    <time>2025-12-04T13:55:43Z</time>
   </trkpt>
   <trkpt lat="43.2249430" lon="5.4427040">
    <ele>168.1</ele>
    <time>2025-12-04T13:55:44Z</time>
   </trkpt>
   <trkpt lat="43.2249580" lon="5.4427010">
    <ele>168.0</ele>
    <time>2025-12-04T13:55:45Z</time>
   </trkpt>
   <trkpt lat="43.2249720" lon="5.4426940">
    <ele>168.0</ele>
    <time>2025-12-04T13:55:46Z</time>
   </trkpt>
   <trkpt lat="43.2249890" lon="5.4426870">
    <ele>167.9</ele>
    <time>2025-12-04T13:55:47Z</time>
   </trkpt>
   <trkpt lat="43.2250070" lon="5.4426880">
    <ele>167.8</ele>
    <time>2025-12-04T13:55:48Z</time>
   </trkpt>
   <trkpt lat="43.2250190" lon="5.4426820">
    <ele>167.8</ele>
    <time>2025-12-04T13:55:49Z</time>
   </trkpt>
   <trkpt lat="43.2250340" lon="5.4426790">
    <ele>167.7</ele>
    <time>2025-12-04T13:55:50Z</time>
   </trkpt>
   <trkpt lat="43.2250440" lon="5.4426780">
    <ele>167.7</ele>
    <time>2025-12-04T13:55:51Z</time>
   </trkpt>
   <trkpt lat="43.2250540" lon="5.4426790">
    <ele>167.7</ele>
    <time>2025-12-04T13:55:52Z</time>
   </trkpt>
   <trkpt lat="43.2250700" lon="5.4426730">
    <ele>167.6</ele>
    <time>2025-12-04T13:55:53Z</time>
   </trkpt>
   <trkpt lat="43.2250780" lon="5.4426690">
    <ele>167.6</ele>
    <time>2025-12-04T13:55:54Z</time>
   </trkpt>
   <trkpt lat="43.2250880" lon="5.4426600">
    <ele>167.6</ele>
    <time>2025-12-04T13:55:55Z</time>
   </trkpt>
   <trkpt lat="43.2250960" lon="5.4426520">
    <ele>167.5</ele>
    <time>2025-12-04T13:55:56Z</time>
   </trkpt>
   <trkpt lat="43.2251070" lon="5.4426430">
    <ele>167.5</ele>
    <time>2025-12-04T13:55:57Z</time>
   </trkpt>
   <trkpt lat="43.2251200" lon="5.4426400">
    <ele>167.5</ele>
    <time>2025-12-04T13:55:58Z</time>
   </trkpt>
   <trkpt lat="43.2251260" lon="5.4426310">
    <ele>167.5</ele>
    <time>2025-12-04T13:55:59Z</time>
   </trkpt>
   <trkpt lat="43.2251380" lon="5.4426240">
    <ele>167.4</ele>
    <time>2025-12-04T13:56:00Z</time>
   </trkpt>
   <trkpt lat="43.2251510" lon="5.4426130">
    <ele>167.4</ele>
    <time>2025-12-04T13:56:01Z</time>
   </trkpt>
   <trkpt lat="43.2251750" lon="5.4425970">
    <ele>167.3</ele>
    <time>2025-12-04T13:56:02Z</time>
   </trkpt>
   <trkpt lat="43.2251830" lon="5.4425910">
    <ele>167.3</ele>
    <time>2025-12-04T13:56:03Z</time>
   </trkpt>
   <trkpt lat="43.2251900" lon="5.4425850">
    <ele>167.3</ele>
    <time>2025-12-04T13:56:04Z</time>
   </trkpt>
   <trkpt lat="43.2252100" lon="5.4425740">
    <ele>167.3</ele>
    <time>2025-12-04T13:56:05Z</time>
   </trkpt>
   <trkpt lat="43.2252180" lon="5.4425680">
    <ele>167.2</ele>
    <time>2025-12-04T13:56:06Z</time>
   </trkpt>
   <trkpt lat="43.2252250" lon="5.4425610">
    <ele>167.2</ele>
    <time>2025-12-04T13:56:07Z</time>
   </trkpt>
   <trkpt lat="43.2252400" lon="5.4425590">
    <ele>167.2</ele>
    <time>2025-12-04T13:56:08Z</time>
   </trkpt>
   <trkpt lat="43.2252540" lon="5.4425600">
    <ele>167.2</ele>
    <time>2025-12-04T13:56:09Z</time>
   </trkpt>
   <trkpt lat="43.2252610" lon="5.4425580">
    <ele>167.2</ele>
    <time>2025-12-04T13:56:10Z</time>
   </trkpt>
   <trkpt lat="43.2252750" lon="5.4425600">
    <ele>167.2</ele>
    <time>2025-12-04T13:56:11Z</time>
   </trkpt>
   <trkpt lat="43.2252850" lon="5.4425460">
    <ele>167.1</ele>
    <time>2025-12-04T13:56:12Z</time>
   </trkpt>
   <trkpt lat="43.2252980" lon="5.4425410">
    <ele>167.1</ele>
    <time>2025-12-04T13:56:13Z</time>
   </trkpt>
   <trkpt lat="43.2253090" lon="5.4425370">
    <ele>167.1</ele>
    <time>2025-12-04T13:56:14Z</time>
   </trkpt>
   <trkpt lat="43.2253180" lon="5.4425300">
    <ele>167.1</ele>
    <time>2025-12-04T13:56:15Z</time>
   </trkpt>
   <trkpt lat="43.2253450" lon="5.4425280">
    <ele>167.1</ele>
    <time>2025-12-04T13:56:16Z</time>
   </trkpt>
   <trkpt lat="43.2253570" lon="5.4425250">
    <ele>167.1</ele>
    <time>2025-12-04T13:56:17Z</time>
   </trkpt>
   <trkpt lat="43.2253610" lon="5.4425260">
    <ele>167.1</ele>
    <time>2025-12-04T13:56:18Z</time>
   </trkpt>
   <trkpt lat="43.2253720" lon="5.4425250">
    <ele>167.1</ele>
    <time>2025-12-04T13:56:19Z</time>
   </trkpt>
   <trkpt lat="43.2253810" lon="5.4425210">
    <ele>167.1</ele>
    <time>2025-12-04T13:56:20Z</time>
   </trkpt>
   <trkpt lat="43.2253920" lon="5.4425130">
    <ele>167.1</ele>
    <time>2025-12-04T13:56:21Z</time>
   </trkpt>
   <trkpt lat="43.2254030" lon="5.4425080">
    <ele>167.1</ele>
    <time>2025-12-04T13:56:22Z</time>
   </trkpt>
   <trkpt lat="43.2254200" lon="5.4425070">
    <ele>167.1</ele>
    <time>2025-12-04T13:56:23Z</time>
   </trkpt>
   <trkpt lat="43.2254400" lon="5.4424980">
    <ele>167.1</ele>
    <time>2025-12-04T13:56:24Z</time>
   </trkpt>
   <trkpt lat="43.2254470" lon="5.4424950">
    <ele>167.1</ele>
    <time>2025-12-04T13:56:25Z</time>
   </trkpt>
   <trkpt lat="43.2254550" lon="5.4424910">
    <ele>167.1</ele>
    <time>2025-12-04T13:56:26Z</time>
   </trkpt>
   <trkpt lat="43.2254780" lon="5.4424840">
    <ele>167.1</ele>
    <time>2025-12-04T13:56:27Z</time>
   </trkpt>
   <trkpt lat="43.2254880" lon="5.4424810">
    <ele>167.1</ele>
    <time>2025-12-04T13:56:28Z</time>
   </trkpt>
   <trkpt lat="43.2254970" lon="5.4424790">
    <ele>167.1</ele>
    <time>2025-12-04T13:56:29Z</time>
   </trkpt>
   <trkpt lat="43.2255080" lon="5.4424750">
    <ele>167.2</ele>
    <time>2025-12-04T13:56:30Z</time>
   </trkpt>
   <trkpt lat="43.2255230" lon="5.4424730">
    <ele>167.2</ele>
    <time>2025-12-04T13:56:31Z</time>
   </trkpt>
   <trkpt lat="43.2255280" lon="5.4424700">
    <ele>167.2</ele>
    <time>2025-12-04T13:56:32Z</time>
   </trkpt>
   <trkpt lat="43.2255380" lon="5.4424650">
    <ele>167.2</ele>
    <time>2025-12-04T13:56:33Z</time>
   </trkpt>
   <trkpt lat="43.2255490" lon="5.4424590">
    <ele>167.2</ele>
    <time>2025-12-04T13:56:34Z</time>
   </trkpt>
   <trkpt lat="43.2255600" lon="5.4424550">
    <ele>167.3</ele>
    <time>2025-12-04T13:56:35Z</time>
   </trkpt>
   <trkpt lat="43.2255720" lon="5.4424570">
    <ele>167.3</ele>
    <time>2025-12-04T13:56:36Z</time>
   </trkpt>
   <trkpt lat="43.2255780" lon="5.4424620">
    <ele>167.3</ele>
    <time>2025-12-04T13:56:37Z</time>
   </trkpt>
   <trkpt lat="43.2255850" lon="5.4424670">
    <ele>167.3</ele>
    <time>2025-12-04T13:56:38Z</time>
   </trkpt>
   <trkpt lat="43.2255910" lon="5.4424650">
    <ele>167.3</ele>
    <time>2025-12-04T13:56:39Z</time>
   </trkpt>
   <trkpt lat="43.2256030" lon="5.4424540">
    <ele>167.4</ele>
    <time>2025-12-04T13:56:40Z</time>
   </trkpt>
   <trkpt lat="43.2256140" lon="5.4424450">
    <ele>167.4</ele>
    <time>2025-12-04T13:56:41Z</time>
   </trkpt>
   <trkpt lat="43.2256270" lon="5.4424350">
    <ele>167.4</ele>
    <time>2025-12-04T13:56:42Z</time>
   </trkpt>
   <trkpt lat="43.2256420" lon="5.4424230">
    <ele>167.4</ele>
    <time>2025-12-04T13:56:43Z</time>
   </trkpt>
   <trkpt lat="43.2256550" lon="5.4424200">
    <ele>167.5</ele>
    <time>2025-12-04T13:56:44Z</time>
   </trkpt>
   <trkpt lat="43.2256720" lon="5.4424190">
    <ele>167.5</ele>
    <time>2025-12-04T13:56:45Z</time>
   </trkpt>
   <trkpt lat="43.2256950" lon="5.4424210">
    <ele>167.6</ele>
    <time>2025-12-04T13:56:46Z</time>
   </trkpt>
   <trkpt lat="43.2257020" lon="5.4424200">
    <ele>167.6</ele>
    <time>2025-12-04T13:56:47Z</time>
   </trkpt>
   <trkpt lat="43.2257090" lon="5.4424200">
    <ele>167.6</ele>
    <time>2025-12-04T13:56:48Z</time>
   </trkpt>
   <trkpt lat="43.2257210" lon="5.4424180">
    <ele>167.6</ele>
    <time>2025-12-04T13:56:49Z</time>
   </trkpt>
   <trkpt lat="43.2257320" lon="5.4424170">
    <ele>167.6</ele>
    <time>2025-12-04T13:56:50Z</time>
   </trkpt>
   <trkpt lat="43.2257450" lon="5.4424160">
    <ele>167.6</ele>
    <time>2025-12-04T13:56:51Z</time>
   </trkpt>
   <trkpt lat="43.2257660" lon="5.4424120">
    <ele>167.5</ele>
    <time>2025-12-04T13:56:52Z</time>
   </trkpt>
   <trkpt lat="43.2257750" lon="5.4424130">
    <ele>167.5</ele>
    <time>2025-12-04T13:56:53Z</time>
   </trkpt>
   <trkpt lat="43.2257840" lon="5.4424150">
    <ele>167.5</ele>
    <time>2025-12-04T13:56:54Z</time>
   </trkpt>
   <trkpt lat="43.2257970" lon="5.4424160">
    <ele>167.4</ele>
    <time>2025-12-04T13:56:55Z</time>
   </trkpt>
   <trkpt lat="43.2258060" lon="5.4424190">
    <ele>167.4</ele>
    <time>2025-12-04T13:56:56Z</time>
   </trkpt>
   <trkpt lat="43.2258170" lon="5.4424150">
    <ele>167.4</ele>
    <time>2025-12-04T13:56:57Z</time>
   </trkpt>
   <trkpt lat="43.2258390" lon="5.4424140">
    <ele>167.3</ele>
    <time>2025-12-04T13:56:58Z</time>
   </trkpt>
   <trkpt lat="43.2258460" lon="5.4424140">
    <ele>167.3</ele>
    <time>2025-12-04T13:56:59Z</time>
   </trkpt>
   <trkpt lat="43.2258540" lon="5.4424150">
    <ele>167.2</ele>
    <time>2025-12-04T13:57:00Z</time>
   </trkpt>
   <trkpt lat="43.2258660" lon="5.4424160">
    <ele>167.2</ele>
    <time>2025-12-04T13:57:01Z</time>
   </trkpt>
   <trkpt lat="43.2258720" lon="5.4424190">
    <ele>167.2</ele>
    <time>2025-12-04T13:57:02Z</time>
   </trkpt>
   <trkpt lat="43.2258810" lon="5.4424180">
    <ele>167.1</ele>
    <time>2025-12-04T13:57:03Z</time>
   </trkpt>
   <trkpt lat="43.2258920" lon="5.4424180">
    <ele>167.1</ele>
    <time>2025-12-04T13:57:04Z</time>
   </trkpt>
   <trkpt lat="43.2259010" lon="5.4424170">
    <ele>167.0</ele>
    <time>2025-12-04T13:57:05Z</time>
   </trkpt>
   <trkpt lat="43.2259140" lon="5.4424160">
    <ele>167.0</ele>
    <time>2025-12-04T13:57:06Z</time>
   </trkpt>
   <trkpt lat="43.2259290" lon="5.4424140">
    <ele>166.9</ele>
    <time>2025-12-04T13:57:07Z</time>
   </trkpt>
   <trkpt lat="43.2259390" lon="5.4424140">
    <ele>166.9</ele>
    <time>2025-12-04T13:57:08Z</time>
   </trkpt>
   <trkpt lat="43.2259450" lon="5.4424100">
    <ele>166.8</ele>
    <time>2025-12-04T13:57:09Z</time>
   </trkpt>
   <trkpt lat="43.2259670" lon="5.4424020">
    <ele>166.7</ele>
    <time>2025-12-04T13:57:10Z</time>
   </trkpt>
   <trkpt lat="43.2259760" lon="5.4424010">
    <ele>166.7</ele>
    <time>2025-12-04T13:57:11Z</time>
   </trkpt>
   <trkpt lat="43.2259930" lon="5.4423990">
    <ele>166.6</ele>
    <time>2025-12-04T13:57:12Z</time>
   </trkpt>
   <trkpt lat="43.2260010" lon="5.4424000">
    <ele>166.6</ele>
    <time>2025-12-04T13:57:13Z</time>
   </trkpt>
   <trkpt lat="43.2260090" lon="5.4424010">
    <ele>166.6</ele>
    <time>2025-12-04T13:57:14Z</time>
   </trkpt>
   <trkpt lat="43.2260170" lon="5.4424020">
    <ele>166.5</ele>
    <time>2025-12-04T13:57:15Z</time>
   </trkpt>
   <trkpt lat="43.2260360" lon="5.4423880">
    <ele>166.4</ele>
    <time>2025-12-04T13:57:16Z</time>
   </trkpt>
   <trkpt lat="43.2260440" lon="5.4423850">
    <ele>166.4</ele>
    <time>2025-12-04T13:57:17Z</time>
   </trkpt>
   <trkpt lat="43.2260520" lon="5.4423820">
    <ele>166.4</ele>
    <time>2025-12-04T13:57:18Z</time>
   </trkpt>
   <trkpt lat="43.2260600" lon="5.4423790">
    <ele>166.3</ele>
    <time>2025-12-04T13:57:19Z</time>
   </trkpt>
   <trkpt lat="43.2260720" lon="5.4423860">
    <ele>166.3</ele>
    <time>2025-12-04T13:57:20Z</time>
   </trkpt>
   <trkpt lat="43.2260820" lon="5.4423900">
    <ele>166.2</ele>
    <time>2025-12-04T13:57:21Z</time>
   </trkpt>
   <trkpt lat="43.2260910" lon="5.4423940">
    <ele>166.2</ele>
    <time>2025-12-04T13:57:22Z</time>
   </trkpt>
   <trkpt lat="43.2261000" lon="5.4423960">
    <ele>166.2</ele>
    <time>2025-12-04T13:57:23Z</time>
   </trkpt>
   <trkpt lat="43.2261120" lon="5.4423980">
    <ele>166.1</ele>
    <time>2025-12-04T13:57:24Z</time>
   </trkpt>
   <trkpt lat="43.2261270" lon="5.4424040">
    <ele>166.0</ele>
    <time>2025-12-04T13:57:25Z</time>
   </trkpt>
   <trkpt lat="43.2261420" lon="5.4424000">
    <ele>166.0</ele>
    <time>2025-12-04T13:57:26Z</time>
   </trkpt>
   <trkpt lat="43.2261640" lon="5.4423940">
    <ele>165.9</ele>
    <time>2025-12-04T13:57:27Z</time>
   </trkpt>
   <trkpt lat="43.2261700" lon="5.4423930">
    <ele>165.8</ele>
    <time>2025-12-04T13:57:28Z</time>
   </trkpt>
   <trkpt lat="43.2261800" lon="5.4423950">
    <ele>165.8</ele>
    <time>2025-12-04T13:57:29Z</time>
   </trkpt>
   <trkpt lat="43.2261920" lon="5.4423930">
    <ele>165.7</ele>
    <time>2025-12-04T13:57:30Z</time>
   </trkpt>
   <trkpt lat="43.2262000" lon="5.4423980">
    <ele>165.7</ele>
    <time>2025-12-04T13:57:31Z</time>
   </trkpt>
   <trkpt lat="43.2262220" lon="5.4424000">
    <ele>165.6</ele>
    <time>2025-12-04T13:57:32Z</time>
   </trkpt>
   <trkpt lat="43.2262290" lon="5.4424020">
    <ele>165.6</ele>
    <time>2025-12-04T13:57:33Z</time>
   </trkpt>
   <trkpt lat="43.2262370" lon="5.4424030">
    <ele>165.5</ele>
    <time>2025-12-04T13:57:34Z</time>
   </trkpt>
   <trkpt lat="43.2262520" lon="5.4424010">
    <ele>165.5</ele>
    <time>2025-12-04T13:57:35Z</time>
   </trkpt>
   <trkpt lat="43.2262720" lon="5.4424050">
    <ele>165.4</ele>
    <time>2025-12-04T13:57:36Z</time>
   </trkpt>
   <trkpt lat="43.2262760" lon="5.4424050">
    <ele>165.3</ele>
    <time>2025-12-04T13:57:37Z</time>
   </trkpt>
   <trkpt lat="43.2262860" lon="5.4424060">
    <ele>165.3</ele>
    <time>2025-12-04T13:57:38Z</time>
   </trkpt>
   <trkpt lat="43.2263010" lon="5.4424080">
    <ele>165.2</ele>
    <time>2025-12-04T13:57:39Z</time>
   </trkpt>
   <trkpt lat="43.2263130" lon="5.4424090">
    <ele>165.1</ele>
    <time>2025-12-04T13:57:40Z</time>
   </trkpt>
   <trkpt lat="43.2263280" lon="5.4424120">
    <ele>165.1</ele>
    <time>2025-12-04T13:57:41Z</time>
   </trkpt>
   <trkpt lat="43.2263460" lon="5.4424050">
    <ele>165.0</ele>
    <time>2025-12-04T13:57:42Z</time>
   </trkpt>
   <trkpt lat="43.2263550" lon="5.4424050">
    <ele>164.9</ele>
    <time>2025-12-04T13:57:43Z</time>
   </trkpt>
   <trkpt lat="43.2263640" lon="5.4424050">
    <ele>164.9</ele>
    <time>2025-12-04T13:57:44Z</time>
   </trkpt>
   <trkpt lat="43.2263780" lon="5.4424040">
    <ele>164.9</ele>
    <time>2025-12-04T13:57:45Z</time>
   </trkpt>
   <trkpt lat="43.2263950" lon="5.4424090">
    <ele>164.9</ele>
    <time>2025-12-04T13:57:46Z</time>
   </trkpt>
   <trkpt lat="43.2264170" lon="5.4424240">
    <ele>165.0</ele>
    <time>2025-12-04T13:57:47Z</time>
   </trkpt>
   <trkpt lat="43.2264250" lon="5.4424280">
    <ele>165.0</ele>
    <time>2025-12-04T13:57:48Z</time>
   </trkpt>
   <trkpt lat="43.2264340" lon="5.4424330">
    <ele>165.0</ele>
    <time>2025-12-04T13:57:49Z</time>
   </trkpt>
   <trkpt lat="43.2264560" lon="5.4424430">
    <ele>165.0</ele>
    <time>2025-12-04T13:57:50Z</time>
   </trkpt>
   <trkpt lat="43.2264630" lon="5.4424510">
    <ele>165.0</ele>
    <time>2025-12-04T13:57:51Z</time>
   </trkpt>
   <trkpt lat="43.2264700" lon="5.4424580">
    <ele>165.1</ele>
    <time>2025-12-04T13:57:52Z</time>
   </trkpt>
   <trkpt lat="43.2264820" lon="5.4424650">
    <ele>165.1</ele>
    <time>2025-12-04T13:57:53Z</time>
   </trkpt>
   <trkpt lat="43.2264910" lon="5.4424810">
    <ele>165.1</ele>
    <time>2025-12-04T13:57:54Z</time>
   </trkpt>
   <trkpt lat="43.2265010" lon="5.4424990">
    <ele>165.2</ele>
    <time>2025-12-04T13:57:55Z</time>
   </trkpt>
   <trkpt lat="43.2265050" lon="5.4425170">
    <ele>165.2</ele>
    <time>2025-12-04T13:57:56Z</time>
   </trkpt>
   <trkpt lat="43.2265120" lon="5.4425430">
    <ele>165.3</ele>
    <time>2025-12-04T13:57:57Z</time>
   </trkpt>
   <trkpt lat="43.2265140" lon="5.4425550">
    <ele>165.3</ele>
    <time>2025-12-04T13:57:58Z</time>
   </trkpt>
   <trkpt lat="43.2265150" lon="5.4425670">
    <ele>165.3</ele>
    <time>2025-12-04T13:57:59Z</time>
   </trkpt>
   <trkpt lat="43.2265190" lon="5.4425970">
    <ele>165.4</ele>
    <time>2025-12-04T13:58:00Z</time>
   </trkpt>
   <trkpt lat="43.2265200" lon="5.4426090">
    <ele>165.4</ele>
    <time>2025-12-04T13:58:01Z</time>
   </trkpt>
   <trkpt lat="43.2265210" lon="5.4426210">
    <ele>165.4</ele>
    <time>2025-12-04T13:58:02Z</time>
   </trkpt>
   <trkpt lat="43.2265170" lon="5.4426410">
    <ele>165.5</ele>
    <time>2025-12-04T13:58:03Z</time>
   </trkpt>
   <trkpt lat="43.2265210" lon="5.4426500">
    <ele>165.5</ele>
    <time>2025-12-04T13:58:04Z</time>
   </trkpt>
   <trkpt lat="43.2265230" lon="5.4426640">
    <ele>165.5</ele>
    <time>2025-12-04T13:58:05Z</time>
   </trkpt>
   <trkpt lat="43.2265240" lon="5.4426780">
    <ele>165.5</ele>
    <time>2025-12-04T13:58:06Z</time>
   </trkpt>
   <trkpt lat="43.2265190" lon="5.4426950">
    <ele>165.5</ele>
    <time>2025-12-04T13:58:07Z</time>
   </trkpt>
   <trkpt lat="43.2265210" lon="5.4427080">
    <ele>165.6</ele>
    <time>2025-12-04T13:58:08Z</time>
   </trkpt>
   <trkpt lat="43.2265260" lon="5.4427170">
    <ele>165.6</ele>
    <time>2025-12-04T13:58:09Z</time>
   </trkpt>
   <trkpt lat="43.2265370" lon="5.4427380">
    <ele>165.6</ele>
    <time>2025-12-04T13:58:10Z</time>
   </trkpt>
   <trkpt lat="43.2265400" lon="5.4427450">
    <ele>165.6</ele>
    <time>2025-12-04T13:58:11Z</time>
   </trkpt>
   <trkpt lat="43.2265430" lon="5.4427660">
    <ele>165.7</ele>
    <time>2025-12-04T13:58:12Z</time>
   </trkpt>
   <trkpt lat="43.2265450" lon="5.4427770">
    <ele>165.7</ele>
    <time>2025-12-04T13:58:13Z</time>
   </trkpt>
   <trkpt lat="43.2265460" lon="5.4427940">
    <ele>165.7</ele>
    <time>2025-12-04T13:58:14Z</time>
   </trkpt>
   <trkpt lat="43.2265500" lon="5.4428070">
    <ele>165.7</ele>
    <time>2025-12-04T13:58:15Z</time>
   </trkpt>
   <trkpt lat="43.2265490" lon="5.4428240">
    <ele>165.7</ele>
    <time>2025-12-04T13:58:16Z</time>
   </trkpt>
   <trkpt lat="43.2265530" lon="5.4428370">
    <ele>165.7</ele>
    <time>2025-12-04T13:58:17Z</time>
   </trkpt>
   <trkpt lat="43.2265580" lon="5.4428440">
    <ele>165.7</ele>
    <time>2025-12-04T13:58:18Z</time>
   </trkpt>
   <trkpt lat="43.2265570" lon="5.4428630">
    <ele>165.8</ele>
    <time>2025-12-04T13:58:19Z</time>
   </trkpt>
   <trkpt lat="43.2265630" lon="5.4428880">
    <ele>165.8</ele>
    <time>2025-12-04T13:58:20Z</time>
   </trkpt>
   <trkpt lat="43.2265620" lon="5.4428930">
    <ele>165.8</ele>
    <time>2025-12-04T13:58:21Z</time>
   </trkpt>
   <trkpt lat="43.2265650" lon="5.4429110">
    <ele>165.8</ele>
    <time>2025-12-04T13:58:22Z</time>
   </trkpt>
   <trkpt lat="43.2265690" lon="5.4429310">
    <ele>165.8</ele>
    <time>2025-12-04T13:58:23Z</time>
   </trkpt>
   <trkpt lat="43.2265710" lon="5.4429430">
    <ele>165.8</ele>
    <time>2025-12-04T13:58:24Z</time>
   </trkpt>
   <trkpt lat="43.2265720" lon="5.4429560">
    <ele>165.7</ele>
    <time>2025-12-04T13:58:25Z</time>
   </trkpt>
   <trkpt lat="43.2265740" lon="5.4429680">
    <ele>165.7</ele>
    <time>2025-12-04T13:58:26Z</time>
   </trkpt>
   <trkpt lat="43.2265780" lon="5.4429780">
    <ele>165.7</ele>
    <time>2025-12-04T13:58:27Z</time>
   </trkpt>
   <trkpt lat="43.2265820" lon="5.4429950">
    <ele>165.7</ele>
    <time>2025-12-04T13:58:28Z</time>
   </trkpt>
   <trkpt lat="43.2265900" lon="5.4430030">
    <ele>165.7</ele>
    <time>2025-12-04T13:58:29Z</time>
   </trkpt>
   <trkpt lat="43.2265930" lon="5.4430170">
    <ele>165.7</ele>
    <time>2025-12-04T13:58:30Z</time>
   </trkpt>
   <trkpt lat="43.2265940" lon="5.4430320">
    <ele>165.6</ele>
    <time>2025-12-04T13:58:31Z</time>
   </trkpt>
   <trkpt lat="43.2266000" lon="5.4430420">
    <ele>165.6</ele>
    <time>2025-12-04T13:58:32Z</time>
   </trkpt>
   <trkpt lat="43.2266050" lon="5.4430490">
    <ele>165.6</ele>
    <time>2025-12-04T13:58:33Z</time>
   </trkpt>
   <trkpt lat="43.2266110" lon="5.4430710">
    <ele>165.5</ele>
    <time>2025-12-04T13:58:34Z</time>
   </trkpt>
   <trkpt lat="43.2266190" lon="5.4430790">
    <ele>165.5</ele>
    <time>2025-12-04T13:58:35Z</time>
   </trkpt>
   <trkpt lat="43.2266220" lon="5.4430900">
    <ele>165.5</ele>
    <time>2025-12-04T13:58:36Z</time>
   </trkpt>
   <trkpt lat="43.2266300" lon="5.4430990">
    <ele>165.4</ele>
    <time>2025-12-04T13:58:37Z</time>
   </trkpt>
   <trkpt lat="43.2266380" lon="5.4431160">
    <ele>165.4</ele>
    <time>2025-12-04T13:58:38Z</time>
   </trkpt>
   <trkpt lat="43.2266500" lon="5.4431370">
    <ele>165.3</ele>
    <time>2025-12-04T13:58:39Z</time>
   </trkpt>
   <trkpt lat="43.2266530" lon="5.4431460">
    <ele>165.3</ele>
    <time>2025-12-04T13:58:40Z</time>
   </trkpt>
   <trkpt lat="43.2266570" lon="5.4431540">
    <ele>165.2</ele>
    <time>2025-12-04T13:58:41Z</time>
   </trkpt>
   <trkpt lat="43.2266600" lon="5.4431630">
    <ele>165.2</ele>
    <time>2025-12-04T13:58:42Z</time>
   </trkpt>
   <trkpt lat="43.2266660" lon="5.4431790">
    <ele>165.1</ele>
    <time>2025-12-04T13:58:43Z</time>
   </trkpt>
   <trkpt lat="43.2266770" lon="5.4431940">
    <ele>165.0</ele>
    <time>2025-12-04T13:58:44Z</time>
   </trkpt>
   <trkpt lat="43.2266810" lon="5.4431990">
    <ele>165.0</ele>
    <time>2025-12-04T13:58:45Z</time>
   </trkpt>
   <trkpt lat="43.2266920" lon="5.4432070">
    <ele>164.9</ele>
    <time>2025-12-04T13:58:46Z</time>
   </trkpt>
   <trkpt lat="43.2267020" lon="5.4432150">
    <ele>164.9</ele>
    <time>2025-12-04T13:58:47Z</time>
   </trkpt>
   <trkpt lat="43.2267100" lon="5.4432210">
    <ele>164.8</ele>
    <time>2025-12-04T13:58:48Z</time>
   </trkpt>
   <trkpt lat="43.2267160" lon="5.4432230">
    <ele>164.8</ele>
    <time>2025-12-04T13:58:49Z</time>
   </trkpt>
   <trkpt lat="43.2267250" lon="5.4432210">
    <ele>164.7</ele>
    <time>2025-12-04T13:58:50Z</time>
   </trkpt>
   <trkpt lat="43.2267320" lon="5.4432230">
    <ele>164.7</ele>
    <time>2025-12-04T13:58:51Z</time>
   </trkpt>
   <trkpt lat="43.2267430" lon="5.4432270">
    <ele>164.6</ele>
    <time>2025-12-04T13:58:52Z</time>
   </trkpt>
   <trkpt lat="43.2267540" lon="5.4432260">
    <ele>164.6</ele>
    <time>2025-12-04T13:58:53Z</time>
   </trkpt>
   <trkpt lat="43.2267650" lon="5.4432220">
    <ele>164.7</ele>
    <time>2025-12-04T13:58:54Z</time>
   </trkpt>
   <trkpt lat="43.2267760" lon="5.4432220">
    <ele>164.7</ele>
    <time>2025-12-04T13:58:55Z</time>
   </trkpt>
   <trkpt lat="43.2267890" lon="5.4432210">
    <ele>164.7</ele>
    <time>2025-12-04T13:58:56Z</time>
   </trkpt>
   <trkpt lat="43.2267980" lon="5.4432200">
    <ele>164.7</ele>
    <time>2025-12-04T13:58:57Z</time>
   </trkpt>
   <trkpt lat="43.2268050" lon="5.4432160">
    <ele>164.7</ele>
    <time>2025-12-04T13:58:58Z</time>
   </trkpt>
   <trkpt lat="43.2268160" lon="5.4432140">
    <ele>164.7</ele>
    <time>2025-12-04T13:58:59Z</time>
   </trkpt>
   <trkpt lat="43.2268240" lon="5.4432140">
    <ele>164.7</ele>
    <time>2025-12-04T13:59:00Z</time>
   </trkpt>
   <trkpt lat="43.2268400" lon="5.4432180">
    <ele>164.7</ele>
    <time>2025-12-04T13:59:01Z</time>
   </trkpt>
   <trkpt lat="43.2268520" lon="5.4432200">
    <ele>164.7</ele>
    <time>2025-12-04T13:59:02Z</time>
   </trkpt>
   <trkpt lat="43.2268680" lon="5.4432260">
    <ele>164.7</ele>
    <time>2025-12-04T13:59:03Z</time>
   </trkpt>
   <trkpt lat="43.2268800" lon="5.4432270">
    <ele>164.7</ele>
    <time>2025-12-04T13:59:04Z</time>
   </trkpt>
   <trkpt lat="43.2268980" lon="5.4432440">
    <ele>164.7</ele>
    <time>2025-12-04T13:59:05Z</time>
   </trkpt>
   <trkpt lat="43.2269040" lon="5.4432510">
    <ele>164.7</ele>
    <time>2025-12-04T13:59:06Z</time>
   </trkpt>
   <trkpt lat="43.2269100" lon="5.4432570">
    <ele>164.7</ele>
    <time>2025-12-04T13:59:07Z</time>
   </trkpt>
   <trkpt lat="43.2269170" lon="5.4432700">
    <ele>164.7</ele>
    <time>2025-12-04T13:59:08Z</time>
   </trkpt>
   <trkpt lat="43.2269270" lon="5.4432810">
    <ele>164.7</ele>
    <time>2025-12-04T13:59:09Z</time>
   </trkpt>
   <trkpt lat="43.2269310" lon="5.4432900">
    <ele>164.7</ele>
    <time>2025-12-04T13:59:10Z</time>
   </trkpt>
   <trkpt lat="43.2269340" lon="5.4432990">
    <ele>164.7</ele>
    <time>2025-12-04T13:59:11Z</time>
   </trkpt>
   <trkpt lat="43.2269420" lon="5.4433100">
    <ele>164.7</ele>
    <time>2025-12-04T13:59:12Z</time>
   </trkpt>
   <trkpt lat="43.2269420" lon="5.4433100">
    <ele>164.7</ele>
    <time>2025-12-04T13:59:13Z</time>
   </trkpt>
   <trkpt lat="43.2269530" lon="5.4433180">
    <ele>164.7</ele>
    <time>2025-12-04T13:59:14Z</time>
   </trkpt>
   <trkpt lat="43.2269790" lon="5.4433290">
    <ele>164.6</ele>
    <time>2025-12-04T13:59:15Z</time>
   </trkpt>
   <trkpt lat="43.2269860" lon="5.4433300">
    <ele>164.6</ele>
    <time>2025-12-04T13:59:16Z</time>
   </trkpt>
   <trkpt lat="43.2269940" lon="5.4433300">
    <ele>164.6</ele>
    <time>2025-12-04T13:59:17Z</time>
   </trkpt>
   <trkpt lat="43.2270060" lon="5.4433450">
    <ele>164.5</ele>
    <time>2025-12-04T13:59:18Z</time>
   </trkpt>
   <trkpt lat="43.2270100" lon="5.4433540">
    <ele>164.5</ele>
    <time>2025-12-04T13:59:19Z</time>
   </trkpt>
   <trkpt lat="43.2270140" lon="5.4433630">
    <ele>164.5</ele>
    <time>2025-12-04T13:59:20Z</time>
   </trkpt>
   <trkpt lat="43.2270180" lon="5.4433720">
    <ele>164.5</ele>
    <time>2025-12-04T13:59:21Z</time>
   </trkpt>
   <trkpt lat="43.2270290" lon="5.4433810">
    <ele>164.4</ele>
    <time>2025-12-04T13:59:22Z</time>
   </trkpt>
   <trkpt lat="43.2270350" lon="5.4433910">
    <ele>164.4</ele>
    <time>2025-12-04T13:59:23Z</time>
   </trkpt>
   <trkpt lat="43.2270400" lon="5.4434030">
    <ele>164.4</ele>
    <time>2025-12-04T13:59:24Z</time>
   </trkpt>
   <trkpt lat="43.2270420" lon="5.4434210">
    <ele>164.3</ele>
    <time>2025-12-04T13:59:25Z</time>
   </trkpt>
   <trkpt lat="43.2270490" lon="5.4434390">
    <ele>164.3</ele>
    <time>2025-12-04T13:59:26Z</time>
   </trkpt>
   <trkpt lat="43.2270550" lon="5.4434500">
    <ele>164.3</ele>
    <time>2025-12-04T13:59:27Z</time>
   </trkpt>
   <trkpt lat="43.2270600" lon="5.4434670">
    <ele>164.3</ele>
    <time>2025-12-04T13:59:28Z</time>
   </trkpt>
   <trkpt lat="43.2270640" lon="5.4434830">
    <ele>164.2</ele>
    <time>2025-12-04T13:59:29Z</time>
   </trkpt>
   <trkpt lat="43.2270680" lon="5.4434930">
    <ele>164.2</ele>
    <time>2025-12-04T13:59:30Z</time>
   </trkpt>
   <trkpt lat="43.2270740" lon="5.4435100">
    <ele>164.2</ele>
    <time>2025-12-04T13:59:31Z</time>
   </trkpt>
   <trkpt lat="43.2270800" lon="5.4435210">
    <ele>164.2</ele>
    <time>2025-12-04T13:59:32Z</time>
   </trkpt>
   <trkpt lat="43.2270880" lon="5.4435320">
    <ele>164.2</ele>
    <time>2025-12-04T13:59:33Z</time>
   </trkpt>
   <trkpt lat="43.2270890" lon="5.4435450">
    <ele>164.2</ele>
    <time>2025-12-04T13:59:34Z</time>
   </trkpt>
   <trkpt lat="43.2270920" lon="5.4435560">
    <ele>164.2</ele>
    <time>2025-12-04T13:59:35Z</time>
   </trkpt>
   <trkpt lat="43.2270950" lon="5.4435710">
    <ele>164.2</ele>
    <time>2025-12-04T13:59:36Z</time>
   </trkpt>
   <trkpt lat="43.2270960" lon="5.4435830">
    <ele>164.2</ele>
    <time>2025-12-04T13:59:37Z</time>
   </trkpt>
   <trkpt lat="43.2271000" lon="5.4436030">
    <ele>164.3</ele>
    <time>2025-12-04T13:59:38Z</time>
   </trkpt>
   <trkpt lat="43.2271020" lon="5.4436110">
    <ele>164.3</ele>
    <time>2025-12-04T13:59:39Z</time>
   </trkpt>
   <trkpt lat="43.2271020" lon="5.4436210">
    <ele>164.3</ele>
    <time>2025-12-04T13:59:40Z</time>
   </trkpt>
   <trkpt lat="43.2271100" lon="5.4436340">
    <ele>164.3</ele>
    <time>2025-12-04T13:59:41Z</time>
   </trkpt>
   <trkpt lat="43.2271180" lon="5.4436410">
    <ele>164.4</ele>
    <time>2025-12-04T13:59:42Z</time>
   </trkpt>
   <trkpt lat="43.2271280" lon="5.4436450">
    <ele>164.4</ele>
    <time>2025-12-04T13:59:43Z</time>
   </trkpt>
   <trkpt lat="43.2271340" lon="5.4436480">
    <ele>164.4</ele>
    <time>2025-12-04T13:59:44Z</time>
   </trkpt>
   <trkpt lat="43.2271410" lon="5.4436560">
    <ele>164.5</ele>
    <time>2025-12-04T13:59:45Z</time>
   </trkpt>
   <trkpt lat="43.2271490" lon="5.4436570">
    <ele>164.5</ele>
    <time>2025-12-04T13:59:46Z</time>
   </trkpt>
   <trkpt lat="43.2271570" lon="5.4436600">
    <ele>164.5</ele>
    <time>2025-12-04T13:59:47Z</time>
   </trkpt>
   <trkpt lat="43.2271660" lon="5.4436590">
    <ele>164.6</ele>
    <time>2025-12-04T13:59:48Z</time>
   </trkpt>
   <trkpt lat="43.2271770" lon="5.4436590">
    <ele>164.6</ele>
    <time>2025-12-04T13:59:49Z</time>
   </trkpt>
   <trkpt lat="43.2271740" lon="5.4436520">
    <ele>164.7</ele>
    <time>2025-12-04T13:59:50Z</time>
   </trkpt>
   <trkpt lat="43.2271830" lon="5.4436440">
    <ele>164.7</ele>
    <time>2025-12-04T13:59:51Z</time>
   </trkpt>
   <trkpt lat="43.2271910" lon="5.4436360">
    <ele>164.8</ele>
    <time>2025-12-04T13:59:52Z</time>
   </trkpt>
   <trkpt lat="43.2272000" lon="5.4436320">
    <ele>164.8</ele>
    <time>2025-12-04T13:59:53Z</time>
   </trkpt>
   <trkpt lat="43.2272060" lon="5.4436340">
    <ele>164.8</ele>
    <time>2025-12-04T13:59:54Z</time>
   </trkpt>
   <trkpt lat="43.2272140" lon="5.4436280">
    <ele>164.9</ele>
    <time>2025-12-04T13:59:55Z</time>
   </trkpt>
   <trkpt lat="43.2272180" lon="5.4436220">
    <ele>164.9</ele>
    <time>2025-12-04T13:59:56Z</time>
   </trkpt>
   <trkpt lat="43.2272210" lon="5.4436190">
    <ele>164.9</ele>
    <time>2025-12-04T13:59:57Z</time>
   </trkpt>
   <trkpt lat="43.2272280" lon="5.4436170">
    <ele>165.0</ele>
    <time>2025-12-04T13:59:58Z</time>
   </trkpt>
   <trkpt lat="43.2272380" lon="5.4436060">
    <ele>165.1</ele>
    <time>2025-12-04T13:59:59Z</time>
   </trkpt>
   <trkpt lat="43.2272430" lon="5.4436000">
    <ele>165.1</ele>
    <time>2025-12-04T14:00:00Z</time>
   </trkpt>
   <trkpt lat="43.2272490" lon="5.4435930">
    <ele>165.1</ele>
    <time>2025-12-04T14:00:01Z</time>
   </trkpt>
   <trkpt lat="43.2272540" lon="5.4435870">
    <ele>165.2</ele>
    <time>2025-12-04T14:00:02Z</time>
   </trkpt>
   <trkpt lat="43.2272600" lon="5.4435810">
    <ele>165.2</ele>
    <time>2025-12-04T14:00:03Z</time>
   </trkpt>
   <trkpt lat="43.2272690" lon="5.4435700">
    <ele>165.3</ele>
    <time>2025-12-04T14:00:04Z</time>
   </trkpt>
   <trkpt lat="43.2272700" lon="5.4435670">
    <ele>165.3</ele>
    <time>2025-12-04T14:00:05Z</time>
   </trkpt>
   <trkpt lat="43.2272750" lon="5.4435590">
    <ele>165.3</ele>
    <time>2025-12-04T14:00:06Z</time>
   </trkpt>
   <trkpt lat="43.2272830" lon="5.4435660">
    <ele>165.4</ele>
    <time>2025-12-04T14:00:07Z</time>
   </trkpt>
   <trkpt lat="43.2272880" lon="5.4435560">
    <ele>165.4</ele>
    <time>2025-12-04T14:00:08Z</time>
   </trkpt>
   <trkpt lat="43.2272930" lon="5.4435490">
    <ele>165.4</ele>
    <time>2025-12-04T14:00:09Z</time>
   </trkpt>
   <trkpt lat="43.2273000" lon="5.4435460">
    <ele>165.5</ele>
    <time>2025-12-04T14:00:10Z</time>
   </trkpt>
   <trkpt lat="43.2273180" lon="5.4435380">
    <ele>165.5</ele>
    <time>2025-12-04T14:00:11Z</time>
   </trkpt>
   <trkpt lat="43.2273250" lon="5.4435360">
    <ele>165.6</ele>
    <time>2025-12-04T14:00:12Z</time>
   </trkpt>
   <trkpt lat="43.2273310" lon="5.4435330">
    <ele>165.6</ele>
    <time>2025-12-04T14:00:13Z</time>
   </trkpt>
   <trkpt lat="43.2273360" lon="5.4435340">
    <ele>165.6</ele>
    <time>2025-12-04T14:00:14Z</time>
   </trkpt>
   <trkpt lat="43.2273430" lon="5.4435330">
    <ele>165.6</ele>
    <time>2025-12-04T14:00:15Z</time>
   </trkpt>
   <trkpt lat="43.2273460" lon="5.4435340">
    <ele>165.6</ele>
    <time>2025-12-04T14:00:16Z</time>
   </trkpt>
   <trkpt lat="43.2273500" lon="5.4435300">
    <ele>165.6</ele>
    <time>2025-12-04T14:00:17Z</time>
   </trkpt>
   <trkpt lat="43.2273570" lon="5.4435270">
    <ele>165.7</ele>
    <time>2025-12-04T14:00:18Z</time>
   </trkpt>
   <trkpt lat="43.2273630" lon="5.4435280">
    <ele>165.7</ele>
    <time>2025-12-04T14:00:19Z</time>
   </trkpt>
   <trkpt lat="43.2273700" lon="5.4435300">
    <ele>165.7</ele>
    <time>2025-12-04T14:00:20Z</time>
   </trkpt>
   <trkpt lat="43.2273780" lon="5.4435280">
    <ele>165.7</ele>
    <time>2025-12-04T14:00:21Z</time>
   </trkpt>
   <trkpt lat="43.2273810" lon="5.4435250">
    <ele>165.7</ele>
    <time>2025-12-04T14:00:22Z</time>
   </trkpt>
   <trkpt lat="43.2273910" lon="5.4435210">
    <ele>165.8</ele>
    <time>2025-12-04T14:00:23Z</time>
   </trkpt>
   <trkpt lat="43.2273960" lon="5.4435220">
    <ele>165.8</ele>
    <time>2025-12-04T14:00:24Z</time>
   </trkpt>
   <trkpt lat="43.2274080" lon="5.4435220">
    <ele>165.8</ele>
    <time>2025-12-04T14:00:25Z</time>
   </trkpt>
   <trkpt lat="43.2274200" lon="5.4435160">
    <ele>165.7</ele>
    <time>2025-12-04T14:00:26Z</time>
   </trkpt>
   <trkpt lat="43.2274260" lon="5.4435180">
    <ele>165.7</ele>
    <time>2025-12-04T14:00:27Z</time>
   </trkpt>
   <trkpt lat="43.2274310" lon="5.4435130">
    <ele>165.7</ele>
    <time>2025-12-04T14:00:28Z</time>
   </trkpt>
   <trkpt lat="43.2274360" lon="5.4435150">
    <ele>165.7</ele>
    <time>2025-12-04T14:00:29Z</time>
   </trkpt>
   <trkpt lat="43.2274450" lon="5.4435100">
    <ele>165.7</ele>
    <time>2025-12-04T14:00:30Z</time>
   </trkpt>
   <trkpt lat="43.2274500" lon="5.4435030">
    <ele>165.7</ele>
    <time>2025-12-04T14:00:31Z</time>
   </trkpt>
   <trkpt lat="43.2274570" lon="5.4435020">
    <ele>165.7</ele>
    <time>2025-12-04T14:00:32Z</time>
   </trkpt>
   <trkpt lat="43.2274630" lon="5.4435000">
    <ele>165.7</ele>
    <time>2025-12-04T14:00:33Z</time>
   </trkpt>
   <trkpt lat="43.2274690" lon="5.4434960">
    <ele>165.6</ele>
    <time>2025-12-04T14:00:34Z</time>
   </trkpt>
   <trkpt lat="43.2274770" lon="5.4434950">
    <ele>165.6</ele>
    <time>2025-12-04T14:00:35Z</time>
   </trkpt>
   <trkpt lat="43.2274880" lon="5.4434940">
    <ele>165.6</ele>
    <time>2025-12-04T14:00:36Z</time>
   </trkpt>
   <trkpt lat="43.2274920" lon="5.4434940">
    <ele>165.6</ele>
    <time>2025-12-04T14:00:37Z</time>
   </trkpt>
   <trkpt lat="43.2274990" lon="5.4434920">
    <ele>165.5</ele>
    <time>2025-12-04T14:00:38Z</time>
   </trkpt>
   <trkpt lat="43.2275080" lon="5.4434920">
    <ele>165.5</ele>
    <time>2025-12-04T14:00:39Z</time>
   </trkpt>
   <trkpt lat="43.2275280" lon="5.4434950">
    <ele>165.4</ele>
    <time>2025-12-04T14:00:40Z</time>
   </trkpt>
   <trkpt lat="43.2275380" lon="5.4434890">
    <ele>165.3</ele>
    <time>2025-12-04T14:00:41Z</time>
   </trkpt>
   <trkpt lat="43.2275410" lon="5.4434870">
    <ele>165.3</ele>
    <time>2025-12-04T14:00:42Z</time>
   </trkpt>
   <trkpt lat="43.2275510" lon="5.4434930">
    <ele>165.2</ele>
    <time>2025-12-04T14:00:43Z</time>
   </trkpt>
   <trkpt lat="43.2275580" lon="5.4434970">
    <ele>165.1</ele>
    <time>2025-12-04T14:00:44Z</time>
   </trkpt>
   <trkpt lat="43.2275610" lon="5.4434900">
    <ele>165.1</ele>
    <time>2025-12-04T14:00:45Z</time>
   </trkpt>
   <trkpt lat="43.2275710" lon="5.4434890">
    <ele>165.0</ele>
    <time>2025-12-04T14:00:46Z</time>
   </trkpt>
   <trkpt lat="43.2275790" lon="5.4434850">
    <ele>164.9</ele>
    <time>2025-12-04T14:00:47Z</time>
   </trkpt>
   <trkpt lat="43.2275880" lon="5.4434910">
    <ele>164.8</ele>
    <time>2025-12-04T14:00:48Z</time>
   </trkpt>
   <trkpt lat="43.2275970" lon="5.4434920">
    <ele>164.7</ele>
    <time>2025-12-04T14:00:49Z</time>
   </trkpt>
   <trkpt lat="43.2276040" lon="5.4434880">
    <ele>164.7</ele>
    <time>2025-12-04T14:00:50Z</time>
   </trkpt>
   <trkpt lat="43.2276130" lon="5.4434900">
    <ele>164.6</ele>
    <time>2025-12-04T14:00:51Z</time>
   </trkpt>
   <trkpt lat="43.2276220" lon="5.4434920">
    <ele>164.5</ele>
    <time>2025-12-04T14:00:52Z</time>
   </trkpt>
   <trkpt lat="43.2276290" lon="5.4434920">
    <ele>164.4</ele>
    <time>2025-12-04T14:00:53Z</time>
   </trkpt>
   <trkpt lat="43.2276390" lon="5.4434940">
    <ele>164.3</ele>
    <time>2025-12-04T14:00:54Z</time>
   </trkpt>
   <trkpt lat="43.2276500" lon="5.4434950">
    <ele>164.1</ele>
    <time>2025-12-04T14:00:55Z</time>
   </trkpt>
   <trkpt lat="43.2276570" lon="5.4434910">
    <ele>164.1</ele>
    <time>2025-12-04T14:00:56Z</time>
   </trkpt>
   <trkpt lat="43.2276670" lon="5.4434900">
    <ele>163.9</ele>
    <time>2025-12-04T14:00:57Z</time>
   </trkpt>
   <trkpt lat="43.2276750" lon="5.4434890">
    <ele>163.9</ele>
    <time>2025-12-04T14:00:58Z</time>
   </trkpt>
   <trkpt lat="43.2276780" lon="5.4434920">
    <ele>163.8</ele>
    <time>2025-12-04T14:00:59Z</time>
   </trkpt>
   <trkpt lat="43.2276900" lon="5.4434900">
    <ele>163.7</ele>
    <time>2025-12-04T14:01:00Z</time>
   </trkpt>
   <trkpt lat="43.2276960" lon="5.4434880">
    <ele>163.6</ele>
    <time>2025-12-04T14:01:01Z</time>
   </trkpt>
   <trkpt lat="43.2277060" lon="5.4434870">
    <ele>163.5</ele>
    <time>2025-12-04T14:01:02Z</time>
   </trkpt>
   <trkpt lat="43.2277120" lon="5.4434860">
    <ele>163.4</ele>
    <time>2025-12-04T14:01:03Z</time>
   </trkpt>
   <trkpt lat="43.2277210" lon="5.4434870">
    <ele>163.3</ele>
    <time>2025-12-04T14:01:04Z</time>
   </trkpt>
   <trkpt lat="43.2277300" lon="5.4434850">
    <ele>163.2</ele>
    <time>2025-12-04T14:01:05Z</time>
   </trkpt>
   <trkpt lat="43.2277420" lon="5.4434820">
    <ele>163.1</ele>
    <time>2025-12-04T14:01:06Z</time>
   </trkpt>
   <trkpt lat="43.2277590" lon="5.4434750">
    <ele>162.9</ele>
    <time>2025-12-04T14:01:07Z</time>
   </trkpt>
   <trkpt lat="43.2277660" lon="5.4434730">
    <ele>162.8</ele>
    <time>2025-12-04T14:01:08Z</time>
   </trkpt>
   <trkpt lat="43.2277720" lon="5.4434700">
    <ele>162.8</ele>
    <time>2025-12-04T14:01:09Z</time>
   </trkpt>
   <trkpt lat="43.2277780" lon="5.4434680">
    <ele>162.7</ele>
    <time>2025-12-04T14:01:10Z</time>
   </trkpt>
   <trkpt lat="43.2277860" lon="5.4434550">
    <ele>162.6</ele>
    <time>2025-12-04T14:01:11Z</time>
   </trkpt>
   <trkpt lat="43.2277970" lon="5.4434450">
    <ele>162.5</ele>
    <time>2025-12-04T14:01:12Z</time>
   </trkpt>
   <trkpt lat="43.2278090" lon="5.4434450">
    <ele>162.4</ele>
    <time>2025-12-04T14:01:13Z</time>
   </trkpt>
   <trkpt lat="43.2278200" lon="5.4434430">
    <ele>162.4</ele>
    <time>2025-12-04T14:01:14Z</time>
   </trkpt>
   <trkpt lat="43.2278260" lon="5.4434410">
    <ele>162.3</ele>
    <time>2025-12-04T14:01:15Z</time>
   </trkpt>
   <trkpt lat="43.2278360" lon="5.4434370">
    <ele>162.3</ele>
    <time>2025-12-04T14:01:16Z</time>
   </trkpt>
   <trkpt lat="43.2278420" lon="5.4434330">
    <ele>162.2</ele>
    <time>2025-12-04T14:01:17Z</time>
   </trkpt>
   <trkpt lat="43.2278530" lon="5.4434320">
    <ele>162.2</ele>
    <time>2025-12-04T14:01:18Z</time>
   </trkpt>
   <trkpt lat="43.2278650" lon="5.4434320">
    <ele>162.1</ele>
    <time>2025-12-04T14:01:19Z</time>
   </trkpt>
   <trkpt lat="43.2278780" lon="5.4434340">
    <ele>162.1</ele>
    <time>2025-12-04T14:01:20Z</time>
   </trkpt>
   <trkpt lat="43.2278890" lon="5.4434330">
    <ele>162.1</ele>
    <time>2025-12-04T14:01:21Z</time>
   </trkpt>
   <trkpt lat="43.2278990" lon="5.4434350">
    <ele>162.1</ele>
    <time>2025-12-04T14:01:22Z</time>
   </trkpt>
   <trkpt lat="43.2279150" lon="5.4434370">
    <ele>162.1</ele>
    <time>2025-12-04T14:01:23Z</time>
   </trkpt>
   <trkpt lat="43.2279220" lon="5.4434370">
    <ele>162.1</ele>
    <time>2025-12-04T14:01:24Z</time>
   </trkpt>
   <trkpt lat="43.2279300" lon="5.4434360">
    <ele>162.1</ele>
    <time>2025-12-04T14:01:25Z</time>
   </trkpt>
   <trkpt lat="43.2279370" lon="5.4434350">
    <ele>162.1</ele>
    <time>2025-12-04T14:01:26Z</time>
   </trkpt>
   <trkpt lat="43.2279500" lon="5.4434360">
    <ele>162.1</ele>
    <time>2025-12-04T14:01:27Z</time>
   </trkpt>
   <trkpt lat="43.2279580" lon="5.4434350">
    <ele>162.1</ele>
    <time>2025-12-04T14:01:28Z</time>
   </trkpt>
   <trkpt lat="43.2279700" lon="5.4434390">
    <ele>162.2</ele>
    <time>2025-12-04T14:01:29Z</time>
   </trkpt>
   <trkpt lat="43.2279790" lon="5.4434380">
    <ele>162.2</ele>
    <time>2025-12-04T14:01:30Z</time>
   </trkpt>
   <trkpt lat="43.2279880" lon="5.4434340">
    <ele>162.2</ele>
    <time>2025-12-04T14:01:31Z</time>
   </trkpt>
   <trkpt lat="43.2279970" lon="5.4434340">
    <ele>162.2</ele>
    <time>2025-12-04T14:01:32Z</time>
   </trkpt>
   <trkpt lat="43.2280040" lon="5.4434270">
    <ele>162.3</ele>
    <time>2025-12-04T14:01:33Z</time>
   </trkpt>
   <trkpt lat="43.2280140" lon="5.4434240">
    <ele>162.3</ele>
    <time>2025-12-04T14:01:34Z</time>
   </trkpt>
   <trkpt lat="43.2280200" lon="5.4434180">
    <ele>162.3</ele>
    <time>2025-12-04T14:01:35Z</time>
   </trkpt>
   <trkpt lat="43.2280320" lon="5.4434250">
    <ele>162.4</ele>
    <time>2025-12-04T14:01:36Z</time>
   </trkpt>
   <trkpt lat="43.2280400" lon="5.4434180">
    <ele>162.4</ele>
    <time>2025-12-04T14:01:37Z</time>
   </trkpt>
   <trkpt lat="43.2280480" lon="5.4434160">
    <ele>162.5</ele>
    <time>2025-12-04T14:01:38Z</time>
   </trkpt>
   <trkpt lat="43.2280560" lon="5.4434100">
    <ele>162.5</ele>
    <time>2025-12-04T14:01:39Z</time>
   </trkpt>
   <trkpt lat="43.2280660" lon="5.4434100">
    <ele>162.6</ele>
    <time>2025-12-04T14:01:40Z</time>
   </trkpt>
   <trkpt lat="43.2280720" lon="5.4434070">
    <ele>162.6</ele>
    <time>2025-12-04T14:01:41Z</time>
   </trkpt>
   <trkpt lat="43.2280790" lon="5.4434050">
    <ele>162.6</ele>
    <time>2025-12-04T14:01:42Z</time>
   </trkpt>
   <trkpt lat="43.2280820" lon="5.4434040">
    <ele>162.6</ele>
    <time>2025-12-04T14:01:43Z</time>
   </trkpt>
   <trkpt lat="43.2280850" lon="5.4434020">
    <ele>162.7</ele>
    <time>2025-12-04T14:01:44Z</time>
   </trkpt>
   <trkpt lat="43.2280960" lon="5.4434000">
    <ele>162.7</ele>
    <time>2025-12-04T14:01:45Z</time>
   </trkpt>
   <trkpt lat="43.2281090" lon="5.4433950">
    <ele>162.8</ele>
    <time>2025-12-04T14:01:46Z</time>
   </trkpt>
   <trkpt lat="43.2281160" lon="5.4433950">
    <ele>162.8</ele>
    <time>2025-12-04T14:01:47Z</time>
   </trkpt>
   <trkpt lat="43.2281230" lon="5.4433930">
    <ele>162.8</ele>
    <time>2025-12-04T14:01:48Z</time>
   </trkpt>
   <trkpt lat="43.2281260" lon="5.4433940">
    <ele>162.9</ele>
    <time>2025-12-04T14:01:49Z</time>
   </trkpt>
   <trkpt lat="43.2281310" lon="5.4433890">
    <ele>162.9</ele>
    <time>2025-12-04T14:01:50Z</time>
   </trkpt>
   <trkpt lat="43.2281310" lon="5.4433900">
    <ele>162.9</ele>
    <time>2025-12-04T14:01:51Z</time>
   </trkpt>
   <trkpt lat="43.2281310" lon="5.4433920">
    <ele>162.9</ele>
    <time>2025-12-04T14:01:52Z</time>
   </trkpt>
   <trkpt lat="43.2281330" lon="5.4433960">
    <ele>162.9</ele>
    <time>2025-12-04T14:01:53Z</time>
   </trkpt>
   <trkpt lat="43.2281410" lon="5.4434040">
    <ele>163.0</ele>
    <time>2025-12-04T14:01:54Z</time>
   </trkpt>
   <trkpt lat="43.2281480" lon="5.4434120">
    <ele>163.0</ele>
    <time>2025-12-04T14:01:55Z</time>
   </trkpt>
   <trkpt lat="43.2281630" lon="5.4434070">
    <ele>163.1</ele>
    <time>2025-12-04T14:01:56Z</time>
   </trkpt>
   <trkpt lat="43.2281640" lon="5.4433990">
    <ele>163.1</ele>
    <time>2025-12-04T14:01:57Z</time>
   </trkpt>
   <trkpt lat="43.2281790" lon="5.4434000">
    <ele>163.2</ele>
    <time>2025-12-04T14:01:58Z</time>
   </trkpt>
   <trkpt lat="43.2281940" lon="5.4433930">
    <ele>163.2</ele>
    <time>2025-12-04T14:01:59Z</time>
   </trkpt>
   <trkpt lat="43.2282010" lon="5.4433920">
    <ele>163.3</ele>
    <time>2025-12-04T14:02:00Z</time>
   </trkpt>
   <trkpt lat="43.2282080" lon="5.4433900">
    <ele>163.3</ele>
    <time>2025-12-04T14:02:01Z</time>
   </trkpt>
   <trkpt lat="43.2282150" lon="5.4433890">
    <ele>163.3</ele>
    <time>2025-12-04T14:02:02Z</time>
   </trkpt>
   <trkpt lat="43.2282280" lon="5.4433840">
    <ele>163.4</ele>
    <time>2025-12-04T14:02:03Z</time>
   </trkpt>
   <trkpt lat="43.2282440" lon="5.4433830">
    <ele>163.4</ele>
    <time>2025-12-04T14:02:04Z</time>
   </trkpt>
   <trkpt lat="43.2282560" lon="5.4433810">
    <ele>163.5</ele>
    <time>2025-12-04T14:02:05Z</time>
   </trkpt>
   <trkpt lat="43.2282690" lon="5.4433790">
    <ele>163.5</ele>
    <time>2025-12-04T14:02:06Z</time>
   </trkpt>
   <trkpt lat="43.2282750" lon="5.4433710">
    <ele>163.6</ele>
    <time>2025-12-04T14:02:07Z</time>
   </trkpt>
   <trkpt lat="43.2282860" lon="5.4433710">
    <ele>163.6</ele>
    <time>2025-12-04T14:02:08Z</time>
   </trkpt>
   <trkpt lat="43.2282970" lon="5.4433720">
    <ele>163.7</ele>
    <time>2025-12-04T14:02:09Z</time>
   </trkpt>
   <trkpt lat="43.2283110" lon="5.4433770">
    <ele>163.7</ele>
    <time>2025-12-04T14:02:10Z</time>
   </trkpt>
   <trkpt lat="43.2283220" lon="5.4433790">
    <ele>163.8</ele>
    <time>2025-12-04T14:02:11Z</time>
   </trkpt>
   <trkpt lat="43.2283320" lon="5.4433790">
    <ele>163.8</ele>
    <time>2025-12-04T14:02:12Z</time>
   </trkpt>
   <trkpt lat="43.2283410" lon="5.4433840">
    <ele>163.8</ele>
    <time>2025-12-04T14:02:13Z</time>
   </trkpt>
   <trkpt lat="43.2283490" lon="5.4433780">
    <ele>163.9</ele>
    <time>2025-12-04T14:02:14Z</time>
   </trkpt>
   <trkpt lat="43.2283600" lon="5.4433780">
    <ele>163.9</ele>
    <time>2025-12-04T14:02:15Z</time>
   </trkpt>
   <trkpt lat="43.2283690" lon="5.4433720">
    <ele>164.0</ele>
    <time>2025-12-04T14:02:16Z</time>
   </trkpt>
   <trkpt lat="43.2283750" lon="5.4433660">
    <ele>164.0</ele>
    <time>2025-12-04T14:02:17Z</time>
   </trkpt>
   <trkpt lat="43.2283880" lon="5.4433690">
    <ele>164.0</ele>
    <time>2025-12-04T14:02:18Z</time>
   </trkpt>
   <trkpt lat="43.2283980" lon="5.4433740">
    <ele>164.1</ele>
    <time>2025-12-04T14:02:19Z</time>
   </trkpt>
   <trkpt lat="43.2284050" lon="5.4433850">
    <ele>164.1</ele>
    <time>2025-12-04T14:02:20Z</time>
   </trkpt>
   <trkpt lat="43.2284160" lon="5.4433960">
    <ele>164.1</ele>
    <time>2025-12-04T14:02:21Z</time>
   </trkpt>
   <trkpt lat="43.2284210" lon="5.4434100">
    <ele>164.2</ele>
    <time>2025-12-04T14:02:22Z</time>
   </trkpt>
   <trkpt lat="43.2284290" lon="5.4434230">
    <ele>164.2</ele>
    <time>2025-12-04T14:02:23Z</time>
   </trkpt>
   <trkpt lat="43.2284340" lon="5.4434270">
    <ele>164.2</ele>
    <time>2025-12-04T14:02:24Z</time>
   </trkpt>
   <trkpt lat="43.2284410" lon="5.4434260">
    <ele>164.2</ele>
    <time>2025-12-04T14:02:25Z</time>
   </trkpt>
   <trkpt lat="43.2284510" lon="5.4434300">
    <ele>164.3</ele>
    <time>2025-12-04T14:02:26Z</time>
   </trkpt>
   <trkpt lat="43.2284670" lon="5.4434350">
    <ele>164.3</ele>
    <time>2025-12-04T14:02:27Z</time>
   </trkpt>
   <trkpt lat="43.2284840" lon="5.4434390">
    <ele>164.4</ele>
    <time>2025-12-04T14:02:28Z</time>
   </trkpt>
   <trkpt lat="43.2284930" lon="5.4434410">
    <ele>164.4</ele>
    <time>2025-12-04T14:02:29Z</time>
   </trkpt>
   <trkpt lat="43.2285030" lon="5.4434460">
    <ele>164.4</ele>
    <time>2025-12-04T14:02:30Z</time>
   </trkpt>
   <trkpt lat="43.2285150" lon="5.4434550">
    <ele>164.4</ele>
    <time>2025-12-04T14:02:31Z</time>
   </trkpt>
   <trkpt lat="43.2285200" lon="5.4434580">
    <ele>164.4</ele>
    <time>2025-12-04T14:02:32Z</time>
   </trkpt>
   <trkpt lat="43.2285310" lon="5.4434640">
    <ele>164.4</ele>
    <time>2025-12-04T14:02:33Z</time>
   </trkpt>
   <trkpt lat="43.2285350" lon="5.4434620">
    <ele>164.4</ele>
    <time>2025-12-04T14:02:34Z</time>
   </trkpt>
   <trkpt lat="43.2285440" lon="5.4434630">
    <ele>164.4</ele>
    <time>2025-12-04T14:02:35Z</time>
   </trkpt>
   <trkpt lat="43.2285490" lon="5.4434560">
    <ele>164.4</ele>
    <time>2025-12-04T14:02:36Z</time>
   </trkpt>
   <trkpt lat="43.2285600" lon="5.4434600">
    <ele>164.4</ele>
    <time>2025-12-04T14:02:37Z</time>
   </trkpt>
   <trkpt lat="43.2285730" lon="5.4434570">
    <ele>164.4</ele>
    <time>2025-12-04T14:02:38Z</time>
   </trkpt>
   <trkpt lat="43.2285790" lon="5.4434540">
    <ele>164.4</ele>
    <time>2025-12-04T14:02:39Z</time>
   </trkpt>
   <trkpt lat="43.2285920" lon="5.4434610">
    <ele>164.4</ele>
    <time>2025-12-04T14:02:40Z</time>
   </trkpt>
   <trkpt lat="43.2286000" lon="5.4434600">
    <ele>164.4</ele>
    <time>2025-12-04T14:02:41Z</time>
   </trkpt>
   <trkpt lat="43.2286090" lon="5.4434580">
    <ele>164.4</ele>
    <time>2025-12-04T14:02:42Z</time>
   </trkpt>
   <trkpt lat="43.2286240" lon="5.4434550">
    <ele>164.4</ele>
    <time>2025-12-04T14:02:43Z</time>
   </trkpt>
   <trkpt lat="43.2286320" lon="5.4434520">
    <ele>164.4</ele>
    <time>2025-12-04T14:02:44Z</time>
   </trkpt>
   <trkpt lat="43.2286420" lon="5.4434490">
    <ele>164.4</ele>
    <time>2025-12-04T14:02:45Z</time>
   </trkpt>
   <trkpt lat="43.2286510" lon="5.4434490">
    <ele>164.3</ele>
    <time>2025-12-04T14:02:46Z</time>
   </trkpt>
   <trkpt lat="43.2286600" lon="5.4434430">
    <ele>164.3</ele>
    <time>2025-12-04T14:02:47Z</time>
   </trkpt>
   <trkpt lat="43.2286820" lon="5.4434330">
    <ele>164.3</ele>
    <time>2025-12-04T14:02:48Z</time>
   </trkpt>
   <trkpt lat="43.2286910" lon="5.4434330">
    <ele>164.2</ele>
    <time>2025-12-04T14:02:49Z</time>
   </trkpt>
   <trkpt lat="43.2286990" lon="5.4434330">
    <ele>164.1</ele>
    <time>2025-12-04T14:02:50Z</time>
   </trkpt>
   <trkpt lat="43.2287090" lon="5.4434350">
    <ele>164.1</ele>
    <time>2025-12-04T14:02:51Z</time>
   </trkpt>
   <trkpt lat="43.2287190" lon="5.4434390">
    <ele>164.0</ele>
    <time>2025-12-04T14:02:52Z</time>
   </trkpt>
   <trkpt lat="43.2287260" lon="5.4434430">
    <ele>163.9</ele>
    <time>2025-12-04T14:02:53Z</time>
   </trkpt>
   <trkpt lat="43.2287280" lon="5.4434350">
    <ele>163.9</ele>
    <time>2025-12-04T14:02:54Z</time>
   </trkpt>
   <trkpt lat="43.2287420" lon="5.4434320">
    <ele>163.8</ele>
    <time>2025-12-04T14:02:55Z</time>
   </trkpt>
   <trkpt lat="43.2287570" lon="5.4434290">
    <ele>163.7</ele>
    <time>2025-12-04T14:02:56Z</time>
   </trkpt>
   <trkpt lat="43.2287690" lon="5.4434290">
    <ele>163.6</ele>
    <time>2025-12-04T14:02:57Z</time>
   </trkpt>
   <trkpt lat="43.2287760" lon="5.4434330">
    <ele>163.5</ele>
    <time>2025-12-04T14:02:58Z</time>
   </trkpt>
   <trkpt lat="43.2287790" lon="5.4434320">
    <ele>163.5</ele>
    <time>2025-12-04T14:02:59Z</time>
   </trkpt>
   <trkpt lat="43.2287890" lon="5.4434320">
    <ele>163.5</ele>
    <time>2025-12-04T14:03:00Z</time>
   </trkpt>
   <trkpt lat="43.2287980" lon="5.4434330">
    <ele>163.4</ele>
    <time>2025-12-04T14:03:01Z</time>
   </trkpt>
   <trkpt lat="43.2288080" lon="5.4434320">
    <ele>163.4</ele>
    <time>2025-12-04T14:03:02Z</time>
   </trkpt>
   <trkpt lat="43.2288240" lon="5.4434280">
    <ele>163.3</ele>
    <time>2025-12-04T14:03:03Z</time>
   </trkpt>
   <trkpt lat="43.2288340" lon="5.4434260">
    <ele>163.2</ele>
    <time>2025-12-04T14:03:04Z</time>
   </trkpt>
   <trkpt lat="43.2288470" lon="5.4434270">
    <ele>163.2</ele>
    <time>2025-12-04T14:03:05Z</time>
   </trkpt>
   <trkpt lat="43.2288590" lon="5.4434190">
    <ele>163.1</ele>
    <time>2025-12-04T14:03:06Z</time>
   </trkpt>
   <trkpt lat="43.2288680" lon="5.4434140">
    <ele>163.1</ele>
    <time>2025-12-04T14:03:07Z</time>
   </trkpt>
   <trkpt lat="43.2288790" lon="5.4434090">
    <ele>163.0</ele>
    <time>2025-12-04T14:03:08Z</time>
   </trkpt>
   <trkpt lat="43.2288870" lon="5.4434080">
    <ele>163.0</ele>
    <time>2025-12-04T14:03:09Z</time>
   </trkpt>
   <trkpt lat="43.2288940" lon="5.4434070">
    <ele>163.0</ele>
    <time>2025-12-04T14:03:10Z</time>
   </trkpt>
   <trkpt lat="43.2289050" lon="5.4434130">
    <ele>163.0</ele>
    <time>2025-12-04T14:03:11Z</time>
   </trkpt>
   <trkpt lat="43.2289130" lon="5.4434180">
    <ele>162.9</ele>
    <time>2025-12-04T14:03:12Z</time>
   </trkpt>
   <trkpt lat="43.2289240" lon="5.4434150">
    <ele>162.9</ele>
    <time>2025-12-04T14:03:13Z</time>
   </trkpt>
   <trkpt lat="43.2289350" lon="5.4434150">
    <ele>162.9</ele>
    <time>2025-12-04T14:03:14Z</time>
   </trkpt>
   <trkpt lat="43.2289440" lon="5.4434070">
    <ele>162.9</ele>
    <time>2025-12-04T14:03:15Z</time>
   </trkpt>
   <trkpt lat="43.2289520" lon="5.4434110">
    <ele>162.9</ele>
    <time>2025-12-04T14:03:16Z</time>
   </trkpt>
   <trkpt lat="43.2289590" lon="5.4434090">
    <ele>162.9</ele>
    <time>2025-12-04T14:03:17Z</time>
   </trkpt>
   <trkpt lat="43.2289660" lon="5.4434110">
    <ele>162.8</ele>
    <time>2025-12-04T14:03:18Z</time>
   </trkpt>
   <trkpt lat="43.2289760" lon="5.4434090">
    <ele>162.8</ele>
    <time>2025-12-04T14:03:19Z</time>
   </trkpt>
   <trkpt lat="43.2289920" lon="5.4434060">
    <ele>162.8</ele>
    <time>2025-12-04T14:03:20Z</time>
   </trkpt>
   <trkpt lat="43.2290030" lon="5.4434030">
    <ele>162.8</ele>
    <time>2025-12-04T14:03:21Z</time>
   </trkpt>
   <trkpt lat="43.2290140" lon="5.4434030">
    <ele>162.8</ele>
    <time>2025-12-04T14:03:22Z</time>
   </trkpt>
   <trkpt lat="43.2290260" lon="5.4434050">
    <ele>162.8</ele>
    <time>2025-12-04T14:03:23Z</time>
   </trkpt>
   <trkpt lat="43.2290380" lon="5.4434050">
    <ele>162.8</ele>
    <time>2025-12-04T14:03:24Z</time>
   </trkpt>
   <trkpt lat="43.2290570" lon="5.4433960">
    <ele>162.8</ele>
    <time>2025-12-04T14:03:25Z</time>
   </trkpt>
   <trkpt lat="43.2290680" lon="5.4433930">
    <ele>162.8</ele>
    <time>2025-12-04T14:03:26Z</time>
   </trkpt>
   <trkpt lat="43.2290800" lon="5.4433910">
    <ele>162.8</ele>
    <time>2025-12-04T14:03:27Z</time>
   </trkpt>
   <trkpt lat="43.2290980" lon="5.4433880">
    <ele>162.8</ele>
    <time>2025-12-04T14:03:28Z</time>
   </trkpt>
   <trkpt lat="43.2291000" lon="5.4433810">
    <ele>162.9</ele>
    <time>2025-12-04T14:03:29Z</time>
   </trkpt>
   <trkpt lat="43.2291140" lon="5.4433820">
    <ele>162.9</ele>
    <time>2025-12-04T14:03:30Z</time>
   </trkpt>
   <trkpt lat="43.2291280" lon="5.4433810">
    <ele>162.9</ele>
    <time>2025-12-04T14:03:31Z</time>
   </trkpt>
   <trkpt lat="43.2291380" lon="5.4433770">
    <ele>162.9</ele>
    <time>2025-12-04T14:03:32Z</time>
   </trkpt>
   <trkpt lat="43.2291510" lon="5.4433800">
    <ele>162.9</ele>
    <time>2025-12-04T14:03:33Z</time>
   </trkpt>
   <trkpt lat="43.2291730" lon="5.4433760">
    <ele>162.9</ele>
    <time>2025-12-04T14:03:34Z</time>
   </trkpt>
   <trkpt lat="43.2291810" lon="5.4433720">
    <ele>163.0</ele>
    <time>2025-12-04T14:03:35Z</time>
   </trkpt>
   <trkpt lat="43.2291890" lon="5.4433690">
    <ele>163.0</ele>
    <time>2025-12-04T14:03:36Z</time>
   </trkpt>
   <trkpt lat="43.2291970" lon="5.4433690">
    <ele>163.0</ele>
    <time>2025-12-04T14:03:37Z</time>
   </trkpt>
   <trkpt lat="43.2292110" lon="5.4433670">
    <ele>163.0</ele>
    <time>2025-12-04T14:03:38Z</time>
   </trkpt>
   <trkpt lat="43.2292250" lon="5.4433650">
    <ele>163.0</ele>
    <time>2025-12-04T14:03:39Z</time>
   </trkpt>
   <trkpt lat="43.2292350" lon="5.4433600">
    <ele>163.0</ele>
    <time>2025-12-04T14:03:40Z</time>
   </trkpt>
   <trkpt lat="43.2292420" lon="5.4433540">
    <ele>163.1</ele>
    <time>2025-12-04T14:03:41Z</time>
   </trkpt>
   <trkpt lat="43.2292530" lon="5.4433490">
    <ele>163.1</ele>
    <time>2025-12-04T14:03:42Z</time>
   </trkpt>
   <trkpt lat="43.2292750" lon="5.4433350">
    <ele>163.1</ele>
    <time>2025-12-04T14:03:43Z</time>
   </trkpt>
   <trkpt lat="43.2292820" lon="5.4433340">
    <ele>163.1</ele>
    <time>2025-12-04T14:03:44Z</time>
   </trkpt>
   <trkpt lat="43.2292900" lon="5.4433320">
    <ele>163.1</ele>
    <time>2025-12-04T14:03:45Z</time>
   </trkpt>
   <trkpt lat="43.2292960" lon="5.4433290">
    <ele>163.1</ele>
    <time>2025-12-04T14:03:46Z</time>
   </trkpt>
   <trkpt lat="43.2293060" lon="5.4433280">
    <ele>163.2</ele>
    <time>2025-12-04T14:03:47Z</time>
   </trkpt>
   <trkpt lat="43.2293190" lon="5.4433230">
    <ele>163.2</ele>
    <time>2025-12-04T14:03:48Z</time>
   </trkpt>
   <trkpt lat="43.2293270" lon="5.4433250">
    <ele>163.2</ele>
    <time>2025-12-04T14:03:49Z</time>
   </trkpt>
   <trkpt lat="43.2293360" lon="5.4433240">
    <ele>163.2</ele>
    <time>2025-12-04T14:03:50Z</time>
   </trkpt>
   <trkpt lat="43.2293490" lon="5.4433230">
    <ele>163.2</ele>
    <time>2025-12-04T14:03:51Z</time>
   </trkpt>
   <trkpt lat="43.2293590" lon="5.4433200">
    <ele>163.3</ele>
    <time>2025-12-04T14:03:52Z</time>
   </trkpt>
   <trkpt lat="43.2293660" lon="5.4433210">
    <ele>163.3</ele>
    <time>2025-12-04T14:03:53Z</time>
   </trkpt>
   <trkpt lat="43.2293770" lon="5.4433190">
    <ele>163.3</ele>
    <time>2025-12-04T14:03:54Z</time>
   </trkpt>
   <trkpt lat="43.2293860" lon="5.4433150">
    <ele>163.3</ele>
    <time>2025-12-04T14:03:55Z</time>
   </trkpt>
   <trkpt lat="43.2293910" lon="5.4433130">
    <ele>163.3</ele>
    <time>2025-12-04T14:03:56Z</time>
   </trkpt>
   <trkpt lat="43.2294020" lon="5.4433110">
    <ele>163.3</ele>
    <time>2025-12-04T14:03:57Z</time>
   </trkpt>
   <trkpt lat="43.2294080" lon="5.4433100">
    <ele>163.3</ele>
    <time>2025-12-04T14:03:58Z</time>
   </trkpt>
   <trkpt lat="43.2294170" lon="5.4433100">
    <ele>163.4</ele>
    <time>2025-12-04T14:03:59Z</time>
   </trkpt>
   <trkpt lat="43.2294310" lon="5.4433060">
    <ele>163.4</ele>
    <time>2025-12-04T14:04:00Z</time>
   </trkpt>
   <trkpt lat="43.2294420" lon="5.4433050">
    <ele>163.4</ele>
    <time>2025-12-04T14:04:01Z</time>
   </trkpt>
   <trkpt lat="43.2294540" lon="5.4433030">
    <ele>163.4</ele>
    <time>2025-12-04T14:04:02Z</time>
   </trkpt>
   <trkpt lat="43.2294680" lon="5.4432990">
    <ele>163.4</ele>
    <time>2025-12-04T14:04:03Z</time>
   </trkpt>
   <trkpt lat="43.2294750" lon="5.4433000">
    <ele>163.5</ele>
    <time>2025-12-04T14:04:04Z</time>
   </trkpt>
   <trkpt lat="43.2294960" lon="5.4432920">
    <ele>163.5</ele>
    <time>2025-12-04T14:04:05Z</time>
   </trkpt>
   <trkpt lat="43.2295050" lon="5.4432890">
    <ele>163.5</ele>
    <time>2025-12-04T14:04:06Z</time>
   </trkpt>
   <trkpt lat="43.2295150" lon="5.4432860">
    <ele>163.5</ele>
    <time>2025-12-04T14:04:07Z</time>
   </trkpt>
   <trkpt lat="43.2295250" lon="5.4432840">
    <ele>163.5</ele>
    <time>2025-12-04T14:04:08Z</time>
   </trkpt>
   <trkpt lat="43.2295370" lon="5.4432810">
    <ele>163.6</ele>
    <time>2025-12-04T14:04:09Z</time>
   </trkpt>
   <trkpt lat="43.2295490" lon="5.4432750">
    <ele>163.6</ele>
    <time>2025-12-04T14:04:10Z</time>
   </trkpt>
   <trkpt lat="43.2295570" lon="5.4432720">
    <ele>163.6</ele>
    <time>2025-12-04T14:04:11Z</time>
   </trkpt>
   <trkpt lat="43.2295670" lon="5.4432700">
    <ele>163.6</ele>
    <time>2025-12-04T14:04:12Z</time>
   </trkpt>
   <trkpt lat="43.2295820" lon="5.4432620">
    <ele>163.6</ele>
    <time>2025-12-04T14:04:13Z</time>
   </trkpt>
   <trkpt lat="43.2295950" lon="5.4432520">
    <ele>163.7</ele>
    <time>2025-12-04T14:04:14Z</time>
   </trkpt>
   <trkpt lat="43.2296030" lon="5.4432480">
    <ele>163.7</ele>
    <time>2025-12-04T14:04:15Z</time>
   </trkpt>
   <trkpt lat="43.2296100" lon="5.4432430">
    <ele>163.7</ele>
    <time>2025-12-04T14:04:16Z</time>
   </trkpt>
   <trkpt lat="43.2296180" lon="5.4432390">
    <ele>163.7</ele>
    <time>2025-12-04T14:04:17Z</time>
   </trkpt>
   <trkpt lat="43.2296270" lon="5.4432270">
    <ele>163.7</ele>
    <time>2025-12-04T14:04:18Z</time>
   </trkpt>
   <trkpt lat="43.2296370" lon="5.4432170">
    <ele>163.7</ele>
    <time>2025-12-04T14:04:19Z</time>
   </trkpt>
   <trkpt lat="43.2296410" lon="5.4432110">
    <ele>163.7</ele>
    <time>2025-12-04T14:04:20Z</time>
   </trkpt>
   <trkpt lat="43.2296540" lon="5.4431970">
    <ele>163.7</ele>
    <time>2025-12-04T14:04:21Z</time>
   </trkpt>
   <trkpt lat="43.2296590" lon="5.4431920">
    <ele>163.7</ele>
    <time>2025-12-04T14:04:22Z</time>
   </trkpt>
   <trkpt lat="43.2296650" lon="5.4431860">
    <ele>163.7</ele>
    <time>2025-12-04T14:04:23Z</time>
   </trkpt>
   <trkpt lat="43.2296700" lon="5.4431800">
    <ele>163.7</ele>
    <time>2025-12-04T14:04:24Z</time>
   </trkpt>
   <trkpt lat="43.2296750" lon="5.4431730">
    <ele>163.6</ele>
    <time>2025-12-04T14:04:25Z</time>
   </trkpt>
   <trkpt lat="43.2296910" lon="5.4431560">
    <ele>163.6</ele>
    <time>2025-12-04T14:04:26Z</time>
   </trkpt>
   <trkpt lat="43.2297120" lon="5.4431460">
    <ele>163.6</ele>
    <time>2025-12-04T14:04:27Z</time>
   </trkpt>
   <trkpt lat="43.2297180" lon="5.4431380">
    <ele>163.6</ele>
    <time>2025-12-04T14:04:28Z</time>
   </trkpt>
   <trkpt lat="43.2297300" lon="5.4431490">
    <ele>163.6</ele>
    <time>2025-12-04T14:04:29Z</time>
   </trkpt>
   <trkpt lat="43.2297350" lon="5.4431590">
    <ele>163.6</ele>
    <time>2025-12-04T14:04:30Z</time>
   </trkpt>
   <trkpt lat="43.2297390" lon="5.4431700">
    <ele>163.6</ele>
    <time>2025-12-04T14:04:31Z</time>
   </trkpt>
   <trkpt lat="43.2297440" lon="5.4431800">
    <ele>163.6</ele>
    <time>2025-12-04T14:04:32Z</time>
   </trkpt>
  </trkseg>
 </trk>
</gpx>
