<?xml version="1.0" encoding="UTF-8"?>
<gpx creator="StravaGPX" version="1.1" xmlns="http://www.topografix.com/GPX/1/1" xmlns:xsi="http://www.w3.org/2001/XMLSchema-instance" xsi:schemaLocation="http://www.topografix.com/GPX/1/1 http://www.topografix.com/GPX/1/1/gpx.xsd">
 <metadata>
  <time>2026-08-17T12:28:25Z</time>
 </metadata>
 <trk>
  <name>Randonnée le matin</name>
  <type>hiking</type>
  <trkseg>
   <trkpt lat="48.8134490" lon="-64.2226800">
    <ele>68.4</ele>
    <time>2026-08-17T12:28:25Z</time>
   </trkpt>
   <trkpt lat="48.8134490" lon="-64.2226800">
    <ele>68.4</ele>
    <time>2026-08-17T12:28:26Z</time>
   </trkpt>
   <trkpt lat="48.8134490" lon="-64.2226800">
    <ele>67.8</ele>
    <time>2026-08-17T12:28:30Z</time>
   </trkpt>
   <trkpt lat="48.8134490" lon="-64.2226800">
    <ele>67.4</ele>
    <time>2026-08-17T12:28:33Z</time>
   </trkpt>
   <trkpt lat="48.8134490" lon="-64.2226800">
    <ele>66.4</ele>
    <time>2026-08-17T12:28:41Z</time>
   </trkpt>
   <trkpt lat="48.8134490" lon="-64.2226800">
    <ele>66.0</ele>
    <time>2026-08-17T12:28:44Z</time>
   </trkpt>
   <trkpt lat="48.8133520" lon="-64.2226520">
    <ele>66.0</ele>
    <time>2026-08-17T12:28:52Z</time>
   </trkpt>
   <trkpt lat="48.8132460" lon="-64.2226120">
    <ele>66.2</ele>
    <time>2026-08-17T12:29:03Z</time>
   </trkpt>
   <trkpt lat="48.8132030" lon="-64.2226060">
    <ele>65.4</ele>
    <time>2026-08-17T12:29:11Z</time>
   </trkpt>
   <trkpt lat="48.8131970" lon="-64.2226120">
    <ele>65.2</ele>
    <time>2026-08-17T12:29:14Z</time>
   </trkpt>
   <trkpt lat="48.8132100" lon="-64.2225910">
    <ele>65.2</ele>
    <time>2026-08-17T12:29:19Z</time>
   </trkpt>
   <trkpt lat="48.8131550" lon="-64.2225910">
    <ele>65.4</ele>
    <time>2026-08-17T12:29:25Z</time>
   </trkpt>
   <trkpt lat="48.8131040" lon="-64.2226080">
    <ele>64.8</ele>
    <time>2026-08-17T12:29:28Z</time>
   </trkpt>
   <trkpt lat="48.8130840" lon="-64.2225970">
    <ele>64.0</ele>
    <time>2026-08-17T12:29:31Z</time>
   </trkpt>
   <trkpt lat="48.8130780" lon="-64.2225860">
    <ele>63.8</ele>
    <time>2026-08-17T12:29:33Z</time>
   </trkpt>
   <trkpt lat="48.8130600" lon="-64.2225690">
    <ele>63.6</ele>
    <time>2026-08-17T12:29:38Z</time>
   </trkpt>
   <trkpt lat="48.8130550" lon="-64.2225670">
    <ele>63.6</ele>
    <time>2026-08-17T12:29:40Z</time>
   </trkpt>
   <trkpt lat="48.8130070" lon="-64.2225080">
    <ele>63.2</ele>
    <time>2026-08-17T12:29:52Z</time>
   </trkpt>
   <trkpt lat="48.8128700" lon="-64.2223760">
    <ele>63.0</ele>
    <time>2026-08-17T12:30:01Z</time>
   </trkpt>
   <trkpt lat="48.8128200" lon="-64.2223580">
    <ele>62.6</ele>
    <time>2026-08-17T12:30:05Z</time>
   </trkpt>
   <trkpt lat="48.8128160" lon="-64.2223480">
    <ele>62.4</ele>
    <time>2026-08-17T12:30:06Z</time>
   </trkpt>
   <trkpt lat="48.8127660" lon="-64.2223140">
    <ele>61.6</ele>
    <time>2026-08-17T12:30:12Z</time>
   </trkpt>
   <trkpt lat="48.8127570" lon="-64.2223030">
    <ele>61.2</ele>
    <time>2026-08-17T12:30:13Z</time>
   </trkpt>
   <trkpt lat="48.8126870" lon="-64.2222840">
    <ele>60.8</ele>
    <time>2026-08-17T12:30:19Z</time>
   </trkpt>
   <trkpt lat="48.8126610" lon="-64.2222650">
    <ele>60.4</ele>
    <time>2026-08-17T12:30:21Z</time>
   </trkpt>
   <trkpt lat="48.8126430" lon="-64.2222300">
    <ele>60.2</ele>
    <time>2026-08-17T12:30:24Z</time>
   </trkpt>
   <trkpt lat="48.8125800" lon="-64.2221700">
    <ele>59.8</ele>
    <time>2026-08-17T12:30:30Z</time>
   </trkpt>
   <trkpt lat="48.8125510" lon="-64.2221760">
    <ele>59.4</ele>
    <time>2026-08-17T12:30:33Z</time>
   </trkpt>
   <trkpt lat="48.8125200" lon="-64.2221940">
    <ele>58.8</ele>
    <time>2026-08-17T12:30:36Z</time>
   </trkpt>
   <trkpt lat="48.8124460" lon="-64.2222140">
    <ele>58.4</ele>
    <time>2026-08-17T12:30:42Z</time>
   </trkpt>
   <trkpt lat="48.8124370" lon="-64.2222090">
    <ele>58.4</ele>
    <time>2026-08-17T12:30:43Z</time>
   </trkpt>
   <trkpt lat="48.8124030" lon="-64.2221960">
    <ele>58.0</ele>
    <time>2026-08-17T12:30:46Z</time>
   </trkpt>
   <trkpt lat="48.8123530" lon="-64.2222100">
    <ele>57.2</ele>
    <time>2026-08-17T12:30:50Z</time>
   </trkpt>
   <trkpt lat="48.8123400" lon="-64.2222190">
    <ele>57.0</ele>
    <time>2026-08-17T12:30:51Z</time>
   </trkpt>
   <trkpt lat="48.8122820" lon="-64.2222400">
    <ele>56.2</ele>
    <time>2026-08-17T12:30:55Z</time>
   </trkpt>
   <trkpt lat="48.8122670" lon="-64.2222420">
    <ele>56.2</ele>
    <time>2026-08-17T12:30:56Z</time>
   </trkpt>
   <trkpt lat="48.8122530" lon="-64.2222440">
    <ele>56.0</ele>
    <time>2026-08-17T12:30:57Z</time>
   </trkpt>
   <trkpt lat="48.8121980" lon="-64.2222570">
    <ele>55.0</ele>
    <time>2026-08-17T12:31:01Z</time>
   </trkpt>
   <trkpt lat="48.8121540" lon="-64.2222530">
    <ele>54.0</ele>
    <time>2026-08-17T12:31:05Z</time>
   </trkpt>
   <trkpt lat="48.8120840" lon="-64.2222720">
    <ele>52.8</ele>
    <time>2026-08-17T12:31:10Z</time>
   </trkpt>
   <trkpt lat="48.8120690" lon="-64.2222750">
    <ele>52.8</ele>
    <time>2026-08-17T12:31:11Z</time>
   </trkpt>
   <trkpt lat="48.8120000" lon="-64.2222750">
    <ele>51.8</ele>
    <time>2026-08-17T12:31:16Z</time>
   </trkpt>
   <trkpt lat="48.8119860" lon="-64.2222780">
    <ele>51.6</ele>
    <time>2026-08-17T12:31:17Z</time>
   </trkpt>
   <trkpt lat="48.8119620" lon="-64.2222990">
    <ele>51.0</ele>
    <time>2026-08-17T12:31:19Z</time>
   </trkpt>
   <trkpt lat="48.8119510" lon="-64.2223160">
    <ele>50.8</ele>
    <time>2026-08-17T12:31:20Z</time>
   </trkpt>
   <trkpt lat="48.8119280" lon="-64.2223420">
    <ele>50.6</ele>
    <time>2026-08-17T12:31:22Z</time>
   </trkpt>
   <trkpt lat="48.8118930" lon="-64.2223570">
    <ele>50.2</ele>
    <time>2026-08-17T12:31:26Z</time>
   </trkpt>
   <trkpt lat="48.8118730" lon="-64.2223460">
    <ele>49.6</ele>
    <time>2026-08-17T12:31:29Z</time>
   </trkpt>
   <trkpt lat="48.8118110" lon="-64.2223450">
    <ele>48.6</ele>
    <time>2026-08-17T12:31:34Z</time>
   </trkpt>
   <trkpt lat="48.8117820" lon="-64.2223530">
    <ele>48.2</ele>
    <time>2026-08-17T12:31:36Z</time>
   </trkpt>
   <trkpt lat="48.8117290" lon="-64.2223550">
    <ele>47.4</ele>
    <time>2026-08-17T12:31:41Z</time>
   </trkpt>
   <trkpt lat="48.8116950" lon="-64.2223370">
    <ele>46.8</ele>
    <time>2026-08-17T12:31:44Z</time>
   </trkpt>
   <trkpt lat="48.8116590" lon="-64.2223500">
    <ele>46.2</ele>
    <time>2026-08-17T12:31:47Z</time>
   </trkpt>
   <trkpt lat="48.8116120" lon="-64.2224010">
    <ele>46.0</ele>
    <time>2026-08-17T12:31:51Z</time>
   </trkpt>
   <trkpt lat="48.8115270" lon="-64.2224510">
    <ele>46.0</ele>
    <time>2026-08-17T12:31:58Z</time>
   </trkpt>
   <trkpt lat="48.8114480" lon="-64.2224210">
    <ele>46.0</ele>
    <time>2026-08-17T12:32:05Z</time>
   </trkpt>
   <trkpt lat="48.8113700" lon="-64.2223840">
    <ele>45.8</ele>
    <time>2026-08-17T12:32:11Z</time>
   </trkpt>
   <trkpt lat="48.8113010" lon="-64.2223330">
    <ele>45.6</ele>
    <time>2026-08-17T12:32:18Z</time>
   </trkpt>
   <trkpt lat="48.8112710" lon="-64.2223070">
    <ele>45.2</ele>
    <time>2026-08-17T12:32:21Z</time>
   </trkpt>
   <trkpt lat="48.8112350" lon="-64.2222750">
    <ele>44.6</ele>
    <time>2026-08-17T12:32:24Z</time>
   </trkpt>
   <trkpt lat="48.8112070" lon="-64.2222360">
    <ele>44.0</ele>
    <time>2026-08-17T12:32:27Z</time>
   </trkpt>
   <trkpt lat="48.8111670" lon="-64.2221660">
    <ele>43.0</ele>
    <time>2026-08-17T12:32:32Z</time>
   </trkpt>
   <trkpt lat="48.8111540" lon="-64.2221280">
    <ele>42.6</ele>
    <time>2026-08-17T12:32:34Z</time>
   </trkpt>
   <trkpt lat="48.8111080" lon="-64.2220570">
    <ele>42.0</ele>
    <time>2026-08-17T12:32:39Z</time>
   </trkpt>
   <trkpt lat="48.8110830" lon="-64.2220310">
    <ele>41.6</ele>
    <time>2026-08-17T12:32:41Z</time>
   </trkpt>
   <trkpt lat="48.8110200" lon="-64.2219740">
    <ele>40.8</ele>
    <time>2026-08-17T12:32:47Z</time>
   </trkpt>
   <trkpt lat="48.8109220" lon="-64.2218990">
    <ele>40.0</ele>
    <time>2026-08-17T12:32:55Z</time>
   </trkpt>
   <trkpt lat="48.8108850" lon="-64.2218740">
    <ele>39.8</ele>
    <time>2026-08-17T12:32:58Z</time>
   </trkpt>
   <trkpt lat="48.8108510" lon="-64.2218430">
    <ele>39.8</ele>
    <time>2026-08-17T12:33:01Z</time>
   </trkpt>
   <trkpt lat="48.8107670" lon="-64.2217890">
    <ele>39.2</ele>
    <time>2026-08-17T12:33:08Z</time>
   </trkpt>
   <trkpt lat="48.8107400" lon="-64.2217860">
    <ele>38.8</ele>
    <time>2026-08-17T12:33:11Z</time>
   </trkpt>
   <trkpt lat="48.8107060" lon="-64.2217650">
    <ele>38.4</ele>
    <time>2026-08-17T12:33:14Z</time>
   </trkpt>
   <trkpt lat="48.8106800" lon="-64.2217510">
    <ele>37.8</ele>
    <time>2026-08-17T12:33:16Z</time>
   </trkpt>
   <trkpt lat="48.8106370" lon="-64.2217200">
    <ele>36.6</ele>
    <time>2026-08-17T12:33:19Z</time>
   </trkpt>
   <trkpt lat="48.8105960" lon="-64.2216790">
    <ele>37.4</ele>
    <time>2026-08-17T12:33:23Z</time>
   </trkpt>
   <trkpt lat="48.8105740" lon="-64.2216620">
    <ele>37.8</ele>
    <time>2026-08-17T12:33:25Z</time>
   </trkpt>
   <trkpt lat="48.8105270" lon="-64.2216230">
    <ele>37.8</ele>
    <time>2026-08-17T12:33:30Z</time>
   </trkpt>
   <trkpt lat="48.8104560" lon="-64.2215860">
    <ele>37.0</ele>
    <time>2026-08-17T12:33:37Z</time>
   </trkpt>
   <trkpt lat="48.8104090" lon="-64.2215640">
    <ele>36.8</ele>
    <time>2026-08-17T12:33:41Z</time>
   </trkpt>
   <trkpt lat="48.8103290" lon="-64.2215150">
    <ele>36.0</ele>
    <time>2026-08-17T12:33:48Z</time>
   </trkpt>
   <trkpt lat="48.8103040" lon="-64.2215040">
    <ele>35.6</ele>
    <time>2026-08-17T12:33:50Z</time>
   </trkpt>
   <trkpt lat="48.8102060" lon="-64.2214480">
    <ele>35.2</ele>
    <time>2026-08-17T12:33:59Z</time>
   </trkpt>
   <trkpt lat="48.8101120" lon="-64.2214080">
    <ele>34.4</ele>
    <time>2026-08-17T12:34:07Z</time>
   </trkpt>
   <trkpt lat="48.8100600" lon="-64.2213850">
    <ele>34.2</ele>
    <time>2026-08-17T12:34:11Z</time>
   </trkpt>
   <trkpt lat="48.8099500" lon="-64.2213360">
    <ele>33.4</ele>
    <time>2026-08-17T12:34:20Z</time>
   </trkpt>
   <trkpt lat="48.8099300" lon="-64.2213300">
    <ele>33.2</ele>
    <time>2026-08-17T12:34:22Z</time>
   </trkpt>
   <trkpt lat="48.8098590" lon="-64.2213010">
    <ele>32.2</ele>
    <time>2026-08-17T12:34:28Z</time>
   </trkpt>
   <trkpt lat="48.8098000" lon="-64.2212840">
    <ele>31.4</ele>
    <time>2026-08-17T12:34:33Z</time>
   </trkpt>
   <trkpt lat="48.8097510" lon="-64.2212660">
    <ele>31.2</ele>
    <time>2026-08-17T12:34:37Z</time>
   </trkpt>
   <trkpt lat="48.8096560" lon="-64.2212230">
    <ele>30.2</ele>
    <time>2026-08-17T12:34:44Z</time>
   </trkpt>
   <trkpt lat="48.8096440" lon="-64.2212200">
    <ele>30.0</ele>
    <time>2026-08-17T12:34:45Z</time>
   </trkpt>
   <trkpt lat="48.8095570" lon="-64.2211890">
    <ele>28.8</ele>
    <time>2026-08-17T12:34:52Z</time>
   </trkpt>
   <trkpt lat="48.8094900" lon="-64.2211800">
    <ele>28.2</ele>
    <time>2026-08-17T12:34:57Z</time>
   </trkpt>
   <trkpt lat="48.8094360" lon="-64.2212030">
    <ele>28.0</ele>
    <time>2026-08-17T12:35:01Z</time>
   </trkpt>
   <trkpt lat="48.8094240" lon="-64.2212140">
    <ele>27.8</ele>
    <time>2026-08-17T12:35:02Z</time>
   </trkpt>
   <trkpt lat="48.8093750" lon="-64.2212510">
    <ele>27.4</ele>
    <time>2026-08-17T12:35:06Z</time>
   </trkpt>
   <trkpt lat="48.8092860" lon="-64.2212570">
    <ele>26.8</ele>
    <time>2026-08-17T12:35:13Z</time>
   </trkpt>
   <trkpt lat="48.8092770" lon="-64.2212550">
    <ele>26.6</ele>
    <time>2026-08-17T12:35:14Z</time>
   </trkpt>
   <trkpt lat="48.8092620" lon="-64.2212390">
    <ele>25.8</ele>
    <time>2026-08-17T12:35:19Z</time>
   </trkpt>
   <trkpt lat="48.8092510" lon="-64.2212270">
    <ele>25.8</ele>
    <time>2026-08-17T12:35:20Z</time>
   </trkpt>
   <trkpt lat="48.8092390" lon="-64.2212140">
    <ele>25.8</ele>
    <time>2026-08-17T12:35:21Z</time>
   </trkpt>
   <trkpt lat="48.8091350" lon="-64.2211010">
    <ele>24.4</ele>
    <time>2026-08-17T12:35:25Z</time>
   </trkpt>
   <trkpt lat="48.8091080" lon="-64.2210720">
    <ele>23.4</ele>
    <time>2026-08-17T12:35:26Z</time>
   </trkpt>
   <trkpt lat="48.8090450" lon="-64.2209950">
    <ele>21.6</ele>
    <time>2026-08-17T12:35:28Z</time>
   </trkpt>
   <trkpt lat="48.8090080" lon="-64.2209510">
    <ele>21.2</ele>
    <time>2026-08-17T12:35:29Z</time>
   </trkpt>
   <trkpt lat="48.8089910" lon="-64.2209100">
    <ele>20.4</ele>
    <time>2026-08-17T12:35:30Z</time>
   </trkpt>
   <trkpt lat="48.8089750" lon="-64.2208000">
    <ele>19.0</ele>
    <time>2026-08-17T12:35:32Z</time>
   </trkpt>
   <trkpt lat="48.8089750" lon="-64.2206780">
    <ele>17.6</ele>
    <time>2026-08-17T12:35:34Z</time>
   </trkpt>
   <trkpt lat="48.8089750" lon="-64.2206150">
    <ele>17.2</ele>
    <time>2026-08-17T12:35:35Z</time>
   </trkpt>
   <trkpt lat="48.8089800" lon="-64.2205670">
    <ele>16.6</ele>
    <time>2026-08-17T12:35:36Z</time>
   </trkpt>
   <trkpt lat="48.8089840" lon="-64.2204520">
    <ele>15.2</ele>
    <time>2026-08-17T12:35:39Z</time>
   </trkpt>
   <trkpt lat="48.8089900" lon="-64.2203920">
    <ele>14.8</ele>
    <time>2026-08-17T12:35:43Z</time>
   </trkpt>
   <trkpt lat="48.8089970" lon="-64.2203170">
    <ele>14.2</ele>
    <time>2026-08-17T12:35:48Z</time>
   </trkpt>
   <trkpt lat="48.8089870" lon="-64.2203010">
    <ele>14.0</ele>
    <time>2026-08-17T12:35:50Z</time>
   </trkpt>
   <trkpt lat="48.8089780" lon="-64.2203140">
    <ele>13.8</ele>
    <time>2026-08-17T12:35:52Z</time>
   </trkpt>
   <trkpt lat="48.8089930" lon="-64.2203560">
    <ele>13.8</ele>
    <time>2026-08-17T12:35:55Z</time>
   </trkpt>
   <trkpt lat="48.8090580" lon="-64.2204760">
    <ele>14.6</ele>
    <time>2026-08-17T12:36:03Z</time>
   </trkpt>
   <trkpt lat="48.8090580" lon="-64.2204780">
    <ele>14.6</ele>
    <time>2026-08-17T12:36:09Z</time>
   </trkpt>
   <trkpt lat="48.8090580" lon="-64.2204780">
    <ele>14.6</ele>
    <time>2026-08-17T12:36:14Z</time>
   </trkpt>
   <trkpt lat="48.8090580" lon="-64.2204780">
    <ele>14.6</ele>
    <time>2026-08-17T12:36:15Z</time>
   </trkpt>
   <trkpt lat="48.8090580" lon="-64.2204780">
    <ele>14.6</ele>
    <time>2026-08-17T12:36:16Z</time>
   </trkpt>
   <trkpt lat="48.8090340" lon="-64.2204480">
    <ele>14.6</ele>
    <time>2026-08-17T12:36:22Z</time>
   </trkpt>
   <trkpt lat="48.8090000" lon="-64.2203400">
    <ele>14.4</ele>
    <time>2026-08-17T12:36:28Z</time>
   </trkpt>
   <trkpt lat="48.8089680" lon="-64.2202320">
    <ele>14.0</ele>
    <time>2026-08-17T12:36:35Z</time>
   </trkpt>
   <trkpt lat="48.8089590" lon="-64.2202340">
    <ele>14.0</ele>
    <time>2026-08-17T12:36:36Z</time>
   </trkpt>
   <trkpt lat="48.8089480" lon="-64.2202480">
    <ele>13.8</ele>
    <time>2026-08-17T12:36:40Z</time>
   </trkpt>
   <trkpt lat="48.8089490" lon="-64.2202490">
    <ele>13.6</ele>
    <time>2026-08-17T12:36:47Z</time>
   </trkpt>
   <trkpt lat="48.8089560" lon="-64.2202500">
    <ele>13.6</ele>
    <time>2026-08-17T12:36:48Z</time>
   </trkpt>
   <trkpt lat="48.8089690" lon="-64.2202460">
    <ele>13.8</ele>
    <time>2026-08-17T12:36:56Z</time>
   </trkpt>
   <trkpt lat="48.8089730" lon="-64.2202310">
    <ele>14.6</ele>
    <time>2026-08-17T12:37:01Z</time>
   </trkpt>
   <trkpt lat="48.8089700" lon="-64.2201810">
    <ele>15.0</ele>
    <time>2026-08-17T12:37:06Z</time>
   </trkpt>
   <trkpt lat="48.8089830" lon="-64.2201350">
    <ele>15.0</ele>
    <time>2026-08-17T12:37:14Z</time>
   </trkpt>
   <trkpt lat="48.8089780" lon="-64.2201250">
    <ele>14.2</ele>
    <time>2026-08-17T12:37:22Z</time>
   </trkpt>
   <trkpt lat="48.8089830" lon="-64.2201350">
    <ele>15.4</ele>
    <time>2026-08-17T12:37:27Z</time>
   </trkpt>
   <trkpt lat="48.8089980" lon="-64.2201310">
    <ele>15.2</ele>
    <time>2026-08-17T12:37:32Z</time>
   </trkpt>
   <trkpt lat="48.8090540" lon="-64.2201630">
    <ele>15.0</ele>
    <time>2026-08-17T12:37:41Z</time>
   </trkpt>
   <trkpt lat="48.8090480" lon="-64.2201690">
    <ele>15.2</ele>
    <time>2026-08-17T12:37:45Z</time>
   </trkpt>
   <trkpt lat="48.8090350" lon="-64.2201600">
    <ele>15.2</ele>
    <time>2026-08-17T12:37:55Z</time>
   </trkpt>
   <trkpt lat="48.8090350" lon="-64.2201600">
    <ele>15.0</ele>
    <time>2026-08-17T12:37:56Z</time>
   </trkpt>
   <trkpt lat="48.8090350" lon="-64.2201600">
    <ele>14.8</ele>
    <time>2026-08-17T12:38:00Z</time>
   </trkpt>
   <trkpt lat="48.8090400" lon="-64.2201560">
    <ele>14.4</ele>
    <time>2026-08-17T12:38:05Z</time>
   </trkpt>
   <trkpt lat="48.8090410" lon="-64.2201880">
    <ele>14.2</ele>
    <time>2026-08-17T12:38:08Z</time>
   </trkpt>
   <trkpt lat="48.8090350" lon="-64.2202020">
    <ele>14.0</ele>
    <time>2026-08-17T12:38:10Z</time>
   </trkpt>
   <trkpt lat="48.8089800" lon="-64.2202310">
    <ele>14.2</ele>
    <time>2026-08-17T12:38:16Z</time>
   </trkpt>
   <trkpt lat="48.8089370" lon="-64.2202410">
    <ele>14.0</ele>
    <time>2026-08-17T12:38:22Z</time>
   </trkpt>
   <trkpt lat="48.8089150" lon="-64.2202380">
    <ele>13.0</ele>
    <time>2026-08-17T12:38:26Z</time>
   </trkpt>
   <trkpt lat="48.8089030" lon="-64.2202860">
    <ele>12.0</ele>
    <time>2026-08-17T12:38:31Z</time>
   </trkpt>
   <trkpt lat="48.8089050" lon="-64.2202940">
    <ele>12.0</ele>
    <time>2026-08-17T12:38:33Z</time>
   </trkpt>
   <trkpt lat="48.8089080" lon="-64.2202890">
    <ele>12.0</ele>
    <time>2026-08-17T12:38:38Z</time>
   </trkpt>
   <trkpt lat="48.8089130" lon="-64.2202610">
    <ele>12.4</ele>
    <time>2026-08-17T12:38:55Z</time>
   </trkpt>
   <trkpt lat="48.8089390" lon="-64.2202380">
    <ele>12.4</ele>
    <time>2026-08-17T12:39:03Z</time>
   </trkpt>
   <trkpt lat="48.8089550" lon="-64.2202350">
    <ele>13.2</ele>
    <time>2026-08-17T12:39:07Z</time>
   </trkpt>
   <trkpt lat="48.8089890" lon="-64.2202260">
    <ele>14.0</ele>
    <time>2026-08-17T12:39:12Z</time>
   </trkpt>
   <trkpt lat="48.8089850" lon="-64.2202160">
    <ele>13.8</ele>
    <time>2026-08-17T12:39:18Z</time>
   </trkpt>
   <trkpt lat="48.8089720" lon="-64.2201770">
    <ele>14.2</ele>
    <time>2026-08-17T12:39:23Z</time>
   </trkpt>
   <trkpt lat="48.8089760" lon="-64.2201680">
    <ele>14.4</ele>
    <time>2026-08-17T12:39:24Z</time>
   </trkpt>
   <trkpt lat="48.8089790" lon="-64.2201330">
    <ele>14.2</ele>
    <time>2026-08-17T12:39:29Z</time>
   </trkpt>
   <trkpt lat="48.8089770" lon="-64.2201240">
    <ele>14.2</ele>
    <time>2026-08-17T12:39:36Z</time>
   </trkpt>
   <trkpt lat="48.8089770" lon="-64.2201240">
    <ele>14.2</ele>
    <time>2026-08-17T12:39:38Z</time>
   </trkpt>
   <trkpt lat="48.8089800" lon="-64.2201260">
    <ele>14.2</ele>
    <time>2026-08-17T12:39:39Z</time>
   </trkpt>
   <trkpt lat="48.8089770" lon="-64.2201240">
    <ele>14.0</ele>
    <time>2026-08-17T12:39:44Z</time>
   </trkpt>
   <trkpt lat="48.8090020" lon="-64.2201070">
    <ele>14.2</ele>
    <time>2026-08-17T12:39:50Z</time>
   </trkpt>
   <trkpt lat="48.8089860" lon="-64.2201160">
    <ele>14.4</ele>
    <time>2026-08-17T12:39:55Z</time>
   </trkpt>
   <trkpt lat="48.8089770" lon="-64.2201240">
    <ele>14.4</ele>
    <time>2026-08-17T12:40:03Z</time>
   </trkpt>
   <trkpt lat="48.8089770" lon="-64.2201240">
    <ele>14.2</ele>
    <time>2026-08-17T12:40:07Z</time>
   </trkpt>
   <trkpt lat="48.8089770" lon="-64.2201240">
    <ele>14.2</ele>
    <time>2026-08-17T12:40:11Z</time>
   </trkpt>
   <trkpt lat="48.8089900" lon="-64.2201180">
    <ele>14.0</ele>
    <time>2026-08-17T12:40:12Z</time>
   </trkpt>
   <trkpt lat="48.8089980" lon="-64.2201170">
    <ele>14.0</ele>
    <time>2026-08-17T12:40:13Z</time>
   </trkpt>
   <trkpt lat="48.8089990" lon="-64.2201110">
    <ele>14.2</ele>
    <time>2026-08-17T12:40:14Z</time>
   </trkpt>
   <trkpt lat="48.8090130" lon="-64.2201140">
    <ele>14.0</ele>
    <time>2026-08-17T12:40:21Z</time>
   </trkpt>
   <trkpt lat="48.8090130" lon="-64.2201140">
    <ele>14.0</ele>
    <time>2026-08-17T12:40:22Z</time>
   </trkpt>
   <trkpt lat="48.8090260" lon="-64.2201200">
    <ele>13.8</ele>
    <time>2026-08-17T12:40:30Z</time>
   </trkpt>
   <trkpt lat="48.8090310" lon="-64.2201220">
    <ele>14.0</ele>
    <time>2026-08-17T12:40:31Z</time>
   </trkpt>
   <trkpt lat="48.8090440" lon="-64.2201210">
    <ele>14.0</ele>
    <time>2026-08-17T12:40:37Z</time>
   </trkpt>
   <trkpt lat="48.8090300" lon="-64.2201050">
    <ele>14.0</ele>
    <time>2026-08-17T12:40:42Z</time>
   </trkpt>
   <trkpt lat="48.8090300" lon="-64.2201050">
    <ele>14.0</ele>
    <time>2026-08-17T12:40:44Z</time>
   </trkpt>
   <trkpt lat="48.8090300" lon="-64.2201050">
    <ele>13.6</ele>
    <time>2026-08-17T12:40:56Z</time>
   </trkpt>
   <trkpt lat="48.8090300" lon="-64.2201050">
    <ele>13.4</ele>
    <time>2026-08-17T12:41:04Z</time>
   </trkpt>
   <trkpt lat="48.8090300" lon="-64.2201050">
    <ele>13.4</ele>
    <time>2026-08-17T12:41:09Z</time>
   </trkpt>
   <trkpt lat="48.8090300" lon="-64.2201050">
    <ele>13.4</ele>
    <time>2026-08-17T12:41:10Z</time>
   </trkpt>
   <trkpt lat="48.8090300" lon="-64.2201060">
    <ele>13.6</ele>
    <time>2026-08-17T12:41:11Z</time>
   </trkpt>
   <trkpt lat="48.8090120" lon="-64.2201010">
    <ele>13.6</ele>
    <time>2026-08-17T12:41:16Z</time>
   </trkpt>
   <trkpt lat="48.8090090" lon="-64.2201040">
    <ele>13.8</ele>
    <time>2026-08-17T12:41:26Z</time>
   </trkpt>
   <trkpt lat="48.8090080" lon="-64.2201040">
    <ele>13.6</ele>
    <time>2026-08-17T12:41:28Z</time>
   </trkpt>
   <trkpt lat="48.8090120" lon="-64.2201010">
    <ele>13.6</ele>
    <time>2026-08-17T12:41:38Z</time>
   </trkpt>
   <trkpt lat="48.8090130" lon="-64.2201020">
    <ele>13.8</ele>
    <time>2026-08-17T12:41:44Z</time>
   </trkpt>
   <trkpt lat="48.8090140" lon="-64.2201150">
    <ele>13.8</ele>
    <time>2026-08-17T12:41:46Z</time>
   </trkpt>
   <trkpt lat="48.8090250" lon="-64.2201380">
    <ele>13.8</ele>
    <time>2026-08-17T12:41:52Z</time>
   </trkpt>
   <trkpt lat="48.8090460" lon="-64.2201490">
    <ele>13.8</ele>
    <time>2026-08-17T12:41:58Z</time>
   </trkpt>
   <trkpt lat="48.8090690" lon="-64.2202050">
    <ele>14.0</ele>
    <time>2026-08-17T12:42:05Z</time>
   </trkpt>
   <trkpt lat="48.8090720" lon="-64.2202060">
    <ele>13.8</ele>
    <time>2026-08-17T12:42:13Z</time>
   </trkpt>
   <trkpt lat="48.8090710" lon="-64.2201980">
    <ele>14.2</ele>
    <time>2026-08-17T12:42:18Z</time>
   </trkpt>
   <trkpt lat="48.8090720" lon="-64.2202060">
    <ele>14.2</ele>
    <time>2026-08-17T12:42:19Z</time>
   </trkpt>
   <trkpt lat="48.8090720" lon="-64.2202060">
    <ele>14.2</ele>
    <time>2026-08-17T12:42:20Z</time>
   </trkpt>
   <trkpt lat="48.8090690" lon="-64.2201980">
    <ele>14.2</ele>
    <time>2026-08-17T12:42:28Z</time>
   </trkpt>
   <trkpt lat="48.8090710" lon="-64.2202020">
    <ele>14.2</ele>
    <time>2026-08-17T12:42:29Z</time>
   </trkpt>
   <trkpt lat="48.8090710" lon="-64.2202030">
    <ele>14.4</ele>
    <time>2026-08-17T12:42:30Z</time>
   </trkpt>
   <trkpt lat="48.8090720" lon="-64.2202060">
    <ele>14.2</ele>
    <time>2026-08-17T12:42:40Z</time>
   </trkpt>
   <trkpt lat="48.8090630" lon="-64.2202100">
    <ele>14.4</ele>
    <time>2026-08-17T12:42:51Z</time>
   </trkpt>
   <trkpt lat="48.8090640" lon="-64.2202990">
    <ele>14.4</ele>
    <time>2026-08-17T12:42:59Z</time>
   </trkpt>
   <trkpt lat="48.8090660" lon="-64.2203120">
    <ele>14.4</ele>
    <time>2026-08-17T12:43:05Z</time>
   </trkpt>
   <trkpt lat="48.8090430" lon="-64.2203720">
    <ele>14.2</ele>
    <time>2026-08-17T12:43:12Z</time>
   </trkpt>
   <trkpt lat="48.8090260" lon="-64.2204160">
    <ele>14.4</ele>
    <time>2026-08-17T12:43:16Z</time>
   </trkpt>
   <trkpt lat="48.8090200" lon="-64.2204380">
    <ele>14.4</ele>
    <time>2026-08-17T12:43:18Z</time>
   </trkpt>
   <trkpt lat="48.8090170" lon="-64.2204620">
    <ele>14.6</ele>
    <time>2026-08-17T12:43:20Z</time>
   </trkpt>
   <trkpt lat="48.8090120" lon="-64.2205200">
    <ele>14.8</ele>
    <time>2026-08-17T12:43:27Z</time>
   </trkpt>
   <trkpt lat="48.8090020" lon="-64.2205620">
    <ele>15.0</ele>
    <time>2026-08-17T12:43:37Z</time>
   </trkpt>
   <trkpt lat="48.8089960" lon="-64.2205650">
    <ele>15.0</ele>
    <time>2026-08-17T12:43:38Z</time>
   </trkpt>
   <trkpt lat="48.8089720" lon="-64.2206170">
    <ele>15.2</ele>
    <time>2026-08-17T12:43:45Z</time>
   </trkpt>
   <trkpt lat="48.8089720" lon="-64.2206660">
    <ele>16.0</ele>
    <time>2026-08-17T12:43:50Z</time>
   </trkpt>
   <trkpt lat="48.8089720" lon="-64.2206790">
    <ele>16.0</ele>
    <time>2026-08-17T12:43:51Z</time>
   </trkpt>
   <trkpt lat="48.8089690" lon="-64.2207140">
    <ele>16.4</ele>
    <time>2026-08-17T12:43:54Z</time>
   </trkpt>
   <trkpt lat="48.8089700" lon="-64.2207760">
    <ele>17.2</ele>
    <time>2026-08-17T12:43:59Z</time>
   </trkpt>
   <trkpt lat="48.8089760" lon="-64.2208000">
    <ele>17.4</ele>
    <time>2026-08-17T12:44:01Z</time>
   </trkpt>
   <trkpt lat="48.8089830" lon="-64.2208410">
    <ele>17.6</ele>
    <time>2026-08-17T12:44:03Z</time>
   </trkpt>
   <trkpt lat="48.8089940" lon="-64.2208870">
    <ele>18.2</ele>
    <time>2026-08-17T12:44:06Z</time>
   </trkpt>
   <trkpt lat="48.8090110" lon="-64.2209310">
    <ele>19.0</ele>
    <time>2026-08-17T12:44:09Z</time>
   </trkpt>
   <trkpt lat="48.8090270" lon="-64.2209670">
    <ele>19.4</ele>
    <time>2026-08-17T12:44:12Z</time>
   </trkpt>
   <trkpt lat="48.8090380" lon="-64.2209870">
    <ele>19.8</ele>
    <time>2026-08-17T12:44:14Z</time>
   </trkpt>
   <trkpt lat="48.8090630" lon="-64.2210110">
    <ele>20.2</ele>
    <time>2026-08-17T12:44:17Z</time>
   </trkpt>
   <trkpt lat="48.8090770" lon="-64.2210310">
    <ele>20.6</ele>
    <time>2026-08-17T12:44:19Z</time>
   </trkpt>
   <trkpt lat="48.8091040" lon="-64.2210740">
    <ele>21.6</ele>
    <time>2026-08-17T12:44:24Z</time>
   </trkpt>
   <trkpt lat="48.8091100" lon="-64.2210820">
    <ele>21.8</ele>
    <time>2026-08-17T12:44:25Z</time>
   </trkpt>
   <trkpt lat="48.8091140" lon="-64.2210900">
    <ele>22.0</ele>
    <time>2026-08-17T12:44:26Z</time>
   </trkpt>
   <trkpt lat="48.8091250" lon="-64.2211100">
    <ele>22.4</ele>
    <time>2026-08-17T12:44:28Z</time>
   </trkpt>
   <trkpt lat="48.8091420" lon="-64.2211390">
    <ele>23.0</ele>
    <time>2026-08-17T12:44:31Z</time>
   </trkpt>
   <trkpt lat="48.8091740" lon="-64.2211700">
    <ele>24.0</ele>
    <time>2026-08-17T12:44:35Z</time>
   </trkpt>
   <trkpt lat="48.8091810" lon="-64.2211740">
    <ele>24.2</ele>
    <time>2026-08-17T12:44:36Z</time>
   </trkpt>
   <trkpt lat="48.8092060" lon="-64.2212060">
    <ele>25.4</ele>
    <time>2026-08-17T12:44:40Z</time>
   </trkpt>
   <trkpt lat="48.8092300" lon="-64.2212260">
    <ele>26.0</ele>
    <time>2026-08-17T12:44:43Z</time>
   </trkpt>
   <trkpt lat="48.8092330" lon="-64.2212460">
    <ele>26.6</ele>
    <time>2026-08-17T12:44:45Z</time>
   </trkpt>
   <trkpt lat="48.8092260" lon="-64.2212560">
    <ele>27.2</ele>
    <time>2026-08-17T12:44:47Z</time>
   </trkpt>
   <trkpt lat="48.8092230" lon="-64.2212580">
    <ele>27.8</ele>
    <time>2026-08-17T12:44:49Z</time>
   </trkpt>
   <trkpt lat="48.8092240" lon="-64.2212600">
    <ele>27.8</ele>
    <time>2026-08-17T12:44:50Z</time>
   </trkpt>
   <trkpt lat="48.8092240" lon="-64.2212630">
    <ele>28.0</ele>
    <time>2026-08-17T12:44:52Z</time>
   </trkpt>
   <trkpt lat="48.8092240" lon="-64.2212630">
    <ele>28.0</ele>
    <time>2026-08-17T12:44:53Z</time>
   </trkpt>
   <trkpt lat="48.8092240" lon="-64.2212630">
    <ele>28.0</ele>
    <time>2026-08-17T12:44:54Z</time>
   </trkpt>
   <trkpt lat="48.8092220" lon="-64.2212690">
    <ele>27.8</ele>
    <time>2026-08-17T12:44:59Z</time>
   </trkpt>
   <trkpt lat="48.8092170" lon="-64.2212660">
    <ele>27.8</ele>
    <time>2026-08-17T12:45:02Z</time>
   </trkpt>
   <trkpt lat="48.8092240" lon="-64.2212710">
    <ele>28.0</ele>
    <time>2026-08-17T12:45:11Z</time>
   </trkpt>
   <trkpt lat="48.8092190" lon="-64.2212770">
    <ele>28.2</ele>
    <time>2026-08-17T12:45:19Z</time>
   </trkpt>
   <trkpt lat="48.8092170" lon="-64.2212730">
    <ele>28.2</ele>
    <time>2026-08-17T12:45:27Z</time>
   </trkpt>
   <trkpt lat="48.8092160" lon="-64.2212690">
    <ele>28.2</ele>
    <time>2026-08-17T12:45:28Z</time>
   </trkpt>
   <trkpt lat="48.8092170" lon="-64.2212430">
    <ele>28.4</ele>
    <time>2026-08-17T12:45:37Z</time>
   </trkpt>
   <trkpt lat="48.8092200" lon="-64.2212500">
    <ele>28.2</ele>
    <time>2026-08-17T12:45:44Z</time>
   </trkpt>
   <trkpt lat="48.8092220" lon="-64.2212520">
    <ele>28.4</ele>
    <time>2026-08-17T12:45:48Z</time>
   </trkpt>
   <trkpt lat="48.8092170" lon="-64.2212570">
    <ele>28.8</ele>
    <time>2026-08-17T12:45:55Z</time>
   </trkpt>
   <trkpt lat="48.8092140" lon="-64.2212590">
    <ele>28.8</ele>
    <time>2026-08-17T12:45:58Z</time>
   </trkpt>
   <trkpt lat="48.8092140" lon="-64.2212630">
    <ele>28.6</ele>
    <time>2026-08-17T12:46:04Z</time>
   </trkpt>
   <trkpt lat="48.8092050" lon="-64.2212750">
    <ele>28.8</ele>
    <time>2026-08-17T12:46:12Z</time>
   </trkpt>
   <trkpt lat="48.8092070" lon="-64.2212850">
    <ele>28.8</ele>
    <time>2026-08-17T12:46:15Z</time>
   </trkpt>
   <trkpt lat="48.8092070" lon="-64.2212840">
    <ele>29.2</ele>
    <time>2026-08-17T12:46:23Z</time>
   </trkpt>
   <trkpt lat="48.8092060" lon="-64.2212860">
    <ele>29.2</ele>
    <time>2026-08-17T12:46:25Z</time>
   </trkpt>
   <trkpt lat="48.8092080" lon="-64.2212820">
    <ele>29.4</ele>
    <time>2026-08-17T12:46:29Z</time>
   </trkpt>
   <trkpt lat="48.8092160" lon="-64.2212720">
    <ele>29.6</ele>
    <time>2026-08-17T12:46:33Z</time>
   </trkpt>
   <trkpt lat="48.8092150" lon="-64.2212630">
    <ele>29.8</ele>
    <time>2026-08-17T12:46:36Z</time>
   </trkpt>
   <trkpt lat="48.8092170" lon="-64.2212600">
    <ele>29.8</ele>
    <time>2026-08-17T12:46:37Z</time>
   </trkpt>
   <trkpt lat="48.8092440" lon="-64.2212380">
    <ele>30.2</ele>
    <time>2026-08-17T12:46:48Z</time>
   </trkpt>
   <trkpt lat="48.8092340" lon="-64.2212530">
    <ele>30.0</ele>
    <time>2026-08-17T12:46:58Z</time>
   </trkpt>
   <trkpt lat="48.8092290" lon="-64.2212530">
    <ele>30.0</ele>
    <time>2026-08-17T12:47:06Z</time>
   </trkpt>
   <trkpt lat="48.8091640" lon="-64.2212510">
    <ele>29.8</ele>
    <time>2026-08-17T12:47:14Z</time>
   </trkpt>
   <trkpt lat="48.8090900" lon="-64.2212350">
    <ele>29.4</ele>
    <time>2026-08-17T12:47:20Z</time>
   </trkpt>
   <trkpt lat="48.8090430" lon="-64.2212190">
    <ele>29.4</ele>
    <time>2026-08-17T12:47:24Z</time>
   </trkpt>
   <trkpt lat="48.8090140" lon="-64.2212130">
    <ele>29.6</ele>
    <time>2026-08-17T12:47:26Z</time>
   </trkpt>
   <trkpt lat="48.8089640" lon="-64.2212000">
    <ele>30.0</ele>
    <time>2026-08-17T12:47:31Z</time>
   </trkpt>
   <trkpt lat="48.8089470" lon="-64.2211960">
    <ele>30.2</ele>
    <time>2026-08-17T12:47:32Z</time>
   </trkpt>
   <trkpt lat="48.8088950" lon="-64.2211720">
    <ele>30.8</ele>
    <time>2026-08-17T12:47:36Z</time>
   </trkpt>
   <trkpt lat="48.8088580" lon="-64.2211640">
    <ele>31.6</ele>
    <time>2026-08-17T12:47:39Z</time>
   </trkpt>
   <trkpt lat="48.8088270" lon="-64.2211600">
    <ele>32.2</ele>
    <time>2026-08-17T12:47:41Z</time>
   </trkpt>
   <trkpt lat="48.8087810" lon="-64.2211690">
    <ele>33.2</ele>
    <time>2026-08-17T12:47:45Z</time>
   </trkpt>
   <trkpt lat="48.8087590" lon="-64.2211800">
    <ele>33.6</ele>
    <time>2026-08-17T12:47:47Z</time>
   </trkpt>
   <trkpt lat="48.8087290" lon="-64.2211910">
    <ele>34.0</ele>
    <time>2026-08-17T12:47:50Z</time>
   </trkpt>
   <trkpt lat="48.8087180" lon="-64.2211950">
    <ele>34.0</ele>
    <time>2026-08-17T12:47:51Z</time>
   </trkpt>
   <trkpt lat="48.8086960" lon="-64.2212070">
    <ele>34.2</ele>
    <time>2026-08-17T12:47:54Z</time>
   </trkpt>
   <trkpt lat="48.8086380" lon="-64.2212510">
    <ele>34.8</ele>
    <time>2026-08-17T12:48:00Z</time>
   </trkpt>
   <trkpt lat="48.8085920" lon="-64.2213000">
    <ele>35.0</ele>
    <time>2026-08-17T12:48:04Z</time>
   </trkpt>
   <trkpt lat="48.8085640" lon="-64.2213550">
    <ele>35.2</ele>
    <time>2026-08-17T12:48:08Z</time>
   </trkpt>
   <trkpt lat="48.8085410" lon="-64.2214060">
    <ele>35.6</ele>
    <time>2026-08-17T12:48:12Z</time>
   </trkpt>
   <trkpt lat="48.8085100" lon="-64.2214860">
    <ele>36.4</ele>
    <time>2026-08-17T12:48:17Z</time>
   </trkpt>
   <trkpt lat="48.8084810" lon="-64.2215520">
    <ele>37.2</ele>
    <time>2026-08-17T12:48:21Z</time>
   </trkpt>
   <trkpt lat="48.8084650" lon="-64.2215830">
    <ele>37.6</ele>
    <time>2026-08-17T12:48:23Z</time>
   </trkpt>
   <trkpt lat="48.8084440" lon="-64.2216510">
    <ele>38.6</ele>
    <time>2026-08-17T12:48:28Z</time>
   </trkpt>
   <trkpt lat="48.8084050" lon="-64.2217470">
    <ele>39.6</ele>
    <time>2026-08-17T12:48:34Z</time>
   </trkpt>
   <trkpt lat="48.8083670" lon="-64.2218190">
    <ele>40.8</ele>
    <time>2026-08-17T12:48:40Z</time>
   </trkpt>
   <trkpt lat="48.8083620" lon="-64.2218290">
    <ele>41.0</ele>
    <time>2026-08-17T12:48:41Z</time>
   </trkpt>
   <trkpt lat="48.8083350" lon="-64.2218810">
    <ele>42.0</ele>
    <time>2026-08-17T12:48:45Z</time>
   </trkpt>
   <trkpt lat="48.8083200" lon="-64.2219210">
    <ele>42.6</ele>
    <time>2026-08-17T12:48:48Z</time>
   </trkpt>
   <trkpt lat="48.8083100" lon="-64.2219490">
    <ele>43.2</ele>
    <time>2026-08-17T12:48:50Z</time>
   </trkpt>
   <trkpt lat="48.8082940" lon="-64.2220140">
    <ele>44.2</ele>
    <time>2026-08-17T12:48:54Z</time>
   </trkpt>
   <trkpt lat="48.8082850" lon="-64.2220410">
    <ele>44.8</ele>
    <time>2026-08-17T12:48:56Z</time>
   </trkpt>
   <trkpt lat="48.8082740" lon="-64.2220640">
    <ele>45.4</ele>
    <time>2026-08-17T12:48:58Z</time>
   </trkpt>
   <trkpt lat="48.8082290" lon="-64.2221270">
    <ele>46.4</ele>
    <time>2026-08-17T12:49:03Z</time>
   </trkpt>
   <trkpt lat="48.8082240" lon="-64.2221300">
    <ele>46.6</ele>
    <time>2026-08-17T12:49:04Z</time>
   </trkpt>
   <trkpt lat="48.8081880" lon="-64.2221710">
    <ele>47.6</ele>
    <time>2026-08-17T12:49:09Z</time>
   </trkpt>
   <trkpt lat="48.8081500" lon="-64.2222310">
    <ele>48.4</ele>
    <time>2026-08-17T12:49:14Z</time>
   </trkpt>
   <trkpt lat="48.8081430" lon="-64.2222450">
    <ele>48.6</ele>
    <time>2026-08-17T12:49:15Z</time>
   </trkpt>
   <trkpt lat="48.8081250" lon="-64.2222710">
    <ele>49.2</ele>
    <time>2026-08-17T12:49:18Z</time>
   </trkpt>
   <trkpt lat="48.8081110" lon="-64.2222910">
    <ele>49.6</ele>
    <time>2026-08-17T12:49:20Z</time>
   </trkpt>
   <trkpt lat="48.8080810" lon="-64.2223750">
    <ele>50.8</ele>
    <time>2026-08-17T12:49:25Z</time>
   </trkpt>
   <trkpt lat="48.8080200" lon="-64.2224100">
    <ele>51.6</ele>
    <time>2026-08-17T12:49:32Z</time>
   </trkpt>
   <trkpt lat="48.8080050" lon="-64.2224120">
    <ele>51.8</ele>
    <time>2026-08-17T12:49:33Z</time>
   </trkpt>
   <trkpt lat="48.8079360" lon="-64.2224050">
    <ele>51.8</ele>
    <time>2026-08-17T12:49:39Z</time>
   </trkpt>
   <trkpt lat="48.8078610" lon="-64.2223820">
    <ele>51.6</ele>
    <time>2026-08-17T12:49:45Z</time>
   </trkpt>
   <trkpt lat="48.8078210" lon="-64.2223630">
    <ele>51.6</ele>
    <time>2026-08-17T12:49:49Z</time>
   </trkpt>
   <trkpt lat="48.8078030" lon="-64.2223520">
    <ele>51.8</ele>
    <time>2026-08-17T12:49:51Z</time>
   </trkpt>
   <trkpt lat="48.8077780" lon="-64.2223400">
    <ele>52.0</ele>
    <time>2026-08-17T12:49:54Z</time>
   </trkpt>
   <trkpt lat="48.8077460" lon="-64.2223260">
    <ele>52.0</ele>
    <time>2026-08-17T12:49:57Z</time>
   </trkpt>
   <trkpt lat="48.8076600" lon="-64.2222760">
    <ele>52.2</ele>
    <time>2026-08-17T12:50:03Z</time>
   </trkpt>
   <trkpt lat="48.8075860" lon="-64.2222360">
    <ele>52.8</ele>
    <time>2026-08-17T12:50:09Z</time>
   </trkpt>
   <trkpt lat="48.8075390" lon="-64.2222090">
    <ele>53.2</ele>
    <time>2026-08-17T12:50:13Z</time>
   </trkpt>
   <trkpt lat="48.8074840" lon="-64.2221680">
    <ele>53.8</ele>
    <time>2026-08-17T12:50:17Z</time>
   </trkpt>
   <trkpt lat="48.8074260" lon="-64.2221490">
    <ele>54.4</ele>
    <time>2026-08-17T12:50:21Z</time>
   </trkpt>
   <trkpt lat="48.8073940" lon="-64.2221380">
    <ele>54.8</ele>
    <time>2026-08-17T12:50:24Z</time>
   </trkpt>
   <trkpt lat="48.8073330" lon="-64.2221340">
    <ele>54.6</ele>
    <time>2026-08-17T12:50:30Z</time>
   </trkpt>
   <trkpt lat="48.8072150" lon="-64.2221000">
    <ele>54.4</ele>
    <time>2026-08-17T12:50:39Z</time>
   </trkpt>
   <trkpt lat="48.8070870" lon="-64.2220600">
    <ele>55.2</ele>
    <time>2026-08-17T12:50:49Z</time>
   </trkpt>
   <trkpt lat="48.8069730" lon="-64.2220730">
    <ele>56.0</ele>
    <time>2026-08-17T12:50:58Z</time>
   </trkpt>
   <trkpt lat="48.8068950" lon="-64.2220810">
    <ele>57.0</ele>
    <time>2026-08-17T12:51:04Z</time>
   </trkpt>
   <trkpt lat="48.8068670" lon="-64.2220850">
    <ele>57.4</ele>
    <time>2026-08-17T12:51:06Z</time>
   </trkpt>
   <trkpt lat="48.8068520" lon="-64.2220900">
    <ele>57.6</ele>
    <time>2026-08-17T12:51:07Z</time>
   </trkpt>
   <trkpt lat="48.8068290" lon="-64.2220880">
    <ele>58.0</ele>
    <time>2026-08-17T12:51:09Z</time>
   </trkpt>
   <trkpt lat="48.8067790" lon="-64.2220770">
    <ele>59.0</ele>
    <time>2026-08-17T12:51:13Z</time>
   </trkpt>
   <trkpt lat="48.8067400" lon="-64.2220680">
    <ele>60.0</ele>
    <time>2026-08-17T12:51:17Z</time>
   </trkpt>
   <trkpt lat="48.8067090" lon="-64.2220620">
    <ele>61.2</ele>
    <time>2026-08-17T12:51:21Z</time>
   </trkpt>
   <trkpt lat="48.8066620" lon="-64.2220540">
    <ele>62.2</ele>
    <time>2026-08-17T12:51:25Z</time>
   </trkpt>
   <trkpt lat="48.8066360" lon="-64.2220480">
    <ele>63.0</ele>
    <time>2026-08-17T12:51:28Z</time>
   </trkpt>
   <trkpt lat="48.8066290" lon="-64.2220480">
    <ele>63.2</ele>
    <time>2026-08-17T12:51:29Z</time>
   </trkpt>
   <trkpt lat="48.8066180" lon="-64.2220480">
    <ele>63.4</ele>
    <time>2026-08-17T12:51:30Z</time>
   </trkpt>
   <trkpt lat="48.8065690" lon="-64.2220500">
    <ele>64.6</ele>
    <time>2026-08-17T12:51:36Z</time>
   </trkpt>
   <trkpt lat="48.8065570" lon="-64.2220520">
    <ele>64.8</ele>
    <time>2026-08-17T12:51:37Z</time>
   </trkpt>
   <trkpt lat="48.8065480" lon="-64.2220520">
    <ele>65.0</ele>
    <time>2026-08-17T12:51:38Z</time>
   </trkpt>
   <trkpt lat="48.8065390" lon="-64.2220510">
    <ele>65.2</ele>
    <time>2026-08-17T12:51:39Z</time>
   </trkpt>
   <trkpt lat="48.8065210" lon="-64.2220430">
    <ele>65.8</ele>
    <time>2026-08-17T12:51:41Z</time>
   </trkpt>
   <trkpt lat="48.8064680" lon="-64.2220220">
    <ele>66.8</ele>
    <time>2026-08-17T12:51:46Z</time>
   </trkpt>
   <trkpt lat="48.8064260" lon="-64.2219920">
    <ele>68.0</ele>
    <time>2026-08-17T12:51:51Z</time>
   </trkpt>
   <trkpt lat="48.8064070" lon="-64.2219730">
    <ele>68.4</ele>
    <time>2026-08-17T12:51:53Z</time>
   </trkpt>
   <trkpt lat="48.8063780" lon="-64.2219550">
    <ele>69.2</ele>
    <time>2026-08-17T12:51:56Z</time>
   </trkpt>
   <trkpt lat="48.8063410" lon="-64.2219410">
    <ele>70.2</ele>
    <time>2026-08-17T12:52:00Z</time>
   </trkpt>
   <trkpt lat="48.8063330" lon="-64.2219350">
    <ele>70.6</ele>
    <time>2026-08-17T12:52:01Z</time>
   </trkpt>
   <trkpt lat="48.8063000" lon="-64.2219180">
    <ele>71.6</ele>
    <time>2026-08-17T12:52:04Z</time>
   </trkpt>
   <trkpt lat="48.8062710" lon="-64.2219030">
    <ele>72.8</ele>
    <time>2026-08-17T12:52:08Z</time>
   </trkpt>
   <trkpt lat="48.8062470" lon="-64.2218900">
    <ele>73.8</ele>
    <time>2026-08-17T12:52:11Z</time>
   </trkpt>
   <trkpt lat="48.8062170" lon="-64.2218870">
    <ele>75.0</ele>
    <time>2026-08-17T12:52:15Z</time>
   </trkpt>
   <trkpt lat="48.8062010" lon="-64.2218810">
    <ele>75.6</ele>
    <time>2026-08-17T12:52:17Z</time>
   </trkpt>
   <trkpt lat="48.8061880" lon="-64.2218830">
    <ele>76.4</ele>
    <time>2026-08-17T12:52:19Z</time>
   </trkpt>
   <trkpt lat="48.8061680" lon="-64.2218780">
    <ele>77.6</ele>
    <time>2026-08-17T12:52:22Z</time>
   </trkpt>
   <trkpt lat="48.8061520" lon="-64.2218690">
    <ele>78.4</ele>
    <time>2026-08-17T12:52:24Z</time>
   </trkpt>
   <trkpt lat="48.8061420" lon="-64.2218640">
    <ele>78.8</ele>
    <time>2026-08-17T12:52:25Z</time>
   </trkpt>
   <trkpt lat="48.8061100" lon="-64.2218510">
    <ele>79.8</ele>
    <time>2026-08-17T12:52:28Z</time>
   </trkpt>
   <trkpt lat="48.8060890" lon="-64.2218420">
    <ele>81.0</ele>
    <time>2026-08-17T12:52:31Z</time>
   </trkpt>
   <trkpt lat="48.8060800" lon="-64.2218390">
    <ele>81.4</ele>
    <time>2026-08-17T12:52:32Z</time>
   </trkpt>
   <trkpt lat="48.8060580" lon="-64.2218240">
    <ele>82.2</ele>
    <time>2026-08-17T12:52:34Z</time>
   </trkpt>
   <trkpt lat="48.8060280" lon="-64.2218160">
    <ele>83.2</ele>
    <time>2026-08-17T12:52:37Z</time>
   </trkpt>
   <trkpt lat="48.8060080" lon="-64.2218080">
    <ele>84.0</ele>
    <time>2026-08-17T12:52:39Z</time>
   </trkpt>
   <trkpt lat="48.8060000" lon="-64.2218060">
    <ele>84.4</ele>
    <time>2026-08-17T12:52:40Z</time>
   </trkpt>
   <trkpt lat="48.8059790" lon="-64.2217930">
    <ele>85.6</ele>
    <time>2026-08-17T12:52:43Z</time>
   </trkpt>
   <trkpt lat="48.8059530" lon="-64.2217810">
    <ele>86.6</ele>
    <time>2026-08-17T12:52:46Z</time>
   </trkpt>
   <trkpt lat="48.8059430" lon="-64.2217760">
    <ele>87.0</ele>
    <time>2026-08-17T12:52:47Z</time>
   </trkpt>
   <trkpt lat="48.8059260" lon="-64.2217680">
    <ele>87.8</ele>
    <time>2026-08-17T12:52:49Z</time>
   </trkpt>
   <trkpt lat="48.8058950" lon="-64.2217580">
    <ele>89.0</ele>
    <time>2026-08-17T12:52:52Z</time>
   </trkpt>
   <trkpt lat="48.8058760" lon="-64.2217520">
    <ele>89.6</ele>
    <time>2026-08-17T12:52:54Z</time>
   </trkpt>
   <trkpt lat="48.8058540" lon="-64.2217540">
    <ele>90.2</ele>
    <time>2026-08-17T12:52:56Z</time>
   </trkpt>
   <trkpt lat="48.8058390" lon="-64.2217790">
    <ele>91.4</ele>
    <time>2026-08-17T12:52:59Z</time>
   </trkpt>
   <trkpt lat="48.8058450" lon="-64.2218010">
    <ele>92.0</ele>
    <time>2026-08-17T12:53:02Z</time>
   </trkpt>
   <trkpt lat="48.8058400" lon="-64.2218550">
    <ele>92.2</ele>
    <time>2026-08-17T12:53:08Z</time>
   </trkpt>
   <trkpt lat="48.8058440" lon="-64.2218720">
    <ele>92.2</ele>
    <time>2026-08-17T12:53:11Z</time>
   </trkpt>
   <trkpt lat="48.8058480" lon="-64.2218610">
    <ele>92.4</ele>
    <time>2026-08-17T12:53:13Z</time>
   </trkpt>
   <trkpt lat="48.8058610" lon="-64.2218320">
    <ele>92.4</ele>
    <time>2026-08-17T12:53:17Z</time>
   </trkpt>
   <trkpt lat="48.8058650" lon="-64.2218220">
    <ele>92.6</ele>
    <time>2026-08-17T12:53:20Z</time>
   </trkpt>
   <trkpt lat="48.8058690" lon="-64.2218240">
    <ele>92.6</ele>
    <time>2026-08-17T12:53:22Z</time>
   </trkpt>
   <trkpt lat="48.8058720" lon="-64.2218200">
    <ele>92.6</ele>
    <time>2026-08-17T12:53:23Z</time>
   </trkpt>
   <trkpt lat="48.8058720" lon="-64.2218210">
    <ele>92.6</ele>
    <time>2026-08-17T12:53:31Z</time>
   </trkpt>
   <trkpt lat="48.8058720" lon="-64.2218210">
    <ele>92.6</ele>
    <time>2026-08-17T12:53:34Z</time>
   </trkpt>
   <trkpt lat="48.8058720" lon="-64.2218210">
    <ele>92.6</ele>
    <time>2026-08-17T12:53:35Z</time>
   </trkpt>
   <trkpt lat="48.8058720" lon="-64.2218210">
    <ele>92.6</ele>
    <time>2026-08-17T12:53:38Z</time>
   </trkpt>
   <trkpt lat="48.8058720" lon="-64.2218210">
    <ele>92.6</ele>
    <time>2026-08-17T12:53:39Z</time>
   </trkpt>
   <trkpt lat="48.8058720" lon="-64.2218210">
    <ele>92.6</ele>
    <time>2026-08-17T12:53:40Z</time>
   </trkpt>
   <trkpt lat="48.8058690" lon="-64.2218180">
    <ele>92.8</ele>
    <time>2026-08-17T12:53:44Z</time>
   </trkpt>
   <trkpt lat="48.8058640" lon="-64.2218080">
    <ele>93.0</ele>
    <time>2026-08-17T12:53:48Z</time>
   </trkpt>
   <trkpt lat="48.8058400" lon="-64.2217760">
    <ele>93.2</ele>
    <time>2026-08-17T12:53:55Z</time>
   </trkpt>
   <trkpt lat="48.8058410" lon="-64.2217700">
    <ele>93.2</ele>
    <time>2026-08-17T12:53:56Z</time>
   </trkpt>
   <trkpt lat="48.8058290" lon="-64.2217810">
    <ele>93.0</ele>
    <time>2026-08-17T12:54:04Z</time>
   </trkpt>
   <trkpt lat="48.8058280" lon="-64.2217860">
    <ele>93.0</ele>
    <time>2026-08-17T12:54:13Z</time>
   </trkpt>
   <trkpt lat="48.8058440" lon="-64.2217690">
    <ele>93.0</ele>
    <time>2026-08-17T12:54:23Z</time>
   </trkpt>
   <trkpt lat="48.8058500" lon="-64.2217570">
    <ele>93.0</ele>
    <time>2026-08-17T12:54:28Z</time>
   </trkpt>
   <trkpt lat="48.8058540" lon="-64.2217410">
    <ele>93.2</ele>
    <time>2026-08-17T12:54:34Z</time>
   </trkpt>
   <trkpt lat="48.8058520" lon="-64.2217380">
    <ele>93.2</ele>
    <time>2026-08-17T12:54:38Z</time>
   </trkpt>
   <trkpt lat="48.8058470" lon="-64.2217530">
    <ele>93.2</ele>
    <time>2026-08-17T12:54:42Z</time>
   </trkpt>
   <trkpt lat="48.8058450" lon="-64.2217610">
    <ele>93.2</ele>
    <time>2026-08-17T12:54:43Z</time>
   </trkpt>
   <trkpt lat="48.8058430" lon="-64.2217700">
    <ele>93.2</ele>
    <time>2026-08-17T12:54:44Z</time>
   </trkpt>
   <trkpt lat="48.8058410" lon="-64.2217740">
    <ele>93.2</ele>
    <time>2026-08-17T12:54:45Z</time>
   </trkpt>
   <trkpt lat="48.8058300" lon="-64.2217960">
    <ele>93.2</ele>
    <time>2026-08-17T12:54:54Z</time>
   </trkpt>
   <trkpt lat="48.8058310" lon="-64.2217820">
    <ele>93.4</ele>
    <time>2026-08-17T12:55:04Z</time>
   </trkpt>
   <trkpt lat="48.8058250" lon="-64.2217820">
    <ele>93.4</ele>
    <time>2026-08-17T12:55:09Z</time>
   </trkpt>
   <trkpt lat="48.8058270" lon="-64.2217990">
    <ele>93.4</ele>
    <time>2026-08-17T12:55:13Z</time>
   </trkpt>
   <trkpt lat="48.8058250" lon="-64.2217990">
    <ele>93.2</ele>
    <time>2026-08-17T12:55:15Z</time>
   </trkpt>
   <trkpt lat="48.8058200" lon="-64.2218010">
    <ele>93.2</ele>
    <time>2026-08-17T12:55:18Z</time>
   </trkpt>
   <trkpt lat="48.8058060" lon="-64.2217980">
    <ele>93.2</ele>
    <time>2026-08-17T12:55:20Z</time>
   </trkpt>
   <trkpt lat="48.8057940" lon="-64.2217430">
    <ele>94.4</ele>
    <time>2026-08-17T12:55:28Z</time>
   </trkpt>
   <trkpt lat="48.8057910" lon="-64.2217380">
    <ele>94.6</ele>
    <time>2026-08-17T12:55:29Z</time>
   </trkpt>
   <trkpt lat="48.8057640" lon="-64.2217290">
    <ele>95.4</ele>
    <time>2026-08-17T12:55:34Z</time>
   </trkpt>
   <trkpt lat="48.8057410" lon="-64.2217270">
    <ele>96.4</ele>
    <time>2026-08-17T12:55:37Z</time>
   </trkpt>
   <trkpt lat="48.8057340" lon="-64.2217230">
    <ele>96.8</ele>
    <time>2026-08-17T12:55:38Z</time>
   </trkpt>
   <trkpt lat="48.8057090" lon="-64.2217150">
    <ele>97.8</ele>
    <time>2026-08-17T12:55:42Z</time>
   </trkpt>
   <trkpt lat="48.8056800" lon="-64.2216980">
    <ele>98.8</ele>
    <time>2026-08-17T12:55:46Z</time>
   </trkpt>
   <trkpt lat="48.8056710" lon="-64.2216910">
    <ele>99.0</ele>
    <time>2026-08-17T12:55:47Z</time>
   </trkpt>
   <trkpt lat="48.8056260" lon="-64.2216740">
    <ele>100.2</ele>
    <time>2026-08-17T12:55:51Z</time>
   </trkpt>
   <trkpt lat="48.8056040" lon="-64.2216650">
    <ele>100.8</ele>
    <time>2026-08-17T12:55:54Z</time>
   </trkpt>
   <trkpt lat="48.8055680" lon="-64.2216480">
    <ele>101.2</ele>
    <time>2026-08-17T12:55:57Z</time>
   </trkpt>
   <trkpt lat="48.8055440" lon="-64.2216290">
    <ele>102.0</ele>
    <time>2026-08-17T12:56:00Z</time>
   </trkpt>
   <trkpt lat="48.8055300" lon="-64.2216230">
    <ele>102.4</ele>
    <time>2026-08-17T12:56:02Z</time>
   </trkpt>
   <trkpt lat="48.8054970" lon="-64.2216070">
    <ele>103.4</ele>
    <time>2026-08-17T12:56:06Z</time>
   </trkpt>
   <trkpt lat="48.8054780" lon="-64.2216020">
    <ele>104.2</ele>
    <time>2026-08-17T12:56:08Z</time>
   </trkpt>
   <trkpt lat="48.8054610" lon="-64.2215940">
    <ele>104.6</ele>
    <time>2026-08-17T12:56:09Z</time>
   </trkpt>
   <trkpt lat="48.8054510" lon="-64.2215890">
    <ele>104.8</ele>
    <time>2026-08-17T12:56:10Z</time>
   </trkpt>
   <trkpt lat="48.8054350" lon="-64.2215750">
    <ele>105.4</ele>
    <time>2026-08-17T12:56:12Z</time>
   </trkpt>
   <trkpt lat="48.8054220" lon="-64.2215720">
    <ele>105.6</ele>
    <time>2026-08-17T12:56:13Z</time>
   </trkpt>
   <trkpt lat="48.8053930" lon="-64.2215590">
    <ele>106.4</ele>
    <time>2026-08-17T12:56:16Z</time>
   </trkpt>
   <trkpt lat="48.8053840" lon="-64.2215540">
    <ele>106.8</ele>
    <time>2026-08-17T12:56:17Z</time>
   </trkpt>
   <trkpt lat="48.8053760" lon="-64.2215500">
    <ele>107.0</ele>
    <time>2026-08-17T12:56:18Z</time>
   </trkpt>
   <trkpt lat="48.8053530" lon="-64.2215400">
    <ele>107.8</ele>
    <time>2026-08-17T12:56:21Z</time>
   </trkpt>
   <trkpt lat="48.8053260" lon="-64.2215100">
    <ele>108.8</ele>
    <time>2026-08-17T12:56:25Z</time>
   </trkpt>
   <trkpt lat="48.8052810" lon="-64.2214610">
    <ele>109.8</ele>
    <time>2026-08-17T12:56:30Z</time>
   </trkpt>
   <trkpt lat="48.8052730" lon="-64.2214550">
    <ele>110.0</ele>
    <time>2026-08-17T12:56:31Z</time>
   </trkpt>
   <trkpt lat="48.8052500" lon="-64.2214330">
    <ele>111.0</ele>
    <time>2026-08-17T12:56:35Z</time>
   </trkpt>
   <trkpt lat="48.8052310" lon="-64.2214340">
    <ele>112.0</ele>
    <time>2026-08-17T12:56:39Z</time>
   </trkpt>
   <trkpt lat="48.8052070" lon="-64.2214270">
    <ele>113.4</ele>
    <time>2026-08-17T12:56:43Z</time>
   </trkpt>
   <trkpt lat="48.8051870" lon="-64.2214100">
    <ele>114.6</ele>
    <time>2026-08-17T12:56:46Z</time>
   </trkpt>
   <trkpt lat="48.8051620" lon="-64.2213680">
    <ele>115.6</ele>
    <time>2026-08-17T12:56:51Z</time>
   </trkpt>
   <trkpt lat="48.8051380" lon="-64.2213590">
    <ele>116.2</ele>
    <time>2026-08-17T12:56:58Z</time>
   </trkpt>
   <trkpt lat="48.8051230" lon="-64.2213710">
    <ele>116.0</ele>
    <time>2026-08-17T12:57:08Z</time>
   </trkpt>
   <trkpt lat="48.8051230" lon="-64.2213710">
    <ele>116.0</ele>
    <time>2026-08-17T12:57:15Z</time>
   </trkpt>
   <trkpt lat="48.8051280" lon="-64.2213680">
    <ele>116.0</ele>
    <time>2026-08-17T12:57:18Z</time>
   </trkpt>
   <trkpt lat="48.8051300" lon="-64.2213650">
    <ele>116.0</ele>
    <time>2026-08-17T12:57:19Z</time>
   </trkpt>
   <trkpt lat="48.8051330" lon="-64.2213560">
    <ele>115.8</ele>
    <time>2026-08-17T12:57:23Z</time>
   </trkpt>
   <trkpt lat="48.8051330" lon="-64.2213540">
    <ele>115.8</ele>
    <time>2026-08-17T12:57:25Z</time>
   </trkpt>
   <trkpt lat="48.8051390" lon="-64.2213470">
    <ele>115.8</ele>
    <time>2026-08-17T12:57:28Z</time>
   </trkpt>
   <trkpt lat="48.8051260" lon="-64.2213590">
    <ele>115.8</ele>
    <time>2026-08-17T12:57:38Z</time>
   </trkpt>
   <trkpt lat="48.8051330" lon="-64.2213450">
    <ele>116.0</ele>
    <time>2026-08-17T12:57:46Z</time>
   </trkpt>
   <trkpt lat="48.8051380" lon="-64.2213470">
    <ele>115.8</ele>
    <time>2026-08-17T12:57:54Z</time>
   </trkpt>
   <trkpt lat="48.8051210" lon="-64.2213410">
    <ele>116.4</ele>
    <time>2026-08-17T12:58:02Z</time>
   </trkpt>
   <trkpt lat="48.8051080" lon="-64.2213290">
    <ele>116.6</ele>
    <time>2026-08-17T12:58:05Z</time>
   </trkpt>
   <trkpt lat="48.8050890" lon="-64.2213170">
    <ele>117.2</ele>
    <time>2026-08-17T12:58:10Z</time>
   </trkpt>
   <trkpt lat="48.8050750" lon="-64.2213170">
    <ele>117.2</ele>
    <time>2026-08-17T12:58:16Z</time>
   </trkpt>
   <trkpt lat="48.8050710" lon="-64.2213180">
    <ele>117.2</ele>
    <time>2026-08-17T12:58:19Z</time>
   </trkpt>
   <trkpt lat="48.8050520" lon="-64.2212950">
    <ele>117.6</ele>
    <time>2026-08-17T12:58:26Z</time>
   </trkpt>
   <trkpt lat="48.8050450" lon="-64.2212890">
    <ele>117.8</ele>
    <time>2026-08-17T12:58:27Z</time>
   </trkpt>
   <trkpt lat="48.8050040" lon="-64.2212570">
    <ele>118.6</ele>
    <time>2026-08-17T12:58:31Z</time>
   </trkpt>
   <trkpt lat="48.8049990" lon="-64.2212500">
    <ele>118.6</ele>
    <time>2026-08-17T12:58:32Z</time>
   </trkpt>
   <trkpt lat="48.8049920" lon="-64.2212400">
    <ele>118.8</ele>
    <time>2026-08-17T12:58:33Z</time>
   </trkpt>
   <trkpt lat="48.8049410" lon="-64.2211710">
    <ele>119.4</ele>
    <time>2026-08-17T12:58:38Z</time>
   </trkpt>
   <trkpt lat="48.8048930" lon="-64.2211330">
    <ele>120.0</ele>
    <time>2026-08-17T12:58:42Z</time>
   </trkpt>
   <trkpt lat="48.8048640" lon="-64.2211000">
    <ele>120.2</ele>
    <time>2026-08-17T12:58:45Z</time>
   </trkpt>
   <trkpt lat="48.8048130" lon="-64.2210270">
    <ele>121.0</ele>
    <time>2026-08-17T12:58:50Z</time>
   </trkpt>
   <trkpt lat="48.8048050" lon="-64.2210030">
    <ele>121.4</ele>
    <time>2026-08-17T12:58:52Z</time>
   </trkpt>
   <trkpt lat="48.8047950" lon="-64.2209880">
    <ele>121.4</ele>
    <time>2026-08-17T12:58:53Z</time>
   </trkpt>
   <trkpt lat="48.8047520" lon="-64.2209150">
    <ele>122.2</ele>
    <time>2026-08-17T12:58:58Z</time>
   </trkpt>
   <trkpt lat="48.8047390" lon="-64.2208920">
    <ele>122.6</ele>
    <time>2026-08-17T12:59:00Z</time>
   </trkpt>
   <trkpt lat="48.8047210" lon="-64.2208690">
    <ele>123.4</ele>
    <time>2026-08-17T12:59:03Z</time>
   </trkpt>
   <trkpt lat="48.8046800" lon="-64.2208300">
    <ele>124.4</ele>
    <time>2026-08-17T12:59:08Z</time>
   </trkpt>
   <trkpt lat="48.8046680" lon="-64.2208130">
    <ele>124.6</ele>
    <time>2026-08-17T12:59:09Z</time>
   </trkpt>
   <trkpt lat="48.8046550" lon="-64.2207950">
    <ele>124.8</ele>
    <time>2026-08-17T12:59:10Z</time>
   </trkpt>
   <trkpt lat="48.8046260" lon="-64.2207520">
    <ele>125.4</ele>
    <time>2026-08-17T12:59:14Z</time>
   </trkpt>
   <trkpt lat="48.8045870" lon="-64.2207130">
    <ele>126.2</ele>
    <time>2026-08-17T12:59:17Z</time>
   </trkpt>
   <trkpt lat="48.8045730" lon="-64.2207000">
    <ele>126.6</ele>
    <time>2026-08-17T12:59:18Z</time>
   </trkpt>
   <trkpt lat="48.8045620" lon="-64.2206720">
    <ele>127.4</ele>
    <time>2026-08-17T12:59:21Z</time>
   </trkpt>
   <trkpt lat="48.8045580" lon="-64.2206630">
    <ele>127.8</ele>
    <time>2026-08-17T12:59:22Z</time>
   </trkpt>
   <trkpt lat="48.8045310" lon="-64.2206160">
    <ele>128.8</ele>
    <time>2026-08-17T12:59:26Z</time>
   </trkpt>
   <trkpt lat="48.8045230" lon="-64.2206030">
    <ele>129.0</ele>
    <time>2026-08-17T12:59:27Z</time>
   </trkpt>
   <trkpt lat="48.8045120" lon="-64.2205830">
    <ele>129.2</ele>
    <time>2026-08-17T12:59:28Z</time>
   </trkpt>
   <trkpt lat="48.8044950" lon="-64.2205680">
    <ele>129.8</ele>
    <time>2026-08-17T12:59:30Z</time>
   </trkpt>
   <trkpt lat="48.8044880" lon="-64.2205630">
    <ele>130.0</ele>
    <time>2026-08-17T12:59:31Z</time>
   </trkpt>
   <trkpt lat="48.8044640" lon="-64.2205400">
    <ele>130.6</ele>
    <time>2026-08-17T12:59:33Z</time>
   </trkpt>
   <trkpt lat="48.8044290" lon="-64.2205180">
    <ele>131.2</ele>
    <time>2026-08-17T12:59:36Z</time>
   </trkpt>
   <trkpt lat="48.8043940" lon="-64.2204990">
    <ele>132.0</ele>
    <time>2026-08-17T12:59:39Z</time>
   </trkpt>
   <trkpt lat="48.8043830" lon="-64.2204960">
    <ele>132.4</ele>
    <time>2026-08-17T12:59:40Z</time>
   </trkpt>
   <trkpt lat="48.8043700" lon="-64.2204910">
    <ele>132.6</ele>
    <time>2026-08-17T12:59:41Z</time>
   </trkpt>
   <trkpt lat="48.8043400" lon="-64.2204840">
    <ele>133.2</ele>
    <time>2026-08-17T12:59:44Z</time>
   </trkpt>
   <trkpt lat="48.8043050" lon="-64.2204640">
    <ele>133.2</ele>
    <time>2026-08-17T12:59:47Z</time>
   </trkpt>
   <trkpt lat="48.8042860" lon="-64.2204460">
    <ele>133.0</ele>
    <time>2026-08-17T12:59:52Z</time>
   </trkpt>
   <trkpt lat="48.8042430" lon="-64.2204340">
    <ele>132.8</ele>
    <time>2026-08-17T12:59:56Z</time>
   </trkpt>
   <trkpt lat="48.8042130" lon="-64.2204260">
    <ele>132.6</ele>
    <time>2026-08-17T12:59:59Z</time>
   </trkpt>
   <trkpt lat="48.8041460" lon="-64.2204080">
    <ele>131.6</ele>
    <time>2026-08-17T13:00:06Z</time>
   </trkpt>
   <trkpt lat="48.8041240" lon="-64.2204150">
    <ele>131.2</ele>
    <time>2026-08-17T13:00:08Z</time>
   </trkpt>
   <trkpt lat="48.8040580" lon="-64.2204630">
    <ele>131.4</ele>
    <time>2026-08-17T13:00:14Z</time>
   </trkpt>
   <trkpt lat="48.8039890" lon="-64.2205130">
    <ele>132.2</ele>
    <time>2026-08-17T13:00:20Z</time>
   </trkpt>
   <trkpt lat="48.8039510" lon="-64.2205400">
    <ele>132.4</ele>
    <time>2026-08-17T13:00:23Z</time>
   </trkpt>
   <trkpt lat="48.8039350" lon="-64.2205630">
    <ele>132.8</ele>
    <time>2026-08-17T13:00:26Z</time>
   </trkpt>
   <trkpt lat="48.8039020" lon="-64.2205870">
    <ele>133.2</ele>
    <time>2026-08-17T13:00:30Z</time>
   </trkpt>
   <trkpt lat="48.8038580" lon="-64.2206330">
    <ele>132.6</ele>
    <time>2026-08-17T13:00:35Z</time>
   </trkpt>
   <trkpt lat="48.8038370" lon="-64.2207800">
    <ele>133.2</ele>
    <time>2026-08-17T13:00:44Z</time>
   </trkpt>
   <trkpt lat="48.8038340" lon="-64.2208220">
    <ele>133.4</ele>
    <time>2026-08-17T13:00:46Z</time>
   </trkpt>
   <trkpt lat="48.8038310" lon="-64.2209320">
    <ele>134.4</ele>
    <time>2026-08-17T13:00:51Z</time>
   </trkpt>
   <trkpt lat="48.8038260" lon="-64.2209780">
    <ele>134.2</ele>
    <time>2026-08-17T13:00:54Z</time>
   </trkpt>
   <trkpt lat="48.8038230" lon="-64.2212000">
    <ele>133.8</ele>
    <time>2026-08-17T13:01:06Z</time>
   </trkpt>
   <trkpt lat="48.8038270" lon="-64.2212140">
    <ele>134.0</ele>
    <time>2026-08-17T13:01:07Z</time>
   </trkpt>
   <trkpt lat="48.8038490" lon="-64.2213180">
    <ele>135.2</ele>
    <time>2026-08-17T13:01:12Z</time>
   </trkpt>
   <trkpt lat="48.8038480" lon="-64.2213550">
    <ele>135.2</ele>
    <time>2026-08-17T13:01:14Z</time>
   </trkpt>
   <trkpt lat="48.8038480" lon="-64.2214080">
    <ele>135.6</ele>
    <time>2026-08-17T13:01:18Z</time>
   </trkpt>
   <trkpt lat="48.8038530" lon="-64.2214770">
    <ele>136.2</ele>
    <time>2026-08-17T13:01:22Z</time>
   </trkpt>
   <trkpt lat="48.8038580" lon="-64.2214880">
    <ele>136.6</ele>
    <time>2026-08-17T13:01:23Z</time>
   </trkpt>
   <trkpt lat="48.8038950" lon="-64.2216290">
    <ele>137.0</ele>
    <time>2026-08-17T13:01:31Z</time>
   </trkpt>
   <trkpt lat="48.8038990" lon="-64.2217110">
    <ele>137.6</ele>
    <time>2026-08-17T13:01:36Z</time>
   </trkpt>
   <trkpt lat="48.8039300" lon="-64.2218170">
    <ele>137.6</ele>
    <time>2026-08-17T13:01:42Z</time>
   </trkpt>
   <trkpt lat="48.8039710" lon="-64.2218270">
    <ele>138.6</ele>
    <time>2026-08-17T13:01:47Z</time>
   </trkpt>
   <trkpt lat="48.8040040" lon="-64.2218130">
    <ele>139.0</ele>
    <time>2026-08-17T13:01:49Z</time>
   </trkpt>
   <trkpt lat="48.8040290" lon="-64.2217940">
    <ele>139.4</ele>
    <time>2026-08-17T13:01:51Z</time>
   </trkpt>
   <trkpt lat="48.8040450" lon="-64.2217700">
    <ele>139.8</ele>
    <time>2026-08-17T13:01:53Z</time>
   </trkpt>
   <trkpt lat="48.8040760" lon="-64.2217110">
    <ele>140.4</ele>
    <time>2026-08-17T13:01:57Z</time>
   </trkpt>
   <trkpt lat="48.8040960" lon="-64.2216610">
    <ele>140.8</ele>
    <time>2026-08-17T13:02:00Z</time>
   </trkpt>
   <trkpt lat="48.8041230" lon="-64.2215840">
    <ele>142.0</ele>
    <time>2026-08-17T13:02:05Z</time>
   </trkpt>
   <trkpt lat="48.8041600" lon="-64.2215220">
    <ele>143.0</ele>
    <time>2026-08-17T13:02:11Z</time>
   </trkpt>
   <trkpt lat="48.8041700" lon="-64.2215140">
    <ele>143.2</ele>
    <time>2026-08-17T13:02:12Z</time>
   </trkpt>
   <trkpt lat="48.8041800" lon="-64.2215090">
    <ele>143.6</ele>
    <time>2026-08-17T13:02:13Z</time>
   </trkpt>
   <trkpt lat="48.8042060" lon="-64.2215030">
    <ele>144.2</ele>
    <time>2026-08-17T13:02:16Z</time>
   </trkpt>
   <trkpt lat="48.8042360" lon="-64.2214910">
    <ele>145.2</ele>
    <time>2026-08-17T13:02:20Z</time>
   </trkpt>
   <trkpt lat="48.8042410" lon="-64.2214840">
    <ele>145.6</ele>
    <time>2026-08-17T13:02:21Z</time>
   </trkpt>
   <trkpt lat="48.8042480" lon="-64.2214700">
    <ele>145.8</ele>
    <time>2026-08-17T13:02:22Z</time>
   </trkpt>
   <trkpt lat="48.8042900" lon="-64.2214170">
    <ele>146.6</ele>
    <time>2026-08-17T13:02:27Z</time>
   </trkpt>
   <trkpt lat="48.8043340" lon="-64.2213700">
    <ele>148.0</ele>
    <time>2026-08-17T13:02:32Z</time>
   </trkpt>
   <trkpt lat="48.8043540" lon="-64.2213450">
    <ele>149.0</ele>
    <time>2026-08-17T13:02:35Z</time>
   </trkpt>
   <trkpt lat="48.8043590" lon="-64.2213330">
    <ele>149.2</ele>
    <time>2026-08-17T13:02:36Z</time>
   </trkpt>
   <trkpt lat="48.8043810" lon="-64.2212350">
    <ele>150.2</ele>
    <time>2026-08-17T13:02:45Z</time>
   </trkpt>
   <trkpt lat="48.8043830" lon="-64.2212210">
    <ele>150.2</ele>
    <time>2026-08-17T13:02:46Z</time>
   </trkpt>
   <trkpt lat="48.8043980" lon="-64.2211670">
    <ele>150.2</ele>
    <time>2026-08-17T13:02:52Z</time>
   </trkpt>
   <trkpt lat="48.8043980" lon="-64.2211520">
    <ele>150.2</ele>
    <time>2026-08-17T13:02:53Z</time>
   </trkpt>
   <trkpt lat="48.8043710" lon="-64.2210850">
    <ele>150.2</ele>
    <time>2026-08-17T13:03:00Z</time>
   </trkpt>
   <trkpt lat="48.8043870" lon="-64.2210680">
    <ele>150.4</ele>
    <time>2026-08-17T13:03:03Z</time>
   </trkpt>
   <trkpt lat="48.8044000" lon="-64.2210460">
    <ele>150.2</ele>
    <time>2026-08-17T13:03:06Z</time>
   </trkpt>
   <trkpt lat="48.8044070" lon="-64.2210230">
    <ele>150.2</ele>
    <time>2026-08-17T13:03:09Z</time>
   </trkpt>
   <trkpt lat="48.8044040" lon="-64.2210130">
    <ele>150.2</ele>
    <time>2026-08-17T13:03:11Z</time>
   </trkpt>
   <trkpt lat="48.8043860" lon="-64.2210180">
    <ele>150.0</ele>
    <time>2026-08-17T13:03:16Z</time>
   </trkpt>
   <trkpt lat="48.8043980" lon="-64.2210240">
    <ele>149.6</ele>
    <time>2026-08-17T13:03:22Z</time>
   </trkpt>
   <trkpt lat="48.8044020" lon="-64.2210240">
    <ele>149.4</ele>
    <time>2026-08-17T13:03:29Z</time>
   </trkpt>
   <trkpt lat="48.8044020" lon="-64.2210240">
    <ele>149.4</ele>
    <time>2026-08-17T13:03:30Z</time>
   </trkpt>
   <trkpt lat="48.8044020" lon="-64.2210240">
    <ele>149.2</ele>
    <time>2026-08-17T13:03:36Z</time>
   </trkpt>
   <trkpt lat="48.8044020" lon="-64.2210240">
    <ele>149.2</ele>
    <time>2026-08-17T13:03:38Z</time>
   </trkpt>
   <trkpt lat="48.8044020" lon="-64.2210240">
    <ele>149.2</ele>
    <time>2026-08-17T13:03:39Z</time>
   </trkpt>
   <trkpt lat="48.8044020" lon="-64.2210240">
    <ele>149.2</ele>
    <time>2026-08-17T13:03:40Z</time>
   </trkpt>
   <trkpt lat="48.8044020" lon="-64.2210240">
    <ele>149.2</ele>
    <time>2026-08-17T13:03:41Z</time>
   </trkpt>
   <trkpt lat="48.8043990" lon="-64.2210190">
    <ele>149.2</ele>
    <time>2026-08-17T13:03:53Z</time>
   </trkpt>
   <trkpt lat="48.8043810" lon="-64.2210830">
    <ele>149.2</ele>
    <time>2026-08-17T13:03:59Z</time>
   </trkpt>
   <trkpt lat="48.8043930" lon="-64.2211200">
    <ele>149.6</ele>
    <time>2026-08-17T13:04:04Z</time>
   </trkpt>
   <trkpt lat="48.8043930" lon="-64.2211110">
    <ele>149.6</ele>
    <time>2026-08-17T13:04:09Z</time>
   </trkpt>
   <trkpt lat="48.8043910" lon="-64.2211050">
    <ele>149.6</ele>
    <time>2026-08-17T13:04:17Z</time>
   </trkpt>
   <trkpt lat="48.8043880" lon="-64.2211280">
    <ele>149.6</ele>
    <time>2026-08-17T13:04:22Z</time>
   </trkpt>
   <trkpt lat="48.8043880" lon="-64.2211330">
    <ele>149.6</ele>
    <time>2026-08-17T13:04:23Z</time>
   </trkpt>
   <trkpt lat="48.8043820" lon="-64.2211290">
    <ele>149.6</ele>
    <time>2026-08-17T13:04:24Z</time>
   </trkpt>
   <trkpt lat="48.8043820" lon="-64.2211300">
    <ele>149.4</ele>
    <time>2026-08-17T13:04:25Z</time>
   </trkpt>
   <trkpt lat="48.8043810" lon="-64.2211300">
    <ele>149.4</ele>
    <time>2026-08-17T13:04:26Z</time>
   </trkpt>
   <trkpt lat="48.8043810" lon="-64.2211300">
    <ele>149.4</ele>
    <time>2026-08-17T13:04:29Z</time>
   </trkpt>
   <trkpt lat="48.8043810" lon="-64.2211300">
    <ele>149.4</ele>
    <time>2026-08-17T13:04:32Z</time>
   </trkpt>
   <trkpt lat="48.8043810" lon="-64.2211300">
    <ele>149.2</ele>
    <time>2026-08-17T13:04:35Z</time>
   </trkpt>
   <trkpt lat="48.8043810" lon="-64.2211300">
    <ele>149.2</ele>
    <time>2026-08-17T13:04:37Z</time>
   </trkpt>
   <trkpt lat="48.8043810" lon="-64.2211300">
    <ele>149.2</ele>
    <time>2026-08-17T13:04:38Z</time>
   </trkpt>
   <trkpt lat="48.8043810" lon="-64.2211300">
    <ele>149.2</ele>
    <time>2026-08-17T13:04:39Z</time>
   </trkpt>
   <trkpt lat="48.8043810" lon="-64.2211300">
    <ele>149.2</ele>
    <time>2026-08-17T13:04:42Z</time>
   </trkpt>
   <trkpt lat="48.8043810" lon="-64.2211300">
    <ele>149.2</ele>
    <time>2026-08-17T13:04:44Z</time>
   </trkpt>
   <trkpt lat="48.8043810" lon="-64.2211300">
    <ele>149.2</ele>
    <time>2026-08-17T13:04:45Z</time>
   </trkpt>
   <trkpt lat="48.8043900" lon="-64.2211220">
    <ele>149.0</ele>
    <time>2026-08-17T13:04:51Z</time>
   </trkpt>
   <trkpt lat="48.8043860" lon="-64.2211250">
    <ele>149.0</ele>
    <time>2026-08-17T13:04:54Z</time>
   </trkpt>
   <trkpt lat="48.8043810" lon="-64.2211300">
    <ele>149.2</ele>
    <time>2026-08-17T13:04:59Z</time>
   </trkpt>
   <trkpt lat="48.8043810" lon="-64.2211300">
    <ele>149.0</ele>
    <time>2026-08-17T13:05:08Z</time>
   </trkpt>
   <trkpt lat="48.8043810" lon="-64.2211300">
    <ele>149.0</ele>
    <time>2026-08-17T13:05:23Z</time>
   </trkpt>
   <trkpt lat="48.8043810" lon="-64.2211300">
    <ele>149.0</ele>
    <time>2026-08-17T13:05:26Z</time>
   </trkpt>
   <trkpt lat="48.8043810" lon="-64.2211300">
    <ele>149.0</ele>
    <time>2026-08-17T13:05:29Z</time>
   </trkpt>
   <trkpt lat="48.8043810" lon="-64.2211300">
    <ele>149.0</ele>
    <time>2026-08-17T13:05:34Z</time>
   </trkpt>
   <trkpt lat="48.8043810" lon="-64.2211300">
    <ele>149.0</ele>
    <time>2026-08-17T13:05:39Z</time>
   </trkpt>
   <trkpt lat="48.8043810" lon="-64.2211300">
    <ele>149.0</ele>
    <time>2026-08-17T13:05:45Z</time>
   </trkpt>
   <trkpt lat="48.8043810" lon="-64.2211300">
    <ele>149.0</ele>
    <time>2026-08-17T13:05:49Z</time>
   </trkpt>
   <trkpt lat="48.8043870" lon="-64.2211270">
    <ele>148.8</ele>
    <time>2026-08-17T13:05:53Z</time>
   </trkpt>
   <trkpt lat="48.8044120" lon="-64.2211210">
    <ele>149.0</ele>
    <time>2026-08-17T13:06:03Z</time>
   </trkpt>
   <trkpt lat="48.8044130" lon="-64.2211260">
    <ele>149.2</ele>
    <time>2026-08-17T13:06:04Z</time>
   </trkpt>
   <trkpt lat="48.8043820" lon="-64.2211050">
    <ele>149.0</ele>
    <time>2026-08-17T13:06:14Z</time>
   </trkpt>
   <trkpt lat="48.8043800" lon="-64.2210860">
    <ele>149.0</ele>
    <time>2026-08-17T13:06:20Z</time>
   </trkpt>
   <trkpt lat="48.8043880" lon="-64.2210820">
    <ele>149.0</ele>
    <time>2026-08-17T13:06:22Z</time>
   </trkpt>
   <trkpt lat="48.8043510" lon="-64.2210880">
    <ele>148.6</ele>
    <time>2026-08-17T13:06:32Z</time>
   </trkpt>
   <trkpt lat="48.8043510" lon="-64.2210970">
    <ele>148.4</ele>
    <time>2026-08-17T13:06:37Z</time>
   </trkpt>
   <trkpt lat="48.8043510" lon="-64.2210970">
    <ele>148.4</ele>
    <time>2026-08-17T13:06:39Z</time>
   </trkpt>
   <trkpt lat="48.8043510" lon="-64.2210970">
    <ele>148.4</ele>
    <time>2026-08-17T13:06:40Z</time>
   </trkpt>
   <trkpt lat="48.8043730" lon="-64.2211400">
    <ele>148.6</ele>
    <time>2026-08-17T13:06:48Z</time>
   </trkpt>
   <trkpt lat="48.8043700" lon="-64.2211420">
    <ele>148.4</ele>
    <time>2026-08-17T13:06:53Z</time>
   </trkpt>
   <trkpt lat="48.8043850" lon="-64.2211290">
    <ele>148.4</ele>
    <time>2026-08-17T13:06:59Z</time>
   </trkpt>
   <trkpt lat="48.8043880" lon="-64.2211170">
    <ele>148.2</ele>
    <time>2026-08-17T13:07:02Z</time>
   </trkpt>
   <trkpt lat="48.8043950" lon="-64.2211130">
    <ele>148.4</ele>
    <time>2026-08-17T13:07:05Z</time>
   </trkpt>
   <trkpt lat="48.8043950" lon="-64.2211280">
    <ele>148.4</ele>
    <time>2026-08-17T13:07:15Z</time>
   </trkpt>
   <trkpt lat="48.8044020" lon="-64.2211350">
    <ele>148.2</ele>
    <time>2026-08-17T13:07:24Z</time>
   </trkpt>
   <trkpt lat="48.8043990" lon="-64.2211200">
    <ele>148.2</ele>
    <time>2026-08-17T13:07:31Z</time>
   </trkpt>
   <trkpt lat="48.8043940" lon="-64.2211220">
    <ele>148.2</ele>
    <time>2026-08-17T13:07:33Z</time>
   </trkpt>
   <trkpt lat="48.8043840" lon="-64.2211290">
    <ele>148.2</ele>
    <time>2026-08-17T13:07:38Z</time>
   </trkpt>
   <trkpt lat="48.8043840" lon="-64.2211290">
    <ele>148.2</ele>
    <time>2026-08-17T13:07:46Z</time>
   </trkpt>
   <trkpt lat="48.8043820" lon="-64.2211300">
    <ele>148.2</ele>
    <time>2026-08-17T13:07:48Z</time>
   </trkpt>
   <trkpt lat="48.8043770" lon="-64.2211340">
    <ele>148.2</ele>
    <time>2026-08-17T13:07:54Z</time>
   </trkpt>
   <trkpt lat="48.8043730" lon="-64.2211260">
    <ele>148.4</ele>
    <time>2026-08-17T13:07:57Z</time>
   </trkpt>
   <trkpt lat="48.8043710" lon="-64.2211210">
    <ele>148.0</ele>
    <time>2026-08-17T13:08:02Z</time>
   </trkpt>
   <trkpt lat="48.8043790" lon="-64.2211220">
    <ele>148.2</ele>
    <time>2026-08-17T13:08:08Z</time>
   </trkpt>
   <trkpt lat="48.8043840" lon="-64.2211290">
    <ele>148.0</ele>
    <time>2026-08-17T13:08:10Z</time>
   </trkpt>
   <trkpt lat="48.8043620" lon="-64.2211520">
    <ele>148.0</ele>
    <time>2026-08-17T13:08:17Z</time>
   </trkpt>
   <trkpt lat="48.8043390" lon="-64.2211390">
    <ele>147.6</ele>
    <time>2026-08-17T13:08:25Z</time>
   </trkpt>
   <trkpt lat="48.8043390" lon="-64.2211390">
    <ele>147.6</ele>
    <time>2026-08-17T13:08:36Z</time>
   </trkpt>
   <trkpt lat="48.8043390" lon="-64.2211390">
    <ele>147.6</ele>
    <time>2026-08-17T13:08:44Z</time>
   </trkpt>
   <trkpt lat="48.8043390" lon="-64.2211390">
    <ele>147.4</ele>
    <time>2026-08-17T13:08:57Z</time>
   </trkpt>
   <trkpt lat="48.8043390" lon="-64.2211390">
    <ele>147.4</ele>
    <time>2026-08-17T13:08:59Z</time>
   </trkpt>
   <trkpt lat="48.8043540" lon="-64.2211450">
    <ele>147.4</ele>
    <time>2026-08-17T13:09:03Z</time>
   </trkpt>
   <trkpt lat="48.8043610" lon="-64.2211340">
    <ele>147.6</ele>
    <time>2026-08-17T13:09:06Z</time>
   </trkpt>
   <trkpt lat="48.8043640" lon="-64.2211280">
    <ele>147.6</ele>
    <time>2026-08-17T13:09:08Z</time>
   </trkpt>
   <trkpt lat="48.8043780" lon="-64.2211280">
    <ele>147.6</ele>
    <time>2026-08-17T13:09:10Z</time>
   </trkpt>
   <trkpt lat="48.8043830" lon="-64.2211500">
    <ele>147.6</ele>
    <time>2026-08-17T13:09:14Z</time>
   </trkpt>
   <trkpt lat="48.8043820" lon="-64.2211520">
    <ele>147.6</ele>
    <time>2026-08-17T13:09:15Z</time>
   </trkpt>
   <trkpt lat="48.8043790" lon="-64.2211460">
    <ele>147.6</ele>
    <time>2026-08-17T13:09:18Z</time>
   </trkpt>
   <trkpt lat="48.8043750" lon="-64.2211430">
    <ele>147.6</ele>
    <time>2026-08-17T13:09:25Z</time>
   </trkpt>
   <trkpt lat="48.8043730" lon="-64.2211560">
    <ele>147.4</ele>
    <time>2026-08-17T13:09:28Z</time>
   </trkpt>
   <trkpt lat="48.8043780" lon="-64.2211540">
    <ele>147.8</ele>
    <time>2026-08-17T13:09:34Z</time>
   </trkpt>
   <trkpt lat="48.8043960" lon="-64.2211720">
    <ele>147.4</ele>
    <time>2026-08-17T13:09:42Z</time>
   </trkpt>
   <trkpt lat="48.8043960" lon="-64.2211840">
    <ele>147.4</ele>
    <time>2026-08-17T13:09:47Z</time>
   </trkpt>
   <trkpt lat="48.8044000" lon="-64.2211750">
    <ele>147.6</ele>
    <time>2026-08-17T13:09:51Z</time>
   </trkpt>
   <trkpt lat="48.8044080" lon="-64.2212040">
    <ele>147.6</ele>
    <time>2026-08-17T13:10:02Z</time>
   </trkpt>
   <trkpt lat="48.8044080" lon="-64.2212040">
    <ele>147.6</ele>
    <time>2026-08-17T13:10:04Z</time>
   </trkpt>
   <trkpt lat="48.8044080" lon="-64.2212040">
    <ele>147.6</ele>
    <time>2026-08-17T13:10:08Z</time>
   </trkpt>
   <trkpt lat="48.8044080" lon="-64.2212040">
    <ele>147.4</ele>
    <time>2026-08-17T13:10:15Z</time>
   </trkpt>
   <trkpt lat="48.8044080" lon="-64.2212040">
    <ele>147.4</ele>
    <time>2026-08-17T13:10:23Z</time>
   </trkpt>
   <trkpt lat="48.8044070" lon="-64.2212010">
    <ele>147.6</ele>
    <time>2026-08-17T13:10:37Z</time>
   </trkpt>
   <trkpt lat="48.8043920" lon="-64.2211770">
    <ele>147.8</ele>
    <time>2026-08-17T13:10:42Z</time>
   </trkpt>
   <trkpt lat="48.8043930" lon="-64.2211750">
    <ele>148.0</ele>
    <time>2026-08-17T13:10:47Z</time>
   </trkpt>
   <trkpt lat="48.8044240" lon="-64.2212040">
    <ele>147.6</ele>
    <time>2026-08-17T13:10:53Z</time>
   </trkpt>
   <trkpt lat="48.8044630" lon="-64.2212880">
    <ele>148.8</ele>
    <time>2026-08-17T13:11:01Z</time>
   </trkpt>
   <trkpt lat="48.8044770" lon="-64.2213130">
    <ele>149.4</ele>
    <time>2026-08-17T13:11:03Z</time>
   </trkpt>
   <trkpt lat="48.8044950" lon="-64.2213410">
    <ele>150.0</ele>
    <time>2026-08-17T13:11:06Z</time>
   </trkpt>
   <trkpt lat="48.8045170" lon="-64.2213420">
    <ele>150.4</ele>
    <time>2026-08-17T13:11:09Z</time>
   </trkpt>
   <trkpt lat="48.8045360" lon="-64.2213380">
    <ele>150.8</ele>
    <time>2026-08-17T13:11:11Z</time>
   </trkpt>
   <trkpt lat="48.8045690" lon="-64.2213330">
    <ele>151.2</ele>
    <time>2026-08-17T13:11:14Z</time>
   </trkpt>
   <trkpt lat="48.8045820" lon="-64.2213430">
    <ele>151.4</ele>
    <time>2026-08-17T13:11:16Z</time>
   </trkpt>
   <trkpt lat="48.8045890" lon="-64.2213500">
    <ele>151.8</ele>
    <time>2026-08-17T13:11:17Z</time>
   </trkpt>
   <trkpt lat="48.8046060" lon="-64.2213600">
    <ele>152.2</ele>
    <time>2026-08-17T13:11:19Z</time>
   </trkpt>
   <trkpt lat="48.8046240" lon="-64.2213670">
    <ele>152.8</ele>
    <time>2026-08-17T13:11:21Z</time>
   </trkpt>
   <trkpt lat="48.8046560" lon="-64.2213730">
    <ele>153.4</ele>
    <time>2026-08-17T13:11:24Z</time>
   </trkpt>
   <trkpt lat="48.8046980" lon="-64.2213870">
    <ele>153.8</ele>
    <time>2026-08-17T13:11:27Z</time>
   </trkpt>
   <trkpt lat="48.8047320" lon="-64.2214070">
    <ele>154.4</ele>
    <time>2026-08-17T13:11:30Z</time>
   </trkpt>
   <trkpt lat="48.8047640" lon="-64.2214380">
    <ele>155.0</ele>
    <time>2026-08-17T13:11:33Z</time>
   </trkpt>
   <trkpt lat="48.8047790" lon="-64.2214670">
    <ele>155.2</ele>
    <time>2026-08-17T13:11:35Z</time>
   </trkpt>
   <trkpt lat="48.8047900" lon="-64.2214990">
    <ele>155.4</ele>
    <time>2026-08-17T13:11:37Z</time>
   </trkpt>
   <trkpt lat="48.8047980" lon="-64.2215100">
    <ele>155.2</ele>
    <time>2026-08-17T13:11:38Z</time>
   </trkpt>
   <trkpt lat="48.8048090" lon="-64.2215180">
    <ele>155.2</ele>
    <time>2026-08-17T13:11:39Z</time>
   </trkpt>
   <trkpt lat="48.8048320" lon="-64.2215270">
    <ele>155.2</ele>
    <time>2026-08-17T13:11:42Z</time>
   </trkpt>
   <trkpt lat="48.8048630" lon="-64.2215170">
    <ele>156.0</ele>
    <time>2026-08-17T13:11:46Z</time>
   </trkpt>
   <trkpt lat="48.8048790" lon="-64.2215070">
    <ele>157.0</ele>
    <time>2026-08-17T13:11:51Z</time>
   </trkpt>
   <trkpt lat="48.8048740" lon="-64.2215060">
    <ele>157.0</ele>
    <time>2026-08-17T13:11:55Z</time>
   </trkpt>
   <trkpt lat="48.8048700" lon="-64.2215100">
    <ele>157.0</ele>
    <time>2026-08-17T13:12:04Z</time>
   </trkpt>
   <trkpt lat="48.8048800" lon="-64.2215130">
    <ele>156.8</ele>
    <time>2026-08-17T13:12:12Z</time>
   </trkpt>
   <trkpt lat="48.8048820" lon="-64.2215120">
    <ele>156.8</ele>
    <time>2026-08-17T13:12:14Z</time>
   </trkpt>
   <trkpt lat="48.8048870" lon="-64.2215080">
    <ele>157.0</ele>
    <time>2026-08-17T13:12:21Z</time>
   </trkpt>
   <trkpt lat="48.8048840" lon="-64.2215070">
    <ele>156.8</ele>
    <time>2026-08-17T13:12:30Z</time>
   </trkpt>
   <trkpt lat="48.8048760" lon="-64.2215030">
    <ele>157.0</ele>
    <time>2026-08-17T13:12:41Z</time>
   </trkpt>
   <trkpt lat="48.8048700" lon="-64.2215270">
    <ele>156.2</ele>
    <time>2026-08-17T13:12:54Z</time>
   </trkpt>
   <trkpt lat="48.8048690" lon="-64.2215320">
    <ele>156.0</ele>
    <time>2026-08-17T13:12:55Z</time>
   </trkpt>
   <trkpt lat="48.8048680" lon="-64.2215990">
    <ele>155.8</ele>
    <time>2026-08-17T13:13:03Z</time>
   </trkpt>
   <trkpt lat="48.8049160" lon="-64.2216500">
    <ele>155.6</ele>
    <time>2026-08-17T13:13:11Z</time>
   </trkpt>
   <trkpt lat="48.8049640" lon="-64.2217550">
    <ele>156.2</ele>
    <time>2026-08-17T13:13:19Z</time>
   </trkpt>
   <trkpt lat="48.8050020" lon="-64.2218330">
    <ele>157.2</ele>
    <time>2026-08-17T13:13:25Z</time>
   </trkpt>
   <trkpt lat="48.8050110" lon="-64.2218440">
    <ele>157.6</ele>
    <time>2026-08-17T13:13:26Z</time>
   </trkpt>
   <trkpt lat="48.8050300" lon="-64.2218590">
    <ele>158.6</ele>
    <time>2026-08-17T13:13:29Z</time>
   </trkpt>
   <trkpt lat="48.8050380" lon="-64.2218790">
    <ele>159.0</ele>
    <time>2026-08-17T13:13:31Z</time>
   </trkpt>
   <trkpt lat="48.8050380" lon="-64.2219080">
    <ele>159.6</ele>
    <time>2026-08-17T13:13:34Z</time>
   </trkpt>
   <trkpt lat="48.8050180" lon="-64.2219470">
    <ele>160.8</ele>
    <time>2026-08-17T13:13:39Z</time>
   </trkpt>
   <trkpt lat="48.8050100" lon="-64.2219600">
    <ele>161.2</ele>
    <time>2026-08-17T13:13:41Z</time>
   </trkpt>
   <trkpt lat="48.8049970" lon="-64.2219920">
    <ele>162.0</ele>
    <time>2026-08-17T13:13:44Z</time>
   </trkpt>
   <trkpt lat="48.8049790" lon="-64.2220600">
    <ele>162.8</ele>
    <time>2026-08-17T13:13:50Z</time>
   </trkpt>
   <trkpt lat="48.8049770" lon="-64.2220680">
    <ele>163.2</ele>
    <time>2026-08-17T13:13:51Z</time>
   </trkpt>
   <trkpt lat="48.8049680" lon="-64.2220760">
    <ele>163.6</ele>
    <time>2026-08-17T13:13:52Z</time>
   </trkpt>
   <trkpt lat="48.8049610" lon="-64.2221020">
    <ele>164.4</ele>
    <time>2026-08-17T13:13:55Z</time>
   </trkpt>
   <trkpt lat="48.8049570" lon="-64.2221330">
    <ele>165.0</ele>
    <time>2026-08-17T13:13:58Z</time>
   </trkpt>
   <trkpt lat="48.8049540" lon="-64.2221590">
    <ele>165.4</ele>
    <time>2026-08-17T13:14:00Z</time>
   </trkpt>
   <trkpt lat="48.8049520" lon="-64.2221970">
    <ele>166.4</ele>
    <time>2026-08-17T13:14:03Z</time>
   </trkpt>
   <trkpt lat="48.8049520" lon="-64.2222330">
    <ele>167.6</ele>
    <time>2026-08-17T13:14:06Z</time>
   </trkpt>
   <trkpt lat="48.8049530" lon="-64.2222450">
    <ele>168.2</ele>
    <time>2026-08-17T13:14:08Z</time>
   </trkpt>
   <trkpt lat="48.8049540" lon="-64.2222690">
    <ele>168.8</ele>
    <time>2026-08-17T13:14:10Z</time>
   </trkpt>
   <trkpt lat="48.8049570" lon="-64.2223310">
    <ele>169.6</ele>
    <time>2026-08-17T13:14:15Z</time>
   </trkpt>
   <trkpt lat="48.8049580" lon="-64.2223330">
    <ele>169.8</ele>
    <time>2026-08-17T13:14:16Z</time>
   </trkpt>
   <trkpt lat="48.8049650" lon="-64.2223410">
    <ele>170.0</ele>
    <time>2026-08-17T13:14:18Z</time>
   </trkpt>
   <trkpt lat="48.8049790" lon="-64.2223660">
    <ele>170.2</ele>
    <time>2026-08-17T13:14:21Z</time>
   </trkpt>
   <trkpt lat="48.8050020" lon="-64.2223860">
    <ele>171.0</ele>
    <time>2026-08-17T13:14:24Z</time>
   </trkpt>
   <trkpt lat="48.8050300" lon="-64.2224030">
    <ele>172.0</ele>
    <time>2026-08-17T13:14:28Z</time>
   </trkpt>
   <trkpt lat="48.8050360" lon="-64.2224070">
    <ele>172.2</ele>
    <time>2026-08-17T13:14:29Z</time>
   </trkpt>
   <trkpt lat="48.8050610" lon="-64.2224070">
    <ele>173.0</ele>
    <time>2026-08-17T13:14:32Z</time>
   </trkpt>
   <trkpt lat="48.8050830" lon="-64.2224090">
    <ele>173.2</ele>
    <time>2026-08-17T13:14:34Z</time>
   </trkpt>
   <trkpt lat="48.8051080" lon="-64.2224140">
    <ele>173.6</ele>
    <time>2026-08-17T13:14:36Z</time>
   </trkpt>
   <trkpt lat="48.8051200" lon="-64.2224170">
    <ele>174.0</ele>
    <time>2026-08-17T13:14:37Z</time>
   </trkpt>
   <trkpt lat="48.8051330" lon="-64.2224190">
    <ele>174.2</ele>
    <time>2026-08-17T13:14:38Z</time>
   </trkpt>
   <trkpt lat="48.8051440" lon="-64.2224230">
    <ele>174.4</ele>
    <time>2026-08-17T13:14:39Z</time>
   </trkpt>
   <trkpt lat="48.8051890" lon="-64.2224230">
    <ele>175.0</ele>
    <time>2026-08-17T13:14:44Z</time>
   </trkpt>
   <trkpt lat="48.8051970" lon="-64.2224150">
    <ele>175.2</ele>
    <time>2026-08-17T13:14:45Z</time>
   </trkpt>
   <trkpt lat="48.8052030" lon="-64.2224000">
    <ele>175.2</ele>
    <time>2026-08-17T13:14:46Z</time>
   </trkpt>
   <trkpt lat="48.8052260" lon="-64.2223750">
    <ele>175.4</ele>
    <time>2026-08-17T13:14:49Z</time>
   </trkpt>
   <trkpt lat="48.8052670" lon="-64.2223630">
    <ele>176.0</ele>
    <time>2026-08-17T13:14:55Z</time>
   </trkpt>
   <trkpt lat="48.8053230" lon="-64.2224070">
    <ele>176.0</ele>
    <time>2026-08-17T13:15:03Z</time>
   </trkpt>
   <trkpt lat="48.8053750" lon="-64.2225010">
    <ele>176.2</ele>
    <time>2026-08-17T13:15:11Z</time>
   </trkpt>
   <trkpt lat="48.8054030" lon="-64.2225160">
    <ele>176.4</ele>
    <time>2026-08-17T13:15:14Z</time>
   </trkpt>
   <trkpt lat="48.8054590" lon="-64.2225350">
    <ele>176.6</ele>
    <time>2026-08-17T13:15:19Z</time>
   </trkpt>
   <trkpt lat="48.8055040" lon="-64.2226250">
    <ele>177.4</ele>
    <time>2026-08-17T13:15:27Z</time>
   </trkpt>
   <trkpt lat="48.8055070" lon="-64.2226500">
    <ele>177.6</ele>
    <time>2026-08-17T13:15:29Z</time>
   </trkpt>
   <trkpt lat="48.8055100" lon="-64.2226860">
    <ele>178.8</ele>
    <time>2026-08-17T13:15:33Z</time>
   </trkpt>
   <trkpt lat="48.8055100" lon="-64.2227020">
    <ele>179.2</ele>
    <time>2026-08-17T13:15:35Z</time>
   </trkpt>
   <trkpt lat="48.8055140" lon="-64.2227140">
    <ele>179.8</ele>
    <time>2026-08-17T13:15:37Z</time>
   </trkpt>
   <trkpt lat="48.8055190" lon="-64.2227060">
    <ele>180.2</ele>
    <time>2026-08-17T13:15:40Z</time>
   </trkpt>
   <trkpt lat="48.8055200" lon="-64.2227080">
    <ele>180.4</ele>
    <time>2026-08-17T13:15:43Z</time>
   </trkpt>
   <trkpt lat="48.8055170" lon="-64.2227270">
    <ele>180.2</ele>
    <time>2026-08-17T13:15:53Z</time>
   </trkpt>
   <trkpt lat="48.8055200" lon="-64.2227340">
    <ele>180.2</ele>
    <time>2026-08-17T13:15:55Z</time>
   </trkpt>
   <trkpt lat="48.8055240" lon="-64.2227280">
    <ele>180.4</ele>
    <time>2026-08-17T13:15:57Z</time>
   </trkpt>
   <trkpt lat="48.8055270" lon="-64.2227290">
    <ele>180.6</ele>
    <time>2026-08-17T13:15:59Z</time>
   </trkpt>
   <trkpt lat="48.8055290" lon="-64.2227210">
    <ele>180.6</ele>
    <time>2026-08-17T13:16:05Z</time>
   </trkpt>
   <trkpt lat="48.8055340" lon="-64.2227000">
    <ele>180.4</ele>
    <time>2026-08-17T13:16:12Z</time>
   </trkpt>
   <trkpt lat="48.8055350" lon="-64.2226960">
    <ele>180.4</ele>
    <time>2026-08-17T13:16:13Z</time>
   </trkpt>
   <trkpt lat="48.8055340" lon="-64.2226910">
    <ele>180.4</ele>
    <time>2026-08-17T13:16:16Z</time>
   </trkpt>
   <trkpt lat="48.8055310" lon="-64.2227010">
    <ele>180.4</ele>
    <time>2026-08-17T13:16:19Z</time>
   </trkpt>
   <trkpt lat="48.8055310" lon="-64.2227470">
    <ele>180.6</ele>
    <time>2026-08-17T13:16:24Z</time>
   </trkpt>
   <trkpt lat="48.8055300" lon="-64.2227550">
    <ele>180.8</ele>
    <time>2026-08-17T13:16:25Z</time>
   </trkpt>
   <trkpt lat="48.8055370" lon="-64.2227920">
    <ele>182.0</ele>
    <time>2026-08-17T13:16:30Z</time>
   </trkpt>
   <trkpt lat="48.8055400" lon="-64.2228320">
    <ele>183.2</ele>
    <time>2026-08-17T13:16:39Z</time>
   </trkpt>
   <trkpt lat="48.8055700" lon="-64.2229110">
    <ele>184.0</ele>
    <time>2026-08-17T13:16:46Z</time>
   </trkpt>
   <trkpt lat="48.8055740" lon="-64.2229210">
    <ele>184.2</ele>
    <time>2026-08-17T13:16:47Z</time>
   </trkpt>
   <trkpt lat="48.8055850" lon="-64.2229510">
    <ele>184.4</ele>
    <time>2026-08-17T13:16:51Z</time>
   </trkpt>
   <trkpt lat="48.8055830" lon="-64.2229890">
    <ele>184.4</ele>
    <time>2026-08-17T13:16:58Z</time>
   </trkpt>
   <trkpt lat="48.8055920" lon="-64.2231130">
    <ele>183.8</ele>
    <time>2026-08-17T13:17:06Z</time>
   </trkpt>
   <trkpt lat="48.8056300" lon="-64.2231950">
    <ele>184.6</ele>
    <time>2026-08-17T13:17:13Z</time>
   </trkpt>
   <trkpt lat="48.8056390" lon="-64.2232030">
    <ele>184.8</ele>
    <time>2026-08-17T13:17:14Z</time>
   </trkpt>
   <trkpt lat="48.8056830" lon="-64.2232380">
    <ele>185.2</ele>
    <time>2026-08-17T13:17:18Z</time>
   </trkpt>
   <trkpt lat="48.8057160" lon="-64.2232650">
    <ele>186.2</ele>
    <time>2026-08-17T13:17:22Z</time>
   </trkpt>
   <trkpt lat="48.8057200" lon="-64.2232700">
    <ele>186.6</ele>
    <time>2026-08-17T13:17:23Z</time>
   </trkpt>
   <trkpt lat="48.8057270" lon="-64.2232820">
    <ele>187.2</ele>
    <time>2026-08-17T13:17:25Z</time>
   </trkpt>
   <trkpt lat="48.8057560" lon="-64.2233110">
    <ele>188.2</ele>
    <time>2026-08-17T13:17:30Z</time>
   </trkpt>
   <trkpt lat="48.8057600" lon="-64.2233160">
    <ele>188.2</ele>
    <time>2026-08-17T13:17:31Z</time>
   </trkpt>
   <trkpt lat="48.8057660" lon="-64.2233350">
    <ele>188.4</ele>
    <time>2026-08-17T13:17:33Z</time>
   </trkpt>
   <trkpt lat="48.8057700" lon="-64.2233710">
    <ele>189.6</ele>
    <time>2026-08-17T13:17:37Z</time>
   </trkpt>
   <trkpt lat="48.8058020" lon="-64.2233960">
    <ele>190.4</ele>
    <time>2026-08-17T13:17:41Z</time>
   </trkpt>
   <trkpt lat="48.8058290" lon="-64.2234210">
    <ele>190.8</ele>
    <time>2026-08-17T13:17:44Z</time>
   </trkpt>
   <trkpt lat="48.8059080" lon="-64.2234530">
    <ele>191.8</ele>
    <time>2026-08-17T13:17:51Z</time>
   </trkpt>
   <trkpt lat="48.8059240" lon="-64.2234590">
    <ele>191.8</ele>
    <time>2026-08-17T13:17:52Z</time>
   </trkpt>
   <trkpt lat="48.8059780" lon="-64.2234780">
    <ele>192.4</ele>
    <time>2026-08-17T13:17:57Z</time>
   </trkpt>
   <trkpt lat="48.8059850" lon="-64.2234790">
    <ele>192.4</ele>
    <time>2026-08-17T13:17:58Z</time>
   </trkpt>
   <trkpt lat="48.8059920" lon="-64.2234820">
    <ele>192.6</ele>
    <time>2026-08-17T13:17:59Z</time>
   </trkpt>
   <trkpt lat="48.8060250" lon="-64.2234980">
    <ele>193.0</ele>
    <time>2026-08-17T13:18:02Z</time>
   </trkpt>
   <trkpt lat="48.8060650" lon="-64.2235250">
    <ele>193.8</ele>
    <time>2026-08-17T13:18:07Z</time>
   </trkpt>
   <trkpt lat="48.8060740" lon="-64.2235390">
    <ele>194.2</ele>
    <time>2026-08-17T13:18:09Z</time>
   </trkpt>
   <trkpt lat="48.8060760" lon="-64.2235480">
    <ele>194.4</ele>
    <time>2026-08-17T13:18:10Z</time>
   </trkpt>
   <trkpt lat="48.8060820" lon="-64.2235700">
    <ele>195.2</ele>
    <time>2026-08-17T13:18:14Z</time>
   </trkpt>
   <trkpt lat="48.8060880" lon="-64.2235800">
    <ele>195.4</ele>
    <time>2026-08-17T13:18:15Z</time>
   </trkpt>
   <trkpt lat="48.8060930" lon="-64.2235840">
    <ele>195.8</ele>
    <time>2026-08-17T13:18:16Z</time>
   </trkpt>
   <trkpt lat="48.8060980" lon="-64.2235860">
    <ele>196.2</ele>
    <time>2026-08-17T13:18:18Z</time>
   </trkpt>
   <trkpt lat="48.8061020" lon="-64.2235900">
    <ele>196.4</ele>
    <time>2026-08-17T13:18:19Z</time>
   </trkpt>
   <trkpt lat="48.8061200" lon="-64.2236030">
    <ele>197.2</ele>
    <time>2026-08-17T13:18:22Z</time>
   </trkpt>
   <trkpt lat="48.8061270" lon="-64.2236140">
    <ele>197.6</ele>
    <time>2026-08-17T13:18:23Z</time>
   </trkpt>
   <trkpt lat="48.8061750" lon="-64.2236710">
    <ele>198.8</ele>
    <time>2026-08-17T13:18:28Z</time>
   </trkpt>
   <trkpt lat="48.8061800" lon="-64.2236750">
    <ele>199.0</ele>
    <time>2026-08-17T13:18:29Z</time>
   </trkpt>
   <trkpt lat="48.8062160" lon="-64.2237020">
    <ele>199.8</ele>
    <time>2026-08-17T13:18:35Z</time>
   </trkpt>
   <trkpt lat="48.8062370" lon="-64.2237290">
    <ele>200.6</ele>
    <time>2026-08-17T13:18:38Z</time>
   </trkpt>
   <trkpt lat="48.8062450" lon="-64.2237430">
    <ele>200.8</ele>
    <time>2026-08-17T13:18:39Z</time>
   </trkpt>
   <trkpt lat="48.8062680" lon="-64.2237950">
    <ele>201.6</ele>
    <time>2026-08-17T13:18:44Z</time>
   </trkpt>
   <trkpt lat="48.8062740" lon="-64.2238030">
    <ele>202.0</ele>
    <time>2026-08-17T13:18:45Z</time>
   </trkpt>
   <trkpt lat="48.8062990" lon="-64.2238370">
    <ele>203.2</ele>
    <time>2026-08-17T13:18:48Z</time>
   </trkpt>
   <trkpt lat="48.8063210" lon="-64.2238770">
    <ele>204.4</ele>
    <time>2026-08-17T13:18:51Z</time>
   </trkpt>
   <trkpt lat="48.8063240" lon="-64.2238840">
    <ele>204.8</ele>
    <time>2026-08-17T13:18:52Z</time>
   </trkpt>
   <trkpt lat="48.8063480" lon="-64.2239110">
    <ele>205.8</ele>
    <time>2026-08-17T13:18:55Z</time>
   </trkpt>
   <trkpt lat="48.8063610" lon="-64.2239340">
    <ele>206.6</ele>
    <time>2026-08-17T13:18:58Z</time>
   </trkpt>
   <trkpt lat="48.8063640" lon="-64.2239390">
    <ele>207.0</ele>
    <time>2026-08-17T13:18:59Z</time>
   </trkpt>
   <trkpt lat="48.8063690" lon="-64.2239720">
    <ele>208.2</ele>
    <time>2026-08-17T13:19:03Z</time>
   </trkpt>
   <trkpt lat="48.8063720" lon="-64.2239950">
    <ele>208.6</ele>
    <time>2026-08-17T13:19:05Z</time>
   </trkpt>
   <trkpt lat="48.8063790" lon="-64.2240090">
    <ele>209.0</ele>
    <time>2026-08-17T13:19:07Z</time>
   </trkpt>
   <trkpt lat="48.8063840" lon="-64.2240170">
    <ele>209.4</ele>
    <time>2026-08-17T13:19:08Z</time>
   </trkpt>
   <trkpt lat="48.8064070" lon="-64.2240480">
    <ele>210.6</ele>
    <time>2026-08-17T13:19:12Z</time>
   </trkpt>
   <trkpt lat="48.8064140" lon="-64.2240670">
    <ele>211.4</ele>
    <time>2026-08-17T13:19:14Z</time>
   </trkpt>
   <trkpt lat="48.8064190" lon="-64.2240780">
    <ele>211.8</ele>
    <time>2026-08-17T13:19:15Z</time>
   </trkpt>
   <trkpt lat="48.8064310" lon="-64.2241170">
    <ele>213.2</ele>
    <time>2026-08-17T13:19:18Z</time>
   </trkpt>
   <trkpt lat="48.8064430" lon="-64.2241530">
    <ele>214.2</ele>
    <time>2026-08-17T13:19:21Z</time>
   </trkpt>
   <trkpt lat="48.8064560" lon="-64.2241770">
    <ele>214.4</ele>
    <time>2026-08-17T13:19:23Z</time>
   </trkpt>
   <trkpt lat="48.8065000" lon="-64.2241940">
    <ele>214.8</ele>
    <time>2026-08-17T13:19:28Z</time>
   </trkpt>
   <trkpt lat="48.8065190" lon="-64.2241780">
    <ele>215.0</ele>
    <time>2026-08-17T13:19:31Z</time>
   </trkpt>
   <trkpt lat="48.8065270" lon="-64.2241810">
    <ele>215.0</ele>
    <time>2026-08-17T13:19:35Z</time>
   </trkpt>
   <trkpt lat="48.8065270" lon="-64.2241820">
    <ele>215.2</ele>
    <time>2026-08-17T13:19:37Z</time>
   </trkpt>
   <trkpt lat="48.8065330" lon="-64.2241790">
    <ele>215.2</ele>
    <time>2026-08-17T13:19:38Z</time>
   </trkpt>
   <trkpt lat="48.8065340" lon="-64.2241860">
    <ele>215.2</ele>
    <time>2026-08-17T13:19:44Z</time>
   </trkpt>
   <trkpt lat="48.8065340" lon="-64.2241860">
    <ele>215.4</ele>
    <time>2026-08-17T13:19:52Z</time>
   </trkpt>
   <trkpt lat="48.8065340" lon="-64.2241860">
    <ele>215.4</ele>
    <time>2026-08-17T13:19:53Z</time>
   </trkpt>
   <trkpt lat="48.8065340" lon="-64.2241860">
    <ele>215.4</ele>
    <time>2026-08-17T13:19:59Z</time>
   </trkpt>
   <trkpt lat="48.8065340" lon="-64.2241860">
    <ele>215.4</ele>
    <time>2026-08-17T13:20:00Z</time>
   </trkpt>
   <trkpt lat="48.8065340" lon="-64.2241860">
    <ele>215.4</ele>
    <time>2026-08-17T13:20:01Z</time>
   </trkpt>
   <trkpt lat="48.8065320" lon="-64.2241850">
    <ele>215.4</ele>
    <time>2026-08-17T13:20:03Z</time>
   </trkpt>
   <trkpt lat="48.8065260" lon="-64.2241860">
    <ele>215.6</ele>
    <time>2026-08-17T13:20:05Z</time>
   </trkpt>
   <trkpt lat="48.8065200" lon="-64.2242000">
    <ele>215.6</ele>
    <time>2026-08-17T13:20:11Z</time>
   </trkpt>
   <trkpt lat="48.8065200" lon="-64.2242070">
    <ele>215.4</ele>
    <time>2026-08-17T13:20:19Z</time>
   </trkpt>
   <trkpt lat="48.8065190" lon="-64.2242040">
    <ele>215.4</ele>
    <time>2026-08-17T13:20:22Z</time>
   </trkpt>
   <trkpt lat="48.8065220" lon="-64.2242010">
    <ele>215.2</ele>
    <time>2026-08-17T13:20:25Z</time>
   </trkpt>
   <trkpt lat="48.8065210" lon="-64.2242010">
    <ele>215.6</ele>
    <time>2026-08-17T13:20:30Z</time>
   </trkpt>
   <trkpt lat="48.8065190" lon="-64.2241990">
    <ele>215.6</ele>
    <time>2026-08-17T13:20:35Z</time>
   </trkpt>
   <trkpt lat="48.8065160" lon="-64.2241880">
    <ele>215.6</ele>
    <time>2026-08-17T13:20:45Z</time>
   </trkpt>
   <trkpt lat="48.8065160" lon="-64.2241880">
    <ele>215.6</ele>
    <time>2026-08-17T13:20:56Z</time>
   </trkpt>
   <trkpt lat="48.8065160" lon="-64.2241880">
    <ele>215.8</ele>
    <time>2026-08-17T13:20:57Z</time>
   </trkpt>
   <trkpt lat="48.8065160" lon="-64.2241880">
    <ele>215.8</ele>
    <time>2026-08-17T13:20:58Z</time>
   </trkpt>
   <trkpt lat="48.8065160" lon="-64.2241880">
    <ele>215.6</ele>
    <time>2026-08-17T13:21:04Z</time>
   </trkpt>
   <trkpt lat="48.8065160" lon="-64.2241880">
    <ele>215.6</ele>
    <time>2026-08-17T13:21:13Z</time>
   </trkpt>
   <trkpt lat="48.8065160" lon="-64.2241880">
    <ele>215.6</ele>
    <time>2026-08-17T13:21:16Z</time>
   </trkpt>
   <trkpt lat="48.8065160" lon="-64.2241880">
    <ele>215.8</ele>
    <time>2026-08-17T13:21:22Z</time>
   </trkpt>
   <trkpt lat="48.8065160" lon="-64.2241880">
    <ele>215.6</ele>
    <time>2026-08-17T13:21:23Z</time>
   </trkpt>
   <trkpt lat="48.8065160" lon="-64.2241880">
    <ele>215.4</ele>
    <time>2026-08-17T13:21:25Z</time>
   </trkpt>
   <trkpt lat="48.8065160" lon="-64.2241880">
    <ele>215.4</ele>
    <time>2026-08-17T13:21:29Z</time>
   </trkpt>
   <trkpt lat="48.8065160" lon="-64.2241880">
    <ele>215.6</ele>
    <time>2026-08-17T13:21:44Z</time>
   </trkpt>
   <trkpt lat="48.8065160" lon="-64.2241880">
    <ele>215.6</ele>
    <time>2026-08-17T13:22:00Z</time>
   </trkpt>
   <trkpt lat="48.8065190" lon="-64.2241950">
    <ele>215.6</ele>
    <time>2026-08-17T13:22:07Z</time>
   </trkpt>
   <trkpt lat="48.8065250" lon="-64.2241960">
    <ele>215.6</ele>
    <time>2026-08-17T13:22:08Z</time>
   </trkpt>
   <trkpt lat="48.8065270" lon="-64.2241960">
    <ele>215.6</ele>
    <time>2026-08-17T13:22:09Z</time>
   </trkpt>
   <trkpt lat="48.8065290" lon="-64.2241970">
    <ele>215.6</ele>
    <time>2026-08-17T13:22:15Z</time>
   </trkpt>
   <trkpt lat="48.8065290" lon="-64.2241970">
    <ele>215.4</ele>
    <time>2026-08-17T13:22:18Z</time>
   </trkpt>
   <trkpt lat="48.8065290" lon="-64.2241970">
    <ele>215.6</ele>
    <time>2026-08-17T13:22:30Z</time>
   </trkpt>
   <trkpt lat="48.8065290" lon="-64.2241970">
    <ele>215.6</ele>
    <time>2026-08-17T13:22:31Z</time>
   </trkpt>
   <trkpt lat="48.8065290" lon="-64.2241970">
    <ele>215.6</ele>
    <time>2026-08-17T13:22:37Z</time>
   </trkpt>
   <trkpt lat="48.8065290" lon="-64.2241970">
    <ele>215.6</ele>
    <time>2026-08-17T13:22:39Z</time>
   </trkpt>
   <trkpt lat="48.8065290" lon="-64.2241970">
    <ele>215.2</ele>
    <time>2026-08-17T13:22:45Z</time>
   </trkpt>
   <trkpt lat="48.8065290" lon="-64.2241970">
    <ele>215.4</ele>
    <time>2026-08-17T13:22:49Z</time>
   </trkpt>
   <trkpt lat="48.8065290" lon="-64.2241970">
    <ele>215.6</ele>
    <time>2026-08-17T13:23:06Z</time>
   </trkpt>
   <trkpt lat="48.8065290" lon="-64.2241970">
    <ele>215.6</ele>
    <time>2026-08-17T13:23:20Z</time>
   </trkpt>
   <trkpt lat="48.8065300" lon="-64.2241940">
    <ele>215.4</ele>
    <time>2026-08-17T13:23:31Z</time>
   </trkpt>
   <trkpt lat="48.8065270" lon="-64.2242060">
    <ele>215.6</ele>
    <time>2026-08-17T13:23:41Z</time>
   </trkpt>
   <trkpt lat="48.8065260" lon="-64.2241930">
    <ele>215.6</ele>
    <time>2026-08-17T13:23:46Z</time>
   </trkpt>
   <trkpt lat="48.8065230" lon="-64.2241870">
    <ele>215.6</ele>
    <time>2026-08-17T13:23:50Z</time>
   </trkpt>
   <trkpt lat="48.8065200" lon="-64.2241920">
    <ele>216.0</ele>
    <time>2026-08-17T13:23:55Z</time>
   </trkpt>
   <trkpt lat="48.8065220" lon="-64.2241880">
    <ele>216.4</ele>
    <time>2026-08-17T13:23:57Z</time>
   </trkpt>
   <trkpt lat="48.8065170" lon="-64.2241960">
    <ele>215.6</ele>
    <time>2026-08-17T13:24:04Z</time>
   </trkpt>
   <trkpt lat="48.8065230" lon="-64.2241830">
    <ele>216.0</ele>
    <time>2026-08-17T13:24:11Z</time>
   </trkpt>
   <trkpt lat="48.8065290" lon="-64.2241970">
    <ele>216.0</ele>
    <time>2026-08-17T13:24:26Z</time>
   </trkpt>
   <trkpt lat="48.8065290" lon="-64.2241970">
    <ele>216.0</ele>
    <time>2026-08-17T13:24:27Z</time>
   </trkpt>
   <trkpt lat="48.8065290" lon="-64.2241970">
    <ele>216.0</ele>
    <time>2026-08-17T13:24:28Z</time>
   </trkpt>
   <trkpt lat="48.8065290" lon="-64.2241970">
    <ele>216.0</ele>
    <time>2026-08-17T13:24:29Z</time>
   </trkpt>
   <trkpt lat="48.8065290" lon="-64.2241970">
    <ele>215.8</ele>
    <time>2026-08-17T13:24:33Z</time>
   </trkpt>
   <trkpt lat="48.8065290" lon="-64.2241970">
    <ele>216.0</ele>
    <time>2026-08-17T13:24:39Z</time>
   </trkpt>
   <trkpt lat="48.8065290" lon="-64.2241970">
    <ele>215.8</ele>
    <time>2026-08-17T13:24:50Z</time>
   </trkpt>
   <trkpt lat="48.8065290" lon="-64.2241970">
    <ele>215.8</ele>
    <time>2026-08-17T13:24:57Z</time>
   </trkpt>
   <trkpt lat="48.8065290" lon="-64.2241970">
    <ele>215.8</ele>
    <time>2026-08-17T13:25:01Z</time>
   </trkpt>
   <trkpt lat="48.8065290" lon="-64.2241970">
    <ele>216.0</ele>
    <time>2026-08-17T13:25:06Z</time>
   </trkpt>
   <trkpt lat="48.8065140" lon="-64.2241970">
    <ele>215.6</ele>
    <time>2026-08-17T13:25:09Z</time>
   </trkpt>
   <trkpt lat="48.8064790" lon="-64.2242580">
    <ele>215.8</ele>
    <time>2026-08-17T13:25:17Z</time>
   </trkpt>
   <trkpt lat="48.8064230" lon="-64.2242670">
    <ele>216.6</ele>
    <time>2026-08-17T13:25:26Z</time>
   </trkpt>
   <trkpt lat="48.8063920" lon="-64.2242830">
    <ele>217.2</ele>
    <time>2026-08-17T13:25:29Z</time>
   </trkpt>
   <trkpt lat="48.8063890" lon="-64.2242900">
    <ele>217.4</ele>
    <time>2026-08-17T13:25:30Z</time>
   </trkpt>
   <trkpt lat="48.8063830" lon="-64.2243050">
    <ele>217.8</ele>
    <time>2026-08-17T13:25:32Z</time>
   </trkpt>
   <trkpt lat="48.8063830" lon="-64.2243550">
    <ele>217.6</ele>
    <time>2026-08-17T13:25:36Z</time>
   </trkpt>
   <trkpt lat="48.8063870" lon="-64.2243880">
    <ele>217.2</ele>
    <time>2026-08-17T13:25:38Z</time>
   </trkpt>
   <trkpt lat="48.8063990" lon="-64.2244280">
    <ele>216.2</ele>
    <time>2026-08-17T13:25:41Z</time>
   </trkpt>
   <trkpt lat="48.8064100" lon="-64.2245030">
    <ele>215.2</ele>
    <time>2026-08-17T13:25:47Z</time>
   </trkpt>
   <trkpt lat="48.8064230" lon="-64.2245930">
    <ele>214.2</ele>
    <time>2026-08-17T13:25:53Z</time>
   </trkpt>
   <trkpt lat="48.8064310" lon="-64.2246030">
    <ele>213.8</ele>
    <time>2026-08-17T13:25:54Z</time>
   </trkpt>
   <trkpt lat="48.8064530" lon="-64.2246390">
    <ele>212.8</ele>
    <time>2026-08-17T13:25:57Z</time>
   </trkpt>
   <trkpt lat="48.8064870" lon="-64.2246520">
    <ele>213.2</ele>
    <time>2026-08-17T13:26:01Z</time>
   </trkpt>
   <trkpt lat="48.8065460" lon="-64.2246500">
    <ele>214.0</ele>
    <time>2026-08-17T13:26:05Z</time>
   </trkpt>
   <trkpt lat="48.8065700" lon="-64.2246430">
    <ele>214.2</ele>
    <time>2026-08-17T13:26:07Z</time>
   </trkpt>
   <trkpt lat="48.8065970" lon="-64.2246390">
    <ele>214.6</ele>
    <time>2026-08-17T13:26:09Z</time>
   </trkpt>
   <trkpt lat="48.8066070" lon="-64.2246410">
    <ele>214.6</ele>
    <time>2026-08-17T13:26:10Z</time>
   </trkpt>
   <trkpt lat="48.8066160" lon="-64.2246430">
    <ele>214.8</ele>
    <time>2026-08-17T13:26:11Z</time>
   </trkpt>
   <trkpt lat="48.8066230" lon="-64.2246420">
    <ele>214.8</ele>
    <time>2026-08-17T13:26:12Z</time>
   </trkpt>
   <trkpt lat="48.8066310" lon="-64.2246410">
    <ele>215.0</ele>
    <time>2026-08-17T13:26:13Z</time>
   </trkpt>
   <trkpt lat="48.8066510" lon="-64.2246380">
    <ele>215.4</ele>
    <time>2026-08-17T13:26:16Z</time>
   </trkpt>
   <trkpt lat="48.8066650" lon="-64.2246430">
    <ele>216.0</ele>
    <time>2026-08-17T13:26:19Z</time>
   </trkpt>
   <trkpt lat="48.8066750" lon="-64.2246450">
    <ele>216.4</ele>
    <time>2026-08-17T13:26:20Z</time>
   </trkpt>
   <trkpt lat="48.8066950" lon="-64.2246520">
    <ele>217.2</ele>
    <time>2026-08-17T13:26:23Z</time>
   </trkpt>
   <trkpt lat="48.8067400" lon="-64.2246590">
    <ele>218.4</ele>
    <time>2026-08-17T13:26:28Z</time>
   </trkpt>
   <trkpt lat="48.8067500" lon="-64.2246680">
    <ele>218.8</ele>
    <time>2026-08-17T13:26:30Z</time>
   </trkpt>
   <trkpt lat="48.8067870" lon="-64.2246580">
    <ele>219.4</ele>
    <time>2026-08-17T13:26:33Z</time>
   </trkpt>
   <trkpt lat="48.8068000" lon="-64.2246590">
    <ele>219.6</ele>
    <time>2026-08-17T13:26:34Z</time>
   </trkpt>
   <trkpt lat="48.8068680" lon="-64.2246550">
    <ele>220.4</ele>
    <time>2026-08-17T13:26:39Z</time>
   </trkpt>
   <trkpt lat="48.8068940" lon="-64.2246510">
    <ele>220.0</ele>
    <time>2026-08-17T13:26:41Z</time>
   </trkpt>
   <trkpt lat="48.8069980" lon="-64.2246490">
    <ele>219.0</ele>
    <time>2026-08-17T13:26:49Z</time>
   </trkpt>
   <trkpt lat="48.8071070" lon="-64.2246540">
    <ele>220.0</ele>
    <time>2026-08-17T13:26:57Z</time>
   </trkpt>
   <trkpt lat="48.8071350" lon="-64.2246430">
    <ele>220.0</ele>
    <time>2026-08-17T13:26:59Z</time>
   </trkpt>
   <trkpt lat="48.8072000" lon="-64.2246030">
    <ele>220.6</ele>
    <time>2026-08-17T13:27:05Z</time>
   </trkpt>
   <trkpt lat="48.8072870" lon="-64.2246370">
    <ele>221.0</ele>
    <time>2026-08-17T13:27:14Z</time>
   </trkpt>
   <trkpt lat="48.8073060" lon="-64.2246470">
    <ele>221.2</ele>
    <time>2026-08-17T13:27:16Z</time>
   </trkpt>
   <trkpt lat="48.8073680" lon="-64.2246950">
    <ele>221.4</ele>
    <time>2026-08-17T13:27:22Z</time>
   </trkpt>
   <trkpt lat="48.8074500" lon="-64.2247420">
    <ele>221.6</ele>
    <time>2026-08-17T13:27:29Z</time>
   </trkpt>
   <trkpt lat="48.8075220" lon="-64.2248450">
    <ele>222.4</ele>
    <time>2026-08-17T13:27:37Z</time>
   </trkpt>
   <trkpt lat="48.8076020" lon="-64.2249910">
    <ele>222.0</ele>
    <time>2026-08-17T13:27:48Z</time>
   </trkpt>
   <trkpt lat="48.8076800" lon="-64.2250600">
    <ele>222.2</ele>
    <time>2026-08-17T13:27:57Z</time>
   </trkpt>
   <trkpt lat="48.8077780" lon="-64.2251150">
    <ele>222.6</ele>
    <time>2026-08-17T13:28:04Z</time>
   </trkpt>
   <trkpt lat="48.8077970" lon="-64.2251260">
    <ele>223.0</ele>
    <time>2026-08-17T13:28:06Z</time>
   </trkpt>
   <trkpt lat="48.8078490" lon="-64.2251580">
    <ele>223.8</ele>
    <time>2026-08-17T13:28:11Z</time>
   </trkpt>
   <trkpt lat="48.8079010" lon="-64.2252030">
    <ele>224.4</ele>
    <time>2026-08-17T13:28:16Z</time>
   </trkpt>
   <trkpt lat="48.8079690" lon="-64.2252710">
    <ele>224.8</ele>
    <time>2026-08-17T13:28:22Z</time>
   </trkpt>
   <trkpt lat="48.8080130" lon="-64.2253260">
    <ele>225.8</ele>
    <time>2026-08-17T13:28:27Z</time>
   </trkpt>
   <trkpt lat="48.8080230" lon="-64.2253380">
    <ele>226.0</ele>
    <time>2026-08-17T13:28:28Z</time>
   </trkpt>
   <trkpt lat="48.8080820" lon="-64.2254280">
    <ele>227.8</ele>
    <time>2026-08-17T13:28:33Z</time>
   </trkpt>
   <trkpt lat="48.8080910" lon="-64.2254660">
    <ele>229.6</ele>
    <time>2026-08-17T13:28:34Z</time>
   </trkpt>
   <trkpt lat="48.8080880" lon="-64.2254970">
    <ele>230.8</ele>
    <time>2026-08-17T13:28:35Z</time>
   </trkpt>
   <trkpt lat="48.8080850" lon="-64.2255180">
    <ele>231.6</ele>
    <time>2026-08-17T13:28:36Z</time>
   </trkpt>
   <trkpt lat="48.8080800" lon="-64.2255380">
    <ele>231.8</ele>
    <time>2026-08-17T13:28:37Z</time>
   </trkpt>
   <trkpt lat="48.8080800" lon="-64.2255550">
    <ele>232.0</ele>
    <time>2026-08-17T13:28:38Z</time>
   </trkpt>
   <trkpt lat="48.8080850" lon="-64.2255820">
    <ele>232.2</ele>
    <time>2026-08-17T13:28:40Z</time>
   </trkpt>
   <trkpt lat="48.8080940" lon="-64.2256190">
    <ele>233.0</ele>
    <time>2026-08-17T13:28:44Z</time>
   </trkpt>
   <trkpt lat="48.8081070" lon="-64.2256130">
    <ele>233.4</ele>
    <time>2026-08-17T13:28:46Z</time>
   </trkpt>
   <trkpt lat="48.8081200" lon="-64.2256180">
    <ele>233.4</ele>
    <time>2026-08-17T13:28:48Z</time>
   </trkpt>
   <trkpt lat="48.8081260" lon="-64.2256260">
    <ele>233.6</ele>
    <time>2026-08-17T13:28:49Z</time>
   </trkpt>
   <trkpt lat="48.8081460" lon="-64.2256390">
    <ele>234.2</ele>
    <time>2026-08-17T13:28:51Z</time>
   </trkpt>
   <trkpt lat="48.8081680" lon="-64.2256580">
    <ele>235.6</ele>
    <time>2026-08-17T13:28:54Z</time>
   </trkpt>
   <trkpt lat="48.8081780" lon="-64.2256850">
    <ele>237.0</ele>
    <time>2026-08-17T13:28:57Z</time>
   </trkpt>
   <trkpt lat="48.8081990" lon="-64.2257250">
    <ele>238.2</ele>
    <time>2026-08-17T13:29:00Z</time>
   </trkpt>
   <trkpt lat="48.8082170" lon="-64.2257630">
    <ele>239.2</ele>
    <time>2026-08-17T13:29:03Z</time>
   </trkpt>
   <trkpt lat="48.8082270" lon="-64.2257660">
    <ele>239.4</ele>
    <time>2026-08-17T13:29:04Z</time>
   </trkpt>
   <trkpt lat="48.8082470" lon="-64.2257610">
    <ele>239.8</ele>
    <time>2026-08-17T13:29:06Z</time>
   </trkpt>
   <trkpt lat="48.8082590" lon="-64.2257560">
    <ele>240.0</ele>
    <time>2026-08-17T13:29:07Z</time>
   </trkpt>
   <trkpt lat="48.8082680" lon="-64.2257530">
    <ele>240.2</ele>
    <time>2026-08-17T13:29:08Z</time>
   </trkpt>
   <trkpt lat="48.8082920" lon="-64.2257550">
    <ele>240.4</ele>
    <time>2026-08-17T13:29:10Z</time>
   </trkpt>
   <trkpt lat="48.8083030" lon="-64.2257780">
    <ele>241.0</ele>
    <time>2026-08-17T13:29:13Z</time>
   </trkpt>
   <trkpt lat="48.8083150" lon="-64.2257930">
    <ele>241.4</ele>
    <time>2026-08-17T13:29:15Z</time>
   </trkpt>
   <trkpt lat="48.8083380" lon="-64.2258250">
    <ele>242.4</ele>
    <time>2026-08-17T13:29:19Z</time>
   </trkpt>
   <trkpt lat="48.8083470" lon="-64.2258360">
    <ele>243.0</ele>
    <time>2026-08-17T13:29:21Z</time>
   </trkpt>
   <trkpt lat="48.8083540" lon="-64.2258440">
    <ele>243.6</ele>
    <time>2026-08-17T13:29:23Z</time>
   </trkpt>
   <trkpt lat="48.8083670" lon="-64.2258850">
    <ele>245.0</ele>
    <time>2026-08-17T13:29:27Z</time>
   </trkpt>
   <trkpt lat="48.8083740" lon="-64.2259020">
    <ele>245.8</ele>
    <time>2026-08-17T13:29:29Z</time>
   </trkpt>
   <trkpt lat="48.8083800" lon="-64.2259150">
    <ele>246.0</ele>
    <time>2026-08-17T13:29:30Z</time>
   </trkpt>
   <trkpt lat="48.8084140" lon="-64.2259630">
    <ele>247.2</ele>
    <time>2026-08-17T13:29:35Z</time>
   </trkpt>
   <trkpt lat="48.8084140" lon="-64.2259740">
    <ele>247.6</ele>
    <time>2026-08-17T13:29:36Z</time>
   </trkpt>
   <trkpt lat="48.8084190" lon="-64.2260080">
    <ele>248.4</ele>
    <time>2026-08-17T13:29:38Z</time>
   </trkpt>
   <trkpt lat="48.8084340" lon="-64.2260680">
    <ele>249.4</ele>
    <time>2026-08-17T13:29:41Z</time>
   </trkpt>
   <trkpt lat="48.8084530" lon="-64.2260900">
    <ele>250.0</ele>
    <time>2026-08-17T13:29:43Z</time>
   </trkpt>
   <trkpt lat="48.8084730" lon="-64.2261030">
    <ele>250.6</ele>
    <time>2026-08-17T13:29:45Z</time>
   </trkpt>
   <trkpt lat="48.8085300" lon="-64.2261670">
    <ele>251.6</ele>
    <time>2026-08-17T13:29:52Z</time>
   </trkpt>
   <trkpt lat="48.8085550" lon="-64.2261870">
    <ele>251.6</ele>
    <time>2026-08-17T13:29:54Z</time>
   </trkpt>
   <trkpt lat="48.8086280" lon="-64.2262220">
    <ele>252.2</ele>
    <time>2026-08-17T13:30:00Z</time>
   </trkpt>
   <trkpt lat="48.8086920" lon="-64.2262080">
    <ele>252.8</ele>
    <time>2026-08-17T13:30:05Z</time>
   </trkpt>
   <trkpt lat="48.8087240" lon="-64.2261870">
    <ele>253.2</ele>
    <time>2026-08-17T13:30:08Z</time>
   </trkpt>
   <trkpt lat="48.8087460" lon="-64.2261680">
    <ele>253.6</ele>
    <time>2026-08-17T13:30:10Z</time>
   </trkpt>
   <trkpt lat="48.8087620" lon="-64.2261540">
    <ele>253.8</ele>
    <time>2026-08-17T13:30:12Z</time>
   </trkpt>
   <trkpt lat="48.8087910" lon="-64.2261400">
    <ele>254.4</ele>
    <time>2026-08-17T13:30:15Z</time>
   </trkpt>
   <trkpt lat="48.8088180" lon="-64.2261070">
    <ele>255.0</ele>
    <time>2026-08-17T13:30:18Z</time>
   </trkpt>
   <trkpt lat="48.8088370" lon="-64.2260420">
    <ele>255.4</ele>
    <time>2026-08-17T13:30:23Z</time>
   </trkpt>
   <trkpt lat="48.8088820" lon="-64.2259810">
    <ele>255.0</ele>
    <time>2026-08-17T13:30:30Z</time>
   </trkpt>
   <trkpt lat="48.8089430" lon="-64.2259280">
    <ele>255.0</ele>
    <time>2026-08-17T13:30:38Z</time>
   </trkpt>
   <trkpt lat="48.8090220" lon="-64.2258680">
    <ele>254.8</ele>
    <time>2026-08-17T13:30:46Z</time>
   </trkpt>
   <trkpt lat="48.8090810" lon="-64.2259110">
    <ele>254.8</ele>
    <time>2026-08-17T13:30:53Z</time>
   </trkpt>
   <trkpt lat="48.8091430" lon="-64.2259670">
    <ele>255.4</ele>
    <time>2026-08-17T13:31:02Z</time>
   </trkpt>
   <trkpt lat="48.8091570" lon="-64.2260060">
    <ele>255.0</ele>
    <time>2026-08-17T13:31:11Z</time>
   </trkpt>
   <trkpt lat="48.8091490" lon="-64.2260040">
    <ele>254.4</ele>
    <time>2026-08-17T13:31:19Z</time>
   </trkpt>
   <trkpt lat="48.8091490" lon="-64.2260040">
    <ele>254.4</ele>
    <time>2026-08-17T13:31:21Z</time>
   </trkpt>
   <trkpt lat="48.8091510" lon="-64.2260070">
    <ele>254.6</ele>
    <time>2026-08-17T13:31:33Z</time>
   </trkpt>
   <trkpt lat="48.8091550" lon="-64.2259870">
    <ele>255.0</ele>
    <time>2026-08-17T13:31:42Z</time>
   </trkpt>
   <trkpt lat="48.8091570" lon="-64.2259770">
    <ele>255.2</ele>
    <time>2026-08-17T13:31:50Z</time>
   </trkpt>
   <trkpt lat="48.8091480" lon="-64.2259700">
    <ele>255.2</ele>
    <time>2026-08-17T13:31:59Z</time>
   </trkpt>
   <trkpt lat="48.8091530" lon="-64.2259760">
    <ele>255.2</ele>
    <time>2026-08-17T13:32:02Z</time>
   </trkpt>
   <trkpt lat="48.8091920" lon="-64.2260020">
    <ele>255.0</ele>
    <time>2026-08-17T13:32:06Z</time>
   </trkpt>
   <trkpt lat="48.8092060" lon="-64.2260080">
    <ele>255.0</ele>
    <time>2026-08-17T13:32:07Z</time>
   </trkpt>
   <trkpt lat="48.8092450" lon="-64.2260170">
    <ele>254.8</ele>
    <time>2026-08-17T13:32:10Z</time>
   </trkpt>
   <trkpt lat="48.8092500" lon="-64.2260230">
    <ele>254.6</ele>
    <time>2026-08-17T13:32:14Z</time>
   </trkpt>
   <trkpt lat="48.8092920" lon="-64.2260160">
    <ele>254.8</ele>
    <time>2026-08-17T13:32:19Z</time>
   </trkpt>
   <trkpt lat="48.8093070" lon="-64.2260130">
    <ele>255.0</ele>
    <time>2026-08-17T13:32:20Z</time>
   </trkpt>
   <trkpt lat="48.8093310" lon="-64.2260080">
    <ele>255.0</ele>
    <time>2026-08-17T13:32:22Z</time>
   </trkpt>
   <trkpt lat="48.8093540" lon="-64.2260000">
    <ele>255.0</ele>
    <time>2026-08-17T13:32:24Z</time>
   </trkpt>
   <trkpt lat="48.8093660" lon="-64.2259910">
    <ele>255.2</ele>
    <time>2026-08-17T13:32:25Z</time>
   </trkpt>
   <trkpt lat="48.8094450" lon="-64.2259770">
    <ele>255.6</ele>
    <time>2026-08-17T13:32:32Z</time>
   </trkpt>
   <trkpt lat="48.8095120" lon="-64.2260170">
    <ele>255.8</ele>
    <time>2026-08-17T13:32:39Z</time>
   </trkpt>
   <trkpt lat="48.8095480" lon="-64.2260130">
    <ele>256.0</ele>
    <time>2026-08-17T13:32:42Z</time>
   </trkpt>
   <trkpt lat="48.8095790" lon="-64.2259910">
    <ele>256.0</ele>
    <time>2026-08-17T13:32:46Z</time>
   </trkpt>
   <trkpt lat="48.8096040" lon="-64.2259910">
    <ele>255.8</ele>
    <time>2026-08-17T13:32:49Z</time>
   </trkpt>
   <trkpt lat="48.8096500" lon="-64.2260010">
    <ele>255.8</ele>
    <time>2026-08-17T13:32:54Z</time>
   </trkpt>
   <trkpt lat="48.8096840" lon="-64.2260320">
    <ele>255.6</ele>
    <time>2026-08-17T13:32:58Z</time>
   </trkpt>
   <trkpt lat="48.8097130" lon="-64.2260660">
    <ele>255.6</ele>
    <time>2026-08-17T13:33:01Z</time>
   </trkpt>
   <trkpt lat="48.8097710" lon="-64.2261050">
    <ele>255.6</ele>
    <time>2026-08-17T13:33:07Z</time>
   </trkpt>
   <trkpt lat="48.8098480" lon="-64.2261720">
    <ele>256.2</ele>
    <time>2026-08-17T13:33:15Z</time>
   </trkpt>
   <trkpt lat="48.8099320" lon="-64.2262440">
    <ele>257.0</ele>
    <time>2026-08-17T13:33:23Z</time>
   </trkpt>
   <trkpt lat="48.8099720" lon="-64.2262870">
    <ele>258.2</ele>
    <time>2026-08-17T13:33:28Z</time>
   </trkpt>
   <trkpt lat="48.8099850" lon="-64.2263030">
    <ele>258.8</ele>
    <time>2026-08-17T13:33:30Z</time>
   </trkpt>
   <trkpt lat="48.8099960" lon="-64.2263340">
    <ele>259.4</ele>
    <time>2026-08-17T13:33:32Z</time>
   </trkpt>
   <trkpt lat="48.8100200" lon="-64.2263800">
    <ele>260.4</ele>
    <time>2026-08-17T13:33:36Z</time>
   </trkpt>
   <trkpt lat="48.8100400" lon="-64.2264130">
    <ele>260.8</ele>
    <time>2026-08-17T13:33:38Z</time>
   </trkpt>
   <trkpt lat="48.8100780" lon="-64.2264490">
    <ele>261.4</ele>
    <time>2026-08-17T13:33:42Z</time>
   </trkpt>
   <trkpt lat="48.8100880" lon="-64.2264580">
    <ele>261.6</ele>
    <time>2026-08-17T13:33:43Z</time>
   </trkpt>
   <trkpt lat="48.8101070" lon="-64.2264850">
    <ele>262.0</ele>
    <time>2026-08-17T13:33:45Z</time>
   </trkpt>
   <trkpt lat="48.8101400" lon="-64.2265490">
    <ele>262.6</ele>
    <time>2026-08-17T13:33:50Z</time>
   </trkpt>
   <trkpt lat="48.8101450" lon="-64.2265680">
    <ele>263.0</ele>
    <time>2026-08-17T13:33:52Z</time>
   </trkpt>
   <trkpt lat="48.8101480" lon="-64.2265790">
    <ele>263.2</ele>
    <time>2026-08-17T13:33:53Z</time>
   </trkpt>
   <trkpt lat="48.8101530" lon="-64.2265940">
    <ele>263.4</ele>
    <time>2026-08-17T13:33:54Z</time>
   </trkpt>
   <trkpt lat="48.8101580" lon="-64.2266080">
    <ele>263.8</ele>
    <time>2026-08-17T13:33:55Z</time>
   </trkpt>
   <trkpt lat="48.8101820" lon="-64.2266230">
    <ele>264.8</ele>
    <time>2026-08-17T13:33:58Z</time>
   </trkpt>
   <trkpt lat="48.8102130" lon="-64.2266310">
    <ele>265.8</ele>
    <time>2026-08-17T13:34:01Z</time>
   </trkpt>
   <trkpt lat="48.8102280" lon="-64.2266280">
    <ele>266.2</ele>
    <time>2026-08-17T13:34:02Z</time>
   </trkpt>
   <trkpt lat="48.8102690" lon="-64.2266350">
    <ele>267.2</ele>
    <time>2026-08-17T13:34:06Z</time>
   </trkpt>
   <trkpt lat="48.8102810" lon="-64.2266390">
    <ele>267.4</ele>
    <time>2026-08-17T13:34:07Z</time>
   </trkpt>
   <trkpt lat="48.8103140" lon="-64.2266530">
    <ele>268.4</ele>
    <time>2026-08-17T13:34:10Z</time>
   </trkpt>
   <trkpt lat="48.8103360" lon="-64.2266790">
    <ele>269.4</ele>
    <time>2026-08-17T13:34:14Z</time>
   </trkpt>
   <trkpt lat="48.8103750" lon="-64.2267250">
    <ele>270.4</ele>
    <time>2026-08-17T13:34:18Z</time>
   </trkpt>
   <trkpt lat="48.8103810" lon="-64.2267320">
    <ele>270.8</ele>
    <time>2026-08-17T13:34:19Z</time>
   </trkpt>
   <trkpt lat="48.8104160" lon="-64.2267690">
    <ele>271.6</ele>
    <time>2026-08-17T13:34:23Z</time>
   </trkpt>
   <trkpt lat="48.8104340" lon="-64.2267850">
    <ele>271.8</ele>
    <time>2026-08-17T13:34:25Z</time>
   </trkpt>
   <trkpt lat="48.8104530" lon="-64.2268030">
    <ele>272.2</ele>
    <time>2026-08-17T13:34:27Z</time>
   </trkpt>
   <trkpt lat="48.8104670" lon="-64.2268160">
    <ele>272.6</ele>
    <time>2026-08-17T13:34:28Z</time>
   </trkpt>
   <trkpt lat="48.8105090" lon="-64.2268240">
    <ele>273.6</ele>
    <time>2026-08-17T13:34:33Z</time>
   </trkpt>
   <trkpt lat="48.8105290" lon="-64.2268240">
    <ele>273.4</ele>
    <time>2026-08-17T13:34:38Z</time>
   </trkpt>
   <trkpt lat="48.8105400" lon="-64.2268100">
    <ele>273.6</ele>
    <time>2026-08-17T13:34:40Z</time>
   </trkpt>
   <trkpt lat="48.8105450" lon="-64.2267990">
    <ele>273.6</ele>
    <time>2026-08-17T13:34:41Z</time>
   </trkpt>
   <trkpt lat="48.8105810" lon="-64.2267880">
    <ele>274.4</ele>
    <time>2026-08-17T13:34:47Z</time>
   </trkpt>
   <trkpt lat="48.8105860" lon="-64.2267900">
    <ele>274.6</ele>
    <time>2026-08-17T13:34:48Z</time>
   </trkpt>
   <trkpt lat="48.8106300" lon="-64.2268160">
    <ele>275.0</ele>
    <time>2026-08-17T13:34:55Z</time>
   </trkpt>
   <trkpt lat="48.8106380" lon="-64.2268170">
    <ele>275.2</ele>
    <time>2026-08-17T13:34:56Z</time>
   </trkpt>
   <trkpt lat="48.8106430" lon="-64.2268190">
    <ele>275.2</ele>
    <time>2026-08-17T13:34:57Z</time>
   </trkpt>
   <trkpt lat="48.8107000" lon="-64.2268340">
    <ele>275.6</ele>
    <time>2026-08-17T13:35:03Z</time>
   </trkpt>
   <trkpt lat="48.8107110" lon="-64.2268290">
    <ele>275.6</ele>
    <time>2026-08-17T13:35:04Z</time>
   </trkpt>
   <trkpt lat="48.8107660" lon="-64.2268030">
    <ele>276.6</ele>
    <time>2026-08-17T13:35:10Z</time>
   </trkpt>
   <trkpt lat="48.8107770" lon="-64.2268010">
    <ele>276.8</ele>
    <time>2026-08-17T13:35:12Z</time>
   </trkpt>
   <trkpt lat="48.8108310" lon="-64.2268040">
    <ele>277.6</ele>
    <time>2026-08-17T13:35:18Z</time>
   </trkpt>
   <trkpt lat="48.8108450" lon="-64.2268050">
    <ele>278.0</ele>
    <time>2026-08-17T13:35:19Z</time>
   </trkpt>
   <trkpt lat="48.8108790" lon="-64.2267930">
    <ele>278.8</ele>
    <time>2026-08-17T13:35:23Z</time>
   </trkpt>
   <trkpt lat="48.8108880" lon="-64.2267890">
    <ele>278.8</ele>
    <time>2026-08-17T13:35:24Z</time>
   </trkpt>
   <trkpt lat="48.8108960" lon="-64.2267880">
    <ele>278.8</ele>
    <time>2026-08-17T13:35:25Z</time>
   </trkpt>
   <trkpt lat="48.8109080" lon="-64.2267860">
    <ele>278.8</ele>
    <time>2026-08-17T13:35:26Z</time>
   </trkpt>
   <trkpt lat="48.8109740" lon="-64.2267560">
    <ele>278.6</ele>
    <time>2026-08-17T13:35:32Z</time>
   </trkpt>
   <trkpt lat="48.8109990" lon="-64.2267620">
    <ele>279.0</ele>
    <time>2026-08-17T13:35:35Z</time>
   </trkpt>
   <trkpt lat="48.8110090" lon="-64.2267860">
    <ele>279.6</ele>
    <time>2026-08-17T13:35:37Z</time>
   </trkpt>
   <trkpt lat="48.8110140" lon="-64.2268020">
    <ele>280.0</ele>
    <time>2026-08-17T13:35:38Z</time>
   </trkpt>
   <trkpt lat="48.8110260" lon="-64.2268210">
    <ele>280.8</ele>
    <time>2026-08-17T13:35:40Z</time>
   </trkpt>
   <trkpt lat="48.8110400" lon="-64.2268260">
    <ele>281.2</ele>
    <time>2026-08-17T13:35:42Z</time>
   </trkpt>
   <trkpt lat="48.8110910" lon="-64.2268480">
    <ele>281.8</ele>
    <time>2026-08-17T13:35:47Z</time>
   </trkpt>
   <trkpt lat="48.8111520" lon="-64.2268470">
    <ele>282.2</ele>
    <time>2026-08-17T13:35:54Z</time>
   </trkpt>
   <trkpt lat="48.8111560" lon="-64.2268570">
    <ele>282.2</ele>
    <time>2026-08-17T13:35:55Z</time>
   </trkpt>
   <trkpt lat="48.8112170" lon="-64.2268960">
    <ele>282.0</ele>
    <time>2026-08-17T13:36:02Z</time>
   </trkpt>
   <trkpt lat="48.8112520" lon="-64.2269090">
    <ele>282.2</ele>
    <time>2026-08-17T13:36:09Z</time>
   </trkpt>
   <trkpt lat="48.8112970" lon="-64.2269000">
    <ele>281.8</ele>
    <time>2026-08-17T13:36:20Z</time>
   </trkpt>
   <trkpt lat="48.8113090" lon="-64.2268820">
    <ele>281.8</ele>
    <time>2026-08-17T13:36:22Z</time>
   </trkpt>
   <trkpt lat="48.8113070" lon="-64.2268190">
    <ele>283.4</ele>
    <time>2026-08-17T13:36:28Z</time>
   </trkpt>
   <trkpt lat="48.8113010" lon="-64.2267840">
    <ele>284.6</ele>
    <time>2026-08-17T13:36:34Z</time>
   </trkpt>
   <trkpt lat="48.8113000" lon="-64.2267950">
    <ele>285.2</ele>
    <time>2026-08-17T13:36:37Z</time>
   </trkpt>
   <trkpt lat="48.8113040" lon="-64.2268020">
    <ele>285.6</ele>
    <time>2026-08-17T13:36:39Z</time>
   </trkpt>
   <trkpt lat="48.8113110" lon="-64.2267960">
    <ele>286.6</ele>
    <time>2026-08-17T13:36:42Z</time>
   </trkpt>
   <trkpt lat="48.8113090" lon="-64.2267920">
    <ele>286.8</ele>
    <time>2026-08-17T13:36:43Z</time>
   </trkpt>
   <trkpt lat="48.8113060" lon="-64.2267840">
    <ele>288.0</ele>
    <time>2026-08-17T13:36:48Z</time>
   </trkpt>
   <trkpt lat="48.8113060" lon="-64.2267930">
    <ele>288.2</ele>
    <time>2026-08-17T13:36:49Z</time>
   </trkpt>
   <trkpt lat="48.8113080" lon="-64.2267990">
    <ele>288.8</ele>
    <time>2026-08-17T13:36:52Z</time>
   </trkpt>
   <trkpt lat="48.8113060" lon="-64.2268080">
    <ele>289.0</ele>
    <time>2026-08-17T13:36:53Z</time>
   </trkpt>
   <trkpt lat="48.8113050" lon="-64.2268120">
    <ele>289.2</ele>
    <time>2026-08-17T13:36:54Z</time>
   </trkpt>
   <trkpt lat="48.8113030" lon="-64.2268050">
    <ele>289.6</ele>
    <time>2026-08-17T13:36:55Z</time>
   </trkpt>
   <trkpt lat="48.8112950" lon="-64.2267960">
    <ele>290.4</ele>
    <time>2026-08-17T13:36:58Z</time>
   </trkpt>
   <trkpt lat="48.8113030" lon="-64.2267900">
    <ele>291.4</ele>
    <time>2026-08-17T13:37:04Z</time>
   </trkpt>
   <trkpt lat="48.8113060" lon="-64.2267930">
    <ele>291.6</ele>
    <time>2026-08-17T13:37:05Z</time>
   </trkpt>
   <trkpt lat="48.8113040" lon="-64.2267880">
    <ele>292.8</ele>
    <time>2026-08-17T13:37:09Z</time>
   </trkpt>
   <trkpt lat="48.8113050" lon="-64.2267850">
    <ele>293.4</ele>
    <time>2026-08-17T13:37:11Z</time>
   </trkpt>
   <trkpt lat="48.8113060" lon="-64.2267730">
    <ele>293.8</ele>
    <time>2026-08-17T13:37:15Z</time>
   </trkpt>
   <trkpt lat="48.8113060" lon="-64.2267670">
    <ele>294.0</ele>
    <time>2026-08-17T13:37:16Z</time>
   </trkpt>
   <trkpt lat="48.8113050" lon="-64.2267900">
    <ele>294.2</ele>
    <time>2026-08-17T13:37:19Z</time>
   </trkpt>
   <trkpt lat="48.8113030" lon="-64.2268010">
    <ele>295.0</ele>
    <time>2026-08-17T13:37:22Z</time>
   </trkpt>
   <trkpt lat="48.8112960" lon="-64.2268050">
    <ele>295.2</ele>
    <time>2026-08-17T13:37:26Z</time>
   </trkpt>
   <trkpt lat="48.8112910" lon="-64.2268070">
    <ele>295.0</ele>
    <time>2026-08-17T13:37:28Z</time>
   </trkpt>
   <trkpt lat="48.8112920" lon="-64.2268090">
    <ele>295.0</ele>
    <time>2026-08-17T13:37:29Z</time>
   </trkpt>
   <trkpt lat="48.8112940" lon="-64.2268090">
    <ele>294.6</ele>
    <time>2026-08-17T13:37:35Z</time>
   </trkpt>
   <trkpt lat="48.8112900" lon="-64.2268010">
    <ele>294.6</ele>
    <time>2026-08-17T13:37:44Z</time>
   </trkpt>
   <trkpt lat="48.8112940" lon="-64.2268090">
    <ele>295.0</ele>
    <time>2026-08-17T13:37:47Z</time>
   </trkpt>
   <trkpt lat="48.8112910" lon="-64.2268030">
    <ele>295.2</ele>
    <time>2026-08-17T13:37:52Z</time>
   </trkpt>
   <trkpt lat="48.8112900" lon="-64.2268040">
    <ele>295.8</ele>
    <time>2026-08-17T13:37:54Z</time>
   </trkpt>
   <trkpt lat="48.8112910" lon="-64.2268120">
    <ele>295.6</ele>
    <time>2026-08-17T13:37:59Z</time>
   </trkpt>
   <trkpt lat="48.8112920" lon="-64.2268010">
    <ele>295.6</ele>
    <time>2026-08-17T13:38:07Z</time>
   </trkpt>
   <trkpt lat="48.8112880" lon="-64.2268100">
    <ele>294.4</ele>
    <time>2026-08-17T13:38:15Z</time>
   </trkpt>
   <trkpt lat="48.8112870" lon="-64.2267640">
    <ele>294.2</ele>
    <time>2026-08-17T13:38:22Z</time>
   </trkpt>
   <trkpt lat="48.8112840" lon="-64.2267570">
    <ele>294.6</ele>
    <time>2026-08-17T13:38:25Z</time>
   </trkpt>
   <trkpt lat="48.8112840" lon="-64.2267570">
    <ele>295.0</ele>
    <time>2026-08-17T13:38:30Z</time>
   </trkpt>
   <trkpt lat="48.8113080" lon="-64.2267570">
    <ele>294.8</ele>
    <time>2026-08-17T13:38:35Z</time>
   </trkpt>
   <trkpt lat="48.8113130" lon="-64.2267550">
    <ele>294.4</ele>
    <time>2026-08-17T13:38:36Z</time>
   </trkpt>
   <trkpt lat="48.8113100" lon="-64.2267540">
    <ele>294.4</ele>
    <time>2026-08-17T13:38:39Z</time>
   </trkpt>
   <trkpt lat="48.8113100" lon="-64.2267540">
    <ele>294.4</ele>
    <time>2026-08-17T13:38:46Z</time>
   </trkpt>
   <trkpt lat="48.8113100" lon="-64.2267540">
    <ele>294.6</ele>
    <time>2026-08-17T13:38:49Z</time>
   </trkpt>
   <trkpt lat="48.8113080" lon="-64.2267500">
    <ele>294.2</ele>
    <time>2026-08-17T13:38:54Z</time>
   </trkpt>
   <trkpt lat="48.8113110" lon="-64.2267630">
    <ele>294.0</ele>
    <time>2026-08-17T13:38:57Z</time>
   </trkpt>
   <trkpt lat="48.8113310" lon="-64.2267700">
    <ele>293.8</ele>
    <time>2026-08-17T13:39:01Z</time>
   </trkpt>
   <trkpt lat="48.8113280" lon="-64.2267700">
    <ele>293.8</ele>
    <time>2026-08-17T13:39:04Z</time>
   </trkpt>
   <trkpt lat="48.8113130" lon="-64.2267590">
    <ele>294.8</ele>
    <time>2026-08-17T13:39:13Z</time>
   </trkpt>
   <trkpt lat="48.8113100" lon="-64.2267540">
    <ele>293.4</ele>
    <time>2026-08-17T13:39:22Z</time>
   </trkpt>
   <trkpt lat="48.8113100" lon="-64.2267540">
    <ele>293.6</ele>
    <time>2026-08-17T13:39:37Z</time>
   </trkpt>
   <trkpt lat="48.8113100" lon="-64.2267540">
    <ele>293.6</ele>
    <time>2026-08-17T13:39:38Z</time>
   </trkpt>
   <trkpt lat="48.8113100" lon="-64.2267540">
    <ele>293.4</ele>
    <time>2026-08-17T13:39:39Z</time>
   </trkpt>
   <trkpt lat="48.8113100" lon="-64.2267540">
    <ele>293.4</ele>
    <time>2026-08-17T13:39:40Z</time>
   </trkpt>
   <trkpt lat="48.8113000" lon="-64.2267610">
    <ele>294.2</ele>
    <time>2026-08-17T13:39:50Z</time>
   </trkpt>
   <trkpt lat="48.8112820" lon="-64.2268030">
    <ele>293.0</ele>
    <time>2026-08-17T13:39:56Z</time>
   </trkpt>
   <trkpt lat="48.8112820" lon="-64.2268350">
    <ele>291.8</ele>
    <time>2026-08-17T13:40:00Z</time>
   </trkpt>
   <trkpt lat="48.8112890" lon="-64.2268400">
    <ele>292.4</ele>
    <time>2026-08-17T13:40:03Z</time>
   </trkpt>
   <trkpt lat="48.8112900" lon="-64.2268370">
    <ele>293.0</ele>
    <time>2026-08-17T13:40:05Z</time>
   </trkpt>
   <trkpt lat="48.8112930" lon="-64.2268090">
    <ele>293.8</ele>
    <time>2026-08-17T13:40:09Z</time>
   </trkpt>
   <trkpt lat="48.8112900" lon="-64.2267730">
    <ele>293.0</ele>
    <time>2026-08-17T13:40:16Z</time>
   </trkpt>
   <trkpt lat="48.8113030" lon="-64.2267700">
    <ele>293.4</ele>
    <time>2026-08-17T13:40:22Z</time>
   </trkpt>
   <trkpt lat="48.8112900" lon="-64.2267730">
    <ele>294.0</ele>
    <time>2026-08-17T13:40:36Z</time>
   </trkpt>
   <trkpt lat="48.8112900" lon="-64.2267730">
    <ele>292.8</ele>
    <time>2026-08-17T13:40:41Z</time>
   </trkpt>
   <trkpt lat="48.8112900" lon="-64.2267730">
    <ele>292.6</ele>
    <time>2026-08-17T13:40:43Z</time>
   </trkpt>
   <trkpt lat="48.8112900" lon="-64.2267730">
    <ele>292.6</ele>
    <time>2026-08-17T13:40:48Z</time>
   </trkpt>
   <trkpt lat="48.8112900" lon="-64.2267730">
    <ele>293.8</ele>
    <time>2026-08-17T13:40:55Z</time>
   </trkpt>
   <trkpt lat="48.8112900" lon="-64.2267730">
    <ele>292.8</ele>
    <time>2026-08-17T13:41:03Z</time>
   </trkpt>
   <trkpt lat="48.8112980" lon="-64.2267700">
    <ele>292.4</ele>
    <time>2026-08-17T13:41:08Z</time>
   </trkpt>
   <trkpt lat="48.8112900" lon="-64.2267730">
    <ele>292.4</ele>
    <time>2026-08-17T13:41:14Z</time>
   </trkpt>
   <trkpt lat="48.8112900" lon="-64.2267730">
    <ele>292.2</ele>
    <time>2026-08-17T13:41:20Z</time>
   </trkpt>
   <trkpt lat="48.8112930" lon="-64.2267690">
    <ele>292.2</ele>
    <time>2026-08-17T13:41:22Z</time>
   </trkpt>
   <trkpt lat="48.8112900" lon="-64.2267730">
    <ele>292.4</ele>
    <time>2026-08-17T13:41:29Z</time>
   </trkpt>
   <trkpt lat="48.8112900" lon="-64.2267730">
    <ele>291.8</ele>
    <time>2026-08-17T13:41:31Z</time>
   </trkpt>
   <trkpt lat="48.8112900" lon="-64.2267730">
    <ele>292.8</ele>
    <time>2026-08-17T13:41:37Z</time>
   </trkpt>
   <trkpt lat="48.8112900" lon="-64.2267730">
    <ele>293.0</ele>
    <time>2026-08-17T13:41:38Z</time>
   </trkpt>
   <trkpt lat="48.8112750" lon="-64.2267980">
    <ele>291.6</ele>
    <time>2026-08-17T13:41:44Z</time>
   </trkpt>
   <trkpt lat="48.8112820" lon="-64.2268350">
    <ele>292.0</ele>
    <time>2026-08-17T13:41:50Z</time>
   </trkpt>
   <trkpt lat="48.8112870" lon="-64.2268400">
    <ele>292.6</ele>
    <time>2026-08-17T13:41:56Z</time>
   </trkpt>
   <trkpt lat="48.8112870" lon="-64.2268380">
    <ele>293.2</ele>
    <time>2026-08-17T13:41:59Z</time>
   </trkpt>
   <trkpt lat="48.8112910" lon="-64.2268060">
    <ele>291.8</ele>
    <time>2026-08-17T13:42:06Z</time>
   </trkpt>
   <trkpt lat="48.8112890" lon="-64.2267950">
    <ele>291.8</ele>
    <time>2026-08-17T13:42:15Z</time>
   </trkpt>
   <trkpt lat="48.8112910" lon="-64.2268000">
    <ele>291.8</ele>
    <time>2026-08-17T13:42:19Z</time>
   </trkpt>
   <trkpt lat="48.8112910" lon="-64.2267960">
    <ele>292.0</ele>
    <time>2026-08-17T13:42:27Z</time>
   </trkpt>
   <trkpt lat="48.8112940" lon="-64.2268020">
    <ele>291.6</ele>
    <time>2026-08-17T13:42:30Z</time>
   </trkpt>
   <trkpt lat="48.8112890" lon="-64.2267980">
    <ele>292.2</ele>
    <time>2026-08-17T13:42:35Z</time>
   </trkpt>
   <trkpt lat="48.8112910" lon="-64.2268000">
    <ele>291.8</ele>
    <time>2026-08-17T13:42:38Z</time>
   </trkpt>
   <trkpt lat="48.8112910" lon="-64.2268000">
    <ele>293.0</ele>
    <time>2026-08-17T13:42:43Z</time>
   </trkpt>
   <trkpt lat="48.8112910" lon="-64.2268000">
    <ele>292.4</ele>
    <time>2026-08-17T13:42:45Z</time>
   </trkpt>
   <trkpt lat="48.8112910" lon="-64.2268000">
    <ele>292.0</ele>
    <time>2026-08-17T13:42:46Z</time>
   </trkpt>
   <trkpt lat="48.8112910" lon="-64.2268000">
    <ele>291.4</ele>
    <time>2026-08-17T13:42:59Z</time>
   </trkpt>
   <trkpt lat="48.8112890" lon="-64.2268020">
    <ele>291.6</ele>
    <time>2026-08-17T13:43:06Z</time>
   </trkpt>
   <trkpt lat="48.8112910" lon="-64.2268000">
    <ele>291.2</ele>
    <time>2026-08-17T13:43:11Z</time>
   </trkpt>
   <trkpt lat="48.8112910" lon="-64.2268000">
    <ele>291.2</ele>
    <time>2026-08-17T13:43:12Z</time>
   </trkpt>
   <trkpt lat="48.8112910" lon="-64.2268000">
    <ele>291.0</ele>
    <time>2026-08-17T13:43:13Z</time>
   </trkpt>
   <trkpt lat="48.8112880" lon="-64.2268060">
    <ele>290.8</ele>
    <time>2026-08-17T13:43:18Z</time>
   </trkpt>
   <trkpt lat="48.8112910" lon="-64.2268000">
    <ele>290.6</ele>
    <time>2026-08-17T13:43:25Z</time>
   </trkpt>
   <trkpt lat="48.8112890" lon="-64.2268070">
    <ele>291.4</ele>
    <time>2026-08-17T13:43:34Z</time>
   </trkpt>
   <trkpt lat="48.8112930" lon="-64.2267890">
    <ele>290.8</ele>
    <time>2026-08-17T13:43:42Z</time>
   </trkpt>
   <trkpt lat="48.8112910" lon="-64.2268000">
    <ele>291.6</ele>
    <time>2026-08-17T13:43:50Z</time>
   </trkpt>
   <trkpt lat="48.8112940" lon="-64.2267870">
    <ele>291.4</ele>
    <time>2026-08-17T13:43:51Z</time>
   </trkpt>
   <trkpt lat="48.8112910" lon="-64.2267920">
    <ele>291.2</ele>
    <time>2026-08-17T13:43:52Z</time>
   </trkpt>
   <trkpt lat="48.8112900" lon="-64.2267930">
    <ele>290.2</ele>
    <time>2026-08-17T13:44:00Z</time>
   </trkpt>
   <trkpt lat="48.8112850" lon="-64.2267970">
    <ele>290.4</ele>
    <time>2026-08-17T13:44:03Z</time>
   </trkpt>
   <trkpt lat="48.8112830" lon="-64.2267980">
    <ele>291.0</ele>
    <time>2026-08-17T13:44:11Z</time>
   </trkpt>
   <trkpt lat="48.8112850" lon="-64.2267990">
    <ele>290.2</ele>
    <time>2026-08-17T13:44:20Z</time>
   </trkpt>
   <trkpt lat="48.8112910" lon="-64.2268000">
    <ele>290.6</ele>
    <time>2026-08-17T13:44:30Z</time>
   </trkpt>
   <trkpt lat="48.8112910" lon="-64.2268000">
    <ele>289.8</ele>
    <time>2026-08-17T13:44:34Z</time>
   </trkpt>
   <trkpt lat="48.8112910" lon="-64.2268000">
    <ele>289.8</ele>
    <time>2026-08-17T13:44:38Z</time>
   </trkpt>
   <trkpt lat="48.8112910" lon="-64.2268000">
    <ele>290.2</ele>
    <time>2026-08-17T13:44:52Z</time>
   </trkpt>
   <trkpt lat="48.8112910" lon="-64.2268000">
    <ele>290.4</ele>
    <time>2026-08-17T13:44:55Z</time>
   </trkpt>
   <trkpt lat="48.8112910" lon="-64.2268000">
    <ele>290.6</ele>
    <time>2026-08-17T13:44:57Z</time>
   </trkpt>
   <trkpt lat="48.8112910" lon="-64.2268000">
    <ele>290.4</ele>
    <time>2026-08-17T13:45:02Z</time>
   </trkpt>
   <trkpt lat="48.8112910" lon="-64.2268000">
    <ele>290.4</ele>
    <time>2026-08-17T13:45:13Z</time>
   </trkpt>
   <trkpt lat="48.8112910" lon="-64.2268000">
    <ele>289.8</ele>
    <time>2026-08-17T13:45:22Z</time>
   </trkpt>
   <trkpt lat="48.8112910" lon="-64.2268000">
    <ele>289.6</ele>
    <time>2026-08-17T13:45:24Z</time>
   </trkpt>
   <trkpt lat="48.8112820" lon="-64.2267900">
    <ele>289.4</ele>
    <time>2026-08-17T13:45:25Z</time>
   </trkpt>
   <trkpt lat="48.8112810" lon="-64.2267860">
    <ele>289.8</ele>
    <time>2026-08-17T13:45:30Z</time>
   </trkpt>
   <trkpt lat="48.8112810" lon="-64.2267860">
    <ele>289.6</ele>
    <time>2026-08-17T13:45:38Z</time>
   </trkpt>
   <trkpt lat="48.8112810" lon="-64.2267860">
    <ele>290.2</ele>
    <time>2026-08-17T13:45:46Z</time>
   </trkpt>
   <trkpt lat="48.8112810" lon="-64.2267860">
    <ele>290.0</ele>
    <time>2026-08-17T13:45:51Z</time>
   </trkpt>
   <trkpt lat="48.8112810" lon="-64.2267860">
    <ele>289.8</ele>
    <time>2026-08-17T13:45:53Z</time>
   </trkpt>
   <trkpt lat="48.8112780" lon="-64.2267790">
    <ele>290.0</ele>
    <time>2026-08-17T13:46:01Z</time>
   </trkpt>
   <trkpt lat="48.8112780" lon="-64.2267800">
    <ele>289.8</ele>
    <time>2026-08-17T13:46:03Z</time>
   </trkpt>
   <trkpt lat="48.8112810" lon="-64.2268100">
    <ele>289.0</ele>
    <time>2026-08-17T13:46:10Z</time>
   </trkpt>
   <trkpt lat="48.8112800" lon="-64.2268110">
    <ele>288.8</ele>
    <time>2026-08-17T13:46:18Z</time>
   </trkpt>
   <trkpt lat="48.8112800" lon="-64.2268110">
    <ele>289.6</ele>
    <time>2026-08-17T13:46:26Z</time>
   </trkpt>
   <trkpt lat="48.8112870" lon="-64.2268010">
    <ele>289.4</ele>
    <time>2026-08-17T13:46:39Z</time>
   </trkpt>
   <trkpt lat="48.8112800" lon="-64.2268110">
    <ele>289.0</ele>
    <time>2026-08-17T13:46:48Z</time>
   </trkpt>
   <trkpt lat="48.8112800" lon="-64.2268110">
    <ele>289.0</ele>
    <time>2026-08-17T13:47:00Z</time>
   </trkpt>
   <trkpt lat="48.8112880" lon="-64.2267990">
    <ele>289.2</ele>
    <time>2026-08-17T13:47:24Z</time>
   </trkpt>
   <trkpt lat="48.8112800" lon="-64.2268110">
    <ele>288.8</ele>
    <time>2026-08-17T13:47:31Z</time>
   </trkpt>
   <trkpt lat="48.8112800" lon="-64.2268110">
    <ele>289.4</ele>
    <time>2026-08-17T13:47:43Z</time>
   </trkpt>
   <trkpt lat="48.8112800" lon="-64.2268110">
    <ele>289.8</ele>
    <time>2026-08-17T13:47:45Z</time>
   </trkpt>
   <trkpt lat="48.8112870" lon="-64.2267980">
    <ele>288.6</ele>
    <time>2026-08-17T13:47:53Z</time>
   </trkpt>
   <trkpt lat="48.8112930" lon="-64.2268210">
    <ele>288.4</ele>
    <time>2026-08-17T13:47:56Z</time>
   </trkpt>
   <trkpt lat="48.8113000" lon="-64.2268370">
    <ele>289.6</ele>
    <time>2026-08-17T13:48:02Z</time>
   </trkpt>
   <trkpt lat="48.8112830" lon="-64.2267900">
    <ele>288.4</ele>
    <time>2026-08-17T13:48:08Z</time>
   </trkpt>
   <trkpt lat="48.8112770" lon="-64.2267900">
    <ele>288.8</ele>
    <time>2026-08-17T13:48:15Z</time>
   </trkpt>
   <trkpt lat="48.8112770" lon="-64.2267900">
    <ele>290.0</ele>
    <time>2026-08-17T13:48:19Z</time>
   </trkpt>
   <trkpt lat="48.8112770" lon="-64.2267900">
    <ele>289.4</ele>
    <time>2026-08-17T13:48:26Z</time>
   </trkpt>
   <trkpt lat="48.8112800" lon="-64.2267990">
    <ele>289.0</ele>
    <time>2026-08-17T13:48:28Z</time>
   </trkpt>
   <trkpt lat="48.8112820" lon="-64.2268090">
    <ele>288.4</ele>
    <time>2026-08-17T13:48:30Z</time>
   </trkpt>
   <trkpt lat="48.8112940" lon="-64.2268330">
    <ele>288.8</ele>
    <time>2026-08-17T13:48:41Z</time>
   </trkpt>
   <trkpt lat="48.8112970" lon="-64.2268390">
    <ele>288.6</ele>
    <time>2026-08-17T13:48:44Z</time>
   </trkpt>
   <trkpt lat="48.8113000" lon="-64.2268320">
    <ele>288.6</ele>
    <time>2026-08-17T13:48:50Z</time>
   </trkpt>
   <trkpt lat="48.8113190" lon="-64.2268150">
    <ele>288.0</ele>
    <time>2026-08-17T13:48:56Z</time>
   </trkpt>
   <trkpt lat="48.8113230" lon="-64.2267980">
    <ele>288.2</ele>
    <time>2026-08-17T13:49:02Z</time>
   </trkpt>
   <trkpt lat="48.8113230" lon="-64.2267980">
    <ele>289.4</ele>
    <time>2026-08-17T13:49:08Z</time>
   </trkpt>
   <trkpt lat="48.8113230" lon="-64.2267980">
    <ele>289.6</ele>
    <time>2026-08-17T13:49:12Z</time>
   </trkpt>
   <trkpt lat="48.8113230" lon="-64.2267980">
    <ele>287.8</ele>
    <time>2026-08-17T13:49:14Z</time>
   </trkpt>
   <trkpt lat="48.8113230" lon="-64.2267980">
    <ele>288.2</ele>
    <time>2026-08-17T13:49:18Z</time>
   </trkpt>
   <trkpt lat="48.8113230" lon="-64.2267980">
    <ele>288.8</ele>
    <time>2026-08-17T13:49:23Z</time>
   </trkpt>
   <trkpt lat="48.8113230" lon="-64.2267980">
    <ele>288.8</ele>
    <time>2026-08-17T13:49:25Z</time>
   </trkpt>
   <trkpt lat="48.8113230" lon="-64.2267980">
    <ele>288.8</ele>
    <time>2026-08-17T13:49:26Z</time>
   </trkpt>
   <trkpt lat="48.8113230" lon="-64.2267980">
    <ele>288.8</ele>
    <time>2026-08-17T13:49:27Z</time>
   </trkpt>
   <trkpt lat="48.8113230" lon="-64.2267980">
    <ele>288.8</ele>
    <time>2026-08-17T13:49:31Z</time>
   </trkpt>
   <trkpt lat="48.8113160" lon="-64.2268050">
    <ele>288.8</ele>
    <time>2026-08-17T13:49:42Z</time>
   </trkpt>
   <trkpt lat="48.8113200" lon="-64.2267970">
    <ele>287.8</ele>
    <time>2026-08-17T13:49:45Z</time>
   </trkpt>
   <trkpt lat="48.8113230" lon="-64.2267850">
    <ele>286.6</ele>
    <time>2026-08-17T13:49:48Z</time>
   </trkpt>
   <trkpt lat="48.8113200" lon="-64.2267780">
    <ele>286.4</ele>
    <time>2026-08-17T13:49:51Z</time>
   </trkpt>
   <trkpt lat="48.8113120" lon="-64.2267780">
    <ele>285.8</ele>
    <time>2026-08-17T13:49:54Z</time>
   </trkpt>
   <trkpt lat="48.8113030" lon="-64.2267830">
    <ele>285.6</ele>
    <time>2026-08-17T13:49:55Z</time>
   </trkpt>
   <trkpt lat="48.8112900" lon="-64.2267840">
    <ele>286.0</ele>
    <time>2026-08-17T13:50:00Z</time>
   </trkpt>
   <trkpt lat="48.8112970" lon="-64.2268010">
    <ele>285.0</ele>
    <time>2026-08-17T13:50:07Z</time>
   </trkpt>
   <trkpt lat="48.8112930" lon="-64.2267900">
    <ele>284.8</ele>
    <time>2026-08-17T13:50:09Z</time>
   </trkpt>
   <trkpt lat="48.8112860" lon="-64.2267790">
    <ele>284.4</ele>
    <time>2026-08-17T13:50:11Z</time>
   </trkpt>
   <trkpt lat="48.8112810" lon="-64.2268020">
    <ele>283.2</ele>
    <time>2026-08-17T13:50:16Z</time>
   </trkpt>
   <trkpt lat="48.8112940" lon="-64.2268210">
    <ele>282.2</ele>
    <time>2026-08-17T13:50:19Z</time>
   </trkpt>
   <trkpt lat="48.8113030" lon="-64.2268130">
    <ele>281.8</ele>
    <time>2026-08-17T13:50:21Z</time>
   </trkpt>
   <trkpt lat="48.8113060" lon="-64.2268040">
    <ele>282.0</ele>
    <time>2026-08-17T13:50:23Z</time>
   </trkpt>
   <trkpt lat="48.8113040" lon="-64.2267830">
    <ele>281.0</ele>
    <time>2026-08-17T13:50:27Z</time>
   </trkpt>
   <trkpt lat="48.8113020" lon="-64.2268030">
    <ele>280.2</ele>
    <time>2026-08-17T13:50:30Z</time>
   </trkpt>
   <trkpt lat="48.8113000" lon="-64.2268060">
    <ele>279.8</ele>
    <time>2026-08-17T13:50:31Z</time>
   </trkpt>
   <trkpt lat="48.8113100" lon="-64.2268110">
    <ele>278.8</ele>
    <time>2026-08-17T13:50:35Z</time>
   </trkpt>
   <trkpt lat="48.8112990" lon="-64.2267880">
    <ele>277.6</ele>
    <time>2026-08-17T13:50:40Z</time>
   </trkpt>
   <trkpt lat="48.8113000" lon="-64.2267900">
    <ele>277.4</ele>
    <time>2026-08-17T13:50:41Z</time>
   </trkpt>
   <trkpt lat="48.8112970" lon="-64.2268210">
    <ele>276.6</ele>
    <time>2026-08-17T13:50:45Z</time>
   </trkpt>
   <trkpt lat="48.8112940" lon="-64.2268390">
    <ele>275.8</ele>
    <time>2026-08-17T13:50:49Z</time>
   </trkpt>
   <trkpt lat="48.8112930" lon="-64.2268560">
    <ele>275.6</ele>
    <time>2026-08-17T13:50:51Z</time>
   </trkpt>
   <trkpt lat="48.8112850" lon="-64.2268870">
    <ele>275.0</ele>
    <time>2026-08-17T13:50:57Z</time>
   </trkpt>
   <trkpt lat="48.8112780" lon="-64.2268920">
    <ele>274.6</ele>
    <time>2026-08-17T13:51:05Z</time>
   </trkpt>
   <trkpt lat="48.8112800" lon="-64.2268840">
    <ele>274.6</ele>
    <time>2026-08-17T13:51:07Z</time>
   </trkpt>
   <trkpt lat="48.8112820" lon="-64.2268940">
    <ele>274.8</ele>
    <time>2026-08-17T13:51:12Z</time>
   </trkpt>
   <trkpt lat="48.8112820" lon="-64.2268970">
    <ele>274.8</ele>
    <time>2026-08-17T13:51:13Z</time>
   </trkpt>
   <trkpt lat="48.8112790" lon="-64.2269060">
    <ele>274.6</ele>
    <time>2026-08-17T13:51:17Z</time>
   </trkpt>
   <trkpt lat="48.8112790" lon="-64.2269230">
    <ele>274.8</ele>
    <time>2026-08-17T13:51:22Z</time>
   </trkpt>
   <trkpt lat="48.8112670" lon="-64.2269420">
    <ele>275.2</ele>
    <time>2026-08-17T13:51:36Z</time>
   </trkpt>
   <trkpt lat="48.8112670" lon="-64.2269270">
    <ele>275.0</ele>
    <time>2026-08-17T13:51:40Z</time>
   </trkpt>
   <trkpt lat="48.8112750" lon="-64.2269090">
    <ele>274.8</ele>
    <time>2026-08-17T13:51:51Z</time>
   </trkpt>
   <trkpt lat="48.8112840" lon="-64.2269040">
    <ele>274.8</ele>
    <time>2026-08-17T13:51:55Z</time>
   </trkpt>
   <trkpt lat="48.8112920" lon="-64.2268950">
    <ele>275.4</ele>
    <time>2026-08-17T13:52:02Z</time>
   </trkpt>
   <trkpt lat="48.8112860" lon="-64.2268960">
    <ele>275.6</ele>
    <time>2026-08-17T13:52:12Z</time>
   </trkpt>
   <trkpt lat="48.8112880" lon="-64.2268970">
    <ele>275.6</ele>
    <time>2026-08-17T13:52:14Z</time>
   </trkpt>
   <trkpt lat="48.8112920" lon="-64.2268690">
    <ele>275.6</ele>
    <time>2026-08-17T13:52:27Z</time>
   </trkpt>
   <trkpt lat="48.8113150" lon="-64.2268720">
    <ele>275.8</ele>
    <time>2026-08-17T13:52:39Z</time>
   </trkpt>
   <trkpt lat="48.8113170" lon="-64.2268740">
    <ele>276.2</ele>
    <time>2026-08-17T13:52:51Z</time>
   </trkpt>
   <trkpt lat="48.8113400" lon="-64.2268850">
    <ele>276.4</ele>
    <time>2026-08-17T13:53:11Z</time>
   </trkpt>
   <trkpt lat="48.8113550" lon="-64.2268880">
    <ele>276.6</ele>
    <time>2026-08-17T13:53:14Z</time>
   </trkpt>
   <trkpt lat="48.8114000" lon="-64.2268880">
    <ele>276.4</ele>
    <time>2026-08-17T13:53:20Z</time>
   </trkpt>
   <trkpt lat="48.8114510" lon="-64.2268540">
    <ele>276.4</ele>
    <time>2026-08-17T13:53:26Z</time>
   </trkpt>
   <trkpt lat="48.8114590" lon="-64.2268420">
    <ele>276.6</ele>
    <time>2026-08-17T13:53:29Z</time>
   </trkpt>
   <trkpt lat="48.8115000" lon="-64.2268040">
    <ele>276.4</ele>
    <time>2026-08-17T13:53:34Z</time>
   </trkpt>
   <trkpt lat="48.8115290" lon="-64.2267810">
    <ele>276.0</ele>
    <time>2026-08-17T13:53:38Z</time>
   </trkpt>
   <trkpt lat="48.8115890" lon="-64.2267860">
    <ele>275.6</ele>
    <time>2026-08-17T13:53:43Z</time>
   </trkpt>
   <trkpt lat="48.8115930" lon="-64.2267960">
    <ele>275.6</ele>
    <time>2026-08-17T13:53:44Z</time>
   </trkpt>
   <trkpt lat="48.8116570" lon="-64.2268580">
    <ele>276.6</ele>
    <time>2026-08-17T13:53:51Z</time>
   </trkpt>
   <trkpt lat="48.8117390" lon="-64.2268560">
    <ele>277.0</ele>
    <time>2026-08-17T13:53:59Z</time>
   </trkpt>
   <trkpt lat="48.8117890" lon="-64.2268320">
    <ele>277.6</ele>
    <time>2026-08-17T13:54:04Z</time>
   </trkpt>
   <trkpt lat="48.8118260" lon="-64.2268280">
    <ele>278.0</ele>
    <time>2026-08-17T13:54:08Z</time>
   </trkpt>
   <trkpt lat="48.8118740" lon="-64.2268130">
    <ele>277.2</ele>
    <time>2026-08-17T13:54:13Z</time>
   </trkpt>
   <trkpt lat="48.8119170" lon="-64.2267840">
    <ele>276.6</ele>
    <time>2026-08-17T13:54:17Z</time>
   </trkpt>
   <trkpt lat="48.8119250" lon="-64.2267820">
    <ele>276.6</ele>
    <time>2026-08-17T13:54:18Z</time>
   </trkpt>
   <trkpt lat="48.8120040" lon="-64.2268450">
    <ele>275.8</ele>
    <time>2026-08-17T13:54:28Z</time>
   </trkpt>
   <trkpt lat="48.8120220" lon="-64.2268610">
    <ele>275.6</ele>
    <time>2026-08-17T13:54:31Z</time>
   </trkpt>
   <trkpt lat="48.8120430" lon="-64.2268960">
    <ele>274.2</ele>
    <time>2026-08-17T13:54:36Z</time>
   </trkpt>
   <trkpt lat="48.8120520" lon="-64.2269120">
    <ele>273.8</ele>
    <time>2026-08-17T13:54:38Z</time>
   </trkpt>
   <trkpt lat="48.8120640" lon="-64.2269340">
    <ele>273.2</ele>
    <time>2026-08-17T13:54:41Z</time>
   </trkpt>
   <trkpt lat="48.8121110" lon="-64.2269890">
    <ele>272.2</ele>
    <time>2026-08-17T13:54:48Z</time>
   </trkpt>
   <trkpt lat="48.8121760" lon="-64.2270830">
    <ele>271.6</ele>
    <time>2026-08-17T13:54:57Z</time>
   </trkpt>
   <trkpt lat="48.8122320" lon="-64.2271940">
    <ele>272.4</ele>
    <time>2026-08-17T13:55:07Z</time>
   </trkpt>
   <trkpt lat="48.8122510" lon="-64.2272620">
    <ele>273.4</ele>
    <time>2026-08-17T13:55:11Z</time>
   </trkpt>
   <trkpt lat="48.8122790" lon="-64.2273250">
    <ele>274.6</ele>
    <time>2026-08-17T13:55:16Z</time>
   </trkpt>
   <trkpt lat="48.8122980" lon="-64.2273890">
    <ele>275.2</ele>
    <time>2026-08-17T13:55:20Z</time>
   </trkpt>
   <trkpt lat="48.8123210" lon="-64.2274390">
    <ele>275.6</ele>
    <time>2026-08-17T13:55:23Z</time>
   </trkpt>
   <trkpt lat="48.8123490" lon="-64.2274690">
    <ele>275.8</ele>
    <time>2026-08-17T13:55:26Z</time>
   </trkpt>
   <trkpt lat="48.8124130" lon="-64.2275160">
    <ele>276.4</ele>
    <time>2026-08-17T13:55:32Z</time>
   </trkpt>
   <trkpt lat="48.8124310" lon="-64.2275370">
    <ele>276.8</ele>
    <time>2026-08-17T13:55:34Z</time>
   </trkpt>
   <trkpt lat="48.8124550" lon="-64.2275570">
    <ele>277.6</ele>
    <time>2026-08-17T13:55:36Z</time>
   </trkpt>
   <trkpt lat="48.8124650" lon="-64.2275660">
    <ele>278.0</ele>
    <time>2026-08-17T13:55:37Z</time>
   </trkpt>
   <trkpt lat="48.8125280" lon="-64.2275960">
    <ele>278.0</ele>
    <time>2026-08-17T13:55:43Z</time>
   </trkpt>
   <trkpt lat="48.8125980" lon="-64.2276490">
    <ele>278.4</ele>
    <time>2026-08-17T13:55:51Z</time>
   </trkpt>
   <trkpt lat="48.8126630" lon="-64.2277050">
    <ele>279.0</ele>
    <time>2026-08-17T13:55:57Z</time>
   </trkpt>
   <trkpt lat="48.8126870" lon="-64.2277180">
    <ele>279.2</ele>
    <time>2026-08-17T13:55:59Z</time>
   </trkpt>
   <trkpt lat="48.8127040" lon="-64.2277120">
    <ele>279.8</ele>
    <time>2026-08-17T13:56:06Z</time>
   </trkpt>
   <trkpt lat="48.8127230" lon="-64.2277170">
    <ele>279.0</ele>
    <time>2026-08-17T13:56:12Z</time>
   </trkpt>
   <trkpt lat="48.8127750" lon="-64.2277460">
    <ele>278.8</ele>
    <time>2026-08-17T13:56:18Z</time>
   </trkpt>
   <trkpt lat="48.8128420" lon="-64.2277240">
    <ele>279.4</ele>
    <time>2026-08-17T13:56:25Z</time>
   </trkpt>
   <trkpt lat="48.8129290" lon="-64.2276650">
    <ele>278.6</ele>
    <time>2026-08-17T13:56:33Z</time>
   </trkpt>
   <trkpt lat="48.8129380" lon="-64.2276720">
    <ele>278.4</ele>
    <time>2026-08-17T13:56:34Z</time>
   </trkpt>
   <trkpt lat="48.8129670" lon="-64.2276880">
    <ele>277.8</ele>
    <time>2026-08-17T13:56:37Z</time>
   </trkpt>
   <trkpt lat="48.8130040" lon="-64.2277150">
    <ele>277.2</ele>
    <time>2026-08-17T13:56:40Z</time>
   </trkpt>
   <trkpt lat="48.8130530" lon="-64.2277980">
    <ele>277.2</ele>
    <time>2026-08-17T13:56:47Z</time>
   </trkpt>
   <trkpt lat="48.8131160" lon="-64.2278420">
    <ele>276.8</ele>
    <time>2026-08-17T13:56:54Z</time>
   </trkpt>
   <trkpt lat="48.8131220" lon="-64.2278410">
    <ele>276.6</ele>
    <time>2026-08-17T13:56:55Z</time>
   </trkpt>
   <trkpt lat="48.8131430" lon="-64.2278280">
    <ele>276.2</ele>
    <time>2026-08-17T13:56:57Z</time>
   </trkpt>
   <trkpt lat="48.8132150" lon="-64.2278020">
    <ele>275.6</ele>
    <time>2026-08-17T13:57:02Z</time>
   </trkpt>
   <trkpt lat="48.8132270" lon="-64.2278070">
    <ele>275.4</ele>
    <time>2026-08-17T13:57:03Z</time>
   </trkpt>
   <trkpt lat="48.8133130" lon="-64.2278600">
    <ele>274.8</ele>
    <time>2026-08-17T13:57:11Z</time>
   </trkpt>
   <trkpt lat="48.8133390" lon="-64.2278690">
    <ele>274.4</ele>
    <time>2026-08-17T13:57:13Z</time>
   </trkpt>
   <trkpt lat="48.8133830" lon="-64.2279220">
    <ele>273.4</ele>
    <time>2026-08-17T13:57:18Z</time>
   </trkpt>
   <trkpt lat="48.8133890" lon="-64.2279300">
    <ele>273.4</ele>
    <time>2026-08-17T13:57:19Z</time>
   </trkpt>
   <trkpt lat="48.8134270" lon="-64.2279560">
    <ele>273.0</ele>
    <time>2026-08-17T13:57:28Z</time>
   </trkpt>
   <trkpt lat="48.8134600" lon="-64.2279710">
    <ele>272.4</ele>
    <time>2026-08-17T13:57:33Z</time>
   </trkpt>
   <trkpt lat="48.8135020" lon="-64.2279850">
    <ele>271.6</ele>
    <time>2026-08-17T13:57:38Z</time>
   </trkpt>
   <trkpt lat="48.8135010" lon="-64.2279920">
    <ele>271.4</ele>
    <time>2026-08-17T13:57:41Z</time>
   </trkpt>
   <trkpt lat="48.8135020" lon="-64.2279900">
    <ele>271.2</ele>
    <time>2026-08-17T13:57:47Z</time>
   </trkpt>
   <trkpt lat="48.8135090" lon="-64.2279880">
    <ele>271.4</ele>
    <time>2026-08-17T13:57:56Z</time>
   </trkpt>
   <trkpt lat="48.8135150" lon="-64.2279980">
    <ele>271.4</ele>
    <time>2026-08-17T13:58:07Z</time>
   </trkpt>
   <trkpt lat="48.8135140" lon="-64.2279970">
    <ele>271.6</ele>
    <time>2026-08-17T13:58:10Z</time>
   </trkpt>
   <trkpt lat="48.8135130" lon="-64.2280010">
    <ele>271.4</ele>
    <time>2026-08-17T13:58:15Z</time>
   </trkpt>
   <trkpt lat="48.8135180" lon="-64.2280030">
    <ele>271.4</ele>
    <time>2026-08-17T13:58:17Z</time>
   </trkpt>
   <trkpt lat="48.8135390" lon="-64.2279900">
    <ele>270.8</ele>
    <time>2026-08-17T13:58:27Z</time>
   </trkpt>
   <trkpt lat="48.8135510" lon="-64.2279980">
    <ele>271.0</ele>
    <time>2026-08-17T13:58:40Z</time>
   </trkpt>
   <trkpt lat="48.8135520" lon="-64.2280050">
    <ele>271.2</ele>
    <time>2026-08-17T13:58:52Z</time>
   </trkpt>
   <trkpt lat="48.8135800" lon="-64.2280020">
    <ele>270.4</ele>
    <time>2026-08-17T13:58:59Z</time>
   </trkpt>
   <trkpt lat="48.8135860" lon="-64.2280010">
    <ele>270.2</ele>
    <time>2026-08-17T13:59:00Z</time>
   </trkpt>
   <trkpt lat="48.8136320" lon="-64.2279720">
    <ele>269.2</ele>
    <time>2026-08-17T13:59:08Z</time>
   </trkpt>
   <trkpt lat="48.8136490" lon="-64.2279530">
    <ele>268.6</ele>
    <time>2026-08-17T13:59:11Z</time>
   </trkpt>
   <trkpt lat="48.8136650" lon="-64.2279360">
    <ele>268.2</ele>
    <time>2026-08-17T13:59:14Z</time>
   </trkpt>
   <trkpt lat="48.8136860" lon="-64.2279240">
    <ele>267.0</ele>
    <time>2026-08-17T13:59:18Z</time>
   </trkpt>
   <trkpt lat="48.8136940" lon="-64.2279290">
    <ele>266.4</ele>
    <time>2026-08-17T13:59:20Z</time>
   </trkpt>
   <trkpt lat="48.8137100" lon="-64.2279610">
    <ele>266.0</ele>
    <time>2026-08-17T13:59:24Z</time>
   </trkpt>
   <trkpt lat="48.8137290" lon="-64.2279960">
    <ele>265.4</ele>
    <time>2026-08-17T13:59:27Z</time>
   </trkpt>
   <trkpt lat="48.8137440" lon="-64.2280450">
    <ele>264.8</ele>
    <time>2026-08-17T13:59:32Z</time>
   </trkpt>
   <trkpt lat="48.8137510" lon="-64.2280910">
    <ele>264.4</ele>
    <time>2026-08-17T13:59:35Z</time>
   </trkpt>
   <trkpt lat="48.8137620" lon="-64.2281360">
    <ele>263.6</ele>
    <time>2026-08-17T13:59:38Z</time>
   </trkpt>
   <trkpt lat="48.8137720" lon="-64.2281710">
    <ele>262.6</ele>
    <time>2026-08-17T13:59:42Z</time>
   </trkpt>
   <trkpt lat="48.8137780" lon="-64.2282070">
    <ele>261.8</ele>
    <time>2026-08-17T13:59:45Z</time>
   </trkpt>
   <trkpt lat="48.8137810" lon="-64.2282220">
    <ele>261.6</ele>
    <time>2026-08-17T13:59:46Z</time>
   </trkpt>
   <trkpt lat="48.8137880" lon="-64.2282910">
    <ele>260.6</ele>
    <time>2026-08-17T13:59:52Z</time>
   </trkpt>
   <trkpt lat="48.8137960" lon="-64.2283400">
    <ele>259.8</ele>
    <time>2026-08-17T13:59:55Z</time>
   </trkpt>
   <trkpt lat="48.8137990" lon="-64.2283550">
    <ele>259.6</ele>
    <time>2026-08-17T13:59:56Z</time>
   </trkpt>
   <trkpt lat="48.8138090" lon="-64.2284370">
    <ele>258.4</ele>
    <time>2026-08-17T14:00:02Z</time>
   </trkpt>
   <trkpt lat="48.8138090" lon="-64.2284370">
    <ele>258.4</ele>
    <time>2026-08-17T14:00:03Z</time>
   </trkpt>
   <trkpt lat="48.8138600" lon="-64.2285450">
    <ele>257.4</ele>
    <time>2026-08-17T14:00:09Z</time>
   </trkpt>
   <trkpt lat="48.8138680" lon="-64.2285510">
    <ele>257.4</ele>
    <time>2026-08-17T14:00:10Z</time>
   </trkpt>
   <trkpt lat="48.8139410" lon="-64.2285990">
    <ele>256.4</ele>
    <time>2026-08-17T14:00:18Z</time>
   </trkpt>
   <trkpt lat="48.8139490" lon="-64.2286100">
    <ele>256.2</ele>
    <time>2026-08-17T14:00:19Z</time>
   </trkpt>
   <trkpt lat="48.8139970" lon="-64.2287470">
    <ele>256.2</ele>
    <time>2026-08-17T14:00:28Z</time>
   </trkpt>
   <trkpt lat="48.8140560" lon="-64.2288560">
    <ele>255.2</ele>
    <time>2026-08-17T14:00:35Z</time>
   </trkpt>
   <trkpt lat="48.8140690" lon="-64.2289260">
    <ele>254.4</ele>
    <time>2026-08-17T14:00:39Z</time>
   </trkpt>
   <trkpt lat="48.8140760" lon="-64.2289840">
    <ele>254.2</ele>
    <time>2026-08-17T14:00:42Z</time>
   </trkpt>
   <trkpt lat="48.8140880" lon="-64.2290490">
    <ele>253.0</ele>
    <time>2026-08-17T14:00:46Z</time>
   </trkpt>
   <trkpt lat="48.8140940" lon="-64.2290770">
    <ele>252.4</ele>
    <time>2026-08-17T14:00:48Z</time>
   </trkpt>
   <trkpt lat="48.8141040" lon="-64.2290970">
    <ele>251.8</ele>
    <time>2026-08-17T14:00:50Z</time>
   </trkpt>
   <trkpt lat="48.8141190" lon="-64.2291230">
    <ele>251.0</ele>
    <time>2026-08-17T14:00:53Z</time>
   </trkpt>
   <trkpt lat="48.8141320" lon="-64.2291460">
    <ele>250.6</ele>
    <time>2026-08-17T14:00:55Z</time>
   </trkpt>
   <trkpt lat="48.8141490" lon="-64.2292070">
    <ele>249.4</ele>
    <time>2026-08-17T14:00:59Z</time>
   </trkpt>
   <trkpt lat="48.8141540" lon="-64.2292430">
    <ele>248.4</ele>
    <time>2026-08-17T14:01:02Z</time>
   </trkpt>
   <trkpt lat="48.8141560" lon="-64.2292540">
    <ele>248.2</ele>
    <time>2026-08-17T14:01:03Z</time>
   </trkpt>
   <trkpt lat="48.8141640" lon="-64.2292970">
    <ele>247.4</ele>
    <time>2026-08-17T14:01:06Z</time>
   </trkpt>
   <trkpt lat="48.8141720" lon="-64.2293180">
    <ele>247.0</ele>
    <time>2026-08-17T14:01:08Z</time>
   </trkpt>
   <trkpt lat="48.8141770" lon="-64.2293680">
    <ele>246.0</ele>
    <time>2026-08-17T14:01:12Z</time>
   </trkpt>
   <trkpt lat="48.8141800" lon="-64.2293810">
    <ele>245.8</ele>
    <time>2026-08-17T14:01:13Z</time>
   </trkpt>
   <trkpt lat="48.8141800" lon="-64.2294220">
    <ele>244.6</ele>
    <time>2026-08-17T14:01:16Z</time>
   </trkpt>
   <trkpt lat="48.8141880" lon="-64.2294730">
    <ele>243.6</ele>
    <time>2026-08-17T14:01:19Z</time>
   </trkpt>
   <trkpt lat="48.8142140" lon="-64.2295280">
    <ele>242.4</ele>
    <time>2026-08-17T14:01:23Z</time>
   </trkpt>
   <trkpt lat="48.8142240" lon="-64.2295610">
    <ele>242.0</ele>
    <time>2026-08-17T14:01:26Z</time>
   </trkpt>
   <trkpt lat="48.8142470" lon="-64.2296110">
    <ele>241.4</ele>
    <time>2026-08-17T14:01:30Z</time>
   </trkpt>
   <trkpt lat="48.8142620" lon="-64.2296420">
    <ele>240.6</ele>
    <time>2026-08-17T14:01:33Z</time>
   </trkpt>
   <trkpt lat="48.8142660" lon="-64.2296500">
    <ele>240.4</ele>
    <time>2026-08-17T14:01:34Z</time>
   </trkpt>
   <trkpt lat="48.8142820" lon="-64.2296760">
    <ele>239.4</ele>
    <time>2026-08-17T14:01:37Z</time>
   </trkpt>
   <trkpt lat="48.8142940" lon="-64.2297170">
    <ele>238.6</ele>
    <time>2026-08-17T14:01:40Z</time>
   </trkpt>
   <trkpt lat="48.8143070" lon="-64.2297590">
    <ele>238.4</ele>
    <time>2026-08-17T14:01:43Z</time>
   </trkpt>
   <trkpt lat="48.8143410" lon="-64.2298440">
    <ele>237.2</ele>
    <time>2026-08-17T14:01:48Z</time>
   </trkpt>
   <trkpt lat="48.8143470" lon="-64.2298530">
    <ele>237.0</ele>
    <time>2026-08-17T14:01:49Z</time>
   </trkpt>
   <trkpt lat="48.8143680" lon="-64.2298840">
    <ele>236.2</ele>
    <time>2026-08-17T14:01:52Z</time>
   </trkpt>
   <trkpt lat="48.8144060" lon="-64.2299350">
    <ele>235.6</ele>
    <time>2026-08-17T14:01:57Z</time>
   </trkpt>
   <trkpt lat="48.8144210" lon="-64.2299500">
    <ele>235.2</ele>
    <time>2026-08-17T14:01:59Z</time>
   </trkpt>
   <trkpt lat="48.8144630" lon="-64.2300050">
    <ele>234.0</ele>
    <time>2026-08-17T14:02:04Z</time>
   </trkpt>
   <trkpt lat="48.8145190" lon="-64.2300810">
    <ele>232.8</ele>
    <time>2026-08-17T14:02:10Z</time>
   </trkpt>
   <trkpt lat="48.8145370" lon="-64.2301310">
    <ele>231.8</ele>
    <time>2026-08-17T14:02:14Z</time>
   </trkpt>
   <trkpt lat="48.8145670" lon="-64.2301800">
    <ele>230.6</ele>
    <time>2026-08-17T14:02:18Z</time>
   </trkpt>
   <trkpt lat="48.8145990" lon="-64.2302230">
    <ele>230.0</ele>
    <time>2026-08-17T14:02:21Z</time>
   </trkpt>
   <trkpt lat="48.8146120" lon="-64.2302440">
    <ele>229.6</ele>
    <time>2026-08-17T14:02:23Z</time>
   </trkpt>
   <trkpt lat="48.8146390" lon="-64.2303020">
    <ele>228.4</ele>
    <time>2026-08-17T14:02:28Z</time>
   </trkpt>
   <trkpt lat="48.8146660" lon="-64.2303890">
    <ele>227.4</ele>
    <time>2026-08-17T14:02:34Z</time>
   </trkpt>
   <trkpt lat="48.8146750" lon="-64.2304010">
    <ele>227.2</ele>
    <time>2026-08-17T14:02:35Z</time>
   </trkpt>
   <trkpt lat="48.8147060" lon="-64.2304400">
    <ele>226.0</ele>
    <time>2026-08-17T14:02:39Z</time>
   </trkpt>
   <trkpt lat="48.8147250" lon="-64.2304790">
    <ele>225.0</ele>
    <time>2026-08-17T14:02:43Z</time>
   </trkpt>
   <trkpt lat="48.8147300" lon="-64.2304930">
    <ele>224.8</ele>
    <time>2026-08-17T14:02:44Z</time>
   </trkpt>
   <trkpt lat="48.8147370" lon="-64.2305390">
    <ele>223.6</ele>
    <time>2026-08-17T14:02:48Z</time>
   </trkpt>
   <trkpt lat="48.8147450" lon="-64.2305770">
    <ele>223.0</ele>
    <time>2026-08-17T14:02:51Z</time>
   </trkpt>
   <trkpt lat="48.8147480" lon="-64.2306000">
    <ele>222.6</ele>
    <time>2026-08-17T14:02:53Z</time>
   </trkpt>
   <trkpt lat="48.8147550" lon="-64.2306440">
    <ele>221.4</ele>
    <time>2026-08-17T14:02:57Z</time>
   </trkpt>
   <trkpt lat="48.8147640" lon="-64.2306910">
    <ele>220.4</ele>
    <time>2026-08-17T14:03:01Z</time>
   </trkpt>
   <trkpt lat="48.8147900" lon="-64.2307840">
    <ele>219.0</ele>
    <time>2026-08-17T14:03:06Z</time>
   </trkpt>
   <trkpt lat="48.8147900" lon="-64.2307970">
    <ele>218.8</ele>
    <time>2026-08-17T14:03:07Z</time>
   </trkpt>
   <trkpt lat="48.8147880" lon="-64.2308120">
    <ele>218.6</ele>
    <time>2026-08-17T14:03:08Z</time>
   </trkpt>
   <trkpt lat="48.8147870" lon="-64.2308260">
    <ele>218.4</ele>
    <time>2026-08-17T14:03:09Z</time>
   </trkpt>
   <trkpt lat="48.8147820" lon="-64.2308330">
    <ele>218.4</ele>
    <time>2026-08-17T14:03:10Z</time>
   </trkpt>
   <trkpt lat="48.8147700" lon="-64.2308570">
    <ele>218.4</ele>
    <time>2026-08-17T14:03:12Z</time>
   </trkpt>
   <trkpt lat="48.8147530" lon="-64.2309110">
    <ele>218.4</ele>
    <time>2026-08-17T14:03:15Z</time>
   </trkpt>
   <trkpt lat="48.8147490" lon="-64.2310150">
    <ele>218.4</ele>
    <time>2026-08-17T14:03:22Z</time>
   </trkpt>
   <trkpt lat="48.8147710" lon="-64.2311240">
    <ele>218.6</ele>
    <time>2026-08-17T14:03:29Z</time>
   </trkpt>
   <trkpt lat="48.8148080" lon="-64.2312330">
    <ele>218.6</ele>
    <time>2026-08-17T14:03:35Z</time>
   </trkpt>
   <trkpt lat="48.8148460" lon="-64.2313480">
    <ele>218.8</ele>
    <time>2026-08-17T14:03:42Z</time>
   </trkpt>
   <trkpt lat="48.8148700" lon="-64.2313920">
    <ele>219.2</ele>
    <time>2026-08-17T14:03:46Z</time>
   </trkpt>
   <trkpt lat="48.8148980" lon="-64.2314350">
    <ele>219.4</ele>
    <time>2026-08-17T14:03:49Z</time>
   </trkpt>
   <trkpt lat="48.8149140" lon="-64.2314520">
    <ele>219.6</ele>
    <time>2026-08-17T14:03:51Z</time>
   </trkpt>
   <trkpt lat="48.8150070" lon="-64.2315390">
    <ele>219.8</ele>
    <time>2026-08-17T14:04:00Z</time>
   </trkpt>
   <trkpt lat="48.8150530" lon="-64.2315940">
    <ele>220.0</ele>
    <time>2026-08-17T14:04:04Z</time>
   </trkpt>
   <trkpt lat="48.8150650" lon="-64.2316030">
    <ele>220.2</ele>
    <time>2026-08-17T14:04:06Z</time>
   </trkpt>
   <trkpt lat="48.8151260" lon="-64.2317190">
    <ele>220.8</ele>
    <time>2026-08-17T14:04:14Z</time>
   </trkpt>
   <trkpt lat="48.8151580" lon="-64.2317870">
    <ele>221.0</ele>
    <time>2026-08-17T14:04:19Z</time>
   </trkpt>
   <trkpt lat="48.8151750" lon="-64.2318390">
    <ele>221.4</ele>
    <time>2026-08-17T14:04:22Z</time>
   </trkpt>
   <trkpt lat="48.8152060" lon="-64.2319460">
    <ele>222.2</ele>
    <time>2026-08-17T14:04:28Z</time>
   </trkpt>
   <trkpt lat="48.8152070" lon="-64.2319800">
    <ele>222.6</ele>
    <time>2026-08-17T14:04:30Z</time>
   </trkpt>
   <trkpt lat="48.8152120" lon="-64.2320500">
    <ele>223.2</ele>
    <time>2026-08-17T14:04:34Z</time>
   </trkpt>
   <trkpt lat="48.8152180" lon="-64.2321030">
    <ele>223.6</ele>
    <time>2026-08-17T14:04:37Z</time>
   </trkpt>
   <trkpt lat="48.8152430" lon="-64.2322410">
    <ele>223.8</ele>
    <time>2026-08-17T14:04:45Z</time>
   </trkpt>
   <trkpt lat="48.8152710" lon="-64.2323570">
    <ele>223.8</ele>
    <time>2026-08-17T14:04:51Z</time>
   </trkpt>
   <trkpt lat="48.8152710" lon="-64.2324320">
    <ele>223.6</ele>
    <time>2026-08-17T14:04:56Z</time>
   </trkpt>
   <trkpt lat="48.8152790" lon="-64.2325530">
    <ele>223.2</ele>
    <time>2026-08-17T14:05:02Z</time>
   </trkpt>
   <trkpt lat="48.8152810" lon="-64.2326340">
    <ele>222.8</ele>
    <time>2026-08-17T14:05:07Z</time>
   </trkpt>
   <trkpt lat="48.8152880" lon="-64.2327460">
    <ele>222.2</ele>
    <time>2026-08-17T14:05:13Z</time>
   </trkpt>
   <trkpt lat="48.8152890" lon="-64.2327570">
    <ele>222.0</ele>
    <time>2026-08-17T14:05:14Z</time>
   </trkpt>
   <trkpt lat="48.8152740" lon="-64.2328230">
    <ele>221.4</ele>
    <time>2026-08-17T14:05:20Z</time>
   </trkpt>
   <trkpt lat="48.8152630" lon="-64.2329550">
    <ele>221.4</ele>
    <time>2026-08-17T14:05:26Z</time>
   </trkpt>
   <trkpt lat="48.8152570" lon="-64.2330710">
    <ele>221.8</ele>
    <time>2026-08-17T14:05:32Z</time>
   </trkpt>
   <trkpt lat="48.8152490" lon="-64.2331530">
    <ele>222.0</ele>
    <time>2026-08-17T14:05:37Z</time>
   </trkpt>
   <trkpt lat="48.8152330" lon="-64.2332530">
    <ele>222.0</ele>
    <time>2026-08-17T14:05:42Z</time>
   </trkpt>
   <trkpt lat="48.8152080" lon="-64.2333270">
    <ele>222.8</ele>
    <time>2026-08-17T14:05:47Z</time>
   </trkpt>
   <trkpt lat="48.8151850" lon="-64.2334030">
    <ele>223.0</ele>
    <time>2026-08-17T14:05:52Z</time>
   </trkpt>
   <trkpt lat="48.8151780" lon="-64.2334200">
    <ele>223.2</ele>
    <time>2026-08-17T14:05:53Z</time>
   </trkpt>
   <trkpt lat="48.8151220" lon="-64.2335330">
    <ele>223.6</ele>
    <time>2026-08-17T14:06:00Z</time>
   </trkpt>
   <trkpt lat="48.8150740" lon="-64.2335890">
    <ele>224.2</ele>
    <time>2026-08-17T14:06:05Z</time>
   </trkpt>
   <trkpt lat="48.8150480" lon="-64.2336160">
    <ele>224.8</ele>
    <time>2026-08-17T14:06:08Z</time>
   </trkpt>
   <trkpt lat="48.8150270" lon="-64.2336320">
    <ele>225.4</ele>
    <time>2026-08-17T14:06:10Z</time>
   </trkpt>
   <trkpt lat="48.8149850" lon="-64.2336600">
    <ele>226.2</ele>
    <time>2026-08-17T14:06:15Z</time>
   </trkpt>
   <trkpt lat="48.8149420" lon="-64.2336900">
    <ele>226.4</ele>
    <time>2026-08-17T14:06:18Z</time>
   </trkpt>
   <trkpt lat="48.8149080" lon="-64.2337110">
    <ele>226.6</ele>
    <time>2026-08-17T14:06:21Z</time>
   </trkpt>
   <trkpt lat="48.8148440" lon="-64.2337520">
    <ele>227.0</ele>
    <time>2026-08-17T14:06:27Z</time>
   </trkpt>
   <trkpt lat="48.8148140" lon="-64.2337750">
    <ele>227.6</ele>
    <time>2026-08-17T14:06:30Z</time>
   </trkpt>
   <trkpt lat="48.8147770" lon="-64.2338160">
    <ele>228.4</ele>
    <time>2026-08-17T14:06:34Z</time>
   </trkpt>
   <trkpt lat="48.8147670" lon="-64.2338270">
    <ele>228.6</ele>
    <time>2026-08-17T14:06:35Z</time>
   </trkpt>
   <trkpt lat="48.8147130" lon="-64.2338780">
    <ele>229.0</ele>
    <time>2026-08-17T14:06:41Z</time>
   </trkpt>
   <trkpt lat="48.8146260" lon="-64.2339490">
    <ele>229.2</ele>
    <time>2026-08-17T14:06:50Z</time>
   </trkpt>
   <trkpt lat="48.8145660" lon="-64.2340400">
    <ele>229.0</ele>
    <time>2026-08-17T14:06:57Z</time>
   </trkpt>
   <trkpt lat="48.8145400" lon="-64.2340540">
    <ele>229.0</ele>
    <time>2026-08-17T14:06:59Z</time>
   </trkpt>
   <trkpt lat="48.8144960" lon="-64.2341040">
    <ele>229.0</ele>
    <time>2026-08-17T14:07:03Z</time>
   </trkpt>
   <trkpt lat="48.8144280" lon="-64.2341890">
    <ele>228.2</ele>
    <time>2026-08-17T14:07:10Z</time>
   </trkpt>
   <trkpt lat="48.8143760" lon="-64.2342690">
    <ele>228.2</ele>
    <time>2026-08-17T14:07:16Z</time>
   </trkpt>
   <trkpt lat="48.8143610" lon="-64.2342870">
    <ele>228.4</ele>
    <time>2026-08-17T14:07:18Z</time>
   </trkpt>
   <trkpt lat="48.8142980" lon="-64.2343890">
    <ele>228.4</ele>
    <time>2026-08-17T14:07:25Z</time>
   </trkpt>
   <trkpt lat="48.8142250" lon="-64.2344820">
    <ele>228.6</ele>
    <time>2026-08-17T14:07:32Z</time>
   </trkpt>
   <trkpt lat="48.8141870" lon="-64.2345510">
    <ele>228.2</ele>
    <time>2026-08-17T14:07:37Z</time>
   </trkpt>
   <trkpt lat="48.8141650" lon="-64.2345840">
    <ele>227.4</ele>
    <time>2026-08-17T14:07:40Z</time>
   </trkpt>
   <trkpt lat="48.8141150" lon="-64.2346580">
    <ele>226.2</ele>
    <time>2026-08-17T14:07:45Z</time>
   </trkpt>
   <trkpt lat="48.8140970" lon="-64.2346920">
    <ele>226.2</ele>
    <time>2026-08-17T14:07:47Z</time>
   </trkpt>
   <trkpt lat="48.8140610" lon="-64.2347610">
    <ele>225.2</ele>
    <time>2026-08-17T14:07:53Z</time>
   </trkpt>
   <trkpt lat="48.8140550" lon="-64.2347720">
    <ele>225.0</ele>
    <time>2026-08-17T14:07:54Z</time>
   </trkpt>
   <trkpt lat="48.8140190" lon="-64.2347990">
    <ele>224.2</ele>
    <time>2026-08-17T14:07:58Z</time>
   </trkpt>
   <trkpt lat="48.8140000" lon="-64.2348090">
    <ele>223.8</ele>
    <time>2026-08-17T14:08:00Z</time>
   </trkpt>
   <trkpt lat="48.8139660" lon="-64.2348570">
    <ele>223.0</ele>
    <time>2026-08-17T14:08:04Z</time>
   </trkpt>
   <trkpt lat="48.8139420" lon="-64.2348910">
    <ele>222.6</ele>
    <time>2026-08-17T14:08:06Z</time>
   </trkpt>
   <trkpt lat="48.8139210" lon="-64.2349240">
    <ele>222.0</ele>
    <time>2026-08-17T14:08:09Z</time>
   </trkpt>
   <trkpt lat="48.8138930" lon="-64.2349680">
    <ele>221.4</ele>
    <time>2026-08-17T14:08:12Z</time>
   </trkpt>
   <trkpt lat="48.8138650" lon="-64.2350160">
    <ele>220.6</ele>
    <time>2026-08-17T14:08:15Z</time>
   </trkpt>
   <trkpt lat="48.8138320" lon="-64.2350690">
    <ele>219.6</ele>
    <time>2026-08-17T14:08:19Z</time>
   </trkpt>
   <trkpt lat="48.8138240" lon="-64.2350810">
    <ele>219.4</ele>
    <time>2026-08-17T14:08:20Z</time>
   </trkpt>
   <trkpt lat="48.8137800" lon="-64.2351130">
    <ele>218.4</ele>
    <time>2026-08-17T14:08:25Z</time>
   </trkpt>
   <trkpt lat="48.8137580" lon="-64.2351220">
    <ele>218.0</ele>
    <time>2026-08-17T14:08:27Z</time>
   </trkpt>
   <trkpt lat="48.8137460" lon="-64.2351200">
    <ele>217.8</ele>
    <time>2026-08-17T14:08:28Z</time>
   </trkpt>
   <trkpt lat="48.8137270" lon="-64.2351280">
    <ele>217.4</ele>
    <time>2026-08-17T14:08:30Z</time>
   </trkpt>
   <trkpt lat="48.8136690" lon="-64.2351730">
    <ele>216.8</ele>
    <time>2026-08-17T14:08:34Z</time>
   </trkpt>
   <trkpt lat="48.8136150" lon="-64.2352530">
    <ele>216.4</ele>
    <time>2026-08-17T14:08:39Z</time>
   </trkpt>
   <trkpt lat="48.8135840" lon="-64.2352940">
    <ele>216.0</ele>
    <time>2026-08-17T14:08:42Z</time>
   </trkpt>
   <trkpt lat="48.8135140" lon="-64.2353980">
    <ele>215.4</ele>
    <time>2026-08-17T14:08:49Z</time>
   </trkpt>
   <trkpt lat="48.8135010" lon="-64.2354230">
    <ele>215.4</ele>
    <time>2026-08-17T14:08:51Z</time>
   </trkpt>
   <trkpt lat="48.8134740" lon="-64.2355130">
    <ele>215.2</ele>
    <time>2026-08-17T14:08:56Z</time>
   </trkpt>
   <trkpt lat="48.8135010" lon="-64.2356660">
    <ele>214.8</ele>
    <time>2026-08-17T14:09:03Z</time>
   </trkpt>
   <trkpt lat="48.8135400" lon="-64.2357530">
    <ele>214.2</ele>
    <time>2026-08-17T14:09:08Z</time>
   </trkpt>
   <trkpt lat="48.8135700" lon="-64.2358140">
    <ele>213.4</ele>
    <time>2026-08-17T14:09:11Z</time>
   </trkpt>
   <trkpt lat="48.8135750" lon="-64.2358300">
    <ele>213.2</ele>
    <time>2026-08-17T14:09:12Z</time>
   </trkpt>
   <trkpt lat="48.8136250" lon="-64.2359200">
    <ele>212.2</ele>
    <time>2026-08-17T14:09:18Z</time>
   </trkpt>
   <trkpt lat="48.8136340" lon="-64.2359350">
    <ele>212.0</ele>
    <time>2026-08-17T14:09:19Z</time>
   </trkpt>
   <trkpt lat="48.8136850" lon="-64.2360110">
    <ele>211.0</ele>
    <time>2026-08-17T14:09:25Z</time>
   </trkpt>
   <trkpt lat="48.8137030" lon="-64.2360380">
    <ele>210.8</ele>
    <time>2026-08-17T14:09:27Z</time>
   </trkpt>
   <trkpt lat="48.8137740" lon="-64.2361610">
    <ele>210.2</ele>
    <time>2026-08-17T14:09:34Z</time>
   </trkpt>
   <trkpt lat="48.8137900" lon="-64.2361940">
    <ele>209.8</ele>
    <time>2026-08-17T14:09:36Z</time>
   </trkpt>
   <trkpt lat="48.8138230" lon="-64.2362580">
    <ele>209.0</ele>
    <time>2026-08-17T14:09:41Z</time>
   </trkpt>
   <trkpt lat="48.8138340" lon="-64.2362800">
    <ele>208.8</ele>
    <time>2026-08-17T14:09:42Z</time>
   </trkpt>
   <trkpt lat="48.8138810" lon="-64.2364050">
    <ele>208.0</ele>
    <time>2026-08-17T14:09:48Z</time>
   </trkpt>
   <trkpt lat="48.8138870" lon="-64.2364240">
    <ele>207.8</ele>
    <time>2026-08-17T14:09:50Z</time>
   </trkpt>
   <trkpt lat="48.8139110" lon="-64.2364780">
    <ele>207.2</ele>
    <time>2026-08-17T14:09:54Z</time>
   </trkpt>
   <trkpt lat="48.8139440" lon="-64.2365500">
    <ele>206.8</ele>
    <time>2026-08-17T14:09:59Z</time>
   </trkpt>
   <trkpt lat="48.8139530" lon="-64.2365810">
    <ele>206.4</ele>
    <time>2026-08-17T14:10:01Z</time>
   </trkpt>
   <trkpt lat="48.8139720" lon="-64.2367310">
    <ele>205.8</ele>
    <time>2026-08-17T14:10:09Z</time>
   </trkpt>
   <trkpt lat="48.8139550" lon="-64.2367940">
    <ele>205.4</ele>
    <time>2026-08-17T14:10:15Z</time>
   </trkpt>
   <trkpt lat="48.8139500" lon="-64.2369110">
    <ele>204.6</ele>
    <time>2026-08-17T14:10:21Z</time>
   </trkpt>
   <trkpt lat="48.8139510" lon="-64.2369310">
    <ele>204.4</ele>
    <time>2026-08-17T14:10:22Z</time>
   </trkpt>
   <trkpt lat="48.8139790" lon="-64.2370880">
    <ele>203.4</ele>
    <time>2026-08-17T14:10:29Z</time>
   </trkpt>
   <trkpt lat="48.8140070" lon="-64.2372220">
    <ele>202.6</ele>
    <time>2026-08-17T14:10:36Z</time>
   </trkpt>
   <trkpt lat="48.8140130" lon="-64.2372640">
    <ele>202.4</ele>
    <time>2026-08-17T14:10:38Z</time>
   </trkpt>
   <trkpt lat="48.8140290" lon="-64.2373510">
    <ele>202.0</ele>
    <time>2026-08-17T14:10:43Z</time>
   </trkpt>
   <trkpt lat="48.8140430" lon="-64.2374390">
    <ele>201.2</ele>
    <time>2026-08-17T14:10:48Z</time>
   </trkpt>
   <trkpt lat="48.8140710" lon="-64.2375010">
    <ele>200.4</ele>
    <time>2026-08-17T14:10:52Z</time>
   </trkpt>
   <trkpt lat="48.8140800" lon="-64.2375170">
    <ele>200.2</ele>
    <time>2026-08-17T14:10:53Z</time>
   </trkpt>
   <trkpt lat="48.8141270" lon="-64.2376380">
    <ele>199.2</ele>
    <time>2026-08-17T14:10:59Z</time>
   </trkpt>
   <trkpt lat="48.8141330" lon="-64.2376480">
    <ele>199.0</ele>
    <time>2026-08-17T14:11:00Z</time>
   </trkpt>
   <trkpt lat="48.8141480" lon="-64.2376930">
    <ele>198.4</ele>
    <time>2026-08-17T14:11:03Z</time>
   </trkpt>
   <trkpt lat="48.8141600" lon="-64.2377250">
    <ele>198.0</ele>
    <time>2026-08-17T14:11:05Z</time>
   </trkpt>
   <trkpt lat="48.8141740" lon="-64.2377680">
    <ele>197.6</ele>
    <time>2026-08-17T14:11:07Z</time>
   </trkpt>
   <trkpt lat="48.8141960" lon="-64.2378250">
    <ele>196.8</ele>
    <time>2026-08-17T14:11:10Z</time>
   </trkpt>
   <trkpt lat="48.8142150" lon="-64.2379100">
    <ele>196.0</ele>
    <time>2026-08-17T14:11:14Z</time>
   </trkpt>
   <trkpt lat="48.8142210" lon="-64.2379320">
    <ele>195.8</ele>
    <time>2026-08-17T14:11:15Z</time>
   </trkpt>
   <trkpt lat="48.8142170" lon="-64.2379600">
    <ele>195.0</ele>
    <time>2026-08-17T14:11:20Z</time>
   </trkpt>
   <trkpt lat="48.8142110" lon="-64.2379780">
    <ele>195.2</ele>
    <time>2026-08-17T14:11:30Z</time>
   </trkpt>
   <trkpt lat="48.8142250" lon="-64.2379430">
    <ele>195.2</ele>
    <time>2026-08-17T14:11:38Z</time>
   </trkpt>
   <trkpt lat="48.8142290" lon="-64.2379390">
    <ele>195.4</ele>
    <time>2026-08-17T14:11:47Z</time>
   </trkpt>
   <trkpt lat="48.8142210" lon="-64.2379630">
    <ele>195.4</ele>
    <time>2026-08-17T14:11:55Z</time>
   </trkpt>
   <trkpt lat="48.8142290" lon="-64.2379410">
    <ele>195.4</ele>
    <time>2026-08-17T14:12:02Z</time>
   </trkpt>
   <trkpt lat="48.8142110" lon="-64.2379390">
    <ele>195.8</ele>
    <time>2026-08-17T14:12:07Z</time>
   </trkpt>
   <trkpt lat="48.8142030" lon="-64.2379640">
    <ele>195.8</ele>
    <time>2026-08-17T14:12:17Z</time>
   </trkpt>
   <trkpt lat="48.8142090" lon="-64.2379330">
    <ele>195.6</ele>
    <time>2026-08-17T14:12:24Z</time>
   </trkpt>
   <trkpt lat="48.8142200" lon="-64.2379390">
    <ele>195.4</ele>
    <time>2026-08-17T14:12:32Z</time>
   </trkpt>
   <trkpt lat="48.8142200" lon="-64.2379700">
    <ele>195.6</ele>
    <time>2026-08-17T14:12:40Z</time>
   </trkpt>
   <trkpt lat="48.8142250" lon="-64.2379500">
    <ele>195.8</ele>
    <time>2026-08-17T14:12:44Z</time>
   </trkpt>
   <trkpt lat="48.8142280" lon="-64.2379700">
    <ele>195.8</ele>
    <time>2026-08-17T14:12:48Z</time>
   </trkpt>
   <trkpt lat="48.8142310" lon="-64.2379690">
    <ele>195.8</ele>
    <time>2026-08-17T14:12:50Z</time>
   </trkpt>
   <trkpt lat="48.8142340" lon="-64.2379660">
    <ele>195.8</ele>
    <time>2026-08-17T14:12:52Z</time>
   </trkpt>
   <trkpt lat="48.8142180" lon="-64.2379560">
    <ele>195.8</ele>
    <time>2026-08-17T14:13:02Z</time>
   </trkpt>
   <trkpt lat="48.8141990" lon="-64.2379610">
    <ele>195.8</ele>
    <time>2026-08-17T14:13:06Z</time>
   </trkpt>
   <trkpt lat="48.8141960" lon="-64.2379600">
    <ele>195.8</ele>
    <time>2026-08-17T14:13:07Z</time>
   </trkpt>
   <trkpt lat="48.8141900" lon="-64.2379600">
    <ele>195.8</ele>
    <time>2026-08-17T14:13:10Z</time>
   </trkpt>
   <trkpt lat="48.8141560" lon="-64.2379700">
    <ele>195.8</ele>
    <time>2026-08-17T14:13:21Z</time>
   </trkpt>
   <trkpt lat="48.8141880" lon="-64.2379760">
    <ele>195.8</ele>
    <time>2026-08-17T14:13:37Z</time>
   </trkpt>
   <trkpt lat="48.8141950" lon="-64.2379760">
    <ele>195.8</ele>
    <time>2026-08-17T14:13:38Z</time>
   </trkpt>
   <trkpt lat="48.8142180" lon="-64.2379660">
    <ele>196.0</ele>
    <time>2026-08-17T14:13:45Z</time>
   </trkpt>
   <trkpt lat="48.8142150" lon="-64.2379640">
    <ele>196.0</ele>
    <time>2026-08-17T14:13:48Z</time>
   </trkpt>
   <trkpt lat="48.8141650" lon="-64.2379840">
    <ele>196.0</ele>
    <time>2026-08-17T14:13:59Z</time>
   </trkpt>
   <trkpt lat="48.8141890" lon="-64.2379680">
    <ele>195.8</ele>
    <time>2026-08-17T14:14:10Z</time>
   </trkpt>
   <trkpt lat="48.8142120" lon="-64.2380150">
    <ele>195.6</ele>
    <time>2026-08-17T14:14:19Z</time>
   </trkpt>
   <trkpt lat="48.8142200" lon="-64.2380650">
    <ele>194.6</ele>
    <time>2026-08-17T14:14:25Z</time>
   </trkpt>
   <trkpt lat="48.8142240" lon="-64.2380920">
    <ele>194.4</ele>
    <time>2026-08-17T14:14:27Z</time>
   </trkpt>
   <trkpt lat="48.8142250" lon="-64.2381460">
    <ele>193.6</ele>
    <time>2026-08-17T14:14:33Z</time>
   </trkpt>
   <trkpt lat="48.8142310" lon="-64.2381850">
    <ele>192.6</ele>
    <time>2026-08-17T14:14:38Z</time>
   </trkpt>
   <trkpt lat="48.8142270" lon="-64.2382070">
    <ele>192.4</ele>
    <time>2026-08-17T14:14:41Z</time>
   </trkpt>
   <trkpt lat="48.8142340" lon="-64.2382490">
    <ele>191.8</ele>
    <time>2026-08-17T14:14:44Z</time>
   </trkpt>
   <trkpt lat="48.8142350" lon="-64.2382640">
    <ele>191.6</ele>
    <time>2026-08-17T14:14:45Z</time>
   </trkpt>
   <trkpt lat="48.8142490" lon="-64.2383500">
    <ele>190.4</ele>
    <time>2026-08-17T14:14:51Z</time>
   </trkpt>
   <trkpt lat="48.8142530" lon="-64.2383780">
    <ele>190.2</ele>
    <time>2026-08-17T14:14:53Z</time>
   </trkpt>
   <trkpt lat="48.8142620" lon="-64.2384520">
    <ele>189.2</ele>
    <time>2026-08-17T14:14:58Z</time>
   </trkpt>
   <trkpt lat="48.8142600" lon="-64.2384680">
    <ele>189.0</ele>
    <time>2026-08-17T14:14:59Z</time>
   </trkpt>
   <trkpt lat="48.8142580" lon="-64.2384820">
    <ele>188.8</ele>
    <time>2026-08-17T14:15:00Z</time>
   </trkpt>
   <trkpt lat="48.8142550" lon="-64.2385150">
    <ele>188.0</ele>
    <time>2026-08-17T14:15:04Z</time>
   </trkpt>
   <trkpt lat="48.8142570" lon="-64.2385390">
    <ele>187.8</ele>
    <time>2026-08-17T14:15:07Z</time>
   </trkpt>
   <trkpt lat="48.8142470" lon="-64.2385990">
    <ele>187.0</ele>
    <time>2026-08-17T14:15:12Z</time>
   </trkpt>
   <trkpt lat="48.8142430" lon="-64.2386340">
    <ele>186.4</ele>
    <time>2026-08-17T14:15:14Z</time>
   </trkpt>
   <trkpt lat="48.8142460" lon="-64.2386600">
    <ele>185.8</ele>
    <time>2026-08-17T14:15:16Z</time>
   </trkpt>
   <trkpt lat="48.8142340" lon="-64.2387400">
    <ele>185.2</ele>
    <time>2026-08-17T14:15:21Z</time>
   </trkpt>
   <trkpt lat="48.8142210" lon="-64.2388090">
    <ele>184.8</ele>
    <time>2026-08-17T14:15:25Z</time>
   </trkpt>
   <trkpt lat="48.8142180" lon="-64.2388390">
    <ele>184.4</ele>
    <time>2026-08-17T14:15:27Z</time>
   </trkpt>
   <trkpt lat="48.8142170" lon="-64.2389120">
    <ele>183.6</ele>
    <time>2026-08-17T14:15:32Z</time>
   </trkpt>
   <trkpt lat="48.8142260" lon="-64.2389620">
    <ele>183.4</ele>
    <time>2026-08-17T14:15:34Z</time>
   </trkpt>
   <trkpt lat="48.8142190" lon="-64.2391010">
    <ele>182.6</ele>
    <time>2026-08-17T14:15:41Z</time>
   </trkpt>
   <trkpt lat="48.8142200" lon="-64.2391900">
    <ele>181.4</ele>
    <time>2026-08-17T14:15:46Z</time>
   </trkpt>
   <trkpt lat="48.8142220" lon="-64.2392420">
    <ele>180.8</ele>
    <time>2026-08-17T14:15:49Z</time>
   </trkpt>
   <trkpt lat="48.8142300" lon="-64.2393000">
    <ele>180.2</ele>
    <time>2026-08-17T14:15:52Z</time>
   </trkpt>
   <trkpt lat="48.8142280" lon="-64.2393710">
    <ele>179.2</ele>
    <time>2026-08-17T14:15:57Z</time>
   </trkpt>
   <trkpt lat="48.8142270" lon="-64.2394530">
    <ele>178.0</ele>
    <time>2026-08-17T14:16:02Z</time>
   </trkpt>
   <trkpt lat="48.8142240" lon="-64.2395280">
    <ele>177.6</ele>
    <time>2026-08-17T14:16:05Z</time>
   </trkpt>
   <trkpt lat="48.8142090" lon="-64.2396100">
    <ele>177.0</ele>
    <time>2026-08-17T14:16:09Z</time>
   </trkpt>
   <trkpt lat="48.8142010" lon="-64.2396520">
    <ele>176.6</ele>
    <time>2026-08-17T14:16:12Z</time>
   </trkpt>
   <trkpt lat="48.8141780" lon="-64.2397230">
    <ele>176.0</ele>
    <time>2026-08-17T14:16:17Z</time>
   </trkpt>
   <trkpt lat="48.8141720" lon="-64.2397400">
    <ele>175.8</ele>
    <time>2026-08-17T14:16:18Z</time>
   </trkpt>
   <trkpt lat="48.8141630" lon="-64.2397750">
    <ele>175.6</ele>
    <time>2026-08-17T14:16:20Z</time>
   </trkpt>
   <trkpt lat="48.8141500" lon="-64.2398300">
    <ele>175.0</ele>
    <time>2026-08-17T14:16:23Z</time>
   </trkpt>
   <trkpt lat="48.8141320" lon="-64.2399140">
    <ele>174.0</ele>
    <time>2026-08-17T14:16:27Z</time>
   </trkpt>
   <trkpt lat="48.8141280" lon="-64.2399310">
    <ele>173.8</ele>
    <time>2026-08-17T14:16:28Z</time>
   </trkpt>
   <trkpt lat="48.8141070" lon="-64.2400060">
    <ele>172.6</ele>
    <time>2026-08-17T14:16:33Z</time>
   </trkpt>
   <trkpt lat="48.8141040" lon="-64.2400170">
    <ele>172.4</ele>
    <time>2026-08-17T14:16:34Z</time>
   </trkpt>
   <trkpt lat="48.8140870" lon="-64.2400910">
    <ele>171.6</ele>
    <time>2026-08-17T14:16:39Z</time>
   </trkpt>
   <trkpt lat="48.8140670" lon="-64.2401450">
    <ele>170.8</ele>
    <time>2026-08-17T14:16:43Z</time>
   </trkpt>
   <trkpt lat="48.8140590" lon="-64.2401640">
    <ele>170.4</ele>
    <time>2026-08-17T14:16:44Z</time>
   </trkpt>
   <trkpt lat="48.8140210" lon="-64.2402420">
    <ele>169.2</ele>
    <time>2026-08-17T14:16:49Z</time>
   </trkpt>
   <trkpt lat="48.8140080" lon="-64.2402710">
    <ele>168.8</ele>
    <time>2026-08-17T14:16:51Z</time>
   </trkpt>
   <trkpt lat="48.8139810" lon="-64.2403130">
    <ele>168.2</ele>
    <time>2026-08-17T14:16:55Z</time>
   </trkpt>
   <trkpt lat="48.8139570" lon="-64.2403680">
    <ele>167.2</ele>
    <time>2026-08-17T14:16:59Z</time>
   </trkpt>
   <trkpt lat="48.8139520" lon="-64.2403770">
    <ele>167.0</ele>
    <time>2026-08-17T14:17:00Z</time>
   </trkpt>
   <trkpt lat="48.8139300" lon="-64.2404290">
    <ele>165.8</ele>
    <time>2026-08-17T14:17:04Z</time>
   </trkpt>
   <trkpt lat="48.8139260" lon="-64.2404390">
    <ele>165.4</ele>
    <time>2026-08-17T14:17:05Z</time>
   </trkpt>
   <trkpt lat="48.8139090" lon="-64.2405020">
    <ele>164.6</ele>
    <time>2026-08-17T14:17:10Z</time>
   </trkpt>
   <trkpt lat="48.8139010" lon="-64.2405330">
    <ele>164.2</ele>
    <time>2026-08-17T14:17:12Z</time>
   </trkpt>
   <trkpt lat="48.8138930" lon="-64.2405590">
    <ele>163.4</ele>
    <time>2026-08-17T14:17:16Z</time>
   </trkpt>
   <trkpt lat="48.8138770" lon="-64.2406280">
    <ele>162.8</ele>
    <time>2026-08-17T14:17:20Z</time>
   </trkpt>
   <trkpt lat="48.8138710" lon="-64.2406580">
    <ele>162.2</ele>
    <time>2026-08-17T14:17:22Z</time>
   </trkpt>
   <trkpt lat="48.8138560" lon="-64.2407140">
    <ele>161.0</ele>
    <time>2026-08-17T14:17:27Z</time>
   </trkpt>
   <trkpt lat="48.8138480" lon="-64.2407340">
    <ele>160.6</ele>
    <time>2026-08-17T14:17:29Z</time>
   </trkpt>
   <trkpt lat="48.8138240" lon="-64.2408110">
    <ele>159.8</ele>
    <time>2026-08-17T14:17:33Z</time>
   </trkpt>
   <trkpt lat="48.8138160" lon="-64.2408400">
    <ele>159.4</ele>
    <time>2026-08-17T14:17:35Z</time>
   </trkpt>
   <trkpt lat="48.8138130" lon="-64.2409000">
    <ele>158.8</ele>
    <time>2026-08-17T14:17:39Z</time>
   </trkpt>
   <trkpt lat="48.8137950" lon="-64.2409610">
    <ele>158.4</ele>
    <time>2026-08-17T14:17:43Z</time>
   </trkpt>
   <trkpt lat="48.8137600" lon="-64.2410640">
    <ele>158.4</ele>
    <time>2026-08-17T14:17:50Z</time>
   </trkpt>
   <trkpt lat="48.8137360" lon="-64.2411670">
    <ele>158.4</ele>
    <time>2026-08-17T14:17:56Z</time>
   </trkpt>
   <trkpt lat="48.8137210" lon="-64.2412310">
    <ele>158.2</ele>
    <time>2026-08-17T14:18:01Z</time>
   </trkpt>
   <trkpt lat="48.8136960" lon="-64.2413160">
    <ele>158.0</ele>
    <time>2026-08-17T14:18:08Z</time>
   </trkpt>
   <trkpt lat="48.8136640" lon="-64.2414100">
    <ele>157.8</ele>
    <time>2026-08-17T14:18:14Z</time>
   </trkpt>
   <trkpt lat="48.8136580" lon="-64.2414270">
    <ele>157.6</ele>
    <time>2026-08-17T14:18:15Z</time>
   </trkpt>
   <trkpt lat="48.8136100" lon="-64.2414950">
    <ele>157.0</ele>
    <time>2026-08-17T14:18:21Z</time>
   </trkpt>
   <trkpt lat="48.8135360" lon="-64.2415220">
    <ele>156.8</ele>
    <time>2026-08-17T14:18:27Z</time>
   </trkpt>
   <trkpt lat="48.8134860" lon="-64.2415350">
    <ele>156.6</ele>
    <time>2026-08-17T14:18:31Z</time>
   </trkpt>
   <trkpt lat="48.8134430" lon="-64.2415660">
    <ele>156.4</ele>
    <time>2026-08-17T14:18:35Z</time>
   </trkpt>
   <trkpt lat="48.8133360" lon="-64.2415840">
    <ele>155.6</ele>
    <time>2026-08-17T14:18:41Z</time>
   </trkpt>
   <trkpt lat="48.8133020" lon="-64.2415900">
    <ele>154.8</ele>
    <time>2026-08-17T14:18:44Z</time>
   </trkpt>
   <trkpt lat="48.8132790" lon="-64.2416040">
    <ele>154.4</ele>
    <time>2026-08-17T14:18:46Z</time>
   </trkpt>
   <trkpt lat="48.8132300" lon="-64.2416620">
    <ele>153.4</ele>
    <time>2026-08-17T14:18:52Z</time>
   </trkpt>
   <trkpt lat="48.8132200" lon="-64.2416720">
    <ele>153.2</ele>
    <time>2026-08-17T14:18:53Z</time>
   </trkpt>
   <trkpt lat="48.8131630" lon="-64.2417030">
    <ele>152.0</ele>
    <time>2026-08-17T14:18:59Z</time>
   </trkpt>
   <trkpt lat="48.8131520" lon="-64.2417100">
    <ele>151.8</ele>
    <time>2026-08-17T14:19:00Z</time>
   </trkpt>
   <trkpt lat="48.8131210" lon="-64.2417490">
    <ele>151.0</ele>
    <time>2026-08-17T14:19:05Z</time>
   </trkpt>
   <trkpt lat="48.8130930" lon="-64.2417750">
    <ele>150.6</ele>
    <time>2026-08-17T14:19:08Z</time>
   </trkpt>
   <trkpt lat="48.8130500" lon="-64.2417740">
    <ele>150.0</ele>
    <time>2026-08-17T14:19:12Z</time>
   </trkpt>
   <trkpt lat="48.8130210" lon="-64.2417710">
    <ele>149.8</ele>
    <time>2026-08-17T14:19:14Z</time>
   </trkpt>
   <trkpt lat="48.8129700" lon="-64.2417720">
    <ele>149.4</ele>
    <time>2026-08-17T14:19:19Z</time>
   </trkpt>
   <trkpt lat="48.8129520" lon="-64.2417690">
    <ele>149.2</ele>
    <time>2026-08-17T14:19:21Z</time>
   </trkpt>
   <trkpt lat="48.8129420" lon="-64.2417730">
    <ele>149.2</ele>
    <time>2026-08-17T14:19:22Z</time>
   </trkpt>
   <trkpt lat="48.8129030" lon="-64.2417790">
    <ele>149.0</ele>
    <time>2026-08-17T14:19:25Z</time>
   </trkpt>
   <trkpt lat="48.8128660" lon="-64.2417830">
    <ele>149.0</ele>
    <time>2026-08-17T14:19:27Z</time>
   </trkpt>
   <trkpt lat="48.8128480" lon="-64.2417980">
    <ele>148.8</ele>
    <time>2026-08-17T14:19:29Z</time>
   </trkpt>
   <trkpt lat="48.8127730" lon="-64.2418750">
    <ele>148.2</ele>
    <time>2026-08-17T14:19:36Z</time>
   </trkpt>
   <trkpt lat="48.8127600" lon="-64.2419000">
    <ele>147.8</ele>
    <time>2026-08-17T14:19:38Z</time>
   </trkpt>
   <trkpt lat="48.8126870" lon="-64.2419940">
    <ele>147.0</ele>
    <time>2026-08-17T14:19:45Z</time>
   </trkpt>
   <trkpt lat="48.8126500" lon="-64.2420290">
    <ele>146.8</ele>
    <time>2026-08-17T14:19:48Z</time>
   </trkpt>
   <trkpt lat="48.8126010" lon="-64.2420640">
    <ele>146.4</ele>
    <time>2026-08-17T14:19:52Z</time>
   </trkpt>
   <trkpt lat="48.8125360" lon="-64.2421730">
    <ele>145.8</ele>
    <time>2026-08-17T14:20:00Z</time>
   </trkpt>
   <trkpt lat="48.8124900" lon="-64.2423080">
    <ele>146.2</ele>
    <time>2026-08-17T14:20:09Z</time>
   </trkpt>
   <trkpt lat="48.8124440" lon="-64.2423540">
    <ele>145.8</ele>
    <time>2026-08-17T14:20:14Z</time>
   </trkpt>
   <trkpt lat="48.8124140" lon="-64.2423720">
    <ele>145.2</ele>
    <time>2026-08-17T14:20:17Z</time>
   </trkpt>
   <trkpt lat="48.8123700" lon="-64.2423940">
    <ele>144.8</ele>
    <time>2026-08-17T14:20:20Z</time>
   </trkpt>
   <trkpt lat="48.8123080" lon="-64.2424070">
    <ele>144.4</ele>
    <time>2026-08-17T14:20:24Z</time>
   </trkpt>
   <trkpt lat="48.8122570" lon="-64.2424500">
    <ele>143.8</ele>
    <time>2026-08-17T14:20:29Z</time>
   </trkpt>
   <trkpt lat="48.8122110" lon="-64.2424930">
    <ele>143.2</ele>
    <time>2026-08-17T14:20:33Z</time>
   </trkpt>
   <trkpt lat="48.8121770" lon="-64.2425100">
    <ele>142.6</ele>
    <time>2026-08-17T14:20:36Z</time>
   </trkpt>
   <trkpt lat="48.8121410" lon="-64.2425070">
    <ele>141.8</ele>
    <time>2026-08-17T14:20:40Z</time>
   </trkpt>
   <trkpt lat="48.8121150" lon="-64.2425250">
    <ele>141.6</ele>
    <time>2026-08-17T14:20:42Z</time>
   </trkpt>
   <trkpt lat="48.8120280" lon="-64.2425150">
    <ele>140.8</ele>
    <time>2026-08-17T14:20:48Z</time>
   </trkpt>
   <trkpt lat="48.8120180" lon="-64.2425240">
    <ele>140.6</ele>
    <time>2026-08-17T14:20:49Z</time>
   </trkpt>
   <trkpt lat="48.8120070" lon="-64.2425200">
    <ele>140.6</ele>
    <time>2026-08-17T14:20:50Z</time>
   </trkpt>
   <trkpt lat="48.8119550" lon="-64.2425530">
    <ele>139.8</ele>
    <time>2026-08-17T14:20:54Z</time>
   </trkpt>
   <trkpt lat="48.8119240" lon="-64.2425710">
    <ele>139.4</ele>
    <time>2026-08-17T14:20:57Z</time>
   </trkpt>
   <trkpt lat="48.8118980" lon="-64.2425980">
    <ele>139.2</ele>
    <time>2026-08-17T14:21:02Z</time>
   </trkpt>
   <trkpt lat="48.8118570" lon="-64.2426500">
    <ele>138.4</ele>
    <time>2026-08-17T14:21:08Z</time>
   </trkpt>
   <trkpt lat="48.8118500" lon="-64.2426680">
    <ele>138.2</ele>
    <time>2026-08-17T14:21:09Z</time>
   </trkpt>
   <trkpt lat="48.8117990" lon="-64.2427880">
    <ele>137.6</ele>
    <time>2026-08-17T14:21:17Z</time>
   </trkpt>
   <trkpt lat="48.8117780" lon="-64.2428190">
    <ele>137.4</ele>
    <time>2026-08-17T14:21:21Z</time>
   </trkpt>
   <trkpt lat="48.8117580" lon="-64.2428290">
    <ele>137.2</ele>
    <time>2026-08-17T14:21:23Z</time>
   </trkpt>
   <trkpt lat="48.8117290" lon="-64.2428480">
    <ele>136.6</ele>
    <time>2026-08-17T14:21:27Z</time>
   </trkpt>
   <trkpt lat="48.8116920" lon="-64.2429050">
    <ele>136.2</ele>
    <time>2026-08-17T14:21:32Z</time>
   </trkpt>
   <trkpt lat="48.8116320" lon="-64.2429740">
    <ele>135.4</ele>
    <time>2026-08-17T14:21:42Z</time>
   </trkpt>
   <trkpt lat="48.8116020" lon="-64.2429910">
    <ele>135.2</ele>
    <time>2026-08-17T14:21:46Z</time>
   </trkpt>
   <trkpt lat="48.8115910" lon="-64.2430000">
    <ele>135.2</ele>
    <time>2026-08-17T14:21:47Z</time>
   </trkpt>
   <trkpt lat="48.8115290" lon="-64.2430160">
    <ele>134.4</ele>
    <time>2026-08-17T14:21:54Z</time>
   </trkpt>
   <trkpt lat="48.8114860" lon="-64.2430330">
    <ele>134.2</ele>
    <time>2026-08-17T14:21:58Z</time>
   </trkpt>
   <trkpt lat="48.8114560" lon="-64.2430540">
    <ele>134.0</ele>
    <time>2026-08-17T14:22:01Z</time>
   </trkpt>
   <trkpt lat="48.8113900" lon="-64.2431120">
    <ele>133.6</ele>
    <time>2026-08-17T14:22:07Z</time>
   </trkpt>
   <trkpt lat="48.8113050" lon="-64.2431840">
    <ele>133.4</ele>
    <time>2026-08-17T14:22:15Z</time>
   </trkpt>
   <trkpt lat="48.8112920" lon="-64.2431920">
    <ele>133.2</ele>
    <time>2026-08-17T14:22:16Z</time>
   </trkpt>
   <trkpt lat="48.8112430" lon="-64.2432130">
    <ele>132.6</ele>
    <time>2026-08-17T14:22:22Z</time>
   </trkpt>
   <trkpt lat="48.8111830" lon="-64.2432640">
    <ele>132.6</ele>
    <time>2026-08-17T14:22:28Z</time>
   </trkpt>
   <trkpt lat="48.8111240" lon="-64.2433020">
    <ele>132.0</ele>
    <time>2026-08-17T14:22:33Z</time>
   </trkpt>
   <trkpt lat="48.8111100" lon="-64.2433100">
    <ele>131.8</ele>
    <time>2026-08-17T14:22:35Z</time>
   </trkpt>
   <trkpt lat="48.8110400" lon="-64.2433500">
    <ele>131.0</ele>
    <time>2026-08-17T14:22:41Z</time>
   </trkpt>
   <trkpt lat="48.8110320" lon="-64.2433540">
    <ele>130.8</ele>
    <time>2026-08-17T14:22:42Z</time>
   </trkpt>
   <trkpt lat="48.8109220" lon="-64.2434370">
    <ele>130.0</ele>
    <time>2026-08-17T14:22:52Z</time>
   </trkpt>
   <trkpt lat="48.8109110" lon="-64.2434500">
    <ele>129.8</ele>
    <time>2026-08-17T14:22:53Z</time>
   </trkpt>
   <trkpt lat="48.8108460" lon="-64.2435080">
    <ele>129.0</ele>
    <time>2026-08-17T14:23:00Z</time>
   </trkpt>
   <trkpt lat="48.8108360" lon="-64.2435340">
    <ele>128.8</ele>
    <time>2026-08-17T14:23:02Z</time>
   </trkpt>
   <trkpt lat="48.8108110" lon="-64.2435910">
    <ele>128.4</ele>
    <time>2026-08-17T14:23:06Z</time>
   </trkpt>
   <trkpt lat="48.8107890" lon="-64.2436770">
    <ele>127.6</ele>
    <time>2026-08-17T14:23:11Z</time>
   </trkpt>
   <trkpt lat="48.8107810" lon="-64.2436960">
    <ele>127.4</ele>
    <time>2026-08-17T14:23:12Z</time>
   </trkpt>
   <trkpt lat="48.8107420" lon="-64.2437750">
    <ele>126.6</ele>
    <time>2026-08-17T14:23:18Z</time>
   </trkpt>
   <trkpt lat="48.8107140" lon="-64.2438110">
    <ele>126.0</ele>
    <time>2026-08-17T14:23:21Z</time>
   </trkpt>
   <trkpt lat="48.8106790" lon="-64.2438540">
    <ele>125.4</ele>
    <time>2026-08-17T14:23:24Z</time>
   </trkpt>
   <trkpt lat="48.8106370" lon="-64.2438990">
    <ele>124.8</ele>
    <time>2026-08-17T14:23:28Z</time>
   </trkpt>
   <trkpt lat="48.8105830" lon="-64.2439920">
    <ele>124.6</ele>
    <time>2026-08-17T14:23:35Z</time>
   </trkpt>
   <trkpt lat="48.8105590" lon="-64.2440800">
    <ele>124.4</ele>
    <time>2026-08-17T14:23:40Z</time>
   </trkpt>
   <trkpt lat="48.8105600" lon="-64.2440960">
    <ele>124.4</ele>
    <time>2026-08-17T14:23:41Z</time>
   </trkpt>
   <trkpt lat="48.8105460" lon="-64.2441500">
    <ele>123.4</ele>
    <time>2026-08-17T14:23:45Z</time>
   </trkpt>
   <trkpt lat="48.8105230" lon="-64.2441850">
    <ele>122.4</ele>
    <time>2026-08-17T14:23:49Z</time>
   </trkpt>
   <trkpt lat="48.8105140" lon="-64.2441970">
    <ele>122.2</ele>
    <time>2026-08-17T14:23:50Z</time>
   </trkpt>
   <trkpt lat="48.8104620" lon="-64.2442990">
    <ele>121.2</ele>
    <time>2026-08-17T14:23:56Z</time>
   </trkpt>
   <trkpt lat="48.8104220" lon="-64.2443760">
    <ele>119.8</ele>
    <time>2026-08-17T14:24:02Z</time>
   </trkpt>
   <trkpt lat="48.8103880" lon="-64.2443930">
    <ele>118.8</ele>
    <time>2026-08-17T14:24:06Z</time>
   </trkpt>
   <trkpt lat="48.8103470" lon="-64.2444130">
    <ele>117.8</ele>
    <time>2026-08-17T14:24:10Z</time>
   </trkpt>
   <trkpt lat="48.8103330" lon="-64.2444220">
    <ele>117.6</ele>
    <time>2026-08-17T14:24:11Z</time>
   </trkpt>
   <trkpt lat="48.8102960" lon="-64.2444570">
    <ele>116.6</ele>
    <time>2026-08-17T14:24:15Z</time>
   </trkpt>
   <trkpt lat="48.8102700" lon="-64.2444820">
    <ele>115.8</ele>
    <time>2026-08-17T14:24:18Z</time>
   </trkpt>
   <trkpt lat="48.8102640" lon="-64.2444870">
    <ele>115.6</ele>
    <time>2026-08-17T14:24:19Z</time>
   </trkpt>
   <trkpt lat="48.8102260" lon="-64.2445080">
    <ele>114.4</ele>
    <time>2026-08-17T14:24:24Z</time>
   </trkpt>
   <trkpt lat="48.8101960" lon="-64.2445170">
    <ele>114.0</ele>
    <time>2026-08-17T14:24:26Z</time>
   </trkpt>
   <trkpt lat="48.8101620" lon="-64.2445290">
    <ele>113.4</ele>
    <time>2026-08-17T14:24:29Z</time>
   </trkpt>
   <trkpt lat="48.8101030" lon="-64.2445420">
    <ele>112.4</ele>
    <time>2026-08-17T14:24:35Z</time>
   </trkpt>
   <trkpt lat="48.8100580" lon="-64.2445270">
    <ele>111.6</ele>
    <time>2026-08-17T14:24:42Z</time>
   </trkpt>
   <trkpt lat="48.8100480" lon="-64.2445250">
    <ele>111.2</ele>
    <time>2026-08-17T14:24:43Z</time>
   </trkpt>
   <trkpt lat="48.8099920" lon="-64.2445220">
    <ele>110.2</ele>
    <time>2026-08-17T14:24:50Z</time>
   </trkpt>
   <trkpt lat="48.8099200" lon="-64.2445520">
    <ele>109.2</ele>
    <time>2026-08-17T14:24:58Z</time>
   </trkpt>
   <trkpt lat="48.8099110" lon="-64.2445530">
    <ele>109.0</ele>
    <time>2026-08-17T14:24:59Z</time>
   </trkpt>
   <trkpt lat="48.8098830" lon="-64.2445280">
    <ele>108.0</ele>
    <time>2026-08-17T14:25:05Z</time>
   </trkpt>
   <trkpt lat="48.8098620" lon="-64.2445180">
    <ele>108.2</ele>
    <time>2026-08-17T14:25:08Z</time>
   </trkpt>
   <trkpt lat="48.8097980" lon="-64.2445020">
    <ele>107.0</ele>
    <time>2026-08-17T14:25:16Z</time>
   </trkpt>
   <trkpt lat="48.8097180" lon="-64.2445300">
    <ele>106.2</ele>
    <time>2026-08-17T14:25:26Z</time>
   </trkpt>
   <trkpt lat="48.8097040" lon="-64.2445320">
    <ele>106.0</ele>
    <time>2026-08-17T14:25:27Z</time>
   </trkpt>
   <trkpt lat="48.8096410" lon="-64.2445400">
    <ele>105.2</ele>
    <time>2026-08-17T14:25:33Z</time>
   </trkpt>
   <trkpt lat="48.8096100" lon="-64.2445440">
    <ele>105.0</ele>
    <time>2026-08-17T14:25:36Z</time>
   </trkpt>
   <trkpt lat="48.8095500" lon="-64.2445280">
    <ele>104.2</ele>
    <time>2026-08-17T14:25:41Z</time>
   </trkpt>
   <trkpt lat="48.8095280" lon="-64.2445210">
    <ele>103.8</ele>
    <time>2026-08-17T14:25:43Z</time>
   </trkpt>
   <trkpt lat="48.8095010" lon="-64.2445160">
    <ele>102.6</ele>
    <time>2026-08-17T14:25:47Z</time>
   </trkpt>
   <trkpt lat="48.8094790" lon="-64.2445180">
    <ele>102.0</ele>
    <time>2026-08-17T14:25:49Z</time>
   </trkpt>
   <trkpt lat="48.8094460" lon="-64.2445220">
    <ele>101.4</ele>
    <time>2026-08-17T14:25:52Z</time>
   </trkpt>
   <trkpt lat="48.8094010" lon="-64.2445270">
    <ele>100.4</ele>
    <time>2026-08-17T14:25:56Z</time>
   </trkpt>
   <trkpt lat="48.8093910" lon="-64.2445220">
    <ele>100.2</ele>
    <time>2026-08-17T14:25:57Z</time>
   </trkpt>
   <trkpt lat="48.8093600" lon="-64.2445050">
    <ele>99.6</ele>
    <time>2026-08-17T14:26:01Z</time>
   </trkpt>
   <trkpt lat="48.8093400" lon="-64.2445050">
    <ele>99.4</ele>
    <time>2026-08-17T14:26:03Z</time>
   </trkpt>
   <trkpt lat="48.8093160" lon="-64.2445040">
    <ele>99.2</ele>
    <time>2026-08-17T14:26:05Z</time>
   </trkpt>
   <trkpt lat="48.8092970" lon="-64.2444940">
    <ele>98.6</ele>
    <time>2026-08-17T14:26:12Z</time>
   </trkpt>
   <trkpt lat="48.8092900" lon="-64.2444840">
    <ele>98.6</ele>
    <time>2026-08-17T14:26:15Z</time>
   </trkpt>
   <trkpt lat="48.8092830" lon="-64.2444960">
    <ele>98.4</ele>
    <time>2026-08-17T14:26:20Z</time>
   </trkpt>
   <trkpt lat="48.8092830" lon="-64.2444950">
    <ele>98.4</ele>
    <time>2026-08-17T14:26:23Z</time>
   </trkpt>
   <trkpt lat="48.8092510" lon="-64.2444440">
    <ele>98.2</ele>
    <time>2026-08-17T14:26:34Z</time>
   </trkpt>
   <trkpt lat="48.8092070" lon="-64.2444580">
    <ele>97.2</ele>
    <time>2026-08-17T14:26:40Z</time>
   </trkpt>
   <trkpt lat="48.8092020" lon="-64.2444540">
    <ele>97.0</ele>
    <time>2026-08-17T14:26:41Z</time>
   </trkpt>
   <trkpt lat="48.8091760" lon="-64.2444420">
    <ele>96.0</ele>
    <time>2026-08-17T14:26:45Z</time>
   </trkpt>
   <trkpt lat="48.8091550" lon="-64.2444280">
    <ele>95.6</ele>
    <time>2026-08-17T14:26:48Z</time>
   </trkpt>
   <trkpt lat="48.8091260" lon="-64.2444200">
    <ele>95.0</ele>
    <time>2026-08-17T14:26:51Z</time>
   </trkpt>
   <trkpt lat="48.8090610" lon="-64.2444130">
    <ele>94.0</ele>
    <time>2026-08-17T14:26:57Z</time>
   </trkpt>
   <trkpt lat="48.8090510" lon="-64.2444130">
    <ele>93.8</ele>
    <time>2026-08-17T14:26:58Z</time>
   </trkpt>
   <trkpt lat="48.8090260" lon="-64.2444020">
    <ele>92.8</ele>
    <time>2026-08-17T14:27:03Z</time>
   </trkpt>
   <trkpt lat="48.8089880" lon="-64.2444050">
    <ele>92.2</ele>
    <time>2026-08-17T14:27:07Z</time>
   </trkpt>
   <trkpt lat="48.8089740" lon="-64.2444060">
    <ele>91.8</ele>
    <time>2026-08-17T14:27:09Z</time>
   </trkpt>
   <trkpt lat="48.8089130" lon="-64.2443880">
    <ele>90.6</ele>
    <time>2026-08-17T14:27:14Z</time>
   </trkpt>
   <trkpt lat="48.8089000" lon="-64.2443770">
    <ele>90.2</ele>
    <time>2026-08-17T14:27:16Z</time>
   </trkpt>
   <trkpt lat="48.8088680" lon="-64.2443570">
    <ele>89.4</ele>
    <time>2026-08-17T14:27:19Z</time>
   </trkpt>
   <trkpt lat="48.8088220" lon="-64.2443520">
    <ele>88.6</ele>
    <time>2026-08-17T14:27:23Z</time>
   </trkpt>
   <trkpt lat="48.8088080" lon="-64.2443470">
    <ele>88.4</ele>
    <time>2026-08-17T14:27:24Z</time>
   </trkpt>
   <trkpt lat="48.8087560" lon="-64.2443250">
    <ele>87.2</ele>
    <time>2026-08-17T14:27:28Z</time>
   </trkpt>
   <trkpt lat="48.8087230" lon="-64.2443050">
    <ele>86.2</ele>
    <time>2026-08-17T14:27:32Z</time>
   </trkpt>
   <trkpt lat="48.8087130" lon="-64.2442980">
    <ele>86.0</ele>
    <time>2026-08-17T14:27:33Z</time>
   </trkpt>
   <trkpt lat="48.8086640" lon="-64.2442680">
    <ele>85.0</ele>
    <time>2026-08-17T14:27:39Z</time>
   </trkpt>
   <trkpt lat="48.8086430" lon="-64.2442640">
    <ele>84.8</ele>
    <time>2026-08-17T14:27:41Z</time>
   </trkpt>
   <trkpt lat="48.8086070" lon="-64.2442530">
    <ele>84.0</ele>
    <time>2026-08-17T14:27:44Z</time>
   </trkpt>
   <trkpt lat="48.8085540" lon="-64.2442200">
    <ele>83.0</ele>
    <time>2026-08-17T14:27:49Z</time>
   </trkpt>
   <trkpt lat="48.8085420" lon="-64.2442110">
    <ele>82.8</ele>
    <time>2026-08-17T14:27:50Z</time>
   </trkpt>
   <trkpt lat="48.8084990" lon="-64.2441940">
    <ele>81.8</ele>
    <time>2026-08-17T14:27:54Z</time>
   </trkpt>
   <trkpt lat="48.8084650" lon="-64.2441700">
    <ele>81.2</ele>
    <time>2026-08-17T14:27:58Z</time>
   </trkpt>
   <trkpt lat="48.8084460" lon="-64.2441580">
    <ele>80.8</ele>
    <time>2026-08-17T14:28:00Z</time>
   </trkpt>
   <trkpt lat="48.8083850" lon="-64.2441440">
    <ele>79.6</ele>
    <time>2026-08-17T14:28:06Z</time>
   </trkpt>
   <trkpt lat="48.8083570" lon="-64.2441220">
    <ele>79.0</ele>
    <time>2026-08-17T14:28:12Z</time>
   </trkpt>
   <trkpt lat="48.8083360" lon="-64.2441100">
    <ele>78.6</ele>
    <time>2026-08-17T14:28:15Z</time>
   </trkpt>
   <trkpt lat="48.8082840" lon="-64.2440940">
    <ele>77.4</ele>
    <time>2026-08-17T14:28:20Z</time>
   </trkpt>
   <trkpt lat="48.8082720" lon="-64.2440860">
    <ele>77.0</ele>
    <time>2026-08-17T14:28:22Z</time>
   </trkpt>
   <trkpt lat="48.8082300" lon="-64.2440790">
    <ele>76.4</ele>
    <time>2026-08-17T14:28:26Z</time>
   </trkpt>
   <trkpt lat="48.8081820" lon="-64.2440680">
    <ele>75.6</ele>
    <time>2026-08-17T14:28:30Z</time>
   </trkpt>
   <trkpt lat="48.8081760" lon="-64.2440660">
    <ele>75.2</ele>
    <time>2026-08-17T14:28:31Z</time>
   </trkpt>
   <trkpt lat="48.8081200" lon="-64.2440460">
    <ele>74.2</ele>
    <time>2026-08-17T14:28:37Z</time>
   </trkpt>
   <trkpt lat="48.8081090" lon="-64.2440440">
    <ele>74.0</ele>
    <time>2026-08-17T14:28:38Z</time>
   </trkpt>
   <trkpt lat="48.8080790" lon="-64.2440300">
    <ele>73.2</ele>
    <time>2026-08-17T14:28:42Z</time>
   </trkpt>
   <trkpt lat="48.8080630" lon="-64.2440020">
    <ele>72.6</ele>
    <time>2026-08-17T14:28:45Z</time>
   </trkpt>
   <trkpt lat="48.8080290" lon="-64.2439640">
    <ele>72.0</ele>
    <time>2026-08-17T14:28:48Z</time>
   </trkpt>
   <trkpt lat="48.8079840" lon="-64.2439300">
    <ele>70.8</ele>
    <time>2026-08-17T14:28:53Z</time>
   </trkpt>
   <trkpt lat="48.8079290" lon="-64.2439060">
    <ele>70.0</ele>
    <time>2026-08-17T14:28:58Z</time>
   </trkpt>
   <trkpt lat="48.8079190" lon="-64.2438990">
    <ele>69.8</ele>
    <time>2026-08-17T14:28:59Z</time>
   </trkpt>
   <trkpt lat="48.8078860" lon="-64.2438850">
    <ele>69.4</ele>
    <time>2026-08-17T14:29:01Z</time>
   </trkpt>
   <trkpt lat="48.8078360" lon="-64.2438590">
    <ele>68.8</ele>
    <time>2026-08-17T14:29:03Z</time>
   </trkpt>
   <trkpt lat="48.8077920" lon="-64.2438340">
    <ele>67.8</ele>
    <time>2026-08-17T14:29:05Z</time>
   </trkpt>
   <trkpt lat="48.8077700" lon="-64.2438190">
    <ele>67.4</ele>
    <time>2026-08-17T14:29:06Z</time>
   </trkpt>
   <trkpt lat="48.8077020" lon="-64.2437960">
    <ele>66.6</ele>
    <time>2026-08-17T14:29:08Z</time>
   </trkpt>
   <trkpt lat="48.8076680" lon="-64.2437810">
    <ele>66.0</ele>
    <time>2026-08-17T14:29:09Z</time>
   </trkpt>
   <trkpt lat="48.8076120" lon="-64.2437460">
    <ele>64.4</ele>
    <time>2026-08-17T14:29:11Z</time>
   </trkpt>
   <trkpt lat="48.8075550" lon="-64.2437180">
    <ele>63.0</ele>
    <time>2026-08-17T14:29:13Z</time>
   </trkpt>
   <trkpt lat="48.8074760" lon="-64.2436940">
    <ele>62.2</ele>
    <time>2026-08-17T14:29:15Z</time>
   </trkpt>
   <trkpt lat="48.8073990" lon="-64.2436520">
    <ele>60.6</ele>
    <time>2026-08-17T14:29:17Z</time>
   </trkpt>
   <trkpt lat="48.8073600" lon="-64.2436300">
    <ele>59.2</ele>
    <time>2026-08-17T14:29:18Z</time>
   </trkpt>
   <trkpt lat="48.8073220" lon="-64.2436070">
    <ele>58.0</ele>
    <time>2026-08-17T14:29:19Z</time>
   </trkpt>
   <trkpt lat="48.8072520" lon="-64.2435800">
    <ele>56.8</ele>
    <time>2026-08-17T14:29:21Z</time>
   </trkpt>
   <trkpt lat="48.8071670" lon="-64.2435430">
    <ele>55.6</ele>
    <time>2026-08-17T14:29:23Z</time>
   </trkpt>
   <trkpt lat="48.8071180" lon="-64.2435170">
    <ele>54.6</ele>
    <time>2026-08-17T14:29:24Z</time>
   </trkpt>
   <trkpt lat="48.8070430" lon="-64.2434710">
    <ele>53.2</ele>
    <time>2026-08-17T14:29:26Z</time>
   </trkpt>
   <trkpt lat="48.8069930" lon="-64.2434410">
    <ele>52.2</ele>
    <time>2026-08-17T14:29:28Z</time>
   </trkpt>
   <trkpt lat="48.8069760" lon="-64.2434350">
    <ele>51.8</ele>
    <time>2026-08-17T14:29:29Z</time>
   </trkpt>
   <trkpt lat="48.8069810" lon="-64.2434280">
    <ele>51.0</ele>
    <time>2026-08-17T14:29:33Z</time>
   </trkpt>
   <trkpt lat="48.8069960" lon="-64.2434380">
    <ele>51.2</ele>
    <time>2026-08-17T14:29:34Z</time>
   </trkpt>
   <trkpt lat="48.8070300" lon="-64.2434560">
    <ele>51.4</ele>
    <time>2026-08-17T14:29:37Z</time>
   </trkpt>
   <trkpt lat="48.8070020" lon="-64.2434380">
    <ele>51.4</ele>
    <time>2026-08-17T14:29:45Z</time>
   </trkpt>
   <trkpt lat="48.8069800" lon="-64.2434410">
    <ele>51.0</ele>
    <time>2026-08-17T14:29:50Z</time>
   </trkpt>
   <trkpt lat="48.8069840" lon="-64.2434550">
    <ele>51.0</ele>
    <time>2026-08-17T14:29:52Z</time>
   </trkpt>
   <trkpt lat="48.8069990" lon="-64.2434550">
    <ele>51.2</ele>
    <time>2026-08-17T14:29:53Z</time>
   </trkpt>
   <trkpt lat="48.8070430" lon="-64.2434890">
    <ele>52.0</ele>
    <time>2026-08-17T14:30:00Z</time>
   </trkpt>
   <trkpt lat="48.8070240" lon="-64.2434720">
    <ele>52.0</ele>
    <time>2026-08-17T14:30:07Z</time>
   </trkpt>
   <trkpt lat="48.8070240" lon="-64.2434650">
    <ele>51.8</ele>
    <time>2026-08-17T14:30:11Z</time>
   </trkpt>
   <trkpt lat="48.8070280" lon="-64.2434640">
    <ele>51.8</ele>
    <time>2026-08-17T14:30:14Z</time>
   </trkpt>
   <trkpt lat="48.8070280" lon="-64.2434630">
    <ele>51.8</ele>
    <time>2026-08-17T14:30:18Z</time>
   </trkpt>
   <trkpt lat="48.8070270" lon="-64.2434540">
    <ele>52.0</ele>
    <time>2026-08-17T14:30:25Z</time>
   </trkpt>
   <trkpt lat="48.8070320" lon="-64.2434510">
    <ele>51.8</ele>
    <time>2026-08-17T14:30:36Z</time>
   </trkpt>
   <trkpt lat="48.8070310" lon="-64.2434520">
    <ele>51.8</ele>
    <time>2026-08-17T14:30:37Z</time>
   </trkpt>
   <trkpt lat="48.8070330" lon="-64.2434540">
    <ele>51.8</ele>
    <time>2026-08-17T14:30:39Z</time>
   </trkpt>
   <trkpt lat="48.8070330" lon="-64.2434590">
    <ele>51.8</ele>
    <time>2026-08-17T14:30:40Z</time>
   </trkpt>
   <trkpt lat="48.8070320" lon="-64.2434600">
    <ele>51.8</ele>
    <time>2026-08-17T14:30:41Z</time>
   </trkpt>
   <trkpt lat="48.8070330" lon="-64.2434610">
    <ele>51.8</ele>
    <time>2026-08-17T14:30:42Z</time>
   </trkpt>
   <trkpt lat="48.8070390" lon="-64.2434620">
    <ele>51.8</ele>
    <time>2026-08-17T14:30:43Z</time>
   </trkpt>
   <trkpt lat="48.8070440" lon="-64.2434580">
    <ele>51.6</ele>
    <time>2026-08-17T14:30:45Z</time>
   </trkpt>
   <trkpt lat="48.8070510" lon="-64.2434610">
    <ele>51.8</ele>
    <time>2026-08-17T14:30:54Z</time>
   </trkpt>
   <trkpt lat="48.8070510" lon="-64.2434250">
    <ele>52.2</ele>
    <time>2026-08-17T14:30:57Z</time>
   </trkpt>
   <trkpt lat="48.8070460" lon="-64.2433730">
    <ele>52.8</ele>
    <time>2026-08-17T14:31:00Z</time>
   </trkpt>
   <trkpt lat="48.8070370" lon="-64.2433040">
    <ele>54.0</ele>
    <time>2026-08-17T14:31:06Z</time>
   </trkpt>
   <trkpt lat="48.8070250" lon="-64.2432590">
    <ele>54.8</ele>
    <time>2026-08-17T14:31:09Z</time>
   </trkpt>
   <trkpt lat="48.8070210" lon="-64.2432450">
    <ele>55.2</ele>
    <time>2026-08-17T14:31:10Z</time>
   </trkpt>
   <trkpt lat="48.8070070" lon="-64.2431940">
    <ele>56.2</ele>
    <time>2026-08-17T14:31:14Z</time>
   </trkpt>
   <trkpt lat="48.8069970" lon="-64.2431530">
    <ele>57.0</ele>
    <time>2026-08-17T14:31:18Z</time>
   </trkpt>
   <trkpt lat="48.8069940" lon="-64.2431480">
    <ele>57.2</ele>
    <time>2026-08-17T14:31:19Z</time>
   </trkpt>
   <trkpt lat="48.8069440" lon="-64.2430940">
    <ele>58.0</ele>
    <time>2026-08-17T14:31:24Z</time>
   </trkpt>
   <trkpt lat="48.8069040" lon="-64.2430400">
    <ele>58.4</ele>
    <time>2026-08-17T14:31:28Z</time>
   </trkpt>
   <trkpt lat="48.8068660" lon="-64.2429700">
    <ele>59.0</ele>
    <time>2026-08-17T14:31:33Z</time>
   </trkpt>
   <trkpt lat="48.8068350" lon="-64.2429050">
    <ele>59.4</ele>
    <time>2026-08-17T14:31:37Z</time>
   </trkpt>
   <trkpt lat="48.8068010" lon="-64.2428500">
    <ele>60.0</ele>
    <time>2026-08-17T14:31:42Z</time>
   </trkpt>
   <trkpt lat="48.8067720" lon="-64.2427910">
    <ele>60.4</ele>
    <time>2026-08-17T14:31:46Z</time>
   </trkpt>
   <trkpt lat="48.8067610" lon="-64.2427620">
    <ele>60.8</ele>
    <time>2026-08-17T14:31:48Z</time>
   </trkpt>
   <trkpt lat="48.8067500" lon="-64.2427340">
    <ele>61.4</ele>
    <time>2026-08-17T14:31:50Z</time>
   </trkpt>
   <trkpt lat="48.8067460" lon="-64.2427140">
    <ele>61.6</ele>
    <time>2026-08-17T14:31:51Z</time>
   </trkpt>
   <trkpt lat="48.8067230" lon="-64.2426350">
    <ele>62.6</ele>
    <time>2026-08-17T14:31:56Z</time>
   </trkpt>
   <trkpt lat="48.8066980" lon="-64.2425640">
    <ele>63.4</ele>
    <time>2026-08-17T14:32:01Z</time>
   </trkpt>
   <trkpt lat="48.8066820" lon="-64.2425310">
    <ele>63.8</ele>
    <time>2026-08-17T14:32:03Z</time>
   </trkpt>
   <trkpt lat="48.8066760" lon="-64.2425210">
    <ele>64.0</ele>
    <time>2026-08-17T14:32:04Z</time>
   </trkpt>
   <trkpt lat="48.8066700" lon="-64.2425100">
    <ele>64.2</ele>
    <time>2026-08-17T14:32:05Z</time>
   </trkpt>
   <trkpt lat="48.8066360" lon="-64.2424460">
    <ele>65.0</ele>
    <time>2026-08-17T14:32:10Z</time>
   </trkpt>
   <trkpt lat="48.8066260" lon="-64.2424190">
    <ele>65.4</ele>
    <time>2026-08-17T14:32:12Z</time>
   </trkpt>
   <trkpt lat="48.8066200" lon="-64.2424040">
    <ele>65.6</ele>
    <time>2026-08-17T14:32:13Z</time>
   </trkpt>
   <trkpt lat="48.8066180" lon="-64.2423900">
    <ele>65.8</ele>
    <time>2026-08-17T14:32:14Z</time>
   </trkpt>
   <trkpt lat="48.8066150" lon="-64.2423800">
    <ele>66.0</ele>
    <time>2026-08-17T14:32:15Z</time>
   </trkpt>
   <trkpt lat="48.8065950" lon="-64.2423370">
    <ele>67.0</ele>
    <time>2026-08-17T14:32:19Z</time>
   </trkpt>
   <trkpt lat="48.8065890" lon="-64.2423290">
    <ele>67.2</ele>
    <time>2026-08-17T14:32:20Z</time>
   </trkpt>
   <trkpt lat="48.8065780" lon="-64.2423110">
    <ele>67.6</ele>
    <time>2026-08-17T14:32:22Z</time>
   </trkpt>
   <trkpt lat="48.8065460" lon="-64.2422710">
    <ele>68.2</ele>
    <time>2026-08-17T14:32:27Z</time>
   </trkpt>
   <trkpt lat="48.8065290" lon="-64.2422140">
    <ele>68.6</ele>
    <time>2026-08-17T14:32:31Z</time>
   </trkpt>
   <trkpt lat="48.8065030" lon="-64.2421620">
    <ele>69.0</ele>
    <time>2026-08-17T14:32:35Z</time>
   </trkpt>
   <trkpt lat="48.8064670" lon="-64.2421170">
    <ele>69.2</ele>
    <time>2026-08-17T14:32:40Z</time>
   </trkpt>
   <trkpt lat="48.8064590" lon="-64.2421080">
    <ele>69.2</ele>
    <time>2026-08-17T14:32:41Z</time>
   </trkpt>
   <trkpt lat="48.8063950" lon="-64.2420150">
    <ele>69.6</ele>
    <time>2026-08-17T14:32:49Z</time>
   </trkpt>
   <trkpt lat="48.8063220" lon="-64.2419090">
    <ele>70.2</ele>
    <time>2026-08-17T14:32:57Z</time>
   </trkpt>
   <trkpt lat="48.8063140" lon="-64.2418950">
    <ele>70.2</ele>
    <time>2026-08-17T14:32:58Z</time>
   </trkpt>
   <trkpt lat="48.8062420" lon="-64.2418190">
    <ele>70.6</ele>
    <time>2026-08-17T14:33:05Z</time>
   </trkpt>
   <trkpt lat="48.8061860" lon="-64.2417270">
    <ele>71.0</ele>
    <time>2026-08-17T14:33:12Z</time>
   </trkpt>
   <trkpt lat="48.8061590" lon="-64.2416870">
    <ele>71.4</ele>
    <time>2026-08-17T14:33:14Z</time>
   </trkpt>
   <trkpt lat="48.8061220" lon="-64.2416360">
    <ele>71.8</ele>
    <time>2026-08-17T14:33:18Z</time>
   </trkpt>
   <trkpt lat="48.8060830" lon="-64.2415700">
    <ele>72.6</ele>
    <time>2026-08-17T14:33:23Z</time>
   </trkpt>
   <trkpt lat="48.8060600" lon="-64.2415190">
    <ele>73.0</ele>
    <time>2026-08-17T14:33:26Z</time>
   </trkpt>
   <trkpt lat="48.8060440" lon="-64.2414820">
    <ele>73.6</ele>
    <time>2026-08-17T14:33:29Z</time>
   </trkpt>
   <trkpt lat="48.8060300" lon="-64.2414070">
    <ele>74.8</ele>
    <time>2026-08-17T14:33:34Z</time>
   </trkpt>
   <trkpt lat="48.8060270" lon="-64.2413920">
    <ele>75.2</ele>
    <time>2026-08-17T14:33:35Z</time>
   </trkpt>
   <trkpt lat="48.8060170" lon="-64.2413600">
    <ele>75.8</ele>
    <time>2026-08-17T14:33:38Z</time>
   </trkpt>
   <trkpt lat="48.8059970" lon="-64.2413120">
    <ele>77.2</ele>
    <time>2026-08-17T14:33:43Z</time>
   </trkpt>
   <trkpt lat="48.8059910" lon="-64.2412900">
    <ele>77.8</ele>
    <time>2026-08-17T14:33:45Z</time>
   </trkpt>
   <trkpt lat="48.8059800" lon="-64.2412600">
    <ele>78.2</ele>
    <time>2026-08-17T14:33:47Z</time>
   </trkpt>
   <trkpt lat="48.8059570" lon="-64.2411940">
    <ele>79.4</ele>
    <time>2026-08-17T14:33:52Z</time>
   </trkpt>
   <trkpt lat="48.8059520" lon="-64.2411810">
    <ele>79.6</ele>
    <time>2026-08-17T14:33:53Z</time>
   </trkpt>
   <trkpt lat="48.8059290" lon="-64.2411230">
    <ele>80.6</ele>
    <time>2026-08-17T14:33:57Z</time>
   </trkpt>
   <trkpt lat="48.8059210" lon="-64.2410970">
    <ele>81.0</ele>
    <time>2026-08-17T14:33:59Z</time>
   </trkpt>
   <trkpt lat="48.8059140" lon="-64.2410720">
    <ele>81.4</ele>
    <time>2026-08-17T14:34:01Z</time>
   </trkpt>
   <trkpt lat="48.8059140" lon="-64.2410620">
    <ele>81.6</ele>
    <time>2026-08-17T14:34:02Z</time>
   </trkpt>
   <trkpt lat="48.8058970" lon="-64.2409840">
    <ele>82.8</ele>
    <time>2026-08-17T14:34:07Z</time>
   </trkpt>
   <trkpt lat="48.8058930" lon="-64.2409560">
    <ele>83.4</ele>
    <time>2026-08-17T14:34:09Z</time>
   </trkpt>
   <trkpt lat="48.8058810" lon="-64.2409220">
    <ele>84.2</ele>
    <time>2026-08-17T14:34:11Z</time>
   </trkpt>
   <trkpt lat="48.8058590" lon="-64.2408850">
    <ele>84.8</ele>
    <time>2026-08-17T14:34:15Z</time>
   </trkpt>
   <trkpt lat="48.8058420" lon="-64.2408390">
    <ele>85.2</ele>
    <time>2026-08-17T14:34:18Z</time>
   </trkpt>
   <trkpt lat="48.8058240" lon="-64.2407860">
    <ele>86.0</ele>
    <time>2026-08-17T14:34:22Z</time>
   </trkpt>
   <trkpt lat="48.8058190" lon="-64.2407770">
    <ele>86.2</ele>
    <time>2026-08-17T14:34:23Z</time>
   </trkpt>
   <trkpt lat="48.8057910" lon="-64.2407240">
    <ele>87.0</ele>
    <time>2026-08-17T14:34:27Z</time>
   </trkpt>
   <trkpt lat="48.8057700" lon="-64.2406930">
    <ele>87.2</ele>
    <time>2026-08-17T14:34:29Z</time>
   </trkpt>
   <trkpt lat="48.8057520" lon="-64.2406670">
    <ele>87.4</ele>
    <time>2026-08-17T14:34:31Z</time>
   </trkpt>
   <trkpt lat="48.8057160" lon="-64.2405880">
    <ele>88.4</ele>
    <time>2026-08-17T14:34:37Z</time>
   </trkpt>
   <trkpt lat="48.8057030" lon="-64.2405610">
    <ele>88.8</ele>
    <time>2026-08-17T14:34:39Z</time>
   </trkpt>
   <trkpt lat="48.8056880" lon="-64.2405240">
    <ele>89.4</ele>
    <time>2026-08-17T14:34:42Z</time>
   </trkpt>
   <trkpt lat="48.8056600" lon="-64.2404570">
    <ele>89.8</ele>
    <time>2026-08-17T14:34:46Z</time>
   </trkpt>
   <trkpt lat="48.8056010" lon="-64.2403290">
    <ele>90.2</ele>
    <time>2026-08-17T14:34:54Z</time>
   </trkpt>
   <trkpt lat="48.8055820" lon="-64.2402990">
    <ele>90.4</ele>
    <time>2026-08-17T14:34:56Z</time>
   </trkpt>
   <trkpt lat="48.8055120" lon="-64.2402020">
    <ele>91.0</ele>
    <time>2026-08-17T14:35:03Z</time>
   </trkpt>
   <trkpt lat="48.8055080" lon="-64.2401920">
    <ele>91.0</ele>
    <time>2026-08-17T14:35:04Z</time>
   </trkpt>
   <trkpt lat="48.8054720" lon="-64.2401090">
    <ele>91.4</ele>
    <time>2026-08-17T14:35:10Z</time>
   </trkpt>
   <trkpt lat="48.8054590" lon="-64.2400810">
    <ele>91.8</ele>
    <time>2026-08-17T14:35:12Z</time>
   </trkpt>
   <trkpt lat="48.8053920" lon="-64.2399740">
    <ele>92.2</ele>
    <time>2026-08-17T14:35:19Z</time>
   </trkpt>
   <trkpt lat="48.8053330" lon="-64.2398850">
    <ele>92.6</ele>
    <time>2026-08-17T14:35:26Z</time>
   </trkpt>
   <trkpt lat="48.8053290" lon="-64.2398750">
    <ele>92.6</ele>
    <time>2026-08-17T14:35:27Z</time>
   </trkpt>
   <trkpt lat="48.8052770" lon="-64.2398050">
    <ele>93.2</ele>
    <time>2026-08-17T14:35:34Z</time>
   </trkpt>
   <trkpt lat="48.8052150" lon="-64.2397240">
    <ele>93.2</ele>
    <time>2026-08-17T14:35:40Z</time>
   </trkpt>
   <trkpt lat="48.8051790" lon="-64.2396810">
    <ele>93.6</ele>
    <time>2026-08-17T14:35:43Z</time>
   </trkpt>
   <trkpt lat="48.8051400" lon="-64.2396140">
    <ele>94.4</ele>
    <time>2026-08-17T14:35:48Z</time>
   </trkpt>
   <trkpt lat="48.8050940" lon="-64.2395310">
    <ele>94.8</ele>
    <time>2026-08-17T14:35:53Z</time>
   </trkpt>
   <trkpt lat="48.8050640" lon="-64.2394780">
    <ele>95.2</ele>
    <time>2026-08-17T14:35:57Z</time>
   </trkpt>
   <trkpt lat="48.8049960" lon="-64.2393960">
    <ele>95.2</ele>
    <time>2026-08-17T14:36:03Z</time>
   </trkpt>
   <trkpt lat="48.8049100" lon="-64.2392680">
    <ele>95.8</ele>
    <time>2026-08-17T14:36:12Z</time>
   </trkpt>
   <trkpt lat="48.8048550" lon="-64.2391860">
    <ele>96.0</ele>
    <time>2026-08-17T14:36:18Z</time>
   </trkpt>
   <trkpt lat="48.8048370" lon="-64.2391640">
    <ele>96.0</ele>
    <time>2026-08-17T14:36:20Z</time>
   </trkpt>
   <trkpt lat="48.8047740" lon="-64.2390610">
    <ele>96.8</ele>
    <time>2026-08-17T14:36:27Z</time>
   </trkpt>
   <trkpt lat="48.8047650" lon="-64.2390440">
    <ele>97.0</ele>
    <time>2026-08-17T14:36:28Z</time>
   </trkpt>
   <trkpt lat="48.8047090" lon="-64.2389340">
    <ele>97.4</ele>
    <time>2026-08-17T14:36:35Z</time>
   </trkpt>
   <trkpt lat="48.8046640" lon="-64.2388500">
    <ele>98.0</ele>
    <time>2026-08-17T14:36:40Z</time>
   </trkpt>
   <trkpt lat="48.8046450" lon="-64.2388190">
    <ele>98.0</ele>
    <time>2026-08-17T14:36:42Z</time>
   </trkpt>
   <trkpt lat="48.8045980" lon="-64.2387270">
    <ele>98.8</ele>
    <time>2026-08-17T14:36:49Z</time>
   </trkpt>
   <trkpt lat="48.8045730" lon="-64.2386680">
    <ele>99.0</ele>
    <time>2026-08-17T14:36:53Z</time>
   </trkpt>
   <trkpt lat="48.8045450" lon="-64.2385910">
    <ele>99.4</ele>
    <time>2026-08-17T14:36:58Z</time>
   </trkpt>
   <trkpt lat="48.8044900" lon="-64.2384910">
    <ele>99.8</ele>
    <time>2026-08-17T14:37:06Z</time>
   </trkpt>
   <trkpt lat="48.8044530" lon="-64.2384280">
    <ele>100.0</ele>
    <time>2026-08-17T14:37:11Z</time>
   </trkpt>
   <trkpt lat="48.8044430" lon="-64.2384060">
    <ele>100.2</ele>
    <time>2026-08-17T14:37:13Z</time>
   </trkpt>
   <trkpt lat="48.8043980" lon="-64.2382770">
    <ele>100.8</ele>
    <time>2026-08-17T14:37:21Z</time>
   </trkpt>
   <trkpt lat="48.8043810" lon="-64.2382180">
    <ele>101.2</ele>
    <time>2026-08-17T14:37:24Z</time>
   </trkpt>
   <trkpt lat="48.8043480" lon="-64.2381320">
    <ele>101.6</ele>
    <time>2026-08-17T14:37:30Z</time>
   </trkpt>
   <trkpt lat="48.8043100" lon="-64.2380200">
    <ele>102.4</ele>
    <time>2026-08-17T14:37:37Z</time>
   </trkpt>
   <trkpt lat="48.8042990" lon="-64.2379840">
    <ele>102.6</ele>
    <time>2026-08-17T14:37:39Z</time>
   </trkpt>
   <trkpt lat="48.8042900" lon="-64.2379590">
    <ele>102.8</ele>
    <time>2026-08-17T14:37:40Z</time>
   </trkpt>
   <trkpt lat="48.8042730" lon="-64.2379330">
    <ele>103.0</ele>
    <time>2026-08-17T14:37:42Z</time>
   </trkpt>
   <trkpt lat="48.8042640" lon="-64.2379140">
    <ele>103.0</ele>
    <time>2026-08-17T14:37:43Z</time>
   </trkpt>
   <trkpt lat="48.8042580" lon="-64.2379030">
    <ele>103.0</ele>
    <time>2026-08-17T14:37:44Z</time>
   </trkpt>
   <trkpt lat="48.8042450" lon="-64.2378820">
    <ele>103.0</ele>
    <time>2026-08-17T14:37:46Z</time>
   </trkpt>
   <trkpt lat="48.8042030" lon="-64.2378370">
    <ele>102.4</ele>
    <time>2026-08-17T14:37:50Z</time>
   </trkpt>
   <trkpt lat="48.8041860" lon="-64.2378130">
    <ele>102.2</ele>
    <time>2026-08-17T14:37:52Z</time>
   </trkpt>
   <trkpt lat="48.8041520" lon="-64.2377510">
    <ele>101.8</ele>
    <time>2026-08-17T14:37:57Z</time>
   </trkpt>
   <trkpt lat="48.8041320" lon="-64.2377120">
    <ele>102.0</ele>
    <time>2026-08-17T14:38:00Z</time>
   </trkpt>
   <trkpt lat="48.8040860" lon="-64.2376070">
    <ele>102.8</ele>
    <time>2026-08-17T14:38:07Z</time>
   </trkpt>
   <trkpt lat="48.8040710" lon="-64.2375800">
    <ele>103.0</ele>
    <time>2026-08-17T14:38:09Z</time>
   </trkpt>
   <trkpt lat="48.8040320" lon="-64.2375280">
    <ele>103.4</ele>
    <time>2026-08-17T14:38:13Z</time>
   </trkpt>
   <trkpt lat="48.8040180" lon="-64.2375080">
    <ele>103.6</ele>
    <time>2026-08-17T14:38:15Z</time>
   </trkpt>
   <trkpt lat="48.8040010" lon="-64.2374870">
    <ele>103.8</ele>
    <time>2026-08-17T14:38:17Z</time>
   </trkpt>
   <trkpt lat="48.8039390" lon="-64.2374120">
    <ele>103.8</ele>
    <time>2026-08-17T14:38:24Z</time>
   </trkpt>
   <trkpt lat="48.8038820" lon="-64.2373240">
    <ele>104.4</ele>
    <time>2026-08-17T14:38:30Z</time>
   </trkpt>
   <trkpt lat="48.8038640" lon="-64.2373060">
    <ele>104.6</ele>
    <time>2026-08-17T14:38:32Z</time>
   </trkpt>
   <trkpt lat="48.8038150" lon="-64.2372300">
    <ele>104.8</ele>
    <time>2026-08-17T14:38:38Z</time>
   </trkpt>
   <trkpt lat="48.8037690" lon="-64.2371360">
    <ele>105.4</ele>
    <time>2026-08-17T14:38:44Z</time>
   </trkpt>
   <trkpt lat="48.8037390" lon="-64.2370990">
    <ele>105.6</ele>
    <time>2026-08-17T14:38:47Z</time>
   </trkpt>
   <trkpt lat="48.8036900" lon="-64.2370460">
    <ele>105.6</ele>
    <time>2026-08-17T14:38:52Z</time>
   </trkpt>
   <trkpt lat="48.8036280" lon="-64.2369630">
    <ele>106.0</ele>
    <time>2026-08-17T14:38:58Z</time>
   </trkpt>
   <trkpt lat="48.8035870" lon="-64.2368870">
    <ele>106.6</ele>
    <time>2026-08-17T14:39:03Z</time>
   </trkpt>
   <trkpt lat="48.8035740" lon="-64.2368700">
    <ele>106.6</ele>
    <time>2026-08-17T14:39:04Z</time>
   </trkpt>
   <trkpt lat="48.8035310" lon="-64.2367990">
    <ele>107.2</ele>
    <time>2026-08-17T14:39:10Z</time>
   </trkpt>
   <trkpt lat="48.8034880" lon="-64.2367150">
    <ele>107.4</ele>
    <time>2026-08-17T14:39:16Z</time>
   </trkpt>
   <trkpt lat="48.8034650" lon="-64.2366840">
    <ele>107.6</ele>
    <time>2026-08-17T14:39:18Z</time>
   </trkpt>
   <trkpt lat="48.8034270" lon="-64.2366150">
    <ele>108.0</ele>
    <time>2026-08-17T14:39:22Z</time>
   </trkpt>
   <trkpt lat="48.8033720" lon="-64.2365280">
    <ele>108.4</ele>
    <time>2026-08-17T14:39:28Z</time>
   </trkpt>
   <trkpt lat="48.8033600" lon="-64.2365050">
    <ele>108.6</ele>
    <time>2026-08-17T14:39:30Z</time>
   </trkpt>
   <trkpt lat="48.8033210" lon="-64.2364600">
    <ele>108.8</ele>
    <time>2026-08-17T14:39:34Z</time>
   </trkpt>
   <trkpt lat="48.8032660" lon="-64.2363690">
    <ele>109.4</ele>
    <time>2026-08-17T14:39:41Z</time>
   </trkpt>
   <trkpt lat="48.8032410" lon="-64.2363340">
    <ele>109.6</ele>
    <time>2026-08-17T14:39:43Z</time>
   </trkpt>
   <trkpt lat="48.8031790" lon="-64.2362550">
    <ele>110.0</ele>
    <time>2026-08-17T14:39:49Z</time>
   </trkpt>
   <trkpt lat="48.8031360" lon="-64.2362070">
    <ele>110.0</ele>
    <time>2026-08-17T14:39:54Z</time>
   </trkpt>
   <trkpt lat="48.8031150" lon="-64.2361760">
    <ele>110.0</ele>
    <time>2026-08-17T14:39:56Z</time>
   </trkpt>
   <trkpt lat="48.8030830" lon="-64.2361130">
    <ele>110.0</ele>
    <time>2026-08-17T14:40:00Z</time>
   </trkpt>
   <trkpt lat="48.8030610" lon="-64.2360620">
    <ele>110.2</ele>
    <time>2026-08-17T14:40:03Z</time>
   </trkpt>
   <trkpt lat="48.8030530" lon="-64.2360480">
    <ele>110.2</ele>
    <time>2026-08-17T14:40:04Z</time>
   </trkpt>
   <trkpt lat="48.8030350" lon="-64.2360010">
    <ele>110.6</ele>
    <time>2026-08-17T14:40:07Z</time>
   </trkpt>
   <trkpt lat="48.8029920" lon="-64.2359140">
    <ele>111.0</ele>
    <time>2026-08-17T14:40:13Z</time>
   </trkpt>
   <trkpt lat="48.8029300" lon="-64.2357860">
    <ele>111.4</ele>
    <time>2026-08-17T14:40:21Z</time>
   </trkpt>
   <trkpt lat="48.8029160" lon="-64.2357590">
    <ele>111.8</ele>
    <time>2026-08-17T14:40:23Z</time>
   </trkpt>
   <trkpt lat="48.8028710" lon="-64.2356520">
    <ele>112.8</ele>
    <time>2026-08-17T14:40:30Z</time>
   </trkpt>
   <trkpt lat="48.8027900" lon="-64.2355480">
    <ele>113.2</ele>
    <time>2026-08-17T14:40:39Z</time>
   </trkpt>
   <trkpt lat="48.8027300" lon="-64.2354990">
    <ele>112.6</ele>
    <time>2026-08-17T14:40:46Z</time>
   </trkpt>
   <trkpt lat="48.8026640" lon="-64.2354220">
    <ele>111.6</ele>
    <time>2026-08-17T14:40:52Z</time>
   </trkpt>
   <trkpt lat="48.8026570" lon="-64.2354130">
    <ele>111.6</ele>
    <time>2026-08-17T14:40:53Z</time>
   </trkpt>
   <trkpt lat="48.8025620" lon="-64.2352760">
    <ele>110.6</ele>
    <time>2026-08-17T14:41:02Z</time>
   </trkpt>
   <trkpt lat="48.8024890" lon="-64.2351940">
    <ele>110.6</ele>
    <time>2026-08-17T14:41:09Z</time>
   </trkpt>
   <trkpt lat="48.8024330" lon="-64.2351140">
    <ele>110.6</ele>
    <time>2026-08-17T14:41:16Z</time>
   </trkpt>
   <trkpt lat="48.8023920" lon="-64.2350400">
    <ele>110.8</ele>
    <time>2026-08-17T14:41:20Z</time>
   </trkpt>
   <trkpt lat="48.8023590" lon="-64.2349770">
    <ele>111.0</ele>
    <time>2026-08-17T14:41:24Z</time>
   </trkpt>
   <trkpt lat="48.8023100" lon="-64.2348760">
    <ele>111.6</ele>
    <time>2026-08-17T14:41:32Z</time>
   </trkpt>
   <trkpt lat="48.8022990" lon="-64.2348610">
    <ele>112.0</ele>
    <time>2026-08-17T14:41:33Z</time>
   </trkpt>
   <trkpt lat="48.8022480" lon="-64.2347780">
    <ele>112.6</ele>
    <time>2026-08-17T14:41:39Z</time>
   </trkpt>
   <trkpt lat="48.8022040" lon="-64.2347090">
    <ele>113.0</ele>
    <time>2026-08-17T14:41:44Z</time>
   </trkpt>
   <trkpt lat="48.8021970" lon="-64.2346940">
    <ele>113.0</ele>
    <time>2026-08-17T14:41:45Z</time>
   </trkpt>
   <trkpt lat="48.8021340" lon="-64.2345740">
    <ele>113.4</ele>
    <time>2026-08-17T14:41:52Z</time>
   </trkpt>
   <trkpt lat="48.8021130" lon="-64.2345380">
    <ele>113.4</ele>
    <time>2026-08-17T14:41:54Z</time>
   </trkpt>
   <trkpt lat="48.8020590" lon="-64.2344380">
    <ele>114.0</ele>
    <time>2026-08-17T14:42:01Z</time>
   </trkpt>
   <trkpt lat="48.8020490" lon="-64.2344220">
    <ele>114.0</ele>
    <time>2026-08-17T14:42:02Z</time>
   </trkpt>
   <trkpt lat="48.8019940" lon="-64.2343210">
    <ele>114.4</ele>
    <time>2026-08-17T14:42:09Z</time>
   </trkpt>
   <trkpt lat="48.8019220" lon="-64.2342110">
    <ele>114.8</ele>
    <time>2026-08-17T14:42:17Z</time>
   </trkpt>
   <trkpt lat="48.8018900" lon="-64.2341730">
    <ele>115.0</ele>
    <time>2026-08-17T14:42:21Z</time>
   </trkpt>
   <trkpt lat="48.8018550" lon="-64.2341150">
    <ele>114.8</ele>
    <time>2026-08-17T14:42:26Z</time>
   </trkpt>
   <trkpt lat="48.8017790" lon="-64.2340070">
    <ele>115.6</ele>
    <time>2026-08-17T14:42:34Z</time>
   </trkpt>
   <trkpt lat="48.8017080" lon="-64.2339210">
    <ele>115.8</ele>
    <time>2026-08-17T14:42:41Z</time>
   </trkpt>
   <trkpt lat="48.8016560" lon="-64.2338310">
    <ele>115.8</ele>
    <time>2026-08-17T14:42:48Z</time>
   </trkpt>
   <trkpt lat="48.8016170" lon="-64.2337760">
    <ele>116.2</ele>
    <time>2026-08-17T14:42:52Z</time>
   </trkpt>
   <trkpt lat="48.8015760" lon="-64.2337170">
    <ele>116.2</ele>
    <time>2026-08-17T14:42:57Z</time>
   </trkpt>
   <trkpt lat="48.8015160" lon="-64.2336320">
    <ele>116.8</ele>
    <time>2026-08-17T14:43:04Z</time>
   </trkpt>
   <trkpt lat="48.8014540" lon="-64.2335460">
    <ele>116.8</ele>
    <time>2026-08-17T14:43:10Z</time>
   </trkpt>
   <trkpt lat="48.8013930" lon="-64.2334470">
    <ele>117.0</ele>
    <time>2026-08-17T14:43:17Z</time>
   </trkpt>
   <trkpt lat="48.8013550" lon="-64.2333860">
    <ele>117.2</ele>
    <time>2026-08-17T14:43:22Z</time>
   </trkpt>
   <trkpt lat="48.8013320" lon="-64.2333440">
    <ele>117.2</ele>
    <time>2026-08-17T14:43:25Z</time>
   </trkpt>
   <trkpt lat="48.8012850" lon="-64.2332530">
    <ele>118.4</ele>
    <time>2026-08-17T14:43:31Z</time>
   </trkpt>
   <trkpt lat="48.8012710" lon="-64.2332220">
    <ele>118.6</ele>
    <time>2026-08-17T14:43:33Z</time>
   </trkpt>
   <trkpt lat="48.8012490" lon="-64.2331570">
    <ele>119.4</ele>
    <time>2026-08-17T14:43:37Z</time>
   </trkpt>
   <trkpt lat="48.8012210" lon="-64.2331120">
    <ele>120.0</ele>
    <time>2026-08-17T14:43:40Z</time>
   </trkpt>
   <trkpt lat="48.8011930" lon="-64.2330630">
    <ele>120.2</ele>
    <time>2026-08-17T14:43:43Z</time>
   </trkpt>
   <trkpt lat="48.8011650" lon="-64.2330170">
    <ele>120.4</ele>
    <time>2026-08-17T14:43:47Z</time>
   </trkpt>
   <trkpt lat="48.8010980" lon="-64.2329190">
    <ele>120.6</ele>
    <time>2026-08-17T14:43:54Z</time>
   </trkpt>
   <trkpt lat="48.8010500" lon="-64.2328410">
    <ele>121.0</ele>
    <time>2026-08-17T14:44:01Z</time>
   </trkpt>
   <trkpt lat="48.8009870" lon="-64.2327630">
    <ele>121.4</ele>
    <time>2026-08-17T14:44:08Z</time>
   </trkpt>
   <trkpt lat="48.8009780" lon="-64.2327490">
    <ele>121.4</ele>
    <time>2026-08-17T14:44:09Z</time>
   </trkpt>
   <trkpt lat="48.8009430" lon="-64.2326910">
    <ele>121.8</ele>
    <time>2026-08-17T14:44:13Z</time>
   </trkpt>
   <trkpt lat="48.8009110" lon="-64.2326280">
    <ele>121.8</ele>
    <time>2026-08-17T14:44:17Z</time>
   </trkpt>
   <trkpt lat="48.8008470" lon="-64.2325160">
    <ele>122.4</ele>
    <time>2026-08-17T14:44:24Z</time>
   </trkpt>
   <trkpt lat="48.8007780" lon="-64.2324020">
    <ele>123.2</ele>
    <time>2026-08-17T14:44:32Z</time>
   </trkpt>
   <trkpt lat="48.8007600" lon="-64.2323510">
    <ele>123.6</ele>
    <time>2026-08-17T14:44:36Z</time>
   </trkpt>
   <trkpt lat="48.8007250" lon="-64.2323020">
    <ele>124.0</ele>
    <time>2026-08-17T14:44:39Z</time>
   </trkpt>
   <trkpt lat="48.8006520" lon="-64.2321890">
    <ele>124.6</ele>
    <time>2026-08-17T14:44:47Z</time>
   </trkpt>
   <trkpt lat="48.8005800" lon="-64.2320710">
    <ele>125.4</ele>
    <time>2026-08-17T14:44:55Z</time>
   </trkpt>
   <trkpt lat="48.8005440" lon="-64.2320190">
    <ele>125.8</ele>
    <time>2026-08-17T14:44:59Z</time>
   </trkpt>
   <trkpt lat="48.8005180" lon="-64.2319770">
    <ele>125.8</ele>
    <time>2026-08-17T14:45:02Z</time>
   </trkpt>
   <trkpt lat="48.8004680" lon="-64.2318750">
    <ele>126.4</ele>
    <time>2026-08-17T14:45:08Z</time>
   </trkpt>
   <trkpt lat="48.8004560" lon="-64.2318410">
    <ele>126.8</ele>
    <time>2026-08-17T14:45:10Z</time>
   </trkpt>
   <trkpt lat="48.8004200" lon="-64.2317790">
    <ele>127.0</ele>
    <time>2026-08-17T14:45:15Z</time>
   </trkpt>
   <trkpt lat="48.8003720" lon="-64.2317220">
    <ele>127.0</ele>
    <time>2026-08-17T14:45:21Z</time>
   </trkpt>
   <trkpt lat="48.8003620" lon="-64.2317070">
    <ele>127.0</ele>
    <time>2026-08-17T14:45:22Z</time>
   </trkpt>
   <trkpt lat="48.8002910" lon="-64.2316050">
    <ele>126.8</ele>
    <time>2026-08-17T14:45:30Z</time>
   </trkpt>
   <trkpt lat="48.8002670" lon="-64.2315460">
    <ele>127.0</ele>
    <time>2026-08-17T14:45:34Z</time>
   </trkpt>
   <trkpt lat="48.8002410" lon="-64.2314730">
    <ele>127.4</ele>
    <time>2026-08-17T14:45:38Z</time>
   </trkpt>
   <trkpt lat="48.8002080" lon="-64.2314020">
    <ele>127.8</ele>
    <time>2026-08-17T14:45:42Z</time>
   </trkpt>
   <trkpt lat="48.8001790" lon="-64.2313440">
    <ele>128.0</ele>
    <time>2026-08-17T14:45:46Z</time>
   </trkpt>
   <trkpt lat="48.8001430" lon="-64.2312740">
    <ele>128.4</ele>
    <time>2026-08-17T14:45:51Z</time>
   </trkpt>
   <trkpt lat="48.8001370" lon="-64.2312620">
    <ele>128.6</ele>
    <time>2026-08-17T14:45:52Z</time>
   </trkpt>
   <trkpt lat="48.8001130" lon="-64.2312100">
    <ele>128.8</ele>
    <time>2026-08-17T14:45:56Z</time>
   </trkpt>
   <trkpt lat="48.8000870" lon="-64.2311620">
    <ele>129.2</ele>
    <time>2026-08-17T14:46:00Z</time>
   </trkpt>
   <trkpt lat="48.8000140" lon="-64.2310280">
    <ele>129.8</ele>
    <time>2026-08-17T14:46:10Z</time>
   </trkpt>
   <trkpt lat="48.7999700" lon="-64.2309830">
    <ele>129.8</ele>
    <time>2026-08-17T14:46:13Z</time>
   </trkpt>
   <trkpt lat="48.8001490" lon="-64.2212310">
    <ele>83.6</ele>
    <time>2026-08-17T15:04:32Z</time>
   </trkpt>
   <trkpt lat="48.8001560" lon="-64.2212260">
    <ele>83.8</ele>
    <time>2026-08-17T15:04:33Z</time>
   </trkpt>
   <trkpt lat="48.8002190" lon="-64.2212150">
    <ele>84.8</ele>
    <time>2026-08-17T15:04:38Z</time>
   </trkpt>
   <trkpt lat="48.8002450" lon="-64.2212120">
    <ele>85.2</ele>
    <time>2026-08-17T15:04:40Z</time>
   </trkpt>
   <trkpt lat="48.8002760" lon="-64.2211980">
    <ele>86.0</ele>
    <time>2026-08-17T15:04:43Z</time>
   </trkpt>
   <trkpt lat="48.8002860" lon="-64.2211930">
    <ele>86.2</ele>
    <time>2026-08-17T15:04:44Z</time>
   </trkpt>
   <trkpt lat="48.8003210" lon="-64.2211760">
    <ele>86.4</ele>
    <time>2026-08-17T15:04:47Z</time>
   </trkpt>
   <trkpt lat="48.8003660" lon="-64.2211670">
    <ele>87.0</ele>
    <time>2026-08-17T15:04:51Z</time>
   </trkpt>
   <trkpt lat="48.8003870" lon="-64.2211620">
    <ele>87.4</ele>
    <time>2026-08-17T15:04:53Z</time>
   </trkpt>
   <trkpt lat="48.8004180" lon="-64.2211480">
    <ele>87.6</ele>
    <time>2026-08-17T15:04:55Z</time>
   </trkpt>
   <trkpt lat="48.8004640" lon="-64.2211390">
    <ele>88.0</ele>
    <time>2026-08-17T15:04:58Z</time>
   </trkpt>
   <trkpt lat="48.8004770" lon="-64.2211370">
    <ele>88.2</ele>
    <time>2026-08-17T15:04:59Z</time>
   </trkpt>
   <trkpt lat="48.8005000" lon="-64.2211290">
    <ele>88.4</ele>
    <time>2026-08-17T15:05:02Z</time>
   </trkpt>
   <trkpt lat="48.8005700" lon="-64.2211240">
    <ele>89.2</ele>
    <time>2026-08-17T15:05:08Z</time>
   </trkpt>
   <trkpt lat="48.8006050" lon="-64.2211160">
    <ele>89.4</ele>
    <time>2026-08-17T15:05:10Z</time>
   </trkpt>
   <trkpt lat="48.8006870" lon="-64.2211200">
    <ele>90.2</ele>
    <time>2026-08-17T15:05:17Z</time>
   </trkpt>
   <trkpt lat="48.8006930" lon="-64.2211210">
    <ele>90.2</ele>
    <time>2026-08-17T15:05:18Z</time>
   </trkpt>
   <trkpt lat="48.8007460" lon="-64.2211030">
    <ele>90.8</ele>
    <time>2026-08-17T15:05:22Z</time>
   </trkpt>
   <trkpt lat="48.8007780" lon="-64.2210930">
    <ele>91.4</ele>
    <time>2026-08-17T15:05:25Z</time>
   </trkpt>
   <trkpt lat="48.8008240" lon="-64.2210840">
    <ele>91.6</ele>
    <time>2026-08-17T15:05:28Z</time>
   </trkpt>
   <trkpt lat="48.8008930" lon="-64.2210710">
    <ele>92.4</ele>
    <time>2026-08-17T15:05:33Z</time>
   </trkpt>
   <trkpt lat="48.8009000" lon="-64.2210720">
    <ele>92.6</ele>
    <time>2026-08-17T15:05:34Z</time>
   </trkpt>
   <trkpt lat="48.8009730" lon="-64.2210630">
    <ele>93.4</ele>
    <time>2026-08-17T15:05:40Z</time>
   </trkpt>
   <trkpt lat="48.8009850" lon="-64.2210640">
    <ele>93.4</ele>
    <time>2026-08-17T15:05:41Z</time>
   </trkpt>
   <trkpt lat="48.8010580" lon="-64.2210490">
    <ele>94.6</ele>
    <time>2026-08-17T15:05:49Z</time>
   </trkpt>
   <trkpt lat="48.8011470" lon="-64.2210210">
    <ele>95.2</ele>
    <time>2026-08-17T15:05:56Z</time>
   </trkpt>
   <trkpt lat="48.8011670" lon="-64.2210170">
    <ele>95.6</ele>
    <time>2026-08-17T15:05:58Z</time>
   </trkpt>
   <trkpt lat="48.8012510" lon="-64.2210000">
    <ele>96.4</ele>
    <time>2026-08-17T15:06:05Z</time>
   </trkpt>
   <trkpt lat="48.8012730" lon="-64.2209950">
    <ele>96.6</ele>
    <time>2026-08-17T15:06:07Z</time>
   </trkpt>
   <trkpt lat="48.8013220" lon="-64.2209870">
    <ele>96.8</ele>
    <time>2026-08-17T15:06:11Z</time>
   </trkpt>
   <trkpt lat="48.8014400" lon="-64.2209620">
    <ele>96.8</ele>
    <time>2026-08-17T15:06:20Z</time>
   </trkpt>
   <trkpt lat="48.8015070" lon="-64.2209370">
    <ele>97.0</ele>
    <time>2026-08-17T15:06:25Z</time>
   </trkpt>
   <trkpt lat="48.8015390" lon="-64.2209260">
    <ele>97.2</ele>
    <time>2026-08-17T15:06:28Z</time>
   </trkpt>
   <trkpt lat="48.8015930" lon="-64.2208920">
    <ele>97.8</ele>
    <time>2026-08-17T15:06:33Z</time>
   </trkpt>
   <trkpt lat="48.8016420" lon="-64.2208750">
    <ele>98.6</ele>
    <time>2026-08-17T15:06:37Z</time>
   </trkpt>
   <trkpt lat="48.8016750" lon="-64.2208640">
    <ele>98.8</ele>
    <time>2026-08-17T15:06:39Z</time>
   </trkpt>
   <trkpt lat="48.8017220" lon="-64.2208390">
    <ele>99.0</ele>
    <time>2026-08-17T15:06:43Z</time>
   </trkpt>
   <trkpt lat="48.8018020" lon="-64.2207980">
    <ele>99.0</ele>
    <time>2026-08-17T15:06:49Z</time>
   </trkpt>
   <trkpt lat="48.8018670" lon="-64.2207760">
    <ele>99.0</ele>
    <time>2026-08-17T15:06:55Z</time>
   </trkpt>
   <trkpt lat="48.8019520" lon="-64.2207360">
    <ele>99.0</ele>
    <time>2026-08-17T15:07:01Z</time>
   </trkpt>
   <trkpt lat="48.8020370" lon="-64.2206910">
    <ele>99.4</ele>
    <time>2026-08-17T15:07:08Z</time>
   </trkpt>
   <trkpt lat="48.8021270" lon="-64.2206540">
    <ele>99.2</ele>
    <time>2026-08-17T15:07:16Z</time>
   </trkpt>
   <trkpt lat="48.8022320" lon="-64.2206120">
    <ele>99.8</ele>
    <time>2026-08-17T15:07:25Z</time>
   </trkpt>
   <trkpt lat="48.8022420" lon="-64.2206080">
    <ele>99.8</ele>
    <time>2026-08-17T15:07:26Z</time>
   </trkpt>
   <trkpt lat="48.8023210" lon="-64.2205870">
    <ele>100.4</ele>
    <time>2026-08-17T15:07:32Z</time>
   </trkpt>
   <trkpt lat="48.8023480" lon="-64.2205860">
    <ele>101.0</ele>
    <time>2026-08-17T15:07:35Z</time>
   </trkpt>
   <trkpt lat="48.8023910" lon="-64.2205870">
    <ele>101.6</ele>
    <time>2026-08-17T15:07:39Z</time>
   </trkpt>
   <trkpt lat="48.8024380" lon="-64.2205790">
    <ele>102.2</ele>
    <time>2026-08-17T15:07:43Z</time>
   </trkpt>
   <trkpt lat="48.8025050" lon="-64.2205650">
    <ele>103.0</ele>
    <time>2026-08-17T15:07:49Z</time>
   </trkpt>
   <trkpt lat="48.8025210" lon="-64.2205570">
    <ele>103.4</ele>
    <time>2026-08-17T15:07:50Z</time>
   </trkpt>
   <trkpt lat="48.8025650" lon="-64.2205410">
    <ele>104.4</ele>
    <time>2026-08-17T15:07:56Z</time>
   </trkpt>
   <trkpt lat="48.8025790" lon="-64.2205370">
    <ele>104.6</ele>
    <time>2026-08-17T15:07:57Z</time>
   </trkpt>
   <trkpt lat="48.8026210" lon="-64.2205330">
    <ele>105.6</ele>
    <time>2026-08-17T15:08:01Z</time>
   </trkpt>
   <trkpt lat="48.8026800" lon="-64.2205410">
    <ele>106.0</ele>
    <time>2026-08-17T15:08:06Z</time>
   </trkpt>
   <trkpt lat="48.8027020" lon="-64.2205430">
    <ele>106.6</ele>
    <time>2026-08-17T15:08:09Z</time>
   </trkpt>
   <trkpt lat="48.8027310" lon="-64.2205410">
    <ele>107.2</ele>
    <time>2026-08-17T15:08:12Z</time>
   </trkpt>
   <trkpt lat="48.8027840" lon="-64.2205300">
    <ele>107.8</ele>
    <time>2026-08-17T15:08:16Z</time>
   </trkpt>
   <trkpt lat="48.8028610" lon="-64.2205230">
    <ele>108.6</ele>
    <time>2026-08-17T15:08:21Z</time>
   </trkpt>
   <trkpt lat="48.8028720" lon="-64.2205250">
    <ele>108.8</ele>
    <time>2026-08-17T15:08:22Z</time>
   </trkpt>
   <trkpt lat="48.8028990" lon="-64.2205260">
    <ele>109.4</ele>
    <time>2026-08-17T15:08:25Z</time>
   </trkpt>
   <trkpt lat="48.8029170" lon="-64.2205260">
    <ele>109.8</ele>
    <time>2026-08-17T15:08:27Z</time>
   </trkpt>
   <trkpt lat="48.8029470" lon="-64.2205230">
    <ele>110.6</ele>
    <time>2026-08-17T15:08:30Z</time>
   </trkpt>
   <trkpt lat="48.8029660" lon="-64.2205230">
    <ele>111.0</ele>
    <time>2026-08-17T15:08:32Z</time>
   </trkpt>
   <trkpt lat="48.8030090" lon="-64.2205300">
    <ele>111.8</ele>
    <time>2026-08-17T15:08:36Z</time>
   </trkpt>
   <trkpt lat="48.8030210" lon="-64.2205330">
    <ele>112.0</ele>
    <time>2026-08-17T15:08:37Z</time>
   </trkpt>
   <trkpt lat="48.8030790" lon="-64.2205370">
    <ele>113.4</ele>
    <time>2026-08-17T15:08:42Z</time>
   </trkpt>
   <trkpt lat="48.8030970" lon="-64.2205480">
    <ele>113.8</ele>
    <time>2026-08-17T15:08:44Z</time>
   </trkpt>
   <trkpt lat="48.8031180" lon="-64.2205460">
    <ele>114.4</ele>
    <time>2026-08-17T15:08:46Z</time>
   </trkpt>
   <trkpt lat="48.8031800" lon="-64.2205300">
    <ele>115.6</ele>
    <time>2026-08-17T15:08:51Z</time>
   </trkpt>
   <trkpt lat="48.8032060" lon="-64.2205170">
    <ele>116.0</ele>
    <time>2026-08-17T15:08:53Z</time>
   </trkpt>
   <trkpt lat="48.8032370" lon="-64.2205080">
    <ele>116.6</ele>
    <time>2026-08-17T15:08:56Z</time>
   </trkpt>
   <trkpt lat="48.8032920" lon="-64.2204880">
    <ele>117.8</ele>
    <time>2026-08-17T15:09:01Z</time>
   </trkpt>
   <trkpt lat="48.8033470" lon="-64.2204680">
    <ele>119.0</ele>
    <time>2026-08-17T15:09:06Z</time>
   </trkpt>
   <trkpt lat="48.8033720" lon="-64.2204570">
    <ele>119.4</ele>
    <time>2026-08-17T15:09:08Z</time>
   </trkpt>
   <trkpt lat="48.8034070" lon="-64.2204540">
    <ele>120.0</ele>
    <time>2026-08-17T15:09:11Z</time>
   </trkpt>
   <trkpt lat="48.8034620" lon="-64.2204410">
    <ele>121.0</ele>
    <time>2026-08-17T15:09:16Z</time>
   </trkpt>
   <trkpt lat="48.8034710" lon="-64.2204380">
    <ele>121.2</ele>
    <time>2026-08-17T15:09:17Z</time>
   </trkpt>
   <trkpt lat="48.8035320" lon="-64.2204300">
    <ele>122.2</ele>
    <time>2026-08-17T15:09:22Z</time>
   </trkpt>
   <trkpt lat="48.8035560" lon="-64.2204260">
    <ele>122.8</ele>
    <time>2026-08-17T15:09:24Z</time>
   </trkpt>
   <trkpt lat="48.8035940" lon="-64.2204090">
    <ele>123.4</ele>
    <time>2026-08-17T15:09:27Z</time>
   </trkpt>
   <trkpt lat="48.8036470" lon="-64.2203880">
    <ele>124.6</ele>
    <time>2026-08-17T15:09:31Z</time>
   </trkpt>
   <trkpt lat="48.8036560" lon="-64.2203870">
    <ele>124.8</ele>
    <time>2026-08-17T15:09:32Z</time>
   </trkpt>
   <trkpt lat="48.8037080" lon="-64.2203820">
    <ele>125.8</ele>
    <time>2026-08-17T15:09:36Z</time>
   </trkpt>
   <trkpt lat="48.8037510" lon="-64.2203790">
    <ele>126.8</ele>
    <time>2026-08-17T15:09:40Z</time>
   </trkpt>
   <trkpt lat="48.8037600" lon="-64.2203820">
    <ele>127.0</ele>
    <time>2026-08-17T15:09:41Z</time>
   </trkpt>
   <trkpt lat="48.8038230" lon="-64.2203790">
    <ele>128.0</ele>
    <time>2026-08-17T15:09:46Z</time>
   </trkpt>
   <trkpt lat="48.8038470" lon="-64.2203740">
    <ele>128.6</ele>
    <time>2026-08-17T15:09:49Z</time>
   </trkpt>
   <trkpt lat="48.8038930" lon="-64.2203660">
    <ele>129.0</ele>
    <time>2026-08-17T15:09:52Z</time>
   </trkpt>
   <trkpt lat="48.8039580" lon="-64.2203770">
    <ele>130.2</ele>
    <time>2026-08-17T15:09:57Z</time>
   </trkpt>
   <trkpt lat="48.8039680" lon="-64.2203800">
    <ele>130.4</ele>
    <time>2026-08-17T15:09:58Z</time>
   </trkpt>
   <trkpt lat="48.8039960" lon="-64.2203890">
    <ele>131.2</ele>
    <time>2026-08-17T15:10:02Z</time>
   </trkpt>
   <trkpt lat="48.8040270" lon="-64.2204020">
    <ele>131.8</ele>
    <time>2026-08-17T15:10:05Z</time>
   </trkpt>
   <trkpt lat="48.8040590" lon="-64.2204140">
    <ele>132.2</ele>
    <time>2026-08-17T15:10:08Z</time>
   </trkpt>
   <trkpt lat="48.8041050" lon="-64.2204360">
    <ele>132.6</ele>
    <time>2026-08-17T15:10:13Z</time>
   </trkpt>
   <trkpt lat="48.8041550" lon="-64.2204470">
    <ele>133.4</ele>
    <time>2026-08-17T15:10:18Z</time>
   </trkpt>
   <trkpt lat="48.8041760" lon="-64.2204240">
    <ele>134.0</ele>
    <time>2026-08-17T15:10:21Z</time>
   </trkpt>
   <trkpt lat="48.8041830" lon="-64.2204070">
    <ele>134.0</ele>
    <time>2026-08-17T15:10:22Z</time>
   </trkpt>
   <trkpt lat="48.8042320" lon="-64.2203210">
    <ele>133.8</ele>
    <time>2026-08-17T15:10:27Z</time>
   </trkpt>
   <trkpt lat="48.8042730" lon="-64.2202880">
    <ele>134.2</ele>
    <time>2026-08-17T15:10:33Z</time>
   </trkpt>
   <trkpt lat="48.8042770" lon="-64.2202850">
    <ele>134.4</ele>
    <time>2026-08-17T15:10:34Z</time>
   </trkpt>
   <trkpt lat="48.8042800" lon="-64.2202850">
    <ele>134.4</ele>
    <time>2026-08-17T15:10:35Z</time>
   </trkpt>
   <trkpt lat="48.8042810" lon="-64.2202840">
    <ele>134.4</ele>
    <time>2026-08-17T15:10:40Z</time>
   </trkpt>
   <trkpt lat="48.8042810" lon="-64.2202840">
    <ele>134.4</ele>
    <time>2026-08-17T15:10:41Z</time>
   </trkpt>
   <trkpt lat="48.8042810" lon="-64.2202840">
    <ele>134.4</ele>
    <time>2026-08-17T15:10:43Z</time>
   </trkpt>
   <trkpt lat="48.8042810" lon="-64.2202840">
    <ele>134.2</ele>
    <time>2026-08-17T15:10:48Z</time>
   </trkpt>
   <trkpt lat="48.8042800" lon="-64.2202830">
    <ele>134.2</ele>
    <time>2026-08-17T15:10:49Z</time>
   </trkpt>
   <trkpt lat="48.8042740" lon="-64.2202880">
    <ele>134.2</ele>
    <time>2026-08-17T15:10:50Z</time>
   </trkpt>
   <trkpt lat="48.8042700" lon="-64.2202890">
    <ele>134.2</ele>
    <time>2026-08-17T15:10:51Z</time>
   </trkpt>
   <trkpt lat="48.8042650" lon="-64.2202890">
    <ele>134.2</ele>
    <time>2026-08-17T15:10:52Z</time>
   </trkpt>
   <trkpt lat="48.8042560" lon="-64.2202910">
    <ele>134.2</ele>
    <time>2026-08-17T15:10:54Z</time>
   </trkpt>
   <trkpt lat="48.8041960" lon="-64.2203590">
    <ele>133.8</ele>
    <time>2026-08-17T15:10:59Z</time>
   </trkpt>
   <trkpt lat="48.8041960" lon="-64.2204400">
    <ele>133.4</ele>
    <time>2026-08-17T15:11:04Z</time>
   </trkpt>
   <trkpt lat="48.8042840" lon="-64.2205070">
    <ele>134.2</ele>
    <time>2026-08-17T15:11:14Z</time>
   </trkpt>
   <trkpt lat="48.8043500" lon="-64.2205190">
    <ele>134.4</ele>
    <time>2026-08-17T15:11:20Z</time>
   </trkpt>
   <trkpt lat="48.8043720" lon="-64.2205200">
    <ele>134.2</ele>
    <time>2026-08-17T15:11:22Z</time>
   </trkpt>
   <trkpt lat="48.8044300" lon="-64.2205330">
    <ele>133.4</ele>
    <time>2026-08-17T15:11:29Z</time>
   </trkpt>
   <trkpt lat="48.8044390" lon="-64.2205370">
    <ele>133.2</ele>
    <time>2026-08-17T15:11:30Z</time>
   </trkpt>
   <trkpt lat="48.8044640" lon="-64.2205820">
    <ele>132.4</ele>
    <time>2026-08-17T15:11:37Z</time>
   </trkpt>
   <trkpt lat="48.8044680" lon="-64.2205870">
    <ele>132.0</ele>
    <time>2026-08-17T15:11:38Z</time>
   </trkpt>
   <trkpt lat="48.8044870" lon="-64.2206100">
    <ele>131.2</ele>
    <time>2026-08-17T15:11:42Z</time>
   </trkpt>
   <trkpt lat="48.8045000" lon="-64.2206600">
    <ele>130.4</ele>
    <time>2026-08-17T15:11:47Z</time>
   </trkpt>
   <trkpt lat="48.8045050" lon="-64.2206790">
    <ele>130.0</ele>
    <time>2026-08-17T15:11:49Z</time>
   </trkpt>
   <trkpt lat="48.8045320" lon="-64.2207090">
    <ele>129.0</ele>
    <time>2026-08-17T15:11:54Z</time>
   </trkpt>
   <trkpt lat="48.8045390" lon="-64.2207150">
    <ele>128.8</ele>
    <time>2026-08-17T15:11:55Z</time>
   </trkpt>
   <trkpt lat="48.8045980" lon="-64.2207500">
    <ele>128.0</ele>
    <time>2026-08-17T15:12:01Z</time>
   </trkpt>
   <trkpt lat="48.8046250" lon="-64.2207560">
    <ele>127.6</ele>
    <time>2026-08-17T15:12:03Z</time>
   </trkpt>
   <trkpt lat="48.8046610" lon="-64.2207830">
    <ele>126.6</ele>
    <time>2026-08-17T15:12:06Z</time>
   </trkpt>
   <trkpt lat="48.8047000" lon="-64.2208430">
    <ele>125.8</ele>
    <time>2026-08-17T15:12:10Z</time>
   </trkpt>
   <trkpt lat="48.8047150" lon="-64.2208730">
    <ele>125.4</ele>
    <time>2026-08-17T15:12:12Z</time>
   </trkpt>
   <trkpt lat="48.8047610" lon="-64.2209360">
    <ele>124.4</ele>
    <time>2026-08-17T15:12:17Z</time>
   </trkpt>
   <trkpt lat="48.8047680" lon="-64.2209450">
    <ele>124.2</ele>
    <time>2026-08-17T15:12:18Z</time>
   </trkpt>
   <trkpt lat="48.8047920" lon="-64.2209960">
    <ele>123.2</ele>
    <time>2026-08-17T15:12:23Z</time>
   </trkpt>
   <trkpt lat="48.8047980" lon="-64.2210110">
    <ele>123.2</ele>
    <time>2026-08-17T15:12:24Z</time>
   </trkpt>
   <trkpt lat="48.8048710" lon="-64.2210960">
    <ele>122.2</ele>
    <time>2026-08-17T15:12:30Z</time>
   </trkpt>
   <trkpt lat="48.8048910" lon="-64.2211100">
    <ele>122.0</ele>
    <time>2026-08-17T15:12:32Z</time>
   </trkpt>
   <trkpt lat="48.8049210" lon="-64.2211410">
    <ele>121.6</ele>
    <time>2026-08-17T15:12:36Z</time>
   </trkpt>
   <trkpt lat="48.8049770" lon="-64.2212210">
    <ele>121.0</ele>
    <time>2026-08-17T15:12:41Z</time>
   </trkpt>
   <trkpt lat="48.8049960" lon="-64.2212540">
    <ele>121.0</ele>
    <time>2026-08-17T15:12:43Z</time>
   </trkpt>
   <trkpt lat="48.8050650" lon="-64.2213400">
    <ele>120.0</ele>
    <time>2026-08-17T15:12:51Z</time>
   </trkpt>
   <trkpt lat="48.8050750" lon="-64.2213460">
    <ele>119.8</ele>
    <time>2026-08-17T15:12:52Z</time>
   </trkpt>
   <trkpt lat="48.8051180" lon="-64.2213940">
    <ele>118.8</ele>
    <time>2026-08-17T15:12:57Z</time>
   </trkpt>
   <trkpt lat="48.8051360" lon="-64.2214090">
    <ele>118.6</ele>
    <time>2026-08-17T15:12:59Z</time>
   </trkpt>
   <trkpt lat="48.8051640" lon="-64.2214230">
    <ele>117.8</ele>
    <time>2026-08-17T15:13:03Z</time>
   </trkpt>
   <trkpt lat="48.8051680" lon="-64.2214580">
    <ele>116.8</ele>
    <time>2026-08-17T15:13:07Z</time>
   </trkpt>
   <trkpt lat="48.8051720" lon="-64.2214620">
    <ele>116.6</ele>
    <time>2026-08-17T15:13:08Z</time>
   </trkpt>
   <trkpt lat="48.8051800" lon="-64.2214680">
    <ele>116.0</ele>
    <time>2026-08-17T15:13:13Z</time>
   </trkpt>
   <trkpt lat="48.8051880" lon="-64.2214740">
    <ele>115.6</ele>
    <time>2026-08-17T15:13:15Z</time>
   </trkpt>
   <trkpt lat="48.8051950" lon="-64.2214780">
    <ele>115.2</ele>
    <time>2026-08-17T15:13:17Z</time>
   </trkpt>
   <trkpt lat="48.8052220" lon="-64.2214800">
    <ele>114.4</ele>
    <time>2026-08-17T15:13:21Z</time>
   </trkpt>
   <trkpt lat="48.8052450" lon="-64.2214870">
    <ele>113.4</ele>
    <time>2026-08-17T15:13:26Z</time>
   </trkpt>
   <trkpt lat="48.8052510" lon="-64.2214890">
    <ele>113.2</ele>
    <time>2026-08-17T15:13:27Z</time>
   </trkpt>
   <trkpt lat="48.8052890" lon="-64.2215110">
    <ele>112.2</ele>
    <time>2026-08-17T15:13:31Z</time>
   </trkpt>
   <trkpt lat="48.8053200" lon="-64.2215340">
    <ele>111.4</ele>
    <time>2026-08-17T15:13:35Z</time>
   </trkpt>
   <trkpt lat="48.8053320" lon="-64.2215450">
    <ele>111.2</ele>
    <time>2026-08-17T15:13:37Z</time>
   </trkpt>
   <trkpt lat="48.8053900" lon="-64.2215710">
    <ele>110.0</ele>
    <time>2026-08-17T15:13:43Z</time>
   </trkpt>
   <trkpt lat="48.8054180" lon="-64.2215950">
    <ele>109.6</ele>
    <time>2026-08-17T15:13:46Z</time>
   </trkpt>
   <trkpt lat="48.8054330" lon="-64.2216210">
    <ele>109.0</ele>
    <time>2026-08-17T15:13:48Z</time>
   </trkpt>
   <trkpt lat="48.8054800" lon="-64.2216600">
    <ele>108.0</ele>
    <time>2026-08-17T15:13:53Z</time>
   </trkpt>
   <trkpt lat="48.8054980" lon="-64.2216670">
    <ele>107.6</ele>
    <time>2026-08-17T15:13:55Z</time>
   </trkpt>
   <trkpt lat="48.8055290" lon="-64.2216780">
    <ele>106.8</ele>
    <time>2026-08-17T15:13:58Z</time>
   </trkpt>
   <trkpt lat="48.8055790" lon="-64.2217130">
    <ele>105.8</ele>
    <time>2026-08-17T15:14:03Z</time>
   </trkpt>
   <trkpt lat="48.8055990" lon="-64.2217180">
    <ele>105.4</ele>
    <time>2026-08-17T15:14:05Z</time>
   </trkpt>
   <trkpt lat="48.8056280" lon="-64.2217370">
    <ele>104.6</ele>
    <time>2026-08-17T15:14:08Z</time>
   </trkpt>
   <trkpt lat="48.8056620" lon="-64.2217500">
    <ele>103.4</ele>
    <time>2026-08-17T15:14:12Z</time>
   </trkpt>
   <trkpt lat="48.8056880" lon="-64.2217560">
    <ele>102.8</ele>
    <time>2026-08-17T15:14:14Z</time>
   </trkpt>
   <trkpt lat="48.8056990" lon="-64.2217600">
    <ele>102.4</ele>
    <time>2026-08-17T15:14:15Z</time>
   </trkpt>
   <trkpt lat="48.8057390" lon="-64.2217740">
    <ele>101.2</ele>
    <time>2026-08-17T15:14:20Z</time>
   </trkpt>
   <trkpt lat="48.8057530" lon="-64.2217830">
    <ele>100.6</ele>
    <time>2026-08-17T15:14:24Z</time>
   </trkpt>
   <trkpt lat="48.8057660" lon="-64.2217890">
    <ele>100.0</ele>
    <time>2026-08-17T15:14:26Z</time>
   </trkpt>
   <trkpt lat="48.8058160" lon="-64.2218100">
    <ele>99.0</ele>
    <time>2026-08-17T15:14:30Z</time>
   </trkpt>
   <trkpt lat="48.8058270" lon="-64.2218260">
    <ele>98.4</ele>
    <time>2026-08-17T15:14:33Z</time>
   </trkpt>
   <trkpt lat="48.8058300" lon="-64.2218340">
    <ele>98.0</ele>
    <time>2026-08-17T15:14:35Z</time>
   </trkpt>
   <trkpt lat="48.8058600" lon="-64.2218330">
    <ele>97.2</ele>
    <time>2026-08-17T15:14:39Z</time>
   </trkpt>
   <trkpt lat="48.8058770" lon="-64.2218300">
    <ele>96.8</ele>
    <time>2026-08-17T15:14:41Z</time>
   </trkpt>
   <trkpt lat="48.8059130" lon="-64.2218200">
    <ele>95.8</ele>
    <time>2026-08-17T15:14:47Z</time>
   </trkpt>
   <trkpt lat="48.8059250" lon="-64.2218190">
    <ele>95.6</ele>
    <time>2026-08-17T15:14:48Z</time>
   </trkpt>
   <trkpt lat="48.8059580" lon="-64.2218260">
    <ele>94.6</ele>
    <time>2026-08-17T15:14:52Z</time>
   </trkpt>
   <trkpt lat="48.8059690" lon="-64.2218260">
    <ele>93.8</ele>
    <time>2026-08-17T15:14:54Z</time>
   </trkpt>
   <trkpt lat="48.8059760" lon="-64.2218250">
    <ele>93.6</ele>
    <time>2026-08-17T15:14:55Z</time>
   </trkpt>
   <trkpt lat="48.8060040" lon="-64.2218320">
    <ele>92.4</ele>
    <time>2026-08-17T15:14:59Z</time>
   </trkpt>
   <trkpt lat="48.8060290" lon="-64.2218390">
    <ele>91.6</ele>
    <time>2026-08-17T15:15:03Z</time>
   </trkpt>
   <trkpt lat="48.8060330" lon="-64.2218430">
    <ele>91.2</ele>
    <time>2026-08-17T15:15:04Z</time>
   </trkpt>
   <trkpt lat="48.8060400" lon="-64.2218480">
    <ele>91.0</ele>
    <time>2026-08-17T15:15:05Z</time>
   </trkpt>
   <trkpt lat="48.8060580" lon="-64.2218540">
    <ele>90.4</ele>
    <time>2026-08-17T15:15:07Z</time>
   </trkpt>
   <trkpt lat="48.8060630" lon="-64.2218570">
    <ele>90.2</ele>
    <time>2026-08-17T15:15:08Z</time>
   </trkpt>
   <trkpt lat="48.8060730" lon="-64.2218570">
    <ele>89.6</ele>
    <time>2026-08-17T15:15:10Z</time>
   </trkpt>
   <trkpt lat="48.8060780" lon="-64.2218500">
    <ele>89.0</ele>
    <time>2026-08-17T15:15:13Z</time>
   </trkpt>
   <trkpt lat="48.8060820" lon="-64.2218400">
    <ele>89.0</ele>
    <time>2026-08-17T15:15:20Z</time>
   </trkpt>
   <trkpt lat="48.8060770" lon="-64.2218260">
    <ele>89.0</ele>
    <time>2026-08-17T15:15:29Z</time>
   </trkpt>
   <trkpt lat="48.8060800" lon="-64.2218260">
    <ele>89.0</ele>
    <time>2026-08-17T15:15:30Z</time>
   </trkpt>
   <trkpt lat="48.8060800" lon="-64.2218280">
    <ele>89.0</ele>
    <time>2026-08-17T15:15:31Z</time>
   </trkpt>
   <trkpt lat="48.8060790" lon="-64.2218340">
    <ele>89.0</ele>
    <time>2026-08-17T15:15:33Z</time>
   </trkpt>
   <trkpt lat="48.8060770" lon="-64.2218380">
    <ele>89.2</ele>
    <time>2026-08-17T15:15:34Z</time>
   </trkpt>
   <trkpt lat="48.8060720" lon="-64.2218480">
    <ele>89.2</ele>
    <time>2026-08-17T15:15:36Z</time>
   </trkpt>
   <trkpt lat="48.8060860" lon="-64.2218590">
    <ele>89.6</ele>
    <time>2026-08-17T15:15:45Z</time>
   </trkpt>
   <trkpt lat="48.8061300" lon="-64.2218790">
    <ele>88.0</ele>
    <time>2026-08-17T15:15:52Z</time>
   </trkpt>
   <trkpt lat="48.8061380" lon="-64.2218820">
    <ele>87.8</ele>
    <time>2026-08-17T15:15:53Z</time>
   </trkpt>
   <trkpt lat="48.8061580" lon="-64.2218890">
    <ele>86.8</ele>
    <time>2026-08-17T15:15:56Z</time>
   </trkpt>
   <trkpt lat="48.8061890" lon="-64.2219050">
    <ele>85.8</ele>
    <time>2026-08-17T15:16:00Z</time>
   </trkpt>
   <trkpt lat="48.8061950" lon="-64.2219060">
    <ele>85.6</ele>
    <time>2026-08-17T15:16:01Z</time>
   </trkpt>
   <trkpt lat="48.8062150" lon="-64.2219130">
    <ele>84.6</ele>
    <time>2026-08-17T15:16:04Z</time>
   </trkpt>
   <trkpt lat="48.8062410" lon="-64.2219180">
    <ele>83.6</ele>
    <time>2026-08-17T15:16:08Z</time>
   </trkpt>
   <trkpt lat="48.8062620" lon="-64.2219270">
    <ele>82.6</ele>
    <time>2026-08-17T15:16:11Z</time>
   </trkpt>
   <trkpt lat="48.8062700" lon="-64.2219320">
    <ele>82.4</ele>
    <time>2026-08-17T15:16:12Z</time>
   </trkpt>
   <trkpt lat="48.8063140" lon="-64.2219510">
    <ele>81.0</ele>
    <time>2026-08-17T15:16:16Z</time>
   </trkpt>
   <trkpt lat="48.8063290" lon="-64.2219590">
    <ele>80.6</ele>
    <time>2026-08-17T15:16:18Z</time>
   </trkpt>
   <trkpt lat="48.8063470" lon="-64.2219730">
    <ele>80.0</ele>
    <time>2026-08-17T15:16:20Z</time>
   </trkpt>
   <trkpt lat="48.8063770" lon="-64.2219940">
    <ele>78.8</ele>
    <time>2026-08-17T15:16:23Z</time>
   </trkpt>
   <trkpt lat="48.8063980" lon="-64.2220120">
    <ele>77.8</ele>
    <time>2026-08-17T15:16:25Z</time>
   </trkpt>
   <trkpt lat="48.8064100" lon="-64.2220200">
    <ele>77.6</ele>
    <time>2026-08-17T15:16:26Z</time>
   </trkpt>
   <trkpt lat="48.8064620" lon="-64.2220440">
    <ele>76.8</ele>
    <time>2026-08-17T15:16:30Z</time>
   </trkpt>
   <trkpt lat="48.8064860" lon="-64.2220540">
    <ele>76.2</ele>
    <time>2026-08-17T15:16:32Z</time>
   </trkpt>
   <trkpt lat="48.8064980" lon="-64.2220560">
    <ele>76.0</ele>
    <time>2026-08-17T15:16:33Z</time>
   </trkpt>
   <trkpt lat="48.8065320" lon="-64.2220630">
    <ele>75.2</ele>
    <time>2026-08-17T15:16:36Z</time>
   </trkpt>
   <trkpt lat="48.8065790" lon="-64.2220690">
    <ele>74.0</ele>
    <time>2026-08-17T15:16:40Z</time>
   </trkpt>
   <trkpt lat="48.8066090" lon="-64.2220830">
    <ele>73.4</ele>
    <time>2026-08-17T15:16:42Z</time>
   </trkpt>
   <trkpt lat="48.8066450" lon="-64.2221100">
    <ele>73.0</ele>
    <time>2026-08-17T15:16:45Z</time>
   </trkpt>
   <trkpt lat="48.8067040" lon="-64.2221380">
    <ele>71.6</ele>
    <time>2026-08-17T15:16:51Z</time>
   </trkpt>
   <trkpt lat="48.8067510" lon="-64.2221410">
    <ele>70.4</ele>
    <time>2026-08-17T15:16:55Z</time>
   </trkpt>
   <trkpt lat="48.8068140" lon="-64.2221430">
    <ele>69.4</ele>
    <time>2026-08-17T15:17:00Z</time>
   </trkpt>
   <trkpt lat="48.8068280" lon="-64.2221430">
    <ele>69.2</ele>
    <time>2026-08-17T15:17:01Z</time>
   </trkpt>
   <trkpt lat="48.8068930" lon="-64.2221430">
    <ele>68.2</ele>
    <time>2026-08-17T15:17:06Z</time>
   </trkpt>
   <trkpt lat="48.8069500" lon="-64.2221380">
    <ele>67.4</ele>
    <time>2026-08-17T15:17:10Z</time>
   </trkpt>
   <trkpt lat="48.8069760" lon="-64.2221340">
    <ele>67.2</ele>
    <time>2026-08-17T15:17:12Z</time>
   </trkpt>
   <trkpt lat="48.8070510" lon="-64.2221280">
    <ele>66.6</ele>
    <time>2026-08-17T15:17:18Z</time>
   </trkpt>
   <trkpt lat="48.8071190" lon="-64.2221320">
    <ele>66.2</ele>
    <time>2026-08-17T15:17:23Z</time>
   </trkpt>
   <trkpt lat="48.8071370" lon="-64.2221350">
    <ele>66.0</ele>
    <time>2026-08-17T15:17:25Z</time>
   </trkpt>
   <trkpt lat="48.8072300" lon="-64.2221680">
    <ele>65.2</ele>
    <time>2026-08-17T15:17:33Z</time>
   </trkpt>
   <trkpt lat="48.8072500" lon="-64.2221720">
    <ele>65.2</ele>
    <time>2026-08-17T15:17:35Z</time>
   </trkpt>
   <trkpt lat="48.8073240" lon="-64.2222020">
    <ele>65.0</ele>
    <time>2026-08-17T15:17:41Z</time>
   </trkpt>
   <trkpt lat="48.8074060" lon="-64.2222180">
    <ele>65.4</ele>
    <time>2026-08-17T15:17:49Z</time>
   </trkpt>
   <trkpt lat="48.8074150" lon="-64.2222280">
    <ele>65.4</ele>
    <time>2026-08-17T15:17:52Z</time>
   </trkpt>
   <trkpt lat="48.8074390" lon="-64.2222440">
    <ele>65.2</ele>
    <time>2026-08-17T15:17:55Z</time>
   </trkpt>
   <trkpt lat="48.8075370" lon="-64.2222670">
    <ele>64.0</ele>
    <time>2026-08-17T15:18:03Z</time>
   </trkpt>
   <trkpt lat="48.8075510" lon="-64.2222710">
    <ele>64.0</ele>
    <time>2026-08-17T15:18:04Z</time>
   </trkpt>
   <trkpt lat="48.8076520" lon="-64.2223280">
    <ele>63.4</ele>
    <time>2026-08-17T15:18:13Z</time>
   </trkpt>
   <trkpt lat="48.8077060" lon="-64.2223500">
    <ele>63.0</ele>
    <time>2026-08-17T15:18:17Z</time>
   </trkpt>
   <trkpt lat="48.8077830" lon="-64.2223850">
    <ele>62.8</ele>
    <time>2026-08-17T15:18:24Z</time>
   </trkpt>
   <trkpt lat="48.8078810" lon="-64.2224260">
    <ele>62.2</ele>
    <time>2026-08-17T15:18:33Z</time>
   </trkpt>
   <trkpt lat="48.8080290" lon="-64.2224440">
    <ele>63.2</ele>
    <time>2026-08-17T15:18:44Z</time>
   </trkpt>
   <trkpt lat="48.8080960" lon="-64.2223700">
    <ele>62.6</ele>
    <time>2026-08-17T15:18:53Z</time>
   </trkpt>
   <trkpt lat="48.8081280" lon="-64.2223300">
    <ele>62.0</ele>
    <time>2026-08-17T15:18:58Z</time>
   </trkpt>
   <trkpt lat="48.8081400" lon="-64.2223150">
    <ele>61.8</ele>
    <time>2026-08-17T15:19:00Z</time>
   </trkpt>
   <trkpt lat="48.8081780" lon="-64.2222590">
    <ele>61.2</ele>
    <time>2026-08-17T15:19:05Z</time>
   </trkpt>
   <trkpt lat="48.8081930" lon="-64.2222330">
    <ele>60.8</ele>
    <time>2026-08-17T15:19:07Z</time>
   </trkpt>
   <trkpt lat="48.8082050" lon="-64.2222170">
    <ele>60.4</ele>
    <time>2026-08-17T15:19:09Z</time>
   </trkpt>
   <trkpt lat="48.8082230" lon="-64.2221890">
    <ele>59.8</ele>
    <time>2026-08-17T15:19:12Z</time>
   </trkpt>
   <trkpt lat="48.8082710" lon="-64.2221350">
    <ele>58.8</ele>
    <time>2026-08-17T15:19:17Z</time>
   </trkpt>
   <trkpt lat="48.8082780" lon="-64.2221250">
    <ele>58.4</ele>
    <time>2026-08-17T15:19:18Z</time>
   </trkpt>
   <trkpt lat="48.8082920" lon="-64.2220890">
    <ele>57.6</ele>
    <time>2026-08-17T15:19:22Z</time>
   </trkpt>
   <trkpt lat="48.8083090" lon="-64.2220430">
    <ele>56.8</ele>
    <time>2026-08-17T15:19:26Z</time>
   </trkpt>
   <trkpt lat="48.8083200" lon="-64.2220280">
    <ele>56.6</ele>
    <time>2026-08-17T15:19:28Z</time>
   </trkpt>
   <trkpt lat="48.8083480" lon="-64.2219660">
    <ele>55.4</ele>
    <time>2026-08-17T15:19:33Z</time>
   </trkpt>
   <trkpt lat="48.8083620" lon="-64.2219300">
    <ele>54.8</ele>
    <time>2026-08-17T15:19:36Z</time>
   </trkpt>
   <trkpt lat="48.8083720" lon="-64.2219070">
    <ele>54.4</ele>
    <time>2026-08-17T15:19:38Z</time>
   </trkpt>
   <trkpt lat="48.8083910" lon="-64.2218630">
    <ele>53.4</ele>
    <time>2026-08-17T15:19:43Z</time>
   </trkpt>
   <trkpt lat="48.8083980" lon="-64.2218520">
    <ele>53.2</ele>
    <time>2026-08-17T15:19:44Z</time>
   </trkpt>
   <trkpt lat="48.8084110" lon="-64.2218390">
    <ele>52.8</ele>
    <time>2026-08-17T15:19:48Z</time>
   </trkpt>
   <trkpt lat="48.8084240" lon="-64.2218170">
    <ele>52.4</ele>
    <time>2026-08-17T15:19:51Z</time>
   </trkpt>
   <trkpt lat="48.8084320" lon="-64.2217970">
    <ele>52.2</ele>
    <time>2026-08-17T15:19:53Z</time>
   </trkpt>
   <trkpt lat="48.8084660" lon="-64.2216920">
    <ele>51.2</ele>
    <time>2026-08-17T15:19:59Z</time>
   </trkpt>
   <trkpt lat="48.8084670" lon="-64.2216760">
    <ele>51.0</ele>
    <time>2026-08-17T15:20:00Z</time>
   </trkpt>
   <trkpt lat="48.8084930" lon="-64.2215760">
    <ele>50.0</ele>
    <time>2026-08-17T15:20:07Z</time>
   </trkpt>
   <trkpt lat="48.8085190" lon="-64.2214780">
    <ele>48.8</ele>
    <time>2026-08-17T15:20:13Z</time>
   </trkpt>
   <trkpt lat="48.8085200" lon="-64.2214420">
    <ele>48.6</ele>
    <time>2026-08-17T15:20:16Z</time>
   </trkpt>
   <trkpt lat="48.8085160" lon="-64.2214180">
    <ele>48.4</ele>
    <time>2026-08-17T15:20:23Z</time>
   </trkpt>
   <trkpt lat="48.8085620" lon="-64.2213470">
    <ele>48.0</ele>
    <time>2026-08-17T15:20:30Z</time>
   </trkpt>
   <trkpt lat="48.8085820" lon="-64.2213190">
    <ele>47.8</ele>
    <time>2026-08-17T15:20:32Z</time>
   </trkpt>
   <trkpt lat="48.8086190" lon="-64.2212800">
    <ele>47.4</ele>
    <time>2026-08-17T15:20:37Z</time>
   </trkpt>
   <trkpt lat="48.8086560" lon="-64.2212540">
    <ele>46.8</ele>
    <time>2026-08-17T15:20:42Z</time>
   </trkpt>
   <trkpt lat="48.8086610" lon="-64.2212500">
    <ele>46.8</ele>
    <time>2026-08-17T15:20:43Z</time>
   </trkpt>
   <trkpt lat="48.8087180" lon="-64.2212040">
    <ele>46.2</ele>
    <time>2026-08-17T15:20:49Z</time>
   </trkpt>
   <trkpt lat="48.8087590" lon="-64.2211930">
    <ele>45.8</ele>
    <time>2026-08-17T15:20:54Z</time>
   </trkpt>
   <trkpt lat="48.8087930" lon="-64.2211900">
    <ele>45.4</ele>
    <time>2026-08-17T15:20:57Z</time>
   </trkpt>
   <trkpt lat="48.8088420" lon="-64.2211910">
    <ele>44.8</ele>
    <time>2026-08-17T15:21:01Z</time>
   </trkpt>
   <trkpt lat="48.8088960" lon="-64.2211950">
    <ele>43.4</ele>
    <time>2026-08-17T15:21:06Z</time>
   </trkpt>
   <trkpt lat="48.8089620" lon="-64.2212190">
    <ele>42.2</ele>
    <time>2026-08-17T15:21:11Z</time>
   </trkpt>
   <trkpt lat="48.8089970" lon="-64.2212220">
    <ele>41.6</ele>
    <time>2026-08-17T15:21:15Z</time>
   </trkpt>
   <trkpt lat="48.8089850" lon="-64.2211970">
    <ele>41.2</ele>
    <time>2026-08-17T15:21:24Z</time>
   </trkpt>
   <trkpt lat="48.8089830" lon="-64.2211950">
    <ele>41.2</ele>
    <time>2026-08-17T15:21:25Z</time>
   </trkpt>
   <trkpt lat="48.8089830" lon="-64.2211920">
    <ele>41.2</ele>
    <time>2026-08-17T15:21:27Z</time>
   </trkpt>
   <trkpt lat="48.8089820" lon="-64.2212020">
    <ele>41.2</ele>
    <time>2026-08-17T15:21:34Z</time>
   </trkpt>
   <trkpt lat="48.8089820" lon="-64.2212030">
    <ele>41.2</ele>
    <time>2026-08-17T15:21:35Z</time>
   </trkpt>
   <trkpt lat="48.8090330" lon="-64.2212450">
    <ele>41.4</ele>
    <time>2026-08-17T15:21:43Z</time>
   </trkpt>
   <trkpt lat="48.8091230" lon="-64.2212520">
    <ele>40.8</ele>
    <time>2026-08-17T15:21:51Z</time>
   </trkpt>
   <trkpt lat="48.8092580" lon="-64.2212730">
    <ele>41.6</ele>
    <time>2026-08-17T15:22:02Z</time>
   </trkpt>
   <trkpt lat="48.8093020" lon="-64.2212770">
    <ele>42.0</ele>
    <time>2026-08-17T15:22:06Z</time>
   </trkpt>
   <trkpt lat="48.8093430" lon="-64.2212850">
    <ele>42.2</ele>
    <time>2026-08-17T15:22:09Z</time>
   </trkpt>
   <trkpt lat="48.8093580" lon="-64.2212800">
    <ele>42.2</ele>
    <time>2026-08-17T15:22:10Z</time>
   </trkpt>
   <trkpt lat="48.8094660" lon="-64.2212270">
    <ele>41.8</ele>
    <time>2026-08-17T15:22:18Z</time>
   </trkpt>
   <trkpt lat="48.8095180" lon="-64.2211860">
    <ele>42.2</ele>
    <time>2026-08-17T15:22:22Z</time>
   </trkpt>
   <trkpt lat="48.8095430" lon="-64.2211930">
    <ele>42.4</ele>
    <time>2026-08-17T15:22:24Z</time>
   </trkpt>
   <trkpt lat="48.8095650" lon="-64.2212040">
    <ele>42.6</ele>
    <time>2026-08-17T15:22:26Z</time>
   </trkpt>
   <trkpt lat="48.8095950" lon="-64.2212120">
    <ele>43.0</ele>
    <time>2026-08-17T15:22:28Z</time>
   </trkpt>
   <trkpt lat="48.8096130" lon="-64.2212190">
    <ele>43.0</ele>
    <time>2026-08-17T15:22:29Z</time>
   </trkpt>
   <trkpt lat="48.8096440" lon="-64.2212330">
    <ele>43.2</ele>
    <time>2026-08-17T15:22:31Z</time>
   </trkpt>
   <trkpt lat="48.8096910" lon="-64.2212530">
    <ele>43.4</ele>
    <time>2026-08-17T15:22:35Z</time>
   </trkpt>
   <trkpt lat="48.8097130" lon="-64.2212600">
    <ele>43.2</ele>
    <time>2026-08-17T15:22:37Z</time>
   </trkpt>
   <trkpt lat="48.8097630" lon="-64.2212820">
    <ele>44.4</ele>
    <time>2026-08-17T15:22:41Z</time>
   </trkpt>
   <trkpt lat="48.8097990" lon="-64.2213010">
    <ele>45.2</ele>
    <time>2026-08-17T15:22:44Z</time>
   </trkpt>
   <trkpt lat="48.8098270" lon="-64.2213100">
    <ele>45.4</ele>
    <time>2026-08-17T15:22:46Z</time>
   </trkpt>
   <trkpt lat="48.8098730" lon="-64.2213350">
    <ele>45.8</ele>
    <time>2026-08-17T15:22:49Z</time>
   </trkpt>
   <trkpt lat="48.8099420" lon="-64.2213660">
    <ele>46.6</ele>
    <time>2026-08-17T15:22:54Z</time>
   </trkpt>
   <trkpt lat="48.8099670" lon="-64.2213660">
    <ele>47.0</ele>
    <time>2026-08-17T15:22:56Z</time>
   </trkpt>
   <trkpt lat="48.8100500" lon="-64.2213970">
    <ele>47.8</ele>
    <time>2026-08-17T15:23:03Z</time>
   </trkpt>
   <trkpt lat="48.8100710" lon="-64.2214030">
    <ele>48.0</ele>
    <time>2026-08-17T15:23:05Z</time>
   </trkpt>
   <trkpt lat="48.8101440" lon="-64.2214350">
    <ele>48.4</ele>
    <time>2026-08-17T15:23:10Z</time>
   </trkpt>
   <trkpt lat="48.8101740" lon="-64.2214480">
    <ele>48.8</ele>
    <time>2026-08-17T15:23:13Z</time>
   </trkpt>
   <trkpt lat="48.8102230" lon="-64.2214750">
    <ele>49.2</ele>
    <time>2026-08-17T15:23:17Z</time>
   </trkpt>
   <trkpt lat="48.8102870" lon="-64.2215040">
    <ele>49.6</ele>
    <time>2026-08-17T15:23:23Z</time>
   </trkpt>
   <trkpt lat="48.8103140" lon="-64.2215020">
    <ele>49.8</ele>
    <time>2026-08-17T15:23:26Z</time>
   </trkpt>
   <trkpt lat="48.8103230" lon="-64.2215240">
    <ele>50.6</ele>
    <time>2026-08-17T15:23:29Z</time>
   </trkpt>
   <trkpt lat="48.8103830" lon="-64.2215880">
    <ele>50.4</ele>
    <time>2026-08-17T15:23:35Z</time>
   </trkpt>
   <trkpt lat="48.8104570" lon="-64.2216310">
    <ele>50.8</ele>
    <time>2026-08-17T15:23:40Z</time>
   </trkpt>
   <trkpt lat="48.8104840" lon="-64.2216480">
    <ele>50.6</ele>
    <time>2026-08-17T15:23:42Z</time>
   </trkpt>
   <trkpt lat="48.8105140" lon="-64.2216510">
    <ele>50.6</ele>
    <time>2026-08-17T15:23:44Z</time>
   </trkpt>
   <trkpt lat="48.8105310" lon="-64.2216100">
    <ele>50.8</ele>
    <time>2026-08-17T15:23:46Z</time>
   </trkpt>
   <trkpt lat="48.8105360" lon="-64.2215910">
    <ele>51.0</ele>
    <time>2026-08-17T15:23:47Z</time>
   </trkpt>
   <trkpt lat="48.8105640" lon="-64.2215590">
    <ele>51.4</ele>
    <time>2026-08-17T15:23:51Z</time>
   </trkpt>
   <trkpt lat="48.8105730" lon="-64.2215920">
    <ele>51.2</ele>
    <time>2026-08-17T15:23:53Z</time>
   </trkpt>
   <trkpt lat="48.8106280" lon="-64.2216910">
    <ele>51.6</ele>
    <time>2026-08-17T15:23:59Z</time>
   </trkpt>
   <trkpt lat="48.8107230" lon="-64.2217640">
    <ele>51.8</ele>
    <time>2026-08-17T15:24:07Z</time>
   </trkpt>
   <trkpt lat="48.8107380" lon="-64.2217760">
    <ele>52.0</ele>
    <time>2026-08-17T15:24:08Z</time>
   </trkpt>
   <trkpt lat="48.8108180" lon="-64.2218380">
    <ele>52.6</ele>
    <time>2026-08-17T15:24:14Z</time>
   </trkpt>
   <trkpt lat="48.8108880" lon="-64.2219020">
    <ele>53.0</ele>
    <time>2026-08-17T15:24:20Z</time>
   </trkpt>
   <trkpt lat="48.8109290" lon="-64.2219330">
    <ele>53.2</ele>
    <time>2026-08-17T15:24:23Z</time>
   </trkpt>
   <trkpt lat="48.8110260" lon="-64.2220150">
    <ele>54.0</ele>
    <time>2026-08-17T15:24:30Z</time>
   </trkpt>
   <trkpt lat="48.8110900" lon="-64.2220750">
    <ele>54.2</ele>
    <time>2026-08-17T15:24:36Z</time>
   </trkpt>
   <trkpt lat="48.8111490" lon="-64.2221510">
    <ele>55.0</ele>
    <time>2026-08-17T15:24:42Z</time>
   </trkpt>
   <trkpt lat="48.8111560" lon="-64.2221620">
    <ele>55.0</ele>
    <time>2026-08-17T15:24:43Z</time>
   </trkpt>
   <trkpt lat="48.8111960" lon="-64.2222420">
    <ele>56.2</ele>
    <time>2026-08-17T15:24:49Z</time>
   </trkpt>
   <trkpt lat="48.8112380" lon="-64.2223130">
    <ele>57.2</ele>
    <time>2026-08-17T15:24:54Z</time>
   </trkpt>
   <trkpt lat="48.8112640" lon="-64.2223360">
    <ele>57.8</ele>
    <time>2026-08-17T15:24:56Z</time>
   </trkpt>
   <trkpt lat="48.8113030" lon="-64.2223690">
    <ele>58.4</ele>
    <time>2026-08-17T15:24:59Z</time>
   </trkpt>
   <trkpt lat="48.8113300" lon="-64.2223890">
    <ele>58.8</ele>
    <time>2026-08-17T15:25:02Z</time>
   </trkpt>
   <trkpt lat="48.8114040" lon="-64.2224280">
    <ele>59.2</ele>
    <time>2026-08-17T15:25:07Z</time>
   </trkpt>
   <trkpt lat="48.8114210" lon="-64.2224340">
    <ele>59.2</ele>
    <time>2026-08-17T15:25:08Z</time>
   </trkpt>
   <trkpt lat="48.8114880" lon="-64.2224630">
    <ele>59.4</ele>
    <time>2026-08-17T15:25:13Z</time>
   </trkpt>
   <trkpt lat="48.8115060" lon="-64.2224680">
    <ele>59.4</ele>
    <time>2026-08-17T15:25:15Z</time>
   </trkpt>
   <trkpt lat="48.8115920" lon="-64.2224520">
    <ele>60.0</ele>
    <time>2026-08-17T15:25:23Z</time>
   </trkpt>
   <trkpt lat="48.8116460" lon="-64.2223670">
    <ele>60.0</ele>
    <time>2026-08-17T15:25:29Z</time>
   </trkpt>
   <trkpt lat="48.8116670" lon="-64.2223590">
    <ele>60.2</ele>
    <time>2026-08-17T15:25:31Z</time>
   </trkpt>
   <trkpt lat="48.8116760" lon="-64.2223630">
    <ele>60.4</ele>
    <time>2026-08-17T15:25:32Z</time>
   </trkpt>
   <trkpt lat="48.8116860" lon="-64.2223650">
    <ele>60.4</ele>
    <time>2026-08-17T15:25:33Z</time>
   </trkpt>
   <trkpt lat="48.8117530" lon="-64.2223510">
    <ele>61.4</ele>
    <time>2026-08-17T15:25:38Z</time>
   </trkpt>
   <trkpt lat="48.8117780" lon="-64.2223410">
    <ele>62.0</ele>
    <time>2026-08-17T15:25:40Z</time>
   </trkpt>
   <trkpt lat="48.8118110" lon="-64.2223400">
    <ele>62.6</ele>
    <time>2026-08-17T15:25:43Z</time>
   </trkpt>
   <trkpt lat="48.8118840" lon="-64.2223800">
    <ele>63.6</ele>
    <time>2026-08-17T15:25:48Z</time>
   </trkpt>
   <trkpt lat="48.8119130" lon="-64.2223820">
    <ele>64.2</ele>
    <time>2026-08-17T15:25:51Z</time>
   </trkpt>
   <trkpt lat="48.8119370" lon="-64.2223610">
    <ele>64.6</ele>
    <time>2026-08-17T15:25:54Z</time>
   </trkpt>
   <trkpt lat="48.8119430" lon="-64.2223450">
    <ele>64.8</ele>
    <time>2026-08-17T15:25:55Z</time>
   </trkpt>
   <trkpt lat="48.8120050" lon="-64.2222880">
    <ele>65.2</ele>
    <time>2026-08-17T15:26:01Z</time>
   </trkpt>
   <trkpt lat="48.8120470" lon="-64.2222940">
    <ele>66.0</ele>
    <time>2026-08-17T15:26:05Z</time>
   </trkpt>
   <trkpt lat="48.8121050" lon="-64.2222740">
    <ele>66.8</ele>
    <time>2026-08-17T15:26:10Z</time>
   </trkpt>
   <trkpt lat="48.8121130" lon="-64.2222720">
    <ele>67.0</ele>
    <time>2026-08-17T15:26:11Z</time>
   </trkpt>
   <trkpt lat="48.8121730" lon="-64.2222690">
    <ele>67.6</ele>
    <time>2026-08-17T15:26:16Z</time>
   </trkpt>
   <trkpt lat="48.8122150" lon="-64.2222630">
    <ele>68.0</ele>
    <time>2026-08-17T15:26:20Z</time>
   </trkpt>
   <trkpt lat="48.8122280" lon="-64.2222640">
    <ele>68.2</ele>
    <time>2026-08-17T15:26:21Z</time>
   </trkpt>
   <trkpt lat="48.8122990" lon="-64.2222710">
    <ele>69.4</ele>
    <time>2026-08-17T15:26:27Z</time>
   </trkpt>
   <trkpt lat="48.8123100" lon="-64.2222680">
    <ele>69.6</ele>
    <time>2026-08-17T15:26:28Z</time>
   </trkpt>
   <trkpt lat="48.8123600" lon="-64.2222280">
    <ele>70.4</ele>
    <time>2026-08-17T15:26:32Z</time>
   </trkpt>
   <trkpt lat="48.8123920" lon="-64.2222130">
    <ele>70.8</ele>
    <time>2026-08-17T15:26:36Z</time>
   </trkpt>
   <trkpt lat="48.8123960" lon="-64.2222240">
    <ele>71.0</ele>
    <time>2026-08-17T15:26:37Z</time>
   </trkpt>
   <trkpt lat="48.8124220" lon="-64.2222330">
    <ele>71.4</ele>
    <time>2026-08-17T15:26:40Z</time>
   </trkpt>
   <trkpt lat="48.8124490" lon="-64.2222260">
    <ele>71.8</ele>
    <time>2026-08-17T15:26:42Z</time>
   </trkpt>
   <trkpt lat="48.8125380" lon="-64.2221890">
    <ele>72.4</ele>
    <time>2026-08-17T15:26:49Z</time>
   </trkpt>
   <trkpt lat="48.8125490" lon="-64.2221960">
    <ele>72.6</ele>
    <time>2026-08-17T15:26:50Z</time>
   </trkpt>
   <trkpt lat="48.8126380" lon="-64.2222680">
    <ele>73.2</ele>
    <time>2026-08-17T15:26:59Z</time>
   </trkpt>
   <trkpt lat="48.8126620" lon="-64.2222730">
    <ele>73.0</ele>
    <time>2026-08-17T15:27:05Z</time>
   </trkpt>
   <trkpt lat="48.8127510" lon="-64.2223300">
    <ele>73.6</ele>
    <time>2026-08-17T15:27:12Z</time>
   </trkpt>
   <trkpt lat="48.8128030" lon="-64.2223670">
    <ele>74.0</ele>
    <time>2026-08-17T15:27:16Z</time>
   </trkpt>
   <trkpt lat="48.8128320" lon="-64.2223940">
    <ele>74.4</ele>
    <time>2026-08-17T15:27:19Z</time>
   </trkpt>
   <trkpt lat="48.8128510" lon="-64.2224090">
    <ele>74.8</ele>
    <time>2026-08-17T15:27:21Z</time>
   </trkpt>
   <trkpt lat="48.8129090" lon="-64.2224390">
    <ele>75.2</ele>
    <time>2026-08-17T15:27:27Z</time>
   </trkpt>
   <trkpt lat="48.8129870" lon="-64.2225050">
    <ele>75.4</ele>
    <time>2026-08-17T15:27:35Z</time>
   </trkpt>
   <trkpt lat="48.8130270" lon="-64.2225510">
    <ele>75.6</ele>
    <time>2026-08-17T15:27:39Z</time>
   </trkpt>
   <trkpt lat="48.8130420" lon="-64.2225700">
    <ele>75.8</ele>
    <time>2026-08-17T15:27:41Z</time>
   </trkpt>
   <trkpt lat="48.8130730" lon="-64.2226070">
    <ele>76.2</ele>
    <time>2026-08-17T15:27:44Z</time>
   </trkpt>
   <trkpt lat="48.8131290" lon="-64.2226260">
    <ele>76.8</ele>
    <time>2026-08-17T15:27:49Z</time>
   </trkpt>
   <trkpt lat="48.8131440" lon="-64.2226300">
    <ele>77.0</ele>
    <time>2026-08-17T15:27:50Z</time>
   </trkpt>
   <trkpt lat="48.8132060" lon="-64.2226440">
    <ele>78.0</ele>
    <time>2026-08-17T15:27:55Z</time>
   </trkpt>
   <trkpt lat="48.8132450" lon="-64.2226760">
    <ele>78.4</ele>
    <time>2026-08-17T15:27:58Z</time>
   </trkpt>
   <trkpt lat="48.8133620" lon="-64.2227210">
    <ele>79.0</ele>
    <time>2026-08-17T15:28:09Z</time>
   </trkpt>
   <trkpt lat="48.8134050" lon="-64.2227450">
    <ele>79.2</ele>
    <time>2026-08-17T15:28:12Z</time>
   </trkpt>
   <trkpt lat="48.8134580" lon="-64.2227800">
    <ele>79.4</ele>
    <time>2026-08-17T15:28:16Z</time>
   </trkpt>
   <trkpt lat="48.8135270" lon="-64.2228530">
    <ele>79.6</ele>
    <time>2026-08-17T15:28:22Z</time>
   </trkpt>
   <trkpt lat="48.8135690" lon="-64.2229170">
    <ele>80.2</ele>
    <time>2026-08-17T15:28:27Z</time>
   </trkpt>
   <trkpt lat="48.8135850" lon="-64.2229460">
    <ele>80.6</ele>
    <time>2026-08-17T15:28:30Z</time>
   </trkpt>
   <trkpt lat="48.8136130" lon="-64.2229630">
    <ele>80.6</ele>
    <time>2026-08-17T15:28:32Z</time>
   </trkpt>
   <trkpt lat="48.8136530" lon="-64.2229680">
    <ele>80.6</ele>
    <time>2026-08-17T15:28:35Z</time>
   </trkpt>
   <trkpt lat="48.8136750" lon="-64.2230220">
    <ele>81.2</ele>
    <time>2026-08-17T15:28:39Z</time>
   </trkpt>
   <trkpt lat="48.8136720" lon="-64.2230540">
    <ele>81.2</ele>
    <time>2026-08-17T15:28:41Z</time>
   </trkpt>
   <trkpt lat="48.8136640" lon="-64.2230870">
    <ele>81.2</ele>
    <time>2026-08-17T15:28:43Z</time>
   </trkpt>
   <trkpt lat="48.8136480" lon="-64.2231380">
    <ele>81.2</ele>
    <time>2026-08-17T15:28:46Z</time>
   </trkpt>
   <trkpt lat="48.8136420" lon="-64.2232780">
    <ele>81.2</ele>
    <time>2026-08-17T15:28:53Z</time>
   </trkpt>
   <trkpt lat="48.8136700" lon="-64.2233760">
    <ele>81.2</ele>
    <time>2026-08-17T15:28:59Z</time>
   </trkpt>
   <trkpt lat="48.8136680" lon="-64.2234070">
    <ele>81.4</ele>
    <time>2026-08-17T15:29:02Z</time>
   </trkpt>
   <trkpt lat="48.8136590" lon="-64.2234070">
    <ele>81.4</ele>
    <time>2026-08-17T15:29:04Z</time>
   </trkpt>
   <trkpt lat="48.8136640" lon="-64.2234020">
    <ele>81.2</ele>
    <time>2026-08-17T15:29:05Z</time>
   </trkpt>
   <trkpt lat="48.8136610" lon="-64.2234070">
    <ele>81.4</ele>
    <time>2026-08-17T15:29:07Z</time>
   </trkpt>
   <trkpt lat="48.8136560" lon="-64.2234080">
    <ele>81.0</ele>
    <time>2026-08-17T15:29:13Z</time>
   </trkpt>
   <trkpt lat="48.8136510" lon="-64.2234040">
    <ele>80.2</ele>
    <time>2026-08-17T15:29:24Z</time>
   </trkpt>
   <trkpt lat="48.8136510" lon="-64.2234040">
    <ele>80.4</ele>
    <time>2026-08-17T15:29:25Z</time>
   </trkpt>
   <trkpt lat="48.8136510" lon="-64.2234060">
    <ele>80.6</ele>
    <time>2026-08-17T15:29:28Z</time>
   </trkpt>
   <trkpt lat="48.8136570" lon="-64.2234050">
    <ele>81.0</ele>
    <time>2026-08-17T15:29:37Z</time>
   </trkpt>
   <trkpt lat="48.8136640" lon="-64.2233990">
    <ele>81.0</ele>
    <time>2026-08-17T15:29:38Z</time>
   </trkpt>
  </trkseg>
 </trk>
</gpx>
