<?xml version="1.0" encoding="UTF-8"?>
<gpx xmlns:xsi="http://www.w3.org/2001/XMLSchema-instance" xsi:schemaLocation="http://www.topografix.com/GPX/1/1 http://www.topografix.com/GPX/1/1/gpx.xsd" creator="StravaGPX" version="1.1" xmlns="http://www.topografix.com/GPX/1/1">
 <metadata>
  <time>2025-09-21T23:20:53Z</time>
 </metadata>
 <trk>
  <name>Randonnée matinale</name>
  <type>hiking</type>
  <trkseg>
   <trkpt lat="22.3661020" lon="114.0568500">
    <ele>68.4</ele>
    <time>2025-09-21T23:20:53Z</time>
   </trkpt>
   <trkpt lat="22.3661090" lon="114.0568460">
    <ele>68.5</ele>
    <time>2025-09-21T23:20:54Z</time>
   </trkpt>
   <trkpt lat="22.3661160" lon="114.0568420">
    <ele>68.5</ele>
    <time>2025-09-21T23:20:55Z</time>
   </trkpt>
   <trkpt lat="22.3661230" lon="114.0568370">
    <ele>68.5</ele>
    <time>2025-09-21T23:20:56Z</time>
   </trkpt>
   <trkpt lat="22.3661310" lon="114.0568330">
    <ele>68.6</ele>
    <time>2025-09-21T23:20:57Z</time>
   </trkpt>
   <trkpt lat="22.3661380" lon="114.0568290">
    <ele>68.6</ele>
    <time>2025-09-21T23:20:58Z</time>
   </trkpt>
   <trkpt lat="22.3661450" lon="114.0568250">
    <ele>68.6</ele>
    <time>2025-09-21T23:20:59Z</time>
   </trkpt>
   <trkpt lat="22.3661520" lon="114.0568200">
    <ele>68.7</ele>
    <time>2025-09-21T23:21:00Z</time>
   </trkpt>
   <trkpt lat="22.3661590" lon="114.0568160">
    <ele>68.7</ele>
    <time>2025-09-21T23:21:01Z</time>
   </trkpt>
   <trkpt lat="22.3661300" lon="114.0568320">
    <ele>68.8</ele>
    <time>2025-09-21T23:21:02Z</time>
   </trkpt>
   <trkpt lat="22.3661040" lon="114.0568750">
    <ele>69.0</ele>
    <time>2025-09-21T23:21:03Z</time>
   </trkpt>
   <trkpt lat="22.3660890" lon="114.0568900">
    <ele>69.1</ele>
    <time>2025-09-21T23:21:04Z</time>
   </trkpt>
   <trkpt lat="22.3660880" lon="114.0569050">
    <ele>69.2</ele>
    <time>2025-09-21T23:21:05Z</time>
   </trkpt>
   <trkpt lat="22.3661280" lon="114.0568790">
    <ele>69.4</ele>
    <time>2025-09-21T23:21:06Z</time>
   </trkpt>
   <trkpt lat="22.3661490" lon="114.0568570">
    <ele>69.5</ele>
    <time>2025-09-21T23:21:07Z</time>
   </trkpt>
   <trkpt lat="22.3661700" lon="114.0568340">
    <ele>69.6</ele>
    <time>2025-09-21T23:21:08Z</time>
   </trkpt>
   <trkpt lat="22.3661910" lon="114.0568110">
    <ele>69.7</ele>
    <time>2025-09-21T23:21:09Z</time>
   </trkpt>
   <trkpt lat="22.3661570" lon="114.0566810">
    <ele>74.4</ele>
    <time>2025-09-21T23:21:10Z</time>
   </trkpt>
   <trkpt lat="22.3661050" lon="114.0566280">
    <ele>71.5</ele>
    <time>2025-09-21T23:21:11Z</time>
   </trkpt>
   <trkpt lat="22.3660720" lon="114.0566190">
    <ele>66.5</ele>
    <time>2025-09-21T23:21:12Z</time>
   </trkpt>
   <trkpt lat="22.3660170" lon="114.0566110">
    <ele>57.3</ele>
    <time>2025-09-21T23:21:13Z</time>
   </trkpt>
   <trkpt lat="22.3659870" lon="114.0566170">
    <ele>52.3</ele>
    <time>2025-09-21T23:21:14Z</time>
   </trkpt>
   <trkpt lat="22.3659530" lon="114.0566370">
    <ele>46.0</ele>
    <time>2025-09-21T23:21:15Z</time>
   </trkpt>
   <trkpt lat="22.3659320" lon="114.0566580">
    <ele>41.4</ele>
    <time>2025-09-21T23:21:16Z</time>
   </trkpt>
   <trkpt lat="22.3658930" lon="114.0566930">
    <ele>33.2</ele>
    <time>2025-09-21T23:21:17Z</time>
   </trkpt>
   <trkpt lat="22.3658800" lon="114.0566670">
    <ele>28.7</ele>
    <time>2025-09-21T23:21:18Z</time>
   </trkpt>
   <trkpt lat="22.3658710" lon="114.0566670">
    <ele>27.3</ele>
    <time>2025-09-21T23:21:19Z</time>
   </trkpt>
   <trkpt lat="22.3658610" lon="114.0566680">
    <ele>25.6</ele>
    <time>2025-09-21T23:21:20Z</time>
   </trkpt>
   <trkpt lat="22.3658550" lon="114.0566660">
    <ele>24.6</ele>
    <time>2025-09-21T23:21:21Z</time>
   </trkpt>
   <trkpt lat="22.3658570" lon="114.0566630">
    <ele>24.1</ele>
    <time>2025-09-21T23:21:22Z</time>
   </trkpt>
   <trkpt lat="22.3658640" lon="114.0566680">
    <ele>24.0</ele>
    <time>2025-09-21T23:21:23Z</time>
   </trkpt>
   <trkpt lat="22.3658650" lon="114.0566710">
    <ele>24.1</ele>
    <time>2025-09-21T23:21:24Z</time>
   </trkpt>
   <trkpt lat="22.3658640" lon="114.0566720">
    <ele>24.1</ele>
    <time>2025-09-21T23:21:25Z</time>
   </trkpt>
   <trkpt lat="22.3658700" lon="114.0566760">
    <ele>24.1</ele>
    <time>2025-09-21T23:21:26Z</time>
   </trkpt>
   <trkpt lat="22.3658650" lon="114.0566820">
    <ele>24.1</ele>
    <time>2025-09-21T23:21:27Z</time>
   </trkpt>
   <trkpt lat="22.3658480" lon="114.0566840">
    <ele>24.2</ele>
    <time>2025-09-21T23:21:28Z</time>
   </trkpt>
   <trkpt lat="22.3658440" lon="114.0566890">
    <ele>24.2</ele>
    <time>2025-09-21T23:21:29Z</time>
   </trkpt>
   <trkpt lat="22.3658500" lon="114.0566970">
    <ele>24.3</ele>
    <time>2025-09-21T23:21:30Z</time>
   </trkpt>
   <trkpt lat="22.3658520" lon="114.0566990">
    <ele>24.3</ele>
    <time>2025-09-21T23:21:31Z</time>
   </trkpt>
   <trkpt lat="22.3658480" lon="114.0566970">
    <ele>24.3</ele>
    <time>2025-09-21T23:21:32Z</time>
   </trkpt>
   <trkpt lat="22.3658360" lon="114.0567110">
    <ele>24.4</ele>
    <time>2025-09-21T23:21:33Z</time>
   </trkpt>
   <trkpt lat="22.3658260" lon="114.0567170">
    <ele>24.5</ele>
    <time>2025-09-21T23:21:34Z</time>
   </trkpt>
   <trkpt lat="22.3658140" lon="114.0567320">
    <ele>24.6</ele>
    <time>2025-09-21T23:21:35Z</time>
   </trkpt>
   <trkpt lat="22.3658160" lon="114.0567360">
    <ele>24.6</ele>
    <time>2025-09-21T23:21:36Z</time>
   </trkpt>
   <trkpt lat="22.3658120" lon="114.0567460">
    <ele>24.6</ele>
    <time>2025-09-21T23:21:37Z</time>
   </trkpt>
   <trkpt lat="22.3658070" lon="114.0567520">
    <ele>24.7</ele>
    <time>2025-09-21T23:21:38Z</time>
   </trkpt>
   <trkpt lat="22.3658040" lon="114.0567590">
    <ele>24.7</ele>
    <time>2025-09-21T23:21:39Z</time>
   </trkpt>
   <trkpt lat="22.3658040" lon="114.0567600">
    <ele>24.7</ele>
    <time>2025-09-21T23:21:40Z</time>
   </trkpt>
   <trkpt lat="22.3658050" lon="114.0567620">
    <ele>24.7</ele>
    <time>2025-09-21T23:21:41Z</time>
   </trkpt>
   <trkpt lat="22.3658110" lon="114.0567620">
    <ele>24.7</ele>
    <time>2025-09-21T23:21:42Z</time>
   </trkpt>
   <trkpt lat="22.3658120" lon="114.0567660">
    <ele>24.8</ele>
    <time>2025-09-21T23:21:43Z</time>
   </trkpt>
   <trkpt lat="22.3658170" lon="114.0567660">
    <ele>24.8</ele>
    <time>2025-09-21T23:21:44Z</time>
   </trkpt>
   <trkpt lat="22.3658190" lon="114.0567750">
    <ele>24.8</ele>
    <time>2025-09-21T23:21:46Z</time>
   </trkpt>
   <trkpt lat="22.3658270" lon="114.0567760">
    <ele>24.9</ele>
    <time>2025-09-21T23:21:47Z</time>
   </trkpt>
   <trkpt lat="22.3658320" lon="114.0567800">
    <ele>24.9</ele>
    <time>2025-09-21T23:21:48Z</time>
   </trkpt>
   <trkpt lat="22.3658310" lon="114.0567800">
    <ele>24.9</ele>
    <time>2025-09-21T23:21:49Z</time>
   </trkpt>
   <trkpt lat="22.3658390" lon="114.0567890">
    <ele>24.9</ele>
    <time>2025-09-21T23:21:50Z</time>
   </trkpt>
   <trkpt lat="22.3658430" lon="114.0567920">
    <ele>25.0</ele>
    <time>2025-09-21T23:21:51Z</time>
   </trkpt>
   <trkpt lat="22.3658500" lon="114.0568000">
    <ele>25.0</ele>
    <time>2025-09-21T23:21:52Z</time>
   </trkpt>
   <trkpt lat="22.3658450" lon="114.0568070">
    <ele>25.1</ele>
    <time>2025-09-21T23:21:53Z</time>
   </trkpt>
   <trkpt lat="22.3658430" lon="114.0568130">
    <ele>25.1</ele>
    <time>2025-09-21T23:21:54Z</time>
   </trkpt>
   <trkpt lat="22.3658410" lon="114.0568180">
    <ele>25.1</ele>
    <time>2025-09-21T23:21:55Z</time>
   </trkpt>
   <trkpt lat="22.3658430" lon="114.0568270">
    <ele>25.2</ele>
    <time>2025-09-21T23:21:56Z</time>
   </trkpt>
   <trkpt lat="22.3658350" lon="114.0568350">
    <ele>25.2</ele>
    <time>2025-09-21T23:21:57Z</time>
   </trkpt>
   <trkpt lat="22.3658340" lon="114.0568440">
    <ele>25.3</ele>
    <time>2025-09-21T23:21:58Z</time>
   </trkpt>
   <trkpt lat="22.3658500" lon="114.0568560">
    <ele>25.4</ele>
    <time>2025-09-21T23:21:59Z</time>
   </trkpt>
   <trkpt lat="22.3658420" lon="114.0568730">
    <ele>25.6</ele>
    <time>2025-09-21T23:22:00Z</time>
   </trkpt>
   <trkpt lat="22.3658470" lon="114.0568810">
    <ele>25.6</ele>
    <time>2025-09-21T23:22:01Z</time>
   </trkpt>
   <trkpt lat="22.3658480" lon="114.0568830">
    <ele>25.6</ele>
    <time>2025-09-21T23:22:02Z</time>
   </trkpt>
   <trkpt lat="22.3658600" lon="114.0568910">
    <ele>25.7</ele>
    <time>2025-09-21T23:22:03Z</time>
   </trkpt>
   <trkpt lat="22.3658690" lon="114.0569010">
    <ele>25.9</ele>
    <time>2025-09-21T23:22:04Z</time>
   </trkpt>
   <trkpt lat="22.3658670" lon="114.0569150">
    <ele>26.0</ele>
    <time>2025-09-21T23:22:05Z</time>
   </trkpt>
   <trkpt lat="22.3658630" lon="114.0569270">
    <ele>26.1</ele>
    <time>2025-09-21T23:22:06Z</time>
   </trkpt>
   <trkpt lat="22.3658450" lon="114.0569500">
    <ele>26.4</ele>
    <time>2025-09-21T23:22:07Z</time>
   </trkpt>
   <trkpt lat="22.3658360" lon="114.0569580">
    <ele>26.5</ele>
    <time>2025-09-21T23:22:08Z</time>
   </trkpt>
   <trkpt lat="22.3658270" lon="114.0569920">
    <ele>26.9</ele>
    <time>2025-09-21T23:22:09Z</time>
   </trkpt>
   <trkpt lat="22.3658180" lon="114.0569980">
    <ele>27.1</ele>
    <time>2025-09-21T23:22:10Z</time>
   </trkpt>
   <trkpt lat="22.3658050" lon="114.0570060">
    <ele>27.3</ele>
    <time>2025-09-21T23:22:11Z</time>
   </trkpt>
   <trkpt lat="22.3657990" lon="114.0570090">
    <ele>27.4</ele>
    <time>2025-09-21T23:22:12Z</time>
   </trkpt>
   <trkpt lat="22.3657900" lon="114.0570090">
    <ele>27.5</ele>
    <time>2025-09-21T23:22:13Z</time>
   </trkpt>
   <trkpt lat="22.3657850" lon="114.0570120">
    <ele>27.6</ele>
    <time>2025-09-21T23:22:14Z</time>
   </trkpt>
   <trkpt lat="22.3657730" lon="114.0570120">
    <ele>27.8</ele>
    <time>2025-09-21T23:22:15Z</time>
   </trkpt>
   <trkpt lat="22.3657660" lon="114.0570130">
    <ele>27.9</ele>
    <time>2025-09-21T23:22:16Z</time>
   </trkpt>
   <trkpt lat="22.3657450" lon="114.0570140">
    <ele>28.2</ele>
    <time>2025-09-21T23:22:17Z</time>
   </trkpt>
   <trkpt lat="22.3657350" lon="114.0570110">
    <ele>28.3</ele>
    <time>2025-09-21T23:22:18Z</time>
   </trkpt>
   <trkpt lat="22.3657260" lon="114.0570090">
    <ele>28.5</ele>
    <time>2025-09-21T23:22:19Z</time>
   </trkpt>
   <trkpt lat="22.3657190" lon="114.0570170">
    <ele>28.6</ele>
    <time>2025-09-21T23:22:20Z</time>
   </trkpt>
   <trkpt lat="22.3657090" lon="114.0570250">
    <ele>28.8</ele>
    <time>2025-09-21T23:22:21Z</time>
   </trkpt>
   <trkpt lat="22.3657040" lon="114.0570280">
    <ele>28.9</ele>
    <time>2025-09-21T23:22:22Z</time>
   </trkpt>
   <trkpt lat="22.3657010" lon="114.0570290">
    <ele>28.9</ele>
    <time>2025-09-21T23:22:23Z</time>
   </trkpt>
   <trkpt lat="22.3656970" lon="114.0570340">
    <ele>29.0</ele>
    <time>2025-09-21T23:22:24Z</time>
   </trkpt>
   <trkpt lat="22.3656820" lon="114.0570250">
    <ele>29.3</ele>
    <time>2025-09-21T23:22:25Z</time>
   </trkpt>
   <trkpt lat="22.3656730" lon="114.0570220">
    <ele>29.4</ele>
    <time>2025-09-21T23:22:26Z</time>
   </trkpt>
   <trkpt lat="22.3656680" lon="114.0570170">
    <ele>29.5</ele>
    <time>2025-09-21T23:22:27Z</time>
   </trkpt>
   <trkpt lat="22.3656610" lon="114.0570160">
    <ele>29.6</ele>
    <time>2025-09-21T23:22:28Z</time>
   </trkpt>
   <trkpt lat="22.3656570" lon="114.0570160">
    <ele>29.6</ele>
    <time>2025-09-21T23:22:29Z</time>
   </trkpt>
   <trkpt lat="22.3656510" lon="114.0570160">
    <ele>29.7</ele>
    <time>2025-09-21T23:22:30Z</time>
   </trkpt>
   <trkpt lat="22.3656470" lon="114.0570210">
    <ele>29.8</ele>
    <time>2025-09-21T23:22:31Z</time>
   </trkpt>
   <trkpt lat="22.3656410" lon="114.0570260">
    <ele>29.9</ele>
    <time>2025-09-21T23:22:32Z</time>
   </trkpt>
   <trkpt lat="22.3656320" lon="114.0570280">
    <ele>29.8</ele>
    <time>2025-09-21T23:22:33Z</time>
   </trkpt>
   <trkpt lat="22.3656260" lon="114.0570330">
    <ele>27.2</ele>
    <time>2025-09-21T23:22:34Z</time>
   </trkpt>
   <trkpt lat="22.3656200" lon="114.0570310">
    <ele>25.1</ele>
    <time>2025-09-21T23:22:35Z</time>
   </trkpt>
   <trkpt lat="22.3656130" lon="114.0570250">
    <ele>22.1</ele>
    <time>2025-09-21T23:22:36Z</time>
   </trkpt>
   <trkpt lat="22.3655920" lon="114.0570280">
    <ele>14.9</ele>
    <time>2025-09-21T23:22:37Z</time>
   </trkpt>
   <trkpt lat="22.3655870" lon="114.0570380">
    <ele>12.0</ele>
    <time>2025-09-21T23:22:38Z</time>
   </trkpt>
   <trkpt lat="22.3656040" lon="114.0570450">
    <ele>12.0</ele>
    <time>2025-09-21T23:22:39Z</time>
   </trkpt>
   <trkpt lat="22.3656020" lon="114.0570600">
    <ele>12.0</ele>
    <time>2025-09-21T23:22:40Z</time>
   </trkpt>
   <trkpt lat="22.3656020" lon="114.0570640">
    <ele>12.0</ele>
    <time>2025-09-21T23:22:41Z</time>
   </trkpt>
   <trkpt lat="22.3656010" lon="114.0570780">
    <ele>12.0</ele>
    <time>2025-09-21T23:22:42Z</time>
   </trkpt>
   <trkpt lat="22.3656060" lon="114.0570880">
    <ele>12.0</ele>
    <time>2025-09-21T23:22:43Z</time>
   </trkpt>
   <trkpt lat="22.3656050" lon="114.0570870">
    <ele>12.0</ele>
    <time>2025-09-21T23:22:44Z</time>
   </trkpt>
   <trkpt lat="22.3656140" lon="114.0570930">
    <ele>12.0</ele>
    <time>2025-09-21T23:22:45Z</time>
   </trkpt>
   <trkpt lat="22.3656120" lon="114.0571010">
    <ele>12.0</ele>
    <time>2025-09-21T23:22:46Z</time>
   </trkpt>
   <trkpt lat="22.3656250" lon="114.0571260">
    <ele>12.0</ele>
    <time>2025-09-21T23:22:47Z</time>
   </trkpt>
   <trkpt lat="22.3656160" lon="114.0571320">
    <ele>12.0</ele>
    <time>2025-09-21T23:22:48Z</time>
   </trkpt>
   <trkpt lat="22.3656240" lon="114.0571430">
    <ele>12.0</ele>
    <time>2025-09-21T23:22:49Z</time>
   </trkpt>
   <trkpt lat="22.3656280" lon="114.0571510">
    <ele>12.0</ele>
    <time>2025-09-21T23:22:50Z</time>
   </trkpt>
   <trkpt lat="22.3656330" lon="114.0571620">
    <ele>12.0</ele>
    <time>2025-09-21T23:22:51Z</time>
   </trkpt>
   <trkpt lat="22.3656430" lon="114.0571750">
    <ele>12.1</ele>
    <time>2025-09-21T23:22:52Z</time>
   </trkpt>
   <trkpt lat="22.3656480" lon="114.0571860">
    <ele>12.1</ele>
    <time>2025-09-21T23:22:53Z</time>
   </trkpt>
   <trkpt lat="22.3656530" lon="114.0571960">
    <ele>12.1</ele>
    <time>2025-09-21T23:22:54Z</time>
   </trkpt>
   <trkpt lat="22.3656590" lon="114.0572060">
    <ele>12.1</ele>
    <time>2025-09-21T23:22:55Z</time>
   </trkpt>
   <trkpt lat="22.3656630" lon="114.0572130">
    <ele>12.1</ele>
    <time>2025-09-21T23:22:56Z</time>
   </trkpt>
   <trkpt lat="22.3656630" lon="114.0572300">
    <ele>12.1</ele>
    <time>2025-09-21T23:22:57Z</time>
   </trkpt>
   <trkpt lat="22.3656680" lon="114.0572400">
    <ele>12.1</ele>
    <time>2025-09-21T23:22:58Z</time>
   </trkpt>
   <trkpt lat="22.3656760" lon="114.0572490">
    <ele>12.1</ele>
    <time>2025-09-21T23:22:59Z</time>
   </trkpt>
   <trkpt lat="22.3656770" lon="114.0572540">
    <ele>12.1</ele>
    <time>2025-09-21T23:23:00Z</time>
   </trkpt>
   <trkpt lat="22.3656820" lon="114.0572630">
    <ele>12.1</ele>
    <time>2025-09-21T23:23:01Z</time>
   </trkpt>
   <trkpt lat="22.3656920" lon="114.0572770">
    <ele>12.1</ele>
    <time>2025-09-21T23:23:02Z</time>
   </trkpt>
   <trkpt lat="22.3656990" lon="114.0572860">
    <ele>12.1</ele>
    <time>2025-09-21T23:23:03Z</time>
   </trkpt>
   <trkpt lat="22.3657100" lon="114.0573060">
    <ele>12.1</ele>
    <time>2025-09-21T23:23:04Z</time>
   </trkpt>
   <trkpt lat="22.3657130" lon="114.0573110">
    <ele>12.1</ele>
    <time>2025-09-21T23:23:05Z</time>
   </trkpt>
   <trkpt lat="22.3657170" lon="114.0573170">
    <ele>12.1</ele>
    <time>2025-09-21T23:23:06Z</time>
   </trkpt>
   <trkpt lat="22.3657200" lon="114.0573230">
    <ele>12.1</ele>
    <time>2025-09-21T23:23:07Z</time>
   </trkpt>
   <trkpt lat="22.3657240" lon="114.0573320">
    <ele>12.1</ele>
    <time>2025-09-21T23:23:08Z</time>
   </trkpt>
   <trkpt lat="22.3657280" lon="114.0573360">
    <ele>12.1</ele>
    <time>2025-09-21T23:23:09Z</time>
   </trkpt>
   <trkpt lat="22.3657340" lon="114.0573460">
    <ele>12.1</ele>
    <time>2025-09-21T23:23:10Z</time>
   </trkpt>
   <trkpt lat="22.3657360" lon="114.0573540">
    <ele>12.1</ele>
    <time>2025-09-21T23:23:11Z</time>
   </trkpt>
   <trkpt lat="22.3657410" lon="114.0573650">
    <ele>12.2</ele>
    <time>2025-09-21T23:23:12Z</time>
   </trkpt>
   <trkpt lat="22.3657440" lon="114.0573740">
    <ele>12.2</ele>
    <time>2025-09-21T23:23:13Z</time>
   </trkpt>
   <trkpt lat="22.3657460" lon="114.0573820">
    <ele>12.2</ele>
    <time>2025-09-21T23:23:14Z</time>
   </trkpt>
   <trkpt lat="22.3657490" lon="114.0573910">
    <ele>12.2</ele>
    <time>2025-09-21T23:23:15Z</time>
   </trkpt>
   <trkpt lat="22.3657510" lon="114.0574010">
    <ele>12.2</ele>
    <time>2025-09-21T23:23:16Z</time>
   </trkpt>
   <trkpt lat="22.3657600" lon="114.0574190">
    <ele>12.2</ele>
    <time>2025-09-21T23:23:17Z</time>
   </trkpt>
   <trkpt lat="22.3657640" lon="114.0574270">
    <ele>12.2</ele>
    <time>2025-09-21T23:23:18Z</time>
   </trkpt>
   <trkpt lat="22.3657670" lon="114.0574390">
    <ele>12.2</ele>
    <time>2025-09-21T23:23:19Z</time>
   </trkpt>
   <trkpt lat="22.3657650" lon="114.0574480">
    <ele>12.2</ele>
    <time>2025-09-21T23:23:20Z</time>
   </trkpt>
   <trkpt lat="22.3657670" lon="114.0574620">
    <ele>12.2</ele>
    <time>2025-09-21T23:23:21Z</time>
   </trkpt>
   <trkpt lat="22.3657700" lon="114.0574720">
    <ele>12.2</ele>
    <time>2025-09-21T23:23:22Z</time>
   </trkpt>
   <trkpt lat="22.3657780" lon="114.0574770">
    <ele>12.2</ele>
    <time>2025-09-21T23:23:23Z</time>
   </trkpt>
   <trkpt lat="22.3658060" lon="114.0574950">
    <ele>12.2</ele>
    <time>2025-09-21T23:23:24Z</time>
   </trkpt>
   <trkpt lat="22.3658250" lon="114.0575030">
    <ele>12.2</ele>
    <time>2025-09-21T23:23:25Z</time>
   </trkpt>
   <trkpt lat="22.3658440" lon="114.0575100">
    <ele>12.2</ele>
    <time>2025-09-21T23:23:26Z</time>
   </trkpt>
   <trkpt lat="22.3658170" lon="114.0575050">
    <ele>12.2</ele>
    <time>2025-09-21T23:23:27Z</time>
   </trkpt>
   <trkpt lat="22.3658300" lon="114.0575200">
    <ele>12.2</ele>
    <time>2025-09-21T23:23:28Z</time>
   </trkpt>
   <trkpt lat="22.3658360" lon="114.0575280">
    <ele>12.2</ele>
    <time>2025-09-21T23:23:29Z</time>
   </trkpt>
   <trkpt lat="22.3658420" lon="114.0575350">
    <ele>12.2</ele>
    <time>2025-09-21T23:23:30Z</time>
   </trkpt>
   <trkpt lat="22.3658380" lon="114.0575420">
    <ele>12.2</ele>
    <time>2025-09-21T23:23:31Z</time>
   </trkpt>
   <trkpt lat="22.3658370" lon="114.0575650">
    <ele>12.2</ele>
    <time>2025-09-21T23:23:32Z</time>
   </trkpt>
   <trkpt lat="22.3658340" lon="114.0575810">
    <ele>12.2</ele>
    <time>2025-09-21T23:23:33Z</time>
   </trkpt>
   <trkpt lat="22.3658330" lon="114.0575840">
    <ele>12.2</ele>
    <time>2025-09-21T23:23:34Z</time>
   </trkpt>
   <trkpt lat="22.3658340" lon="114.0575950">
    <ele>12.2</ele>
    <time>2025-09-21T23:23:35Z</time>
   </trkpt>
   <trkpt lat="22.3658450" lon="114.0576120">
    <ele>12.2</ele>
    <time>2025-09-21T23:23:36Z</time>
   </trkpt>
   <trkpt lat="22.3658570" lon="114.0576180">
    <ele>12.2</ele>
    <time>2025-09-21T23:23:37Z</time>
   </trkpt>
   <trkpt lat="22.3658500" lon="114.0576430">
    <ele>12.2</ele>
    <time>2025-09-21T23:23:38Z</time>
   </trkpt>
   <trkpt lat="22.3658500" lon="114.0576540">
    <ele>12.2</ele>
    <time>2025-09-21T23:23:39Z</time>
   </trkpt>
   <trkpt lat="22.3658490" lon="114.0576650">
    <ele>12.2</ele>
    <time>2025-09-21T23:23:40Z</time>
   </trkpt>
   <trkpt lat="22.3658350" lon="114.0577010">
    <ele>12.2</ele>
    <time>2025-09-21T23:23:41Z</time>
   </trkpt>
   <trkpt lat="22.3658320" lon="114.0577110">
    <ele>12.2</ele>
    <time>2025-09-21T23:23:42Z</time>
   </trkpt>
   <trkpt lat="22.3658270" lon="114.0577290">
    <ele>12.2</ele>
    <time>2025-09-21T23:23:43Z</time>
   </trkpt>
   <trkpt lat="22.3658290" lon="114.0577420">
    <ele>12.2</ele>
    <time>2025-09-21T23:23:44Z</time>
   </trkpt>
   <trkpt lat="22.3658380" lon="114.0577630">
    <ele>12.2</ele>
    <time>2025-09-21T23:23:45Z</time>
   </trkpt>
   <trkpt lat="22.3658380" lon="114.0577770">
    <ele>12.1</ele>
    <time>2025-09-21T23:23:46Z</time>
   </trkpt>
   <trkpt lat="22.3658380" lon="114.0577920">
    <ele>12.1</ele>
    <time>2025-09-21T23:23:47Z</time>
   </trkpt>
   <trkpt lat="22.3658410" lon="114.0578050">
    <ele>12.1</ele>
    <time>2025-09-21T23:23:48Z</time>
   </trkpt>
   <trkpt lat="22.3658480" lon="114.0578070">
    <ele>12.1</ele>
    <time>2025-09-21T23:23:49Z</time>
   </trkpt>
   <trkpt lat="22.3658480" lon="114.0578220">
    <ele>12.1</ele>
    <time>2025-09-21T23:23:50Z</time>
   </trkpt>
   <trkpt lat="22.3658680" lon="114.0578310">
    <ele>12.1</ele>
    <time>2025-09-21T23:23:51Z</time>
   </trkpt>
   <trkpt lat="22.3658740" lon="114.0578430">
    <ele>12.1</ele>
    <time>2025-09-21T23:23:52Z</time>
   </trkpt>
   <trkpt lat="22.3658760" lon="114.0578640">
    <ele>12.1</ele>
    <time>2025-09-21T23:23:53Z</time>
   </trkpt>
   <trkpt lat="22.3658860" lon="114.0578720">
    <ele>12.0</ele>
    <time>2025-09-21T23:23:54Z</time>
   </trkpt>
   <trkpt lat="22.3658950" lon="114.0578840">
    <ele>12.0</ele>
    <time>2025-09-21T23:23:55Z</time>
   </trkpt>
   <trkpt lat="22.3658990" lon="114.0578960">
    <ele>12.0</ele>
    <time>2025-09-21T23:23:56Z</time>
   </trkpt>
   <trkpt lat="22.3659090" lon="114.0578960">
    <ele>12.0</ele>
    <time>2025-09-21T23:23:57Z</time>
   </trkpt>
   <trkpt lat="22.3659140" lon="114.0579230">
    <ele>12.0</ele>
    <time>2025-09-21T23:23:58Z</time>
   </trkpt>
   <trkpt lat="22.3659220" lon="114.0579270">
    <ele>11.9</ele>
    <time>2025-09-21T23:23:59Z</time>
   </trkpt>
   <trkpt lat="22.3659300" lon="114.0579430">
    <ele>11.9</ele>
    <time>2025-09-21T23:24:00Z</time>
   </trkpt>
   <trkpt lat="22.3659340" lon="114.0579500">
    <ele>11.9</ele>
    <time>2025-09-21T23:24:01Z</time>
   </trkpt>
   <trkpt lat="22.3659450" lon="114.0579570">
    <ele>11.9</ele>
    <time>2025-09-21T23:24:02Z</time>
   </trkpt>
   <trkpt lat="22.3659520" lon="114.0579740">
    <ele>11.9</ele>
    <time>2025-09-21T23:24:03Z</time>
   </trkpt>
   <trkpt lat="22.3659600" lon="114.0579820">
    <ele>11.8</ele>
    <time>2025-09-21T23:24:04Z</time>
   </trkpt>
   <trkpt lat="22.3659630" lon="114.0579900">
    <ele>11.8</ele>
    <time>2025-09-21T23:24:05Z</time>
   </trkpt>
   <trkpt lat="22.3659770" lon="114.0580020">
    <ele>11.8</ele>
    <time>2025-09-21T23:24:06Z</time>
   </trkpt>
   <trkpt lat="22.3659760" lon="114.0580130">
    <ele>11.8</ele>
    <time>2025-09-21T23:24:07Z</time>
   </trkpt>
   <trkpt lat="22.3659820" lon="114.0580070">
    <ele>11.8</ele>
    <time>2025-09-21T23:24:08Z</time>
   </trkpt>
   <trkpt lat="22.3659860" lon="114.0580070">
    <ele>11.8</ele>
    <time>2025-09-21T23:24:09Z</time>
   </trkpt>
   <trkpt lat="22.3659980" lon="114.0580150">
    <ele>11.7</ele>
    <time>2025-09-21T23:24:10Z</time>
   </trkpt>
   <trkpt lat="22.3660100" lon="114.0580260">
    <ele>11.7</ele>
    <time>2025-09-21T23:24:11Z</time>
   </trkpt>
   <trkpt lat="22.3660160" lon="114.0580350">
    <ele>11.7</ele>
    <time>2025-09-21T23:24:12Z</time>
   </trkpt>
   <trkpt lat="22.3660240" lon="114.0580430">
    <ele>11.7</ele>
    <time>2025-09-21T23:24:13Z</time>
   </trkpt>
   <trkpt lat="22.3660280" lon="114.0580570">
    <ele>11.7</ele>
    <time>2025-09-21T23:24:14Z</time>
   </trkpt>
   <trkpt lat="22.3660310" lon="114.0580720">
    <ele>11.6</ele>
    <time>2025-09-21T23:24:15Z</time>
   </trkpt>
   <trkpt lat="22.3660370" lon="114.0580800">
    <ele>11.6</ele>
    <time>2025-09-21T23:24:16Z</time>
   </trkpt>
   <trkpt lat="22.3660380" lon="114.0580890">
    <ele>11.6</ele>
    <time>2025-09-21T23:24:17Z</time>
   </trkpt>
   <trkpt lat="22.3660480" lon="114.0581090">
    <ele>11.6</ele>
    <time>2025-09-21T23:24:18Z</time>
   </trkpt>
   <trkpt lat="22.3660550" lon="114.0581160">
    <ele>11.6</ele>
    <time>2025-09-21T23:24:19Z</time>
   </trkpt>
   <trkpt lat="22.3660560" lon="114.0581310">
    <ele>11.5</ele>
    <time>2025-09-21T23:24:20Z</time>
   </trkpt>
   <trkpt lat="22.3660650" lon="114.0581350">
    <ele>11.5</ele>
    <time>2025-09-21T23:24:21Z</time>
   </trkpt>
   <trkpt lat="22.3660680" lon="114.0581520">
    <ele>11.5</ele>
    <time>2025-09-21T23:24:22Z</time>
   </trkpt>
   <trkpt lat="22.3660760" lon="114.0581580">
    <ele>11.5</ele>
    <time>2025-09-21T23:24:23Z</time>
   </trkpt>
   <trkpt lat="22.3660920" lon="114.0581630">
    <ele>11.4</ele>
    <time>2025-09-21T23:24:24Z</time>
   </trkpt>
   <trkpt lat="22.3660960" lon="114.0581680">
    <ele>11.4</ele>
    <time>2025-09-21T23:24:25Z</time>
   </trkpt>
   <trkpt lat="22.3661210" lon="114.0581910">
    <ele>11.4</ele>
    <time>2025-09-21T23:24:26Z</time>
   </trkpt>
   <trkpt lat="22.3661280" lon="114.0581960">
    <ele>11.4</ele>
    <time>2025-09-21T23:24:27Z</time>
   </trkpt>
   <trkpt lat="22.3661230" lon="114.0582160">
    <ele>11.3</ele>
    <time>2025-09-21T23:24:28Z</time>
   </trkpt>
   <trkpt lat="22.3661370" lon="114.0582230">
    <ele>11.3</ele>
    <time>2025-09-21T23:24:29Z</time>
   </trkpt>
   <trkpt lat="22.3661400" lon="114.0582290">
    <ele>11.3</ele>
    <time>2025-09-21T23:24:30Z</time>
   </trkpt>
   <trkpt lat="22.3661450" lon="114.0582330">
    <ele>11.3</ele>
    <time>2025-09-21T23:24:31Z</time>
   </trkpt>
   <trkpt lat="22.3661550" lon="114.0582420">
    <ele>11.3</ele>
    <time>2025-09-21T23:24:32Z</time>
   </trkpt>
   <trkpt lat="22.3661610" lon="114.0582480">
    <ele>11.3</ele>
    <time>2025-09-21T23:24:33Z</time>
   </trkpt>
   <trkpt lat="22.3661660" lon="114.0582510">
    <ele>11.2</ele>
    <time>2025-09-21T23:24:34Z</time>
   </trkpt>
   <trkpt lat="22.3661720" lon="114.0582560">
    <ele>11.2</ele>
    <time>2025-09-21T23:24:35Z</time>
   </trkpt>
   <trkpt lat="22.3661820" lon="114.0582660">
    <ele>11.2</ele>
    <time>2025-09-21T23:24:36Z</time>
   </trkpt>
   <trkpt lat="22.3661930" lon="114.0582570">
    <ele>11.2</ele>
    <time>2025-09-21T23:24:37Z</time>
   </trkpt>
   <trkpt lat="22.3661980" lon="114.0582720">
    <ele>11.2</ele>
    <time>2025-09-21T23:24:38Z</time>
   </trkpt>
   <trkpt lat="22.3662050" lon="114.0582790">
    <ele>11.2</ele>
    <time>2025-09-21T23:24:39Z</time>
   </trkpt>
   <trkpt lat="22.3662100" lon="114.0582920">
    <ele>11.1</ele>
    <time>2025-09-21T23:24:40Z</time>
   </trkpt>
   <trkpt lat="22.3662190" lon="114.0582940">
    <ele>11.1</ele>
    <time>2025-09-21T23:24:41Z</time>
   </trkpt>
   <trkpt lat="22.3662250" lon="114.0583080">
    <ele>11.1</ele>
    <time>2025-09-21T23:24:42Z</time>
   </trkpt>
   <trkpt lat="22.3662280" lon="114.0583030">
    <ele>11.1</ele>
    <time>2025-09-21T23:24:43Z</time>
   </trkpt>
   <trkpt lat="22.3662390" lon="114.0583050">
    <ele>11.1</ele>
    <time>2025-09-21T23:24:44Z</time>
   </trkpt>
   <trkpt lat="22.3662540" lon="114.0583220">
    <ele>11.0</ele>
    <time>2025-09-21T23:24:45Z</time>
   </trkpt>
   <trkpt lat="22.3662590" lon="114.0583280">
    <ele>11.0</ele>
    <time>2025-09-21T23:24:46Z</time>
   </trkpt>
   <trkpt lat="22.3662650" lon="114.0583340">
    <ele>11.0</ele>
    <time>2025-09-21T23:24:47Z</time>
   </trkpt>
   <trkpt lat="22.3662810" lon="114.0583360">
    <ele>11.0</ele>
    <time>2025-09-21T23:24:48Z</time>
   </trkpt>
   <trkpt lat="22.3662890" lon="114.0583450">
    <ele>10.9</ele>
    <time>2025-09-21T23:24:49Z</time>
   </trkpt>
   <trkpt lat="22.3662940" lon="114.0583410">
    <ele>10.9</ele>
    <time>2025-09-21T23:24:50Z</time>
   </trkpt>
   <trkpt lat="22.3663100" lon="114.0583350">
    <ele>10.9</ele>
    <time>2025-09-21T23:24:51Z</time>
   </trkpt>
   <trkpt lat="22.3663240" lon="114.0583400">
    <ele>10.9</ele>
    <time>2025-09-21T23:24:52Z</time>
   </trkpt>
   <trkpt lat="22.3663300" lon="114.0583490">
    <ele>10.8</ele>
    <time>2025-09-21T23:24:53Z</time>
   </trkpt>
   <trkpt lat="22.3663430" lon="114.0583480">
    <ele>10.8</ele>
    <time>2025-09-21T23:24:54Z</time>
   </trkpt>
   <trkpt lat="22.3663550" lon="114.0583570">
    <ele>10.8</ele>
    <time>2025-09-21T23:24:55Z</time>
   </trkpt>
   <trkpt lat="22.3663700" lon="114.0583610">
    <ele>10.7</ele>
    <time>2025-09-21T23:24:56Z</time>
   </trkpt>
   <trkpt lat="22.3663840" lon="114.0583680">
    <ele>10.7</ele>
    <time>2025-09-21T23:24:57Z</time>
   </trkpt>
   <trkpt lat="22.3663970" lon="114.0583740">
    <ele>10.7</ele>
    <time>2025-09-21T23:24:58Z</time>
   </trkpt>
   <trkpt lat="22.3664070" lon="114.0583920">
    <ele>10.6</ele>
    <time>2025-09-21T23:24:59Z</time>
   </trkpt>
   <trkpt lat="22.3664040" lon="114.0583880">
    <ele>10.6</ele>
    <time>2025-09-21T23:25:00Z</time>
   </trkpt>
   <trkpt lat="22.3664070" lon="114.0583990">
    <ele>10.6</ele>
    <time>2025-09-21T23:25:01Z</time>
   </trkpt>
   <trkpt lat="22.3664100" lon="114.0584030">
    <ele>10.6</ele>
    <time>2025-09-21T23:25:02Z</time>
   </trkpt>
   <trkpt lat="22.3664160" lon="114.0584060">
    <ele>10.6</ele>
    <time>2025-09-21T23:25:03Z</time>
   </trkpt>
   <trkpt lat="22.3664190" lon="114.0584140">
    <ele>10.6</ele>
    <time>2025-09-21T23:25:04Z</time>
   </trkpt>
   <trkpt lat="22.3664240" lon="114.0584230">
    <ele>10.5</ele>
    <time>2025-09-21T23:25:05Z</time>
   </trkpt>
   <trkpt lat="22.3664340" lon="114.0584370">
    <ele>10.5</ele>
    <time>2025-09-21T23:25:06Z</time>
   </trkpt>
   <trkpt lat="22.3664400" lon="114.0584440">
    <ele>10.5</ele>
    <time>2025-09-21T23:25:07Z</time>
   </trkpt>
   <trkpt lat="22.3664450" lon="114.0584520">
    <ele>10.4</ele>
    <time>2025-09-21T23:25:08Z</time>
   </trkpt>
   <trkpt lat="22.3664510" lon="114.0584590">
    <ele>10.4</ele>
    <time>2025-09-21T23:25:09Z</time>
   </trkpt>
   <trkpt lat="22.3664640" lon="114.0584730">
    <ele>10.4</ele>
    <time>2025-09-21T23:25:10Z</time>
   </trkpt>
   <trkpt lat="22.3664700" lon="114.0584790">
    <ele>10.4</ele>
    <time>2025-09-21T23:25:11Z</time>
   </trkpt>
   <trkpt lat="22.3664770" lon="114.0584840">
    <ele>10.3</ele>
    <time>2025-09-21T23:25:12Z</time>
   </trkpt>
   <trkpt lat="22.3664830" lon="114.0584900">
    <ele>10.3</ele>
    <time>2025-09-21T23:25:13Z</time>
   </trkpt>
   <trkpt lat="22.3664830" lon="114.0585130">
    <ele>10.3</ele>
    <time>2025-09-21T23:25:14Z</time>
   </trkpt>
   <trkpt lat="22.3664910" lon="114.0585210">
    <ele>10.3</ele>
    <time>2025-09-21T23:25:15Z</time>
   </trkpt>
   <trkpt lat="22.3664980" lon="114.0585280">
    <ele>10.2</ele>
    <time>2025-09-21T23:25:16Z</time>
   </trkpt>
   <trkpt lat="22.3665050" lon="114.0585400">
    <ele>10.2</ele>
    <time>2025-09-21T23:25:17Z</time>
   </trkpt>
   <trkpt lat="22.3665120" lon="114.0585470">
    <ele>10.2</ele>
    <time>2025-09-21T23:25:18Z</time>
   </trkpt>
   <trkpt lat="22.3665200" lon="114.0585590">
    <ele>10.1</ele>
    <time>2025-09-21T23:25:19Z</time>
   </trkpt>
   <trkpt lat="22.3665260" lon="114.0585720">
    <ele>10.1</ele>
    <time>2025-09-21T23:25:20Z</time>
   </trkpt>
   <trkpt lat="22.3665390" lon="114.0585780">
    <ele>10.1</ele>
    <time>2025-09-21T23:25:21Z</time>
   </trkpt>
   <trkpt lat="22.3665480" lon="114.0585800">
    <ele>10.1</ele>
    <time>2025-09-21T23:25:22Z</time>
   </trkpt>
   <trkpt lat="22.3665670" lon="114.0585890">
    <ele>10.0</ele>
    <time>2025-09-21T23:25:23Z</time>
   </trkpt>
   <trkpt lat="22.3665720" lon="114.0585930">
    <ele>10.0</ele>
    <time>2025-09-21T23:25:24Z</time>
   </trkpt>
   <trkpt lat="22.3665760" lon="114.0585930">
    <ele>10.0</ele>
    <time>2025-09-21T23:25:25Z</time>
   </trkpt>
   <trkpt lat="22.3665790" lon="114.0585990">
    <ele>10.0</ele>
    <time>2025-09-21T23:25:26Z</time>
   </trkpt>
   <trkpt lat="22.3665840" lon="114.0586010">
    <ele>10.0</ele>
    <time>2025-09-21T23:25:27Z</time>
   </trkpt>
   <trkpt lat="22.3666030" lon="114.0586130">
    <ele>9.9</ele>
    <time>2025-09-21T23:25:28Z</time>
   </trkpt>
   <trkpt lat="22.3666100" lon="114.0586150">
    <ele>9.9</ele>
    <time>2025-09-21T23:25:29Z</time>
   </trkpt>
   <trkpt lat="22.3666220" lon="114.0586210">
    <ele>9.9</ele>
    <time>2025-09-21T23:25:30Z</time>
   </trkpt>
   <trkpt lat="22.3666340" lon="114.0586270">
    <ele>9.9</ele>
    <time>2025-09-21T23:25:31Z</time>
   </trkpt>
   <trkpt lat="22.3666420" lon="114.0586370">
    <ele>9.9</ele>
    <time>2025-09-21T23:25:32Z</time>
   </trkpt>
   <trkpt lat="22.3666550" lon="114.0586450">
    <ele>9.8</ele>
    <time>2025-09-21T23:25:33Z</time>
   </trkpt>
   <trkpt lat="22.3666580" lon="114.0586500">
    <ele>9.8</ele>
    <time>2025-09-21T23:25:34Z</time>
   </trkpt>
   <trkpt lat="22.3666680" lon="114.0586570">
    <ele>9.8</ele>
    <time>2025-09-21T23:25:35Z</time>
   </trkpt>
   <trkpt lat="22.3666760" lon="114.0586620">
    <ele>9.8</ele>
    <time>2025-09-21T23:25:36Z</time>
   </trkpt>
   <trkpt lat="22.3666810" lon="114.0586670">
    <ele>9.8</ele>
    <time>2025-09-21T23:25:37Z</time>
   </trkpt>
   <trkpt lat="22.3667020" lon="114.0586820">
    <ele>9.8</ele>
    <time>2025-09-21T23:25:38Z</time>
   </trkpt>
   <trkpt lat="22.3667070" lon="114.0586850">
    <ele>9.8</ele>
    <time>2025-09-21T23:25:39Z</time>
   </trkpt>
   <trkpt lat="22.3667110" lon="114.0586870">
    <ele>9.8</ele>
    <time>2025-09-21T23:25:40Z</time>
   </trkpt>
   <trkpt lat="22.3667160" lon="114.0586900">
    <ele>9.8</ele>
    <time>2025-09-21T23:25:41Z</time>
   </trkpt>
   <trkpt lat="22.3667210" lon="114.0586990">
    <ele>9.8</ele>
    <time>2025-09-21T23:25:42Z</time>
   </trkpt>
   <trkpt lat="22.3667200" lon="114.0587030">
    <ele>9.8</ele>
    <time>2025-09-21T23:25:43Z</time>
   </trkpt>
   <trkpt lat="22.3667270" lon="114.0587140">
    <ele>9.8</ele>
    <time>2025-09-21T23:25:44Z</time>
   </trkpt>
   <trkpt lat="22.3667300" lon="114.0587150">
    <ele>9.7</ele>
    <time>2025-09-21T23:25:45Z</time>
   </trkpt>
   <trkpt lat="22.3667320" lon="114.0587200">
    <ele>9.7</ele>
    <time>2025-09-21T23:25:46Z</time>
   </trkpt>
   <trkpt lat="22.3667310" lon="114.0587280">
    <ele>9.7</ele>
    <time>2025-09-21T23:25:47Z</time>
   </trkpt>
   <trkpt lat="22.3667310" lon="114.0587360">
    <ele>9.7</ele>
    <time>2025-09-21T23:25:48Z</time>
   </trkpt>
   <trkpt lat="22.3667390" lon="114.0587470">
    <ele>9.7</ele>
    <time>2025-09-21T23:25:49Z</time>
   </trkpt>
   <trkpt lat="22.3667350" lon="114.0587550">
    <ele>9.7</ele>
    <time>2025-09-21T23:25:50Z</time>
   </trkpt>
   <trkpt lat="22.3667450" lon="114.0587610">
    <ele>9.7</ele>
    <time>2025-09-21T23:25:51Z</time>
   </trkpt>
   <trkpt lat="22.3667470" lon="114.0587650">
    <ele>9.7</ele>
    <time>2025-09-21T23:25:52Z</time>
   </trkpt>
   <trkpt lat="22.3667570" lon="114.0587770">
    <ele>9.7</ele>
    <time>2025-09-21T23:25:53Z</time>
   </trkpt>
   <trkpt lat="22.3667630" lon="114.0587840">
    <ele>9.7</ele>
    <time>2025-09-21T23:25:54Z</time>
   </trkpt>
   <trkpt lat="22.3667710" lon="114.0587900">
    <ele>9.7</ele>
    <time>2025-09-21T23:25:55Z</time>
   </trkpt>
   <trkpt lat="22.3667780" lon="114.0588010">
    <ele>9.7</ele>
    <time>2025-09-21T23:25:56Z</time>
   </trkpt>
   <trkpt lat="22.3667800" lon="114.0588100">
    <ele>9.7</ele>
    <time>2025-09-21T23:25:57Z</time>
   </trkpt>
   <trkpt lat="22.3667870" lon="114.0588220">
    <ele>9.7</ele>
    <time>2025-09-21T23:25:58Z</time>
   </trkpt>
   <trkpt lat="22.3668010" lon="114.0588300">
    <ele>9.7</ele>
    <time>2025-09-21T23:25:59Z</time>
   </trkpt>
   <trkpt lat="22.3668020" lon="114.0588320">
    <ele>9.7</ele>
    <time>2025-09-21T23:26:00Z</time>
   </trkpt>
   <trkpt lat="22.3668040" lon="114.0588550">
    <ele>9.7</ele>
    <time>2025-09-21T23:26:01Z</time>
   </trkpt>
   <trkpt lat="22.3668050" lon="114.0588630">
    <ele>9.7</ele>
    <time>2025-09-21T23:26:02Z</time>
   </trkpt>
   <trkpt lat="22.3668070" lon="114.0588740">
    <ele>9.7</ele>
    <time>2025-09-21T23:26:03Z</time>
   </trkpt>
   <trkpt lat="22.3668040" lon="114.0588810">
    <ele>9.7</ele>
    <time>2025-09-21T23:26:04Z</time>
   </trkpt>
   <trkpt lat="22.3668090" lon="114.0588930">
    <ele>9.7</ele>
    <time>2025-09-21T23:26:05Z</time>
   </trkpt>
   <trkpt lat="22.3668110" lon="114.0589120">
    <ele>9.7</ele>
    <time>2025-09-21T23:26:06Z</time>
   </trkpt>
   <trkpt lat="22.3668150" lon="114.0589190">
    <ele>9.7</ele>
    <time>2025-09-21T23:26:07Z</time>
   </trkpt>
   <trkpt lat="22.3668230" lon="114.0589270">
    <ele>9.7</ele>
    <time>2025-09-21T23:26:08Z</time>
   </trkpt>
   <trkpt lat="22.3668500" lon="114.0589280">
    <ele>9.7</ele>
    <time>2025-09-21T23:26:09Z</time>
   </trkpt>
   <trkpt lat="22.3668610" lon="114.0589220">
    <ele>9.7</ele>
    <time>2025-09-21T23:26:10Z</time>
   </trkpt>
   <trkpt lat="22.3668630" lon="114.0589250">
    <ele>9.7</ele>
    <time>2025-09-21T23:26:11Z</time>
   </trkpt>
   <trkpt lat="22.3668810" lon="114.0589200">
    <ele>9.7</ele>
    <time>2025-09-21T23:26:12Z</time>
   </trkpt>
   <trkpt lat="22.3668950" lon="114.0589260">
    <ele>9.7</ele>
    <time>2025-09-21T23:26:13Z</time>
   </trkpt>
   <trkpt lat="22.3669000" lon="114.0589370">
    <ele>9.7</ele>
    <time>2025-09-21T23:26:14Z</time>
   </trkpt>
   <trkpt lat="22.3669130" lon="114.0589520">
    <ele>9.7</ele>
    <time>2025-09-21T23:26:15Z</time>
   </trkpt>
   <trkpt lat="22.3669230" lon="114.0589680">
    <ele>9.7</ele>
    <time>2025-09-21T23:26:16Z</time>
   </trkpt>
   <trkpt lat="22.3669280" lon="114.0589730">
    <ele>9.7</ele>
    <time>2025-09-21T23:26:17Z</time>
   </trkpt>
   <trkpt lat="22.3669340" lon="114.0589790">
    <ele>9.7</ele>
    <time>2025-09-21T23:26:18Z</time>
   </trkpt>
   <trkpt lat="22.3669390" lon="114.0589840">
    <ele>9.7</ele>
    <time>2025-09-21T23:26:19Z</time>
   </trkpt>
   <trkpt lat="22.3669550" lon="114.0589850">
    <ele>9.8</ele>
    <time>2025-09-21T23:26:20Z</time>
   </trkpt>
   <trkpt lat="22.3669670" lon="114.0589910">
    <ele>9.8</ele>
    <time>2025-09-21T23:26:21Z</time>
   </trkpt>
   <trkpt lat="22.3669740" lon="114.0589960">
    <ele>9.8</ele>
    <time>2025-09-21T23:26:22Z</time>
   </trkpt>
   <trkpt lat="22.3669740" lon="114.0589980">
    <ele>9.8</ele>
    <time>2025-09-21T23:26:23Z</time>
   </trkpt>
   <trkpt lat="22.3669750" lon="114.0590000">
    <ele>9.8</ele>
    <time>2025-09-21T23:26:24Z</time>
   </trkpt>
   <trkpt lat="22.3669820" lon="114.0590090">
    <ele>9.8</ele>
    <time>2025-09-21T23:26:25Z</time>
   </trkpt>
   <trkpt lat="22.3669920" lon="114.0590180">
    <ele>9.8</ele>
    <time>2025-09-21T23:26:26Z</time>
   </trkpt>
   <trkpt lat="22.3669980" lon="114.0590470">
    <ele>9.8</ele>
    <time>2025-09-21T23:26:27Z</time>
   </trkpt>
   <trkpt lat="22.3670040" lon="114.0590540">
    <ele>9.8</ele>
    <time>2025-09-21T23:26:28Z</time>
   </trkpt>
   <trkpt lat="22.3670100" lon="114.0590620">
    <ele>9.9</ele>
    <time>2025-09-21T23:26:29Z</time>
   </trkpt>
   <trkpt lat="22.3670210" lon="114.0590720">
    <ele>9.9</ele>
    <time>2025-09-21T23:26:30Z</time>
   </trkpt>
   <trkpt lat="22.3670350" lon="114.0590820">
    <ele>9.9</ele>
    <time>2025-09-21T23:26:31Z</time>
   </trkpt>
   <trkpt lat="22.3670430" lon="114.0590920">
    <ele>9.9</ele>
    <time>2025-09-21T23:26:32Z</time>
   </trkpt>
   <trkpt lat="22.3670540" lon="114.0591040">
    <ele>9.9</ele>
    <time>2025-09-21T23:26:33Z</time>
   </trkpt>
   <trkpt lat="22.3670600" lon="114.0591090">
    <ele>9.9</ele>
    <time>2025-09-21T23:26:34Z</time>
   </trkpt>
   <trkpt lat="22.3670680" lon="114.0591100">
    <ele>9.9</ele>
    <time>2025-09-21T23:26:35Z</time>
   </trkpt>
   <trkpt lat="22.3670710" lon="114.0591190">
    <ele>9.9</ele>
    <time>2025-09-21T23:26:36Z</time>
   </trkpt>
   <trkpt lat="22.3670760" lon="114.0591260">
    <ele>9.9</ele>
    <time>2025-09-21T23:26:37Z</time>
   </trkpt>
   <trkpt lat="22.3670770" lon="114.0591330">
    <ele>9.9</ele>
    <time>2025-09-21T23:26:38Z</time>
   </trkpt>
   <trkpt lat="22.3670870" lon="114.0591540">
    <ele>9.9</ele>
    <time>2025-09-21T23:26:39Z</time>
   </trkpt>
   <trkpt lat="22.3670830" lon="114.0591650">
    <ele>9.9</ele>
    <time>2025-09-21T23:26:40Z</time>
   </trkpt>
   <trkpt lat="22.3670930" lon="114.0591700">
    <ele>9.9</ele>
    <time>2025-09-21T23:26:41Z</time>
   </trkpt>
   <trkpt lat="22.3670930" lon="114.0591850">
    <ele>10.0</ele>
    <time>2025-09-21T23:26:42Z</time>
   </trkpt>
   <trkpt lat="22.3671000" lon="114.0591960">
    <ele>10.0</ele>
    <time>2025-09-21T23:26:43Z</time>
   </trkpt>
   <trkpt lat="22.3671060" lon="114.0592030">
    <ele>10.0</ele>
    <time>2025-09-21T23:26:44Z</time>
   </trkpt>
   <trkpt lat="22.3671160" lon="114.0592130">
    <ele>10.0</ele>
    <time>2025-09-21T23:26:45Z</time>
   </trkpt>
   <trkpt lat="22.3671270" lon="114.0592260">
    <ele>10.0</ele>
    <time>2025-09-21T23:26:46Z</time>
   </trkpt>
   <trkpt lat="22.3671300" lon="114.0592350">
    <ele>10.0</ele>
    <time>2025-09-21T23:26:47Z</time>
   </trkpt>
   <trkpt lat="22.3671320" lon="114.0592430">
    <ele>10.0</ele>
    <time>2025-09-21T23:26:48Z</time>
   </trkpt>
   <trkpt lat="22.3671350" lon="114.0592520">
    <ele>10.0</ele>
    <time>2025-09-21T23:26:49Z</time>
   </trkpt>
   <trkpt lat="22.3671450" lon="114.0592550">
    <ele>10.0</ele>
    <time>2025-09-21T23:26:50Z</time>
   </trkpt>
   <trkpt lat="22.3671490" lon="114.0592600">
    <ele>10.0</ele>
    <time>2025-09-21T23:26:51Z</time>
   </trkpt>
   <trkpt lat="22.3671490" lon="114.0592670">
    <ele>10.0</ele>
    <time>2025-09-21T23:26:52Z</time>
   </trkpt>
   <trkpt lat="22.3671480" lon="114.0592830">
    <ele>10.0</ele>
    <time>2025-09-21T23:26:53Z</time>
   </trkpt>
   <trkpt lat="22.3671550" lon="114.0592980">
    <ele>10.0</ele>
    <time>2025-09-21T23:26:54Z</time>
   </trkpt>
   <trkpt lat="22.3671700" lon="114.0593060">
    <ele>10.0</ele>
    <time>2025-09-21T23:26:55Z</time>
   </trkpt>
   <trkpt lat="22.3671890" lon="114.0593150">
    <ele>10.0</ele>
    <time>2025-09-21T23:26:56Z</time>
   </trkpt>
   <trkpt lat="22.3671980" lon="114.0593210">
    <ele>10.0</ele>
    <time>2025-09-21T23:26:57Z</time>
   </trkpt>
   <trkpt lat="22.3672070" lon="114.0593260">
    <ele>10.0</ele>
    <time>2025-09-21T23:26:58Z</time>
   </trkpt>
   <trkpt lat="22.3672120" lon="114.0593370">
    <ele>9.9</ele>
    <time>2025-09-21T23:26:59Z</time>
   </trkpt>
   <trkpt lat="22.3672150" lon="114.0593440">
    <ele>9.9</ele>
    <time>2025-09-21T23:27:00Z</time>
   </trkpt>
   <trkpt lat="22.3672240" lon="114.0593540">
    <ele>9.9</ele>
    <time>2025-09-21T23:27:01Z</time>
   </trkpt>
   <trkpt lat="22.3672280" lon="114.0593700">
    <ele>9.9</ele>
    <time>2025-09-21T23:27:02Z</time>
   </trkpt>
   <trkpt lat="22.3672380" lon="114.0593880">
    <ele>9.9</ele>
    <time>2025-09-21T23:27:03Z</time>
   </trkpt>
   <trkpt lat="22.3672430" lon="114.0594000">
    <ele>9.9</ele>
    <time>2025-09-21T23:27:04Z</time>
   </trkpt>
   <trkpt lat="22.3672580" lon="114.0594130">
    <ele>9.9</ele>
    <time>2025-09-21T23:27:05Z</time>
   </trkpt>
   <trkpt lat="22.3672660" lon="114.0594140">
    <ele>9.9</ele>
    <time>2025-09-21T23:27:06Z</time>
   </trkpt>
   <trkpt lat="22.3672810" lon="114.0594280">
    <ele>9.8</ele>
    <time>2025-09-21T23:27:07Z</time>
   </trkpt>
   <trkpt lat="22.3672930" lon="114.0594340">
    <ele>9.8</ele>
    <time>2025-09-21T23:27:08Z</time>
   </trkpt>
   <trkpt lat="22.3673090" lon="114.0594280">
    <ele>9.8</ele>
    <time>2025-09-21T23:27:09Z</time>
   </trkpt>
   <trkpt lat="22.3673280" lon="114.0594310">
    <ele>9.8</ele>
    <time>2025-09-21T23:27:10Z</time>
   </trkpt>
   <trkpt lat="22.3673380" lon="114.0594350">
    <ele>9.8</ele>
    <time>2025-09-21T23:27:11Z</time>
   </trkpt>
   <trkpt lat="22.3673470" lon="114.0594460">
    <ele>9.7</ele>
    <time>2025-09-21T23:27:12Z</time>
   </trkpt>
   <trkpt lat="22.3673640" lon="114.0594510">
    <ele>9.7</ele>
    <time>2025-09-21T23:27:13Z</time>
   </trkpt>
   <trkpt lat="22.3673680" lon="114.0594570">
    <ele>9.6</ele>
    <time>2025-09-21T23:27:14Z</time>
   </trkpt>
   <trkpt lat="22.3673770" lon="114.0594640">
    <ele>9.6</ele>
    <time>2025-09-21T23:27:15Z</time>
   </trkpt>
   <trkpt lat="22.3673910" lon="114.0594760">
    <ele>9.6</ele>
    <time>2025-09-21T23:27:16Z</time>
   </trkpt>
   <trkpt lat="22.3674030" lon="114.0594940">
    <ele>9.5</ele>
    <time>2025-09-21T23:27:17Z</time>
   </trkpt>
   <trkpt lat="22.3674120" lon="114.0595020">
    <ele>9.5</ele>
    <time>2025-09-21T23:27:18Z</time>
   </trkpt>
   <trkpt lat="22.3674220" lon="114.0595090">
    <ele>9.5</ele>
    <time>2025-09-21T23:27:19Z</time>
   </trkpt>
   <trkpt lat="22.3674370" lon="114.0595180">
    <ele>9.5</ele>
    <time>2025-09-21T23:27:20Z</time>
   </trkpt>
   <trkpt lat="22.3674440" lon="114.0595250">
    <ele>9.5</ele>
    <time>2025-09-21T23:27:21Z</time>
   </trkpt>
   <trkpt lat="22.3674510" lon="114.0595310">
    <ele>9.5</ele>
    <time>2025-09-21T23:27:22Z</time>
   </trkpt>
   <trkpt lat="22.3674630" lon="114.0595460">
    <ele>9.5</ele>
    <time>2025-09-21T23:27:23Z</time>
   </trkpt>
   <trkpt lat="22.3674680" lon="114.0595490">
    <ele>9.5</ele>
    <time>2025-09-21T23:27:24Z</time>
   </trkpt>
   <trkpt lat="22.3674780" lon="114.0595580">
    <ele>9.5</ele>
    <time>2025-09-21T23:27:25Z</time>
   </trkpt>
   <trkpt lat="22.3674890" lon="114.0595660">
    <ele>9.5</ele>
    <time>2025-09-21T23:27:26Z</time>
   </trkpt>
   <trkpt lat="22.3674980" lon="114.0595790">
    <ele>9.5</ele>
    <time>2025-09-21T23:27:27Z</time>
   </trkpt>
   <trkpt lat="22.3675060" lon="114.0595900">
    <ele>9.5</ele>
    <time>2025-09-21T23:27:28Z</time>
   </trkpt>
   <trkpt lat="22.3675130" lon="114.0595990">
    <ele>9.5</ele>
    <time>2025-09-21T23:27:29Z</time>
   </trkpt>
   <trkpt lat="22.3675180" lon="114.0596100">
    <ele>9.5</ele>
    <time>2025-09-21T23:27:30Z</time>
   </trkpt>
   <trkpt lat="22.3675380" lon="114.0596300">
    <ele>9.6</ele>
    <time>2025-09-21T23:27:31Z</time>
   </trkpt>
   <trkpt lat="22.3675430" lon="114.0596320">
    <ele>9.6</ele>
    <time>2025-09-21T23:27:32Z</time>
   </trkpt>
   <trkpt lat="22.3675480" lon="114.0596350">
    <ele>9.6</ele>
    <time>2025-09-21T23:27:33Z</time>
   </trkpt>
   <trkpt lat="22.3675590" lon="114.0596500">
    <ele>9.6</ele>
    <time>2025-09-21T23:27:34Z</time>
   </trkpt>
   <trkpt lat="22.3675660" lon="114.0596580">
    <ele>9.6</ele>
    <time>2025-09-21T23:27:35Z</time>
   </trkpt>
   <trkpt lat="22.3675740" lon="114.0596660">
    <ele>9.6</ele>
    <time>2025-09-21T23:27:36Z</time>
   </trkpt>
   <trkpt lat="22.3675770" lon="114.0596730">
    <ele>9.6</ele>
    <time>2025-09-21T23:27:37Z</time>
   </trkpt>
   <trkpt lat="22.3675790" lon="114.0596810">
    <ele>9.6</ele>
    <time>2025-09-21T23:27:38Z</time>
   </trkpt>
   <trkpt lat="22.3675860" lon="114.0596870">
    <ele>9.6</ele>
    <time>2025-09-21T23:27:39Z</time>
   </trkpt>
   <trkpt lat="22.3675910" lon="114.0596970">
    <ele>9.6</ele>
    <time>2025-09-21T23:27:40Z</time>
   </trkpt>
   <trkpt lat="22.3676070" lon="114.0597140">
    <ele>9.7</ele>
    <time>2025-09-21T23:27:41Z</time>
   </trkpt>
   <trkpt lat="22.3676150" lon="114.0597200">
    <ele>9.7</ele>
    <time>2025-09-21T23:27:42Z</time>
   </trkpt>
   <trkpt lat="22.3676240" lon="114.0597260">
    <ele>9.7</ele>
    <time>2025-09-21T23:27:43Z</time>
   </trkpt>
   <trkpt lat="22.3676380" lon="114.0597340">
    <ele>9.7</ele>
    <time>2025-09-21T23:27:44Z</time>
   </trkpt>
   <trkpt lat="22.3676490" lon="114.0597390">
    <ele>9.7</ele>
    <time>2025-09-21T23:27:45Z</time>
   </trkpt>
   <trkpt lat="22.3676590" lon="114.0597440">
    <ele>9.7</ele>
    <time>2025-09-21T23:27:46Z</time>
   </trkpt>
   <trkpt lat="22.3676610" lon="114.0597550">
    <ele>9.7</ele>
    <time>2025-09-21T23:27:47Z</time>
   </trkpt>
   <trkpt lat="22.3676650" lon="114.0597690">
    <ele>9.7</ele>
    <time>2025-09-21T23:27:48Z</time>
   </trkpt>
   <trkpt lat="22.3676690" lon="114.0597810">
    <ele>9.8</ele>
    <time>2025-09-21T23:27:49Z</time>
   </trkpt>
   <trkpt lat="22.3676770" lon="114.0597880">
    <ele>9.8</ele>
    <time>2025-09-21T23:27:50Z</time>
   </trkpt>
   <trkpt lat="22.3676790" lon="114.0597890">
    <ele>9.8</ele>
    <time>2025-09-21T23:27:51Z</time>
   </trkpt>
   <trkpt lat="22.3676850" lon="114.0597980">
    <ele>9.8</ele>
    <time>2025-09-21T23:27:52Z</time>
   </trkpt>
   <trkpt lat="22.3676890" lon="114.0598130">
    <ele>9.8</ele>
    <time>2025-09-21T23:27:53Z</time>
   </trkpt>
   <trkpt lat="22.3676950" lon="114.0598220">
    <ele>9.8</ele>
    <time>2025-09-21T23:27:54Z</time>
   </trkpt>
   <trkpt lat="22.3677060" lon="114.0598360">
    <ele>9.8</ele>
    <time>2025-09-21T23:27:55Z</time>
   </trkpt>
   <trkpt lat="22.3677140" lon="114.0598410">
    <ele>9.9</ele>
    <time>2025-09-21T23:27:56Z</time>
   </trkpt>
   <trkpt lat="22.3677220" lon="114.0598490">
    <ele>9.9</ele>
    <time>2025-09-21T23:27:57Z</time>
   </trkpt>
   <trkpt lat="22.3677290" lon="114.0598530">
    <ele>9.9</ele>
    <time>2025-09-21T23:27:58Z</time>
   </trkpt>
   <trkpt lat="22.3677300" lon="114.0598710">
    <ele>9.9</ele>
    <time>2025-09-21T23:27:59Z</time>
   </trkpt>
   <trkpt lat="22.3677300" lon="114.0598770">
    <ele>9.9</ele>
    <time>2025-09-21T23:28:00Z</time>
   </trkpt>
   <trkpt lat="22.3677300" lon="114.0598820">
    <ele>9.9</ele>
    <time>2025-09-21T23:28:01Z</time>
   </trkpt>
   <trkpt lat="22.3677300" lon="114.0598870">
    <ele>9.9</ele>
    <time>2025-09-21T23:28:02Z</time>
   </trkpt>
   <trkpt lat="22.3677300" lon="114.0598930">
    <ele>9.9</ele>
    <time>2025-09-21T23:28:03Z</time>
   </trkpt>
   <trkpt lat="22.3677300" lon="114.0598980">
    <ele>9.9</ele>
    <time>2025-09-21T23:28:04Z</time>
   </trkpt>
   <trkpt lat="22.3677330" lon="114.0599070">
    <ele>9.9</ele>
    <time>2025-09-21T23:28:05Z</time>
   </trkpt>
   <trkpt lat="22.3677320" lon="114.0599150">
    <ele>10.0</ele>
    <time>2025-09-21T23:28:06Z</time>
   </trkpt>
   <trkpt lat="22.3677290" lon="114.0599170">
    <ele>10.0</ele>
    <time>2025-09-21T23:28:07Z</time>
   </trkpt>
   <trkpt lat="22.3677310" lon="114.0599280">
    <ele>10.0</ele>
    <time>2025-09-21T23:28:08Z</time>
   </trkpt>
   <trkpt lat="22.3677270" lon="114.0599430">
    <ele>10.0</ele>
    <time>2025-09-21T23:28:09Z</time>
   </trkpt>
   <trkpt lat="22.3677250" lon="114.0599600">
    <ele>10.0</ele>
    <time>2025-09-21T23:28:10Z</time>
   </trkpt>
   <trkpt lat="22.3677130" lon="114.0599750">
    <ele>10.1</ele>
    <time>2025-09-21T23:28:11Z</time>
   </trkpt>
   <trkpt lat="22.3677090" lon="114.0599870">
    <ele>10.1</ele>
    <time>2025-09-21T23:28:12Z</time>
   </trkpt>
   <trkpt lat="22.3677040" lon="114.0599990">
    <ele>10.1</ele>
    <time>2025-09-21T23:28:13Z</time>
   </trkpt>
   <trkpt lat="22.3676720" lon="114.0600260">
    <ele>10.2</ele>
    <time>2025-09-21T23:28:14Z</time>
   </trkpt>
   <trkpt lat="22.3676540" lon="114.0600400">
    <ele>10.2</ele>
    <time>2025-09-21T23:28:15Z</time>
   </trkpt>
   <trkpt lat="22.3676310" lon="114.0600660">
    <ele>10.3</ele>
    <time>2025-09-21T23:28:16Z</time>
   </trkpt>
   <trkpt lat="22.3676110" lon="114.0600970">
    <ele>10.3</ele>
    <time>2025-09-21T23:28:17Z</time>
   </trkpt>
   <trkpt lat="22.3676040" lon="114.0601070">
    <ele>10.3</ele>
    <time>2025-09-21T23:28:18Z</time>
   </trkpt>
   <trkpt lat="22.3675770" lon="114.0601420">
    <ele>10.3</ele>
    <time>2025-09-21T23:28:19Z</time>
   </trkpt>
   <trkpt lat="22.3675660" lon="114.0601560">
    <ele>10.3</ele>
    <time>2025-09-21T23:28:20Z</time>
   </trkpt>
   <trkpt lat="22.3675530" lon="114.0601700">
    <ele>10.1</ele>
    <time>2025-09-21T23:28:21Z</time>
   </trkpt>
   <trkpt lat="22.3675430" lon="114.0601840">
    <ele>9.9</ele>
    <time>2025-09-21T23:28:22Z</time>
   </trkpt>
   <trkpt lat="22.3674970" lon="114.0602120">
    <ele>9.3</ele>
    <time>2025-09-21T23:28:23Z</time>
   </trkpt>
   <trkpt lat="22.3674470" lon="114.0602440">
    <ele>8.8</ele>
    <time>2025-09-21T23:28:24Z</time>
   </trkpt>
   <trkpt lat="22.3674400" lon="114.0602570">
    <ele>8.8</ele>
    <time>2025-09-21T23:28:25Z</time>
   </trkpt>
   <trkpt lat="22.3674490" lon="114.0602820">
    <ele>8.9</ele>
    <time>2025-09-21T23:28:26Z</time>
   </trkpt>
   <trkpt lat="22.3675270" lon="114.0602610">
    <ele>9.0</ele>
    <time>2025-09-21T23:28:27Z</time>
   </trkpt>
   <trkpt lat="22.3675820" lon="114.0602540">
    <ele>9.1</ele>
    <time>2025-09-21T23:28:28Z</time>
   </trkpt>
   <trkpt lat="22.3676150" lon="114.0602510">
    <ele>9.2</ele>
    <time>2025-09-21T23:28:29Z</time>
   </trkpt>
   <trkpt lat="22.3676500" lon="114.0602510">
    <ele>9.3</ele>
    <time>2025-09-21T23:28:30Z</time>
   </trkpt>
   <trkpt lat="22.3676600" lon="114.0602430">
    <ele>9.3</ele>
    <time>2025-09-21T23:28:31Z</time>
   </trkpt>
   <trkpt lat="22.3676840" lon="114.0602220">
    <ele>9.3</ele>
    <time>2025-09-21T23:28:32Z</time>
   </trkpt>
   <trkpt lat="22.3677160" lon="114.0602140">
    <ele>9.4</ele>
    <time>2025-09-21T23:28:33Z</time>
   </trkpt>
   <trkpt lat="22.3677440" lon="114.0601980">
    <ele>9.7</ele>
    <time>2025-09-21T23:28:34Z</time>
   </trkpt>
   <trkpt lat="22.3677720" lon="114.0601890">
    <ele>10.0</ele>
    <time>2025-09-21T23:28:35Z</time>
   </trkpt>
   <trkpt lat="22.3678040" lon="114.0601760">
    <ele>10.3</ele>
    <time>2025-09-21T23:28:36Z</time>
   </trkpt>
   <trkpt lat="22.3678350" lon="114.0601630">
    <ele>10.1</ele>
    <time>2025-09-21T23:28:37Z</time>
   </trkpt>
   <trkpt lat="22.3678420" lon="114.0601550">
    <ele>10.1</ele>
    <time>2025-09-21T23:28:38Z</time>
   </trkpt>
   <trkpt lat="22.3678700" lon="114.0601450">
    <ele>10.0</ele>
    <time>2025-09-21T23:28:39Z</time>
   </trkpt>
   <trkpt lat="22.3678740" lon="114.0601370">
    <ele>9.9</ele>
    <time>2025-09-21T23:28:40Z</time>
   </trkpt>
   <trkpt lat="22.3678960" lon="114.0601290">
    <ele>9.9</ele>
    <time>2025-09-21T23:28:41Z</time>
   </trkpt>
   <trkpt lat="22.3679070" lon="114.0601200">
    <ele>9.8</ele>
    <time>2025-09-21T23:28:42Z</time>
   </trkpt>
   <trkpt lat="22.3679200" lon="114.0601130">
    <ele>9.8</ele>
    <time>2025-09-21T23:28:43Z</time>
   </trkpt>
   <trkpt lat="22.3679270" lon="114.0600990">
    <ele>9.8</ele>
    <time>2025-09-21T23:28:44Z</time>
   </trkpt>
   <trkpt lat="22.3679380" lon="114.0600990">
    <ele>9.7</ele>
    <time>2025-09-21T23:28:45Z</time>
   </trkpt>
   <trkpt lat="22.3679460" lon="114.0600930">
    <ele>9.7</ele>
    <time>2025-09-21T23:28:46Z</time>
   </trkpt>
   <trkpt lat="22.3679580" lon="114.0600860">
    <ele>9.7</ele>
    <time>2025-09-21T23:28:47Z</time>
   </trkpt>
   <trkpt lat="22.3679540" lon="114.0600770">
    <ele>9.7</ele>
    <time>2025-09-21T23:28:48Z</time>
   </trkpt>
   <trkpt lat="22.3679580" lon="114.0600700">
    <ele>9.6</ele>
    <time>2025-09-21T23:28:49Z</time>
   </trkpt>
   <trkpt lat="22.3679650" lon="114.0600570">
    <ele>9.6</ele>
    <time>2025-09-21T23:28:50Z</time>
   </trkpt>
   <trkpt lat="22.3679690" lon="114.0600470">
    <ele>9.6</ele>
    <time>2025-09-21T23:28:51Z</time>
   </trkpt>
   <trkpt lat="22.3679740" lon="114.0600320">
    <ele>9.6</ele>
    <time>2025-09-21T23:28:52Z</time>
   </trkpt>
   <trkpt lat="22.3679760" lon="114.0600200">
    <ele>9.5</ele>
    <time>2025-09-21T23:28:53Z</time>
   </trkpt>
   <trkpt lat="22.3679840" lon="114.0600140">
    <ele>9.5</ele>
    <time>2025-09-21T23:28:54Z</time>
   </trkpt>
   <trkpt lat="22.3679930" lon="114.0600110">
    <ele>9.5</ele>
    <time>2025-09-21T23:28:55Z</time>
   </trkpt>
   <trkpt lat="22.3680010" lon="114.0600090">
    <ele>9.5</ele>
    <time>2025-09-21T23:28:56Z</time>
   </trkpt>
   <trkpt lat="22.3680100" lon="114.0600060">
    <ele>9.5</ele>
    <time>2025-09-21T23:28:57Z</time>
   </trkpt>
   <trkpt lat="22.3680240" lon="114.0599900">
    <ele>9.4</ele>
    <time>2025-09-21T23:28:58Z</time>
   </trkpt>
   <trkpt lat="22.3680330" lon="114.0599840">
    <ele>9.4</ele>
    <time>2025-09-21T23:28:59Z</time>
   </trkpt>
   <trkpt lat="22.3680360" lon="114.0599720">
    <ele>9.4</ele>
    <time>2025-09-21T23:29:00Z</time>
   </trkpt>
   <trkpt lat="22.3680510" lon="114.0599550">
    <ele>9.4</ele>
    <time>2025-09-21T23:29:01Z</time>
   </trkpt>
   <trkpt lat="22.3680510" lon="114.0599520">
    <ele>9.4</ele>
    <time>2025-09-21T23:29:02Z</time>
   </trkpt>
   <trkpt lat="22.3680510" lon="114.0599410">
    <ele>9.3</ele>
    <time>2025-09-21T23:29:03Z</time>
   </trkpt>
   <trkpt lat="22.3680610" lon="114.0599370">
    <ele>9.3</ele>
    <time>2025-09-21T23:29:04Z</time>
   </trkpt>
   <trkpt lat="22.3680660" lon="114.0599230">
    <ele>9.3</ele>
    <time>2025-09-21T23:29:05Z</time>
   </trkpt>
   <trkpt lat="22.3680730" lon="114.0599150">
    <ele>9.3</ele>
    <time>2025-09-21T23:29:06Z</time>
   </trkpt>
   <trkpt lat="22.3680820" lon="114.0599040">
    <ele>9.3</ele>
    <time>2025-09-21T23:29:07Z</time>
   </trkpt>
   <trkpt lat="22.3680830" lon="114.0598970">
    <ele>9.2</ele>
    <time>2025-09-21T23:29:08Z</time>
   </trkpt>
   <trkpt lat="22.3681030" lon="114.0598850">
    <ele>9.2</ele>
    <time>2025-09-21T23:29:09Z</time>
   </trkpt>
   <trkpt lat="22.3681090" lon="114.0598810">
    <ele>9.2</ele>
    <time>2025-09-21T23:29:10Z</time>
   </trkpt>
   <trkpt lat="22.3681160" lon="114.0598760">
    <ele>9.2</ele>
    <time>2025-09-21T23:29:11Z</time>
   </trkpt>
   <trkpt lat="22.3681280" lon="114.0598740">
    <ele>9.2</ele>
    <time>2025-09-21T23:29:12Z</time>
   </trkpt>
   <trkpt lat="22.3681390" lon="114.0598640">
    <ele>9.2</ele>
    <time>2025-09-21T23:29:13Z</time>
   </trkpt>
   <trkpt lat="22.3681350" lon="114.0598660">
    <ele>9.1</ele>
    <time>2025-09-21T23:29:14Z</time>
   </trkpt>
   <trkpt lat="22.3681430" lon="114.0598640">
    <ele>9.1</ele>
    <time>2025-09-21T23:29:15Z</time>
   </trkpt>
   <trkpt lat="22.3681540" lon="114.0598580">
    <ele>9.1</ele>
    <time>2025-09-21T23:29:16Z</time>
   </trkpt>
   <trkpt lat="22.3681610" lon="114.0598530">
    <ele>9.1</ele>
    <time>2025-09-21T23:29:17Z</time>
   </trkpt>
   <trkpt lat="22.3681660" lon="114.0598500">
    <ele>9.1</ele>
    <time>2025-09-21T23:29:18Z</time>
   </trkpt>
   <trkpt lat="22.3681710" lon="114.0598480">
    <ele>9.1</ele>
    <time>2025-09-21T23:29:19Z</time>
   </trkpt>
   <trkpt lat="22.3681780" lon="114.0598480">
    <ele>9.1</ele>
    <time>2025-09-21T23:29:20Z</time>
   </trkpt>
   <trkpt lat="22.3681880" lon="114.0598450">
    <ele>9.1</ele>
    <time>2025-09-21T23:29:21Z</time>
   </trkpt>
   <trkpt lat="22.3682030" lon="114.0598420">
    <ele>9.0</ele>
    <time>2025-09-21T23:29:22Z</time>
   </trkpt>
   <trkpt lat="22.3682130" lon="114.0598450">
    <ele>9.0</ele>
    <time>2025-09-21T23:29:23Z</time>
   </trkpt>
   <trkpt lat="22.3682190" lon="114.0598480">
    <ele>9.0</ele>
    <time>2025-09-21T23:29:24Z</time>
   </trkpt>
   <trkpt lat="22.3682270" lon="114.0598470">
    <ele>9.0</ele>
    <time>2025-09-21T23:29:25Z</time>
   </trkpt>
   <trkpt lat="22.3682310" lon="114.0598500">
    <ele>9.0</ele>
    <time>2025-09-21T23:29:26Z</time>
   </trkpt>
   <trkpt lat="22.3682320" lon="114.0598500">
    <ele>9.0</ele>
    <time>2025-09-21T23:29:27Z</time>
   </trkpt>
   <trkpt lat="22.3682440" lon="114.0598570">
    <ele>9.0</ele>
    <time>2025-09-21T23:29:28Z</time>
   </trkpt>
   <trkpt lat="22.3682470" lon="114.0598600">
    <ele>9.0</ele>
    <time>2025-09-21T23:29:29Z</time>
   </trkpt>
   <trkpt lat="22.3682500" lon="114.0598640">
    <ele>9.0</ele>
    <time>2025-09-21T23:29:30Z</time>
   </trkpt>
   <trkpt lat="22.3682610" lon="114.0598590">
    <ele>8.9</ele>
    <time>2025-09-21T23:29:31Z</time>
   </trkpt>
   <trkpt lat="22.3682900" lon="114.0598540">
    <ele>8.9</ele>
    <time>2025-09-21T23:29:32Z</time>
   </trkpt>
   <trkpt lat="22.3683010" lon="114.0598490">
    <ele>8.8</ele>
    <time>2025-09-21T23:29:33Z</time>
   </trkpt>
   <trkpt lat="22.3683350" lon="114.0598250">
    <ele>8.8</ele>
    <time>2025-09-21T23:29:34Z</time>
   </trkpt>
   <trkpt lat="22.3683490" lon="114.0598160">
    <ele>8.7</ele>
    <time>2025-09-21T23:29:35Z</time>
   </trkpt>
   <trkpt lat="22.3683870" lon="114.0598030">
    <ele>8.6</ele>
    <time>2025-09-21T23:29:36Z</time>
   </trkpt>
   <trkpt lat="22.3684030" lon="114.0597950">
    <ele>8.6</ele>
    <time>2025-09-21T23:29:37Z</time>
   </trkpt>
   <trkpt lat="22.3684350" lon="114.0597800">
    <ele>8.5</ele>
    <time>2025-09-21T23:29:38Z</time>
   </trkpt>
   <trkpt lat="22.3684440" lon="114.0597760">
    <ele>8.4</ele>
    <time>2025-09-21T23:29:39Z</time>
   </trkpt>
   <trkpt lat="22.3684520" lon="114.0597670">
    <ele>8.4</ele>
    <time>2025-09-21T23:29:40Z</time>
   </trkpt>
   <trkpt lat="22.3684640" lon="114.0597570">
    <ele>8.3</ele>
    <time>2025-09-21T23:29:41Z</time>
   </trkpt>
   <trkpt lat="22.3684670" lon="114.0597590">
    <ele>8.3</ele>
    <time>2025-09-21T23:29:42Z</time>
   </trkpt>
   <trkpt lat="22.3684870" lon="114.0597560">
    <ele>8.3</ele>
    <time>2025-09-21T23:29:43Z</time>
   </trkpt>
   <trkpt lat="22.3684950" lon="114.0597510">
    <ele>8.2</ele>
    <time>2025-09-21T23:29:44Z</time>
   </trkpt>
   <trkpt lat="22.3685030" lon="114.0597470">
    <ele>8.2</ele>
    <time>2025-09-21T23:29:45Z</time>
   </trkpt>
   <trkpt lat="22.3685130" lon="114.0597360">
    <ele>8.1</ele>
    <time>2025-09-21T23:29:46Z</time>
   </trkpt>
   <trkpt lat="22.3685160" lon="114.0597190">
    <ele>8.1</ele>
    <time>2025-09-21T23:29:47Z</time>
   </trkpt>
   <trkpt lat="22.3685430" lon="114.0596980">
    <ele>7.9</ele>
    <time>2025-09-21T23:29:48Z</time>
   </trkpt>
   <trkpt lat="22.3685460" lon="114.0596900">
    <ele>7.9</ele>
    <time>2025-09-21T23:29:49Z</time>
   </trkpt>
   <trkpt lat="22.3685480" lon="114.0596820">
    <ele>7.9</ele>
    <time>2025-09-21T23:29:50Z</time>
   </trkpt>
   <trkpt lat="22.3685550" lon="114.0596710">
    <ele>7.8</ele>
    <time>2025-09-21T23:29:51Z</time>
   </trkpt>
   <trkpt lat="22.3685590" lon="114.0596640">
    <ele>7.8</ele>
    <time>2025-09-21T23:29:52Z</time>
   </trkpt>
   <trkpt lat="22.3685770" lon="114.0596710">
    <ele>7.7</ele>
    <time>2025-09-21T23:29:53Z</time>
   </trkpt>
   <trkpt lat="22.3685930" lon="114.0596730">
    <ele>7.7</ele>
    <time>2025-09-21T23:29:54Z</time>
   </trkpt>
   <trkpt lat="22.3685990" lon="114.0596740">
    <ele>7.6</ele>
    <time>2025-09-21T23:29:55Z</time>
   </trkpt>
   <trkpt lat="22.3686080" lon="114.0597010">
    <ele>7.5</ele>
    <time>2025-09-21T23:29:56Z</time>
   </trkpt>
   <trkpt lat="22.3686390" lon="114.0597140">
    <ele>7.4</ele>
    <time>2025-09-21T23:29:57Z</time>
   </trkpt>
   <trkpt lat="22.3686630" lon="114.0597250">
    <ele>7.3</ele>
    <time>2025-09-21T23:29:58Z</time>
   </trkpt>
   <trkpt lat="22.3686910" lon="114.0597260">
    <ele>7.2</ele>
    <time>2025-09-21T23:29:59Z</time>
   </trkpt>
   <trkpt lat="22.3687200" lon="114.0597170">
    <ele>7.0</ele>
    <time>2025-09-21T23:30:00Z</time>
   </trkpt>
   <trkpt lat="22.3687270" lon="114.0597190">
    <ele>7.0</ele>
    <time>2025-09-21T23:30:01Z</time>
   </trkpt>
   <trkpt lat="22.3687430" lon="114.0597280">
    <ele>6.9</ele>
    <time>2025-09-21T23:30:02Z</time>
   </trkpt>
   <trkpt lat="22.3687520" lon="114.0597290">
    <ele>6.9</ele>
    <time>2025-09-21T23:30:03Z</time>
   </trkpt>
   <trkpt lat="22.3687600" lon="114.0597310">
    <ele>6.9</ele>
    <time>2025-09-21T23:30:04Z</time>
   </trkpt>
   <trkpt lat="22.3687680" lon="114.0597330">
    <ele>7.1</ele>
    <time>2025-09-21T23:30:05Z</time>
   </trkpt>
   <trkpt lat="22.3687790" lon="114.0597320">
    <ele>8.0</ele>
    <time>2025-09-21T23:30:06Z</time>
   </trkpt>
   <trkpt lat="22.3687860" lon="114.0597340">
    <ele>8.5</ele>
    <time>2025-09-21T23:30:07Z</time>
   </trkpt>
   <trkpt lat="22.3687950" lon="114.0597360">
    <ele>9.3</ele>
    <time>2025-09-21T23:30:08Z</time>
   </trkpt>
   <trkpt lat="22.3687990" lon="114.0597420">
    <ele>9.5</ele>
    <time>2025-09-21T23:30:09Z</time>
   </trkpt>
   <trkpt lat="22.3688140" lon="114.0597360">
    <ele>9.5</ele>
    <time>2025-09-21T23:30:10Z</time>
   </trkpt>
   <trkpt lat="22.3688250" lon="114.0597250">
    <ele>9.5</ele>
    <time>2025-09-21T23:30:11Z</time>
   </trkpt>
   <trkpt lat="22.3688370" lon="114.0597300">
    <ele>9.4</ele>
    <time>2025-09-21T23:30:12Z</time>
   </trkpt>
   <trkpt lat="22.3688460" lon="114.0597270">
    <ele>9.4</ele>
    <time>2025-09-21T23:30:13Z</time>
   </trkpt>
   <trkpt lat="22.3688480" lon="114.0597160">
    <ele>9.4</ele>
    <time>2025-09-21T23:30:14Z</time>
   </trkpt>
   <trkpt lat="22.3688580" lon="114.0597140">
    <ele>9.2</ele>
    <time>2025-09-21T23:30:15Z</time>
   </trkpt>
   <trkpt lat="22.3688750" lon="114.0597070">
    <ele>9.0</ele>
    <time>2025-09-21T23:30:16Z</time>
   </trkpt>
   <trkpt lat="22.3688840" lon="114.0597030">
    <ele>8.8</ele>
    <time>2025-09-21T23:30:17Z</time>
   </trkpt>
   <trkpt lat="22.3688920" lon="114.0596980">
    <ele>8.7</ele>
    <time>2025-09-21T23:30:18Z</time>
   </trkpt>
   <trkpt lat="22.3689000" lon="114.0596940">
    <ele>8.6</ele>
    <time>2025-09-21T23:30:19Z</time>
   </trkpt>
   <trkpt lat="22.3689110" lon="114.0596920">
    <ele>8.4</ele>
    <time>2025-09-21T23:30:20Z</time>
   </trkpt>
   <trkpt lat="22.3689120" lon="114.0596870">
    <ele>8.4</ele>
    <time>2025-09-21T23:30:21Z</time>
   </trkpt>
   <trkpt lat="22.3689180" lon="114.0596820">
    <ele>8.3</ele>
    <time>2025-09-21T23:30:22Z</time>
   </trkpt>
   <trkpt lat="22.3689210" lon="114.0596700">
    <ele>8.1</ele>
    <time>2025-09-21T23:30:23Z</time>
   </trkpt>
   <trkpt lat="22.3689330" lon="114.0596760">
    <ele>7.9</ele>
    <time>2025-09-21T23:30:24Z</time>
   </trkpt>
   <trkpt lat="22.3689330" lon="114.0596720">
    <ele>7.9</ele>
    <time>2025-09-21T23:30:25Z</time>
   </trkpt>
   <trkpt lat="22.3689400" lon="114.0596700">
    <ele>7.8</ele>
    <time>2025-09-21T23:30:26Z</time>
   </trkpt>
   <trkpt lat="22.3689520" lon="114.0596550">
    <ele>7.5</ele>
    <time>2025-09-21T23:30:27Z</time>
   </trkpt>
   <trkpt lat="22.3689580" lon="114.0596550">
    <ele>7.5</ele>
    <time>2025-09-21T23:30:28Z</time>
   </trkpt>
   <trkpt lat="22.3689630" lon="114.0596530">
    <ele>7.4</ele>
    <time>2025-09-21T23:30:29Z</time>
   </trkpt>
   <trkpt lat="22.3689700" lon="114.0596480">
    <ele>7.3</ele>
    <time>2025-09-21T23:30:30Z</time>
   </trkpt>
   <trkpt lat="22.3689780" lon="114.0596430">
    <ele>7.1</ele>
    <time>2025-09-21T23:30:31Z</time>
   </trkpt>
   <trkpt lat="22.3689950" lon="114.0596350">
    <ele>6.9</ele>
    <time>2025-09-21T23:30:32Z</time>
   </trkpt>
   <trkpt lat="22.3690050" lon="114.0596290">
    <ele>6.7</ele>
    <time>2025-09-21T23:30:33Z</time>
   </trkpt>
   <trkpt lat="22.3690140" lon="114.0596230">
    <ele>6.6</ele>
    <time>2025-09-21T23:30:34Z</time>
   </trkpt>
   <trkpt lat="22.3690270" lon="114.0596160">
    <ele>6.4</ele>
    <time>2025-09-21T23:30:35Z</time>
   </trkpt>
   <trkpt lat="22.3690380" lon="114.0596080">
    <ele>6.2</ele>
    <time>2025-09-21T23:30:36Z</time>
   </trkpt>
   <trkpt lat="22.3690520" lon="114.0595960">
    <ele>5.9</ele>
    <time>2025-09-21T23:30:37Z</time>
   </trkpt>
   <trkpt lat="22.3690580" lon="114.0595890">
    <ele>5.8</ele>
    <time>2025-09-21T23:30:38Z</time>
   </trkpt>
   <trkpt lat="22.3690580" lon="114.0595860">
    <ele>5.8</ele>
    <time>2025-09-21T23:30:39Z</time>
   </trkpt>
   <trkpt lat="22.3690730" lon="114.0595790">
    <ele>5.5</ele>
    <time>2025-09-21T23:30:40Z</time>
   </trkpt>
   <trkpt lat="22.3690760" lon="114.0595730">
    <ele>5.4</ele>
    <time>2025-09-21T23:30:41Z</time>
   </trkpt>
   <trkpt lat="22.3690830" lon="114.0595640">
    <ele>5.3</ele>
    <time>2025-09-21T23:30:42Z</time>
   </trkpt>
   <trkpt lat="22.3690950" lon="114.0595470">
    <ele>5.0</ele>
    <time>2025-09-21T23:30:43Z</time>
   </trkpt>
   <trkpt lat="22.3691010" lon="114.0595510">
    <ele>4.9</ele>
    <time>2025-09-21T23:30:44Z</time>
   </trkpt>
   <trkpt lat="22.3691050" lon="114.0595370">
    <ele>4.7</ele>
    <time>2025-09-21T23:30:45Z</time>
   </trkpt>
   <trkpt lat="22.3691200" lon="114.0595280">
    <ele>4.5</ele>
    <time>2025-09-21T23:30:46Z</time>
   </trkpt>
   <trkpt lat="22.3691270" lon="114.0595200">
    <ele>4.4</ele>
    <time>2025-09-21T23:30:47Z</time>
   </trkpt>
   <trkpt lat="22.3691450" lon="114.0594980">
    <ele>4.1</ele>
    <time>2025-09-21T23:30:48Z</time>
   </trkpt>
   <trkpt lat="22.3691500" lon="114.0594930">
    <ele>4.0</ele>
    <time>2025-09-21T23:30:49Z</time>
   </trkpt>
   <trkpt lat="22.3691550" lon="114.0594870">
    <ele>3.9</ele>
    <time>2025-09-21T23:30:50Z</time>
   </trkpt>
   <trkpt lat="22.3691720" lon="114.0594650">
    <ele>3.6</ele>
    <time>2025-09-21T23:30:51Z</time>
   </trkpt>
   <trkpt lat="22.3691760" lon="114.0594600">
    <ele>3.5</ele>
    <time>2025-09-21T23:30:52Z</time>
   </trkpt>
   <trkpt lat="22.3691790" lon="114.0594560">
    <ele>3.5</ele>
    <time>2025-09-21T23:30:53Z</time>
   </trkpt>
   <trkpt lat="22.3691880" lon="114.0594510">
    <ele>3.4</ele>
    <time>2025-09-21T23:30:54Z</time>
   </trkpt>
   <trkpt lat="22.3691980" lon="114.0594360">
    <ele>3.2</ele>
    <time>2025-09-21T23:30:55Z</time>
   </trkpt>
   <trkpt lat="22.3692030" lon="114.0594280">
    <ele>3.1</ele>
    <time>2025-09-21T23:30:56Z</time>
   </trkpt>
   <trkpt lat="22.3692120" lon="114.0594100">
    <ele>2.9</ele>
    <time>2025-09-21T23:30:57Z</time>
   </trkpt>
   <trkpt lat="22.3692240" lon="114.0594100">
    <ele>2.8</ele>
    <time>2025-09-21T23:30:58Z</time>
   </trkpt>
   <trkpt lat="22.3692310" lon="114.0594100">
    <ele>2.7</ele>
    <time>2025-09-21T23:30:59Z</time>
   </trkpt>
   <trkpt lat="22.3692380" lon="114.0594090">
    <ele>2.6</ele>
    <time>2025-09-21T23:31:00Z</time>
   </trkpt>
   <trkpt lat="22.3692450" lon="114.0594090">
    <ele>2.5</ele>
    <time>2025-09-21T23:31:01Z</time>
   </trkpt>
   <trkpt lat="22.3692520" lon="114.0594090">
    <ele>2.5</ele>
    <time>2025-09-21T23:31:02Z</time>
   </trkpt>
   <trkpt lat="22.3692650" lon="114.0594000">
    <ele>2.3</ele>
    <time>2025-09-21T23:31:03Z</time>
   </trkpt>
   <trkpt lat="22.3692770" lon="114.0593940">
    <ele>2.2</ele>
    <time>2025-09-21T23:31:04Z</time>
   </trkpt>
   <trkpt lat="22.3692870" lon="114.0593910">
    <ele>2.1</ele>
    <time>2025-09-21T23:31:05Z</time>
   </trkpt>
   <trkpt lat="22.3692850" lon="114.0593900">
    <ele>2.0</ele>
    <time>2025-09-21T23:31:06Z</time>
   </trkpt>
   <trkpt lat="22.3692870" lon="114.0593890">
    <ele>2.0</ele>
    <time>2025-09-21T23:31:07Z</time>
   </trkpt>
   <trkpt lat="22.3692970" lon="114.0593810">
    <ele>2.1</ele>
    <time>2025-09-21T23:31:08Z</time>
   </trkpt>
   <trkpt lat="22.3693090" lon="114.0593770">
    <ele>2.3</ele>
    <time>2025-09-21T23:31:09Z</time>
   </trkpt>
   <trkpt lat="22.3693250" lon="114.0593790">
    <ele>2.5</ele>
    <time>2025-09-21T23:31:10Z</time>
   </trkpt>
   <trkpt lat="22.3693380" lon="114.0593790">
    <ele>2.6</ele>
    <time>2025-09-21T23:31:11Z</time>
   </trkpt>
   <trkpt lat="22.3693510" lon="114.0593770">
    <ele>2.8</ele>
    <time>2025-09-21T23:31:12Z</time>
   </trkpt>
   <trkpt lat="22.3693560" lon="114.0593760">
    <ele>2.8</ele>
    <time>2025-09-21T23:31:13Z</time>
   </trkpt>
   <trkpt lat="22.3693660" lon="114.0593810">
    <ele>3.0</ele>
    <time>2025-09-21T23:31:14Z</time>
   </trkpt>
   <trkpt lat="22.3693860" lon="114.0593760">
    <ele>3.2</ele>
    <time>2025-09-21T23:31:15Z</time>
   </trkpt>
   <trkpt lat="22.3693940" lon="114.0593720">
    <ele>3.3</ele>
    <time>2025-09-21T23:31:16Z</time>
   </trkpt>
   <trkpt lat="22.3694030" lon="114.0593690">
    <ele>3.4</ele>
    <time>2025-09-21T23:31:17Z</time>
   </trkpt>
   <trkpt lat="22.3694140" lon="114.0593570">
    <ele>3.6</ele>
    <time>2025-09-21T23:31:18Z</time>
   </trkpt>
   <trkpt lat="22.3694330" lon="114.0593540">
    <ele>3.9</ele>
    <time>2025-09-21T23:31:19Z</time>
   </trkpt>
   <trkpt lat="22.3694530" lon="114.0593520">
    <ele>4.1</ele>
    <time>2025-09-21T23:31:20Z</time>
   </trkpt>
   <trkpt lat="22.3694660" lon="114.0593440">
    <ele>4.3</ele>
    <time>2025-09-21T23:31:21Z</time>
   </trkpt>
   <trkpt lat="22.3694880" lon="114.0593340">
    <ele>4.6</ele>
    <time>2025-09-21T23:31:22Z</time>
   </trkpt>
   <trkpt lat="22.3694960" lon="114.0593340">
    <ele>4.7</ele>
    <time>2025-09-21T23:31:23Z</time>
   </trkpt>
   <trkpt lat="22.3695140" lon="114.0593310">
    <ele>4.9</ele>
    <time>2025-09-21T23:31:24Z</time>
   </trkpt>
   <trkpt lat="22.3695210" lon="114.0593270">
    <ele>5.0</ele>
    <time>2025-09-21T23:31:25Z</time>
   </trkpt>
   <trkpt lat="22.3695270" lon="114.0593240">
    <ele>5.1</ele>
    <time>2025-09-21T23:31:26Z</time>
   </trkpt>
   <trkpt lat="22.3695340" lon="114.0593200">
    <ele>5.2</ele>
    <time>2025-09-21T23:31:27Z</time>
   </trkpt>
   <trkpt lat="22.3695350" lon="114.0593180">
    <ele>5.2</ele>
    <time>2025-09-21T23:31:28Z</time>
   </trkpt>
   <trkpt lat="22.3695510" lon="114.0593240">
    <ele>5.4</ele>
    <time>2025-09-21T23:31:29Z</time>
   </trkpt>
   <trkpt lat="22.3695650" lon="114.0593250">
    <ele>5.6</ele>
    <time>2025-09-21T23:31:30Z</time>
   </trkpt>
   <trkpt lat="22.3695750" lon="114.0593240">
    <ele>5.7</ele>
    <time>2025-09-21T23:31:31Z</time>
   </trkpt>
   <trkpt lat="22.3695810" lon="114.0593260">
    <ele>5.8</ele>
    <time>2025-09-21T23:31:32Z</time>
   </trkpt>
   <trkpt lat="22.3695840" lon="114.0593170">
    <ele>5.9</ele>
    <time>2025-09-21T23:31:33Z</time>
   </trkpt>
   <trkpt lat="22.3695910" lon="114.0593110">
    <ele>6.1</ele>
    <time>2025-09-21T23:31:34Z</time>
   </trkpt>
   <trkpt lat="22.3696080" lon="114.0593100">
    <ele>6.3</ele>
    <time>2025-09-21T23:31:35Z</time>
   </trkpt>
   <trkpt lat="22.3696150" lon="114.0593090">
    <ele>6.4</ele>
    <time>2025-09-21T23:31:36Z</time>
   </trkpt>
   <trkpt lat="22.3696220" lon="114.0593090">
    <ele>6.5</ele>
    <time>2025-09-21T23:31:37Z</time>
   </trkpt>
   <trkpt lat="22.3696290" lon="114.0593080">
    <ele>6.6</ele>
    <time>2025-09-21T23:31:38Z</time>
   </trkpt>
   <trkpt lat="22.3696360" lon="114.0593070">
    <ele>6.7</ele>
    <time>2025-09-21T23:31:39Z</time>
   </trkpt>
   <trkpt lat="22.3696480" lon="114.0593030">
    <ele>6.9</ele>
    <time>2025-09-21T23:31:40Z</time>
   </trkpt>
   <trkpt lat="22.3696520" lon="114.0593020">
    <ele>6.9</ele>
    <time>2025-09-21T23:31:41Z</time>
   </trkpt>
   <trkpt lat="22.3696590" lon="114.0592960">
    <ele>7.1</ele>
    <time>2025-09-21T23:31:42Z</time>
   </trkpt>
   <trkpt lat="22.3696620" lon="114.0592870">
    <ele>7.2</ele>
    <time>2025-09-21T23:31:43Z</time>
   </trkpt>
   <trkpt lat="22.3696630" lon="114.0592860">
    <ele>7.2</ele>
    <time>2025-09-21T23:31:44Z</time>
   </trkpt>
   <trkpt lat="22.3696690" lon="114.0592810">
    <ele>7.3</ele>
    <time>2025-09-21T23:31:45Z</time>
   </trkpt>
   <trkpt lat="22.3696770" lon="114.0592800">
    <ele>7.4</ele>
    <time>2025-09-21T23:31:46Z</time>
   </trkpt>
   <trkpt lat="22.3696760" lon="114.0592720">
    <ele>7.5</ele>
    <time>2025-09-21T23:31:47Z</time>
   </trkpt>
   <trkpt lat="22.3696800" lon="114.0592790">
    <ele>7.7</ele>
    <time>2025-09-21T23:31:48Z</time>
   </trkpt>
   <trkpt lat="22.3696820" lon="114.0592820">
    <ele>7.7</ele>
    <time>2025-09-21T23:31:49Z</time>
   </trkpt>
   <trkpt lat="22.3696900" lon="114.0592770">
    <ele>7.8</ele>
    <time>2025-09-21T23:31:50Z</time>
   </trkpt>
   <trkpt lat="22.3696900" lon="114.0592810">
    <ele>7.8</ele>
    <time>2025-09-21T23:31:51Z</time>
   </trkpt>
   <trkpt lat="22.3696940" lon="114.0592910">
    <ele>8.3</ele>
    <time>2025-09-21T23:31:52Z</time>
   </trkpt>
   <trkpt lat="22.3696950" lon="114.0592920">
    <ele>8.3</ele>
    <time>2025-09-21T23:31:53Z</time>
   </trkpt>
   <trkpt lat="22.3696890" lon="114.0592930">
    <ele>8.3</ele>
    <time>2025-09-21T23:31:54Z</time>
   </trkpt>
   <trkpt lat="22.3696830" lon="114.0592990">
    <ele>8.3</ele>
    <time>2025-09-21T23:31:55Z</time>
   </trkpt>
   <trkpt lat="22.3696830" lon="114.0593100">
    <ele>8.3</ele>
    <time>2025-09-21T23:31:56Z</time>
   </trkpt>
   <trkpt lat="22.3696790" lon="114.0593170">
    <ele>7.0</ele>
    <time>2025-09-21T23:31:57Z</time>
   </trkpt>
   <trkpt lat="22.3696770" lon="114.0593210">
    <ele>7.0</ele>
    <time>2025-09-21T23:31:58Z</time>
   </trkpt>
   <trkpt lat="22.3696800" lon="114.0593220">
    <ele>7.0</ele>
    <time>2025-09-21T23:31:59Z</time>
   </trkpt>
   <trkpt lat="22.3696740" lon="114.0593310">
    <ele>7.3</ele>
    <time>2025-09-21T23:32:00Z</time>
   </trkpt>
   <trkpt lat="22.3696760" lon="114.0593360">
    <ele>7.3</ele>
    <time>2025-09-21T23:32:01Z</time>
   </trkpt>
   <trkpt lat="22.3696810" lon="114.0593420">
    <ele>7.3</ele>
    <time>2025-09-21T23:32:02Z</time>
   </trkpt>
   <trkpt lat="22.3696820" lon="114.0593450">
    <ele>7.3</ele>
    <time>2025-09-21T23:32:03Z</time>
   </trkpt>
   <trkpt lat="22.3696820" lon="114.0593460">
    <ele>7.3</ele>
    <time>2025-09-21T23:32:04Z</time>
   </trkpt>
   <trkpt lat="22.3696870" lon="114.0593510">
    <ele>8.6</ele>
    <time>2025-09-21T23:32:05Z</time>
   </trkpt>
   <trkpt lat="22.3696860" lon="114.0593660">
    <ele>8.6</ele>
    <time>2025-09-21T23:32:06Z</time>
   </trkpt>
   <trkpt lat="22.3696950" lon="114.0593670">
    <ele>8.6</ele>
    <time>2025-09-21T23:32:07Z</time>
   </trkpt>
   <trkpt lat="22.3696950" lon="114.0593690">
    <ele>8.6</ele>
    <time>2025-09-21T23:32:08Z</time>
   </trkpt>
   <trkpt lat="22.3696960" lon="114.0593680">
    <ele>8.6</ele>
    <time>2025-09-21T23:32:09Z</time>
   </trkpt>
   <trkpt lat="22.3697000" lon="114.0593720">
    <ele>8.8</ele>
    <time>2025-09-21T23:32:10Z</time>
   </trkpt>
   <trkpt lat="22.3697010" lon="114.0593740">
    <ele>8.8</ele>
    <time>2025-09-21T23:32:11Z</time>
   </trkpt>
   <trkpt lat="22.3697000" lon="114.0593730">
    <ele>8.8</ele>
    <time>2025-09-21T23:32:12Z</time>
   </trkpt>
   <trkpt lat="22.3697000" lon="114.0593740">
    <ele>8.8</ele>
    <time>2025-09-21T23:32:13Z</time>
   </trkpt>
   <trkpt lat="22.3697030" lon="114.0593770">
    <ele>8.8</ele>
    <time>2025-09-21T23:32:14Z</time>
   </trkpt>
   <trkpt lat="22.3697050" lon="114.0593940">
    <ele>8.8</ele>
    <time>2025-09-21T23:32:15Z</time>
   </trkpt>
   <trkpt lat="22.3697060" lon="114.0594000">
    <ele>8.8</ele>
    <time>2025-09-21T23:32:16Z</time>
   </trkpt>
   <trkpt lat="22.3697150" lon="114.0594090">
    <ele>8.8</ele>
    <time>2025-09-21T23:32:17Z</time>
   </trkpt>
   <trkpt lat="22.3697250" lon="114.0594270">
    <ele>10.5</ele>
    <time>2025-09-21T23:32:18Z</time>
   </trkpt>
   <trkpt lat="22.3697290" lon="114.0594390">
    <ele>10.5</ele>
    <time>2025-09-21T23:32:19Z</time>
   </trkpt>
   <trkpt lat="22.3697270" lon="114.0594500">
    <ele>10.5</ele>
    <time>2025-09-21T23:32:20Z</time>
   </trkpt>
   <trkpt lat="22.3697300" lon="114.0594600">
    <ele>10.9</ele>
    <time>2025-09-21T23:32:21Z</time>
   </trkpt>
   <trkpt lat="22.3697330" lon="114.0594640">
    <ele>10.9</ele>
    <time>2025-09-21T23:32:22Z</time>
   </trkpt>
   <trkpt lat="22.3697360" lon="114.0594810">
    <ele>10.9</ele>
    <time>2025-09-21T23:32:23Z</time>
   </trkpt>
   <trkpt lat="22.3697360" lon="114.0594920">
    <ele>10.9</ele>
    <time>2025-09-21T23:32:24Z</time>
   </trkpt>
   <trkpt lat="22.3697340" lon="114.0595000">
    <ele>10.9</ele>
    <time>2025-09-21T23:32:25Z</time>
   </trkpt>
   <trkpt lat="22.3697340" lon="114.0595060">
    <ele>11.1</ele>
    <time>2025-09-21T23:32:26Z</time>
   </trkpt>
   <trkpt lat="22.3697340" lon="114.0595110">
    <ele>11.1</ele>
    <time>2025-09-21T23:32:27Z</time>
   </trkpt>
   <trkpt lat="22.3697350" lon="114.0595130">
    <ele>11.1</ele>
    <time>2025-09-21T23:32:28Z</time>
   </trkpt>
   <trkpt lat="22.3697370" lon="114.0595140">
    <ele>11.1</ele>
    <time>2025-09-21T23:32:29Z</time>
   </trkpt>
   <trkpt lat="22.3697410" lon="114.0595170">
    <ele>11.1</ele>
    <time>2025-09-21T23:32:30Z</time>
   </trkpt>
   <trkpt lat="22.3697460" lon="114.0595210">
    <ele>11.1</ele>
    <time>2025-09-21T23:32:31Z</time>
   </trkpt>
   <trkpt lat="22.3697400" lon="114.0595230">
    <ele>11.1</ele>
    <time>2025-09-21T23:32:32Z</time>
   </trkpt>
   <trkpt lat="22.3697450" lon="114.0595230">
    <ele>11.1</ele>
    <time>2025-09-21T23:32:33Z</time>
   </trkpt>
   <trkpt lat="22.3697470" lon="114.0595200">
    <ele>11.1</ele>
    <time>2025-09-21T23:32:34Z</time>
   </trkpt>
   <trkpt lat="22.3697510" lon="114.0595200">
    <ele>11.1</ele>
    <time>2025-09-21T23:32:35Z</time>
   </trkpt>
   <trkpt lat="22.3697560" lon="114.0595160">
    <ele>11.1</ele>
    <time>2025-09-21T23:32:36Z</time>
   </trkpt>
   <trkpt lat="22.3697570" lon="114.0595260">
    <ele>11.1</ele>
    <time>2025-09-21T23:32:37Z</time>
   </trkpt>
   <trkpt lat="22.3697640" lon="114.0595350">
    <ele>12.6</ele>
    <time>2025-09-21T23:32:38Z</time>
   </trkpt>
   <trkpt lat="22.3697690" lon="114.0595410">
    <ele>12.6</ele>
    <time>2025-09-21T23:32:39Z</time>
   </trkpt>
   <trkpt lat="22.3697800" lon="114.0595500">
    <ele>12.9</ele>
    <time>2025-09-21T23:32:40Z</time>
   </trkpt>
   <trkpt lat="22.3697860" lon="114.0595460">
    <ele>12.9</ele>
    <time>2025-09-21T23:32:41Z</time>
   </trkpt>
   <trkpt lat="22.3698040" lon="114.0595470">
    <ele>14.4</ele>
    <time>2025-09-21T23:32:42Z</time>
   </trkpt>
   <trkpt lat="22.3698120" lon="114.0595540">
    <ele>14.4</ele>
    <time>2025-09-21T23:32:43Z</time>
   </trkpt>
   <trkpt lat="22.3698190" lon="114.0595540">
    <ele>14.4</ele>
    <time>2025-09-21T23:32:44Z</time>
   </trkpt>
   <trkpt lat="22.3698250" lon="114.0595540">
    <ele>14.4</ele>
    <time>2025-09-21T23:32:45Z</time>
   </trkpt>
   <trkpt lat="22.3698290" lon="114.0595530">
    <ele>14.4</ele>
    <time>2025-09-21T23:32:46Z</time>
   </trkpt>
   <trkpt lat="22.3698350" lon="114.0595510">
    <ele>14.4</ele>
    <time>2025-09-21T23:32:47Z</time>
   </trkpt>
   <trkpt lat="22.3698410" lon="114.0595550">
    <ele>15.9</ele>
    <time>2025-09-21T23:32:48Z</time>
   </trkpt>
   <trkpt lat="22.3698390" lon="114.0595450">
    <ele>14.4</ele>
    <time>2025-09-21T23:32:49Z</time>
   </trkpt>
   <trkpt lat="22.3698430" lon="114.0595480">
    <ele>15.9</ele>
    <time>2025-09-21T23:32:50Z</time>
   </trkpt>
   <trkpt lat="22.3698480" lon="114.0595510">
    <ele>15.9</ele>
    <time>2025-09-21T23:32:51Z</time>
   </trkpt>
   <trkpt lat="22.3698550" lon="114.0595550">
    <ele>15.9</ele>
    <time>2025-09-21T23:32:52Z</time>
   </trkpt>
   <trkpt lat="22.3698640" lon="114.0595550">
    <ele>15.9</ele>
    <time>2025-09-21T23:32:53Z</time>
   </trkpt>
   <trkpt lat="22.3698670" lon="114.0595570">
    <ele>15.9</ele>
    <time>2025-09-21T23:32:54Z</time>
   </trkpt>
   <trkpt lat="22.3698760" lon="114.0595580">
    <ele>15.9</ele>
    <time>2025-09-21T23:32:55Z</time>
   </trkpt>
   <trkpt lat="22.3698810" lon="114.0595590">
    <ele>17.7</ele>
    <time>2025-09-21T23:32:56Z</time>
   </trkpt>
   <trkpt lat="22.3698880" lon="114.0595620">
    <ele>17.7</ele>
    <time>2025-09-21T23:32:57Z</time>
   </trkpt>
   <trkpt lat="22.3698970" lon="114.0595680">
    <ele>17.7</ele>
    <time>2025-09-21T23:32:58Z</time>
   </trkpt>
   <trkpt lat="22.3699040" lon="114.0595720">
    <ele>17.7</ele>
    <time>2025-09-21T23:32:59Z</time>
   </trkpt>
   <trkpt lat="22.3699080" lon="114.0595790">
    <ele>17.7</ele>
    <time>2025-09-21T23:33:00Z</time>
   </trkpt>
   <trkpt lat="22.3699110" lon="114.0595790">
    <ele>17.7</ele>
    <time>2025-09-21T23:33:01Z</time>
   </trkpt>
   <trkpt lat="22.3699170" lon="114.0595820">
    <ele>17.7</ele>
    <time>2025-09-21T23:33:02Z</time>
   </trkpt>
   <trkpt lat="22.3699170" lon="114.0595840">
    <ele>17.7</ele>
    <time>2025-09-21T23:33:03Z</time>
   </trkpt>
   <trkpt lat="22.3699200" lon="114.0595880">
    <ele>17.9</ele>
    <time>2025-09-21T23:33:04Z</time>
   </trkpt>
   <trkpt lat="22.3699230" lon="114.0595940">
    <ele>19.7</ele>
    <time>2025-09-21T23:33:05Z</time>
   </trkpt>
   <trkpt lat="22.3699280" lon="114.0595990">
    <ele>19.7</ele>
    <time>2025-09-21T23:33:06Z</time>
   </trkpt>
   <trkpt lat="22.3699410" lon="114.0596010">
    <ele>19.7</ele>
    <time>2025-09-21T23:33:07Z</time>
   </trkpt>
   <trkpt lat="22.3699440" lon="114.0596040">
    <ele>19.7</ele>
    <time>2025-09-21T23:33:08Z</time>
   </trkpt>
   <trkpt lat="22.3699490" lon="114.0596070">
    <ele>19.7</ele>
    <time>2025-09-21T23:33:09Z</time>
   </trkpt>
   <trkpt lat="22.3699530" lon="114.0596140">
    <ele>19.7</ele>
    <time>2025-09-21T23:33:10Z</time>
   </trkpt>
   <trkpt lat="22.3699570" lon="114.0596170">
    <ele>19.7</ele>
    <time>2025-09-21T23:33:11Z</time>
   </trkpt>
   <trkpt lat="22.3699580" lon="114.0596170">
    <ele>19.7</ele>
    <time>2025-09-21T23:33:12Z</time>
   </trkpt>
   <trkpt lat="22.3699610" lon="114.0596190">
    <ele>21.4</ele>
    <time>2025-09-21T23:33:13Z</time>
   </trkpt>
   <trkpt lat="22.3699630" lon="114.0596200">
    <ele>21.4</ele>
    <time>2025-09-21T23:33:14Z</time>
   </trkpt>
   <trkpt lat="22.3699690" lon="114.0596230">
    <ele>21.4</ele>
    <time>2025-09-21T23:33:15Z</time>
   </trkpt>
   <trkpt lat="22.3699740" lon="114.0596250">
    <ele>21.4</ele>
    <time>2025-09-21T23:33:16Z</time>
   </trkpt>
   <trkpt lat="22.3699780" lon="114.0596340">
    <ele>21.7</ele>
    <time>2025-09-21T23:33:17Z</time>
   </trkpt>
   <trkpt lat="22.3699770" lon="114.0596340">
    <ele>21.7</ele>
    <time>2025-09-21T23:33:18Z</time>
   </trkpt>
   <trkpt lat="22.3699800" lon="114.0596380">
    <ele>21.7</ele>
    <time>2025-09-21T23:33:19Z</time>
   </trkpt>
   <trkpt lat="22.3699800" lon="114.0596410">
    <ele>21.7</ele>
    <time>2025-09-21T23:33:20Z</time>
   </trkpt>
   <trkpt lat="22.3699820" lon="114.0596540">
    <ele>21.7</ele>
    <time>2025-09-21T23:33:21Z</time>
   </trkpt>
   <trkpt lat="22.3699790" lon="114.0596610">
    <ele>21.7</ele>
    <time>2025-09-21T23:33:22Z</time>
   </trkpt>
   <trkpt lat="22.3699790" lon="114.0596650">
    <ele>21.7</ele>
    <time>2025-09-21T23:33:23Z</time>
   </trkpt>
   <trkpt lat="22.3699820" lon="114.0596740">
    <ele>22.2</ele>
    <time>2025-09-21T23:33:24Z</time>
   </trkpt>
   <trkpt lat="22.3699870" lon="114.0596780">
    <ele>22.2</ele>
    <time>2025-09-21T23:33:25Z</time>
   </trkpt>
   <trkpt lat="22.3699950" lon="114.0596820">
    <ele>22.2</ele>
    <time>2025-09-21T23:33:26Z</time>
   </trkpt>
   <trkpt lat="22.3700000" lon="114.0596930">
    <ele>24.0</ele>
    <time>2025-09-21T23:33:27Z</time>
   </trkpt>
   <trkpt lat="22.3699990" lon="114.0596930">
    <ele>22.2</ele>
    <time>2025-09-21T23:33:28Z</time>
   </trkpt>
   <trkpt lat="22.3700060" lon="114.0596880">
    <ele>24.0</ele>
    <time>2025-09-21T23:33:29Z</time>
   </trkpt>
   <trkpt lat="22.3700120" lon="114.0596890">
    <ele>24.0</ele>
    <time>2025-09-21T23:33:30Z</time>
   </trkpt>
   <trkpt lat="22.3700140" lon="114.0596900">
    <ele>24.0</ele>
    <time>2025-09-21T23:33:31Z</time>
   </trkpt>
   <trkpt lat="22.3700190" lon="114.0596910">
    <ele>24.0</ele>
    <time>2025-09-21T23:33:32Z</time>
   </trkpt>
   <trkpt lat="22.3700200" lon="114.0596970">
    <ele>24.0</ele>
    <time>2025-09-21T23:33:33Z</time>
   </trkpt>
   <trkpt lat="22.3700190" lon="114.0596990">
    <ele>24.0</ele>
    <time>2025-09-21T23:33:34Z</time>
   </trkpt>
   <trkpt lat="22.3700180" lon="114.0597000">
    <ele>24.1</ele>
    <time>2025-09-21T23:33:35Z</time>
   </trkpt>
   <trkpt lat="22.3700240" lon="114.0597020">
    <ele>24.1</ele>
    <time>2025-09-21T23:33:36Z</time>
   </trkpt>
   <trkpt lat="22.3700300" lon="114.0596900">
    <ele>24.1</ele>
    <time>2025-09-21T23:33:37Z</time>
   </trkpt>
   <trkpt lat="22.3700280" lon="114.0596930">
    <ele>24.1</ele>
    <time>2025-09-21T23:33:38Z</time>
   </trkpt>
   <trkpt lat="22.3700240" lon="114.0596970">
    <ele>24.1</ele>
    <time>2025-09-21T23:33:39Z</time>
   </trkpt>
   <trkpt lat="22.3700290" lon="114.0597040">
    <ele>24.1</ele>
    <time>2025-09-21T23:33:40Z</time>
   </trkpt>
   <trkpt lat="22.3700320" lon="114.0597120">
    <ele>24.1</ele>
    <time>2025-09-21T23:33:41Z</time>
   </trkpt>
   <trkpt lat="22.3700280" lon="114.0597210">
    <ele>24.6</ele>
    <time>2025-09-21T23:33:42Z</time>
   </trkpt>
   <trkpt lat="22.3700230" lon="114.0597340">
    <ele>24.6</ele>
    <time>2025-09-21T23:33:43Z</time>
   </trkpt>
   <trkpt lat="22.3700280" lon="114.0597350">
    <ele>24.6</ele>
    <time>2025-09-21T23:33:44Z</time>
   </trkpt>
   <trkpt lat="22.3700270" lon="114.0597400">
    <ele>24.6</ele>
    <time>2025-09-21T23:33:45Z</time>
   </trkpt>
   <trkpt lat="22.3700270" lon="114.0597450">
    <ele>24.6</ele>
    <time>2025-09-21T23:33:46Z</time>
   </trkpt>
   <trkpt lat="22.3700260" lon="114.0597500">
    <ele>24.6</ele>
    <time>2025-09-21T23:33:47Z</time>
   </trkpt>
   <trkpt lat="22.3700260" lon="114.0597540">
    <ele>24.6</ele>
    <time>2025-09-21T23:33:48Z</time>
   </trkpt>
   <trkpt lat="22.3700250" lon="114.0597590">
    <ele>25.1</ele>
    <time>2025-09-21T23:33:49Z</time>
   </trkpt>
   <trkpt lat="22.3700250" lon="114.0597640">
    <ele>25.1</ele>
    <time>2025-09-21T23:33:50Z</time>
   </trkpt>
   <trkpt lat="22.3700240" lon="114.0597690">
    <ele>25.1</ele>
    <time>2025-09-21T23:33:51Z</time>
   </trkpt>
   <trkpt lat="22.3700240" lon="114.0597740">
    <ele>25.1</ele>
    <time>2025-09-21T23:33:52Z</time>
   </trkpt>
   <trkpt lat="22.3700400" lon="114.0597610">
    <ele>27.1</ele>
    <time>2025-09-21T23:33:53Z</time>
   </trkpt>
   <trkpt lat="22.3700510" lon="114.0597630">
    <ele>27.1</ele>
    <time>2025-09-21T23:33:54Z</time>
   </trkpt>
   <trkpt lat="22.3700620" lon="114.0597710">
    <ele>27.1</ele>
    <time>2025-09-21T23:33:55Z</time>
   </trkpt>
   <trkpt lat="22.3700580" lon="114.0597720">
    <ele>27.1</ele>
    <time>2025-09-21T23:33:56Z</time>
   </trkpt>
   <trkpt lat="22.3700610" lon="114.0597750">
    <ele>27.1</ele>
    <time>2025-09-21T23:33:57Z</time>
   </trkpt>
   <trkpt lat="22.3700640" lon="114.0597790">
    <ele>27.1</ele>
    <time>2025-09-21T23:33:58Z</time>
   </trkpt>
   <trkpt lat="22.3700740" lon="114.0597760">
    <ele>27.1</ele>
    <time>2025-09-21T23:33:59Z</time>
   </trkpt>
   <trkpt lat="22.3700740" lon="114.0597770">
    <ele>27.1</ele>
    <time>2025-09-21T23:34:00Z</time>
   </trkpt>
   <trkpt lat="22.3700770" lon="114.0597850">
    <ele>27.1</ele>
    <time>2025-09-21T23:34:01Z</time>
   </trkpt>
   <trkpt lat="22.3700830" lon="114.0597880">
    <ele>29.1</ele>
    <time>2025-09-21T23:34:02Z</time>
   </trkpt>
   <trkpt lat="22.3700900" lon="114.0597880">
    <ele>29.1</ele>
    <time>2025-09-21T23:34:03Z</time>
   </trkpt>
   <trkpt lat="22.3700960" lon="114.0597880">
    <ele>29.1</ele>
    <time>2025-09-21T23:34:04Z</time>
   </trkpt>
   <trkpt lat="22.3701020" lon="114.0597870">
    <ele>29.1</ele>
    <time>2025-09-21T23:34:05Z</time>
   </trkpt>
   <trkpt lat="22.3701080" lon="114.0597870">
    <ele>29.1</ele>
    <time>2025-09-21T23:34:06Z</time>
   </trkpt>
   <trkpt lat="22.3701150" lon="114.0597870">
    <ele>29.1</ele>
    <time>2025-09-21T23:34:07Z</time>
   </trkpt>
   <trkpt lat="22.3701210" lon="114.0597870">
    <ele>31.1</ele>
    <time>2025-09-21T23:34:08Z</time>
   </trkpt>
   <trkpt lat="22.3701240" lon="114.0597940">
    <ele>31.1</ele>
    <time>2025-09-21T23:34:09Z</time>
   </trkpt>
   <trkpt lat="22.3701230" lon="114.0597980">
    <ele>31.1</ele>
    <time>2025-09-21T23:34:10Z</time>
   </trkpt>
   <trkpt lat="22.3701280" lon="114.0598020">
    <ele>31.6</ele>
    <time>2025-09-21T23:34:11Z</time>
   </trkpt>
   <trkpt lat="22.3701310" lon="114.0598100">
    <ele>31.6</ele>
    <time>2025-09-21T23:34:12Z</time>
   </trkpt>
   <trkpt lat="22.3701280" lon="114.0598240">
    <ele>31.6</ele>
    <time>2025-09-21T23:34:13Z</time>
   </trkpt>
   <trkpt lat="22.3701340" lon="114.0598330">
    <ele>31.6</ele>
    <time>2025-09-21T23:34:14Z</time>
   </trkpt>
   <trkpt lat="22.3701390" lon="114.0598380">
    <ele>31.6</ele>
    <time>2025-09-21T23:34:15Z</time>
   </trkpt>
   <trkpt lat="22.3701470" lon="114.0598390">
    <ele>31.6</ele>
    <time>2025-09-21T23:34:16Z</time>
   </trkpt>
   <trkpt lat="22.3701520" lon="114.0598420">
    <ele>31.6</ele>
    <time>2025-09-21T23:34:17Z</time>
   </trkpt>
   <trkpt lat="22.3701530" lon="114.0598470">
    <ele>32.1</ele>
    <time>2025-09-21T23:34:18Z</time>
   </trkpt>
   <trkpt lat="22.3701500" lon="114.0598520">
    <ele>32.1</ele>
    <time>2025-09-21T23:34:19Z</time>
   </trkpt>
   <trkpt lat="22.3701470" lon="114.0598520">
    <ele>32.1</ele>
    <time>2025-09-21T23:34:20Z</time>
   </trkpt>
   <trkpt lat="22.3701510" lon="114.0598530">
    <ele>32.1</ele>
    <time>2025-09-21T23:34:21Z</time>
   </trkpt>
   <trkpt lat="22.3701510" lon="114.0598530">
    <ele>32.1</ele>
    <time>2025-09-21T23:34:22Z</time>
   </trkpt>
   <trkpt lat="22.3701510" lon="114.0598530">
    <ele>32.1</ele>
    <time>2025-09-21T23:34:23Z</time>
   </trkpt>
   <trkpt lat="22.3701510" lon="114.0598530">
    <ele>32.1</ele>
    <time>2025-09-21T23:34:24Z</time>
   </trkpt>
   <trkpt lat="22.3701520" lon="114.0598430">
    <ele>31.6</ele>
    <time>2025-09-21T23:34:25Z</time>
   </trkpt>
   <trkpt lat="22.3701520" lon="114.0598430">
    <ele>31.6</ele>
    <time>2025-09-21T23:34:26Z</time>
   </trkpt>
   <trkpt lat="22.3701520" lon="114.0598430">
    <ele>31.6</ele>
    <time>2025-09-21T23:34:27Z</time>
   </trkpt>
   <trkpt lat="22.3701520" lon="114.0598430">
    <ele>31.6</ele>
    <time>2025-09-21T23:34:28Z</time>
   </trkpt>
   <trkpt lat="22.3701520" lon="114.0598430">
    <ele>31.6</ele>
    <time>2025-09-21T23:34:29Z</time>
   </trkpt>
   <trkpt lat="22.3701520" lon="114.0598430">
    <ele>31.6</ele>
    <time>2025-09-21T23:34:30Z</time>
   </trkpt>
   <trkpt lat="22.3701520" lon="114.0598430">
    <ele>31.6</ele>
    <time>2025-09-21T23:34:31Z</time>
   </trkpt>
   <trkpt lat="22.3701530" lon="114.0598390">
    <ele>31.6</ele>
    <time>2025-09-21T23:34:32Z</time>
   </trkpt>
   <trkpt lat="22.3701490" lon="114.0598400">
    <ele>31.6</ele>
    <time>2025-09-21T23:34:33Z</time>
   </trkpt>
   <trkpt lat="22.3701470" lon="114.0598400">
    <ele>31.6</ele>
    <time>2025-09-21T23:34:34Z</time>
   </trkpt>
   <trkpt lat="22.3701420" lon="114.0598430">
    <ele>31.6</ele>
    <time>2025-09-21T23:34:35Z</time>
   </trkpt>
   <trkpt lat="22.3701430" lon="114.0598400">
    <ele>31.6</ele>
    <time>2025-09-21T23:34:36Z</time>
   </trkpt>
   <trkpt lat="22.3701430" lon="114.0598400">
    <ele>31.6</ele>
    <time>2025-09-21T23:34:37Z</time>
   </trkpt>
   <trkpt lat="22.3701430" lon="114.0598400">
    <ele>31.6</ele>
    <time>2025-09-21T23:34:38Z</time>
   </trkpt>
   <trkpt lat="22.3701430" lon="114.0598400">
    <ele>31.6</ele>
    <time>2025-09-21T23:34:39Z</time>
   </trkpt>
   <trkpt lat="22.3701430" lon="114.0598400">
    <ele>31.6</ele>
    <time>2025-09-21T23:34:40Z</time>
   </trkpt>
   <trkpt lat="22.3701430" lon="114.0598400">
    <ele>31.6</ele>
    <time>2025-09-21T23:34:41Z</time>
   </trkpt>
   <trkpt lat="22.3701580" lon="114.0598290">
    <ele>31.6</ele>
    <time>2025-09-21T23:34:42Z</time>
   </trkpt>
   <trkpt lat="22.3701600" lon="114.0598290">
    <ele>33.6</ele>
    <time>2025-09-21T23:34:43Z</time>
   </trkpt>
   <trkpt lat="22.3701620" lon="114.0598270">
    <ele>33.6</ele>
    <time>2025-09-21T23:34:44Z</time>
   </trkpt>
   <trkpt lat="22.3701630" lon="114.0598280">
    <ele>33.6</ele>
    <time>2025-09-21T23:34:45Z</time>
   </trkpt>
   <trkpt lat="22.3701610" lon="114.0598350">
    <ele>33.6</ele>
    <time>2025-09-21T23:34:46Z</time>
   </trkpt>
   <trkpt lat="22.3701620" lon="114.0598370">
    <ele>33.6</ele>
    <time>2025-09-21T23:34:47Z</time>
   </trkpt>
   <trkpt lat="22.3701580" lon="114.0598440">
    <ele>31.6</ele>
    <time>2025-09-21T23:34:48Z</time>
   </trkpt>
   <trkpt lat="22.3701600" lon="114.0598450">
    <ele>34.2</ele>
    <time>2025-09-21T23:34:49Z</time>
   </trkpt>
   <trkpt lat="22.3701630" lon="114.0598520">
    <ele>34.2</ele>
    <time>2025-09-21T23:34:50Z</time>
   </trkpt>
   <trkpt lat="22.3701630" lon="114.0598550">
    <ele>34.2</ele>
    <time>2025-09-21T23:34:51Z</time>
   </trkpt>
   <trkpt lat="22.3701660" lon="114.0598610">
    <ele>34.2</ele>
    <time>2025-09-21T23:34:52Z</time>
   </trkpt>
   <trkpt lat="22.3701680" lon="114.0598610">
    <ele>34.2</ele>
    <time>2025-09-21T23:34:53Z</time>
   </trkpt>
   <trkpt lat="22.3701690" lon="114.0598590">
    <ele>34.2</ele>
    <time>2025-09-21T23:34:54Z</time>
   </trkpt>
   <trkpt lat="22.3701750" lon="114.0598570">
    <ele>34.2</ele>
    <time>2025-09-21T23:34:55Z</time>
   </trkpt>
   <trkpt lat="22.3701770" lon="114.0598640">
    <ele>34.2</ele>
    <time>2025-09-21T23:34:56Z</time>
   </trkpt>
   <trkpt lat="22.3701750" lon="114.0598670">
    <ele>34.2</ele>
    <time>2025-09-21T23:34:57Z</time>
   </trkpt>
   <trkpt lat="22.3701770" lon="114.0598620">
    <ele>34.2</ele>
    <time>2025-09-21T23:34:58Z</time>
   </trkpt>
   <trkpt lat="22.3701750" lon="114.0598730">
    <ele>34.2</ele>
    <time>2025-09-21T23:34:59Z</time>
   </trkpt>
   <trkpt lat="22.3701900" lon="114.0598720">
    <ele>34.2</ele>
    <time>2025-09-21T23:35:00Z</time>
   </trkpt>
   <trkpt lat="22.3701820" lon="114.0598680">
    <ele>34.2</ele>
    <time>2025-09-21T23:35:01Z</time>
   </trkpt>
   <trkpt lat="22.3701820" lon="114.0598640">
    <ele>34.2</ele>
    <time>2025-09-21T23:35:02Z</time>
   </trkpt>
   <trkpt lat="22.3701860" lon="114.0598690">
    <ele>34.2</ele>
    <time>2025-09-21T23:35:03Z</time>
   </trkpt>
   <trkpt lat="22.3701890" lon="114.0598710">
    <ele>34.2</ele>
    <time>2025-09-21T23:35:04Z</time>
   </trkpt>
   <trkpt lat="22.3701790" lon="114.0598680">
    <ele>34.2</ele>
    <time>2025-09-21T23:35:05Z</time>
   </trkpt>
   <trkpt lat="22.3701810" lon="114.0598610">
    <ele>34.2</ele>
    <time>2025-09-21T23:35:06Z</time>
   </trkpt>
   <trkpt lat="22.3701730" lon="114.0598650">
    <ele>34.2</ele>
    <time>2025-09-21T23:35:07Z</time>
   </trkpt>
   <trkpt lat="22.3701770" lon="114.0598520">
    <ele>34.2</ele>
    <time>2025-09-21T23:35:08Z</time>
   </trkpt>
   <trkpt lat="22.3701710" lon="114.0598520">
    <ele>34.2</ele>
    <time>2025-09-21T23:35:09Z</time>
   </trkpt>
   <trkpt lat="22.3701670" lon="114.0598460">
    <ele>34.2</ele>
    <time>2025-09-21T23:35:10Z</time>
   </trkpt>
   <trkpt lat="22.3701630" lon="114.0598400">
    <ele>33.7</ele>
    <time>2025-09-21T23:35:11Z</time>
   </trkpt>
   <trkpt lat="22.3701560" lon="114.0598430">
    <ele>31.6</ele>
    <time>2025-09-21T23:35:12Z</time>
   </trkpt>
   <trkpt lat="22.3701580" lon="114.0598390">
    <ele>31.6</ele>
    <time>2025-09-21T23:35:13Z</time>
   </trkpt>
   <trkpt lat="22.3701590" lon="114.0598330">
    <ele>33.7</ele>
    <time>2025-09-21T23:35:14Z</time>
   </trkpt>
   <trkpt lat="22.3701720" lon="114.0598180">
    <ele>33.7</ele>
    <time>2025-09-21T23:35:15Z</time>
   </trkpt>
   <trkpt lat="22.3701700" lon="114.0598140">
    <ele>33.7</ele>
    <time>2025-09-21T23:35:16Z</time>
   </trkpt>
   <trkpt lat="22.3701660" lon="114.0598120">
    <ele>33.7</ele>
    <time>2025-09-21T23:35:17Z</time>
   </trkpt>
   <trkpt lat="22.3701630" lon="114.0598110">
    <ele>33.7</ele>
    <time>2025-09-21T23:35:18Z</time>
   </trkpt>
   <trkpt lat="22.3701520" lon="114.0598090">
    <ele>31.6</ele>
    <time>2025-09-21T23:35:19Z</time>
   </trkpt>
   <trkpt lat="22.3701410" lon="114.0598040">
    <ele>31.6</ele>
    <time>2025-09-21T23:35:20Z</time>
   </trkpt>
   <trkpt lat="22.3701390" lon="114.0597980">
    <ele>31.1</ele>
    <time>2025-09-21T23:35:21Z</time>
   </trkpt>
   <trkpt lat="22.3701370" lon="114.0597920">
    <ele>31.1</ele>
    <time>2025-09-21T23:35:22Z</time>
   </trkpt>
   <trkpt lat="22.3701370" lon="114.0597870">
    <ele>31.1</ele>
    <time>2025-09-21T23:35:23Z</time>
   </trkpt>
   <trkpt lat="22.3701360" lon="114.0597800">
    <ele>31.1</ele>
    <time>2025-09-21T23:35:24Z</time>
   </trkpt>
   <trkpt lat="22.3701370" lon="114.0597730">
    <ele>31.1</ele>
    <time>2025-09-21T23:35:25Z</time>
   </trkpt>
   <trkpt lat="22.3701420" lon="114.0597690">
    <ele>31.1</ele>
    <time>2025-09-21T23:35:26Z</time>
   </trkpt>
   <trkpt lat="22.3701400" lon="114.0597700">
    <ele>31.1</ele>
    <time>2025-09-21T23:35:27Z</time>
   </trkpt>
   <trkpt lat="22.3701400" lon="114.0597720">
    <ele>31.1</ele>
    <time>2025-09-21T23:35:28Z</time>
   </trkpt>
   <trkpt lat="22.3701400" lon="114.0597720">
    <ele>31.1</ele>
    <time>2025-09-21T23:35:29Z</time>
   </trkpt>
   <trkpt lat="22.3701390" lon="114.0597710">
    <ele>31.1</ele>
    <time>2025-09-21T23:35:30Z</time>
   </trkpt>
   <trkpt lat="22.3701400" lon="114.0597700">
    <ele>31.1</ele>
    <time>2025-09-21T23:35:31Z</time>
   </trkpt>
   <trkpt lat="22.3701430" lon="114.0597710">
    <ele>31.1</ele>
    <time>2025-09-21T23:35:32Z</time>
   </trkpt>
   <trkpt lat="22.3701440" lon="114.0597730">
    <ele>31.1</ele>
    <time>2025-09-21T23:35:33Z</time>
   </trkpt>
   <trkpt lat="22.3701440" lon="114.0597710">
    <ele>31.1</ele>
    <time>2025-09-21T23:35:34Z</time>
   </trkpt>
   <trkpt lat="22.3701440" lon="114.0597700">
    <ele>31.1</ele>
    <time>2025-09-21T23:35:35Z</time>
   </trkpt>
   <trkpt lat="22.3701420" lon="114.0597740">
    <ele>31.1</ele>
    <time>2025-09-21T23:35:36Z</time>
   </trkpt>
   <trkpt lat="22.3701420" lon="114.0597740">
    <ele>31.1</ele>
    <time>2025-09-21T23:35:37Z</time>
   </trkpt>
   <trkpt lat="22.3701420" lon="114.0597770">
    <ele>31.1</ele>
    <time>2025-09-21T23:35:38Z</time>
   </trkpt>
   <trkpt lat="22.3701420" lon="114.0597730">
    <ele>31.1</ele>
    <time>2025-09-21T23:35:39Z</time>
   </trkpt>
   <trkpt lat="22.3701330" lon="114.0597720">
    <ele>31.1</ele>
    <time>2025-09-21T23:35:40Z</time>
   </trkpt>
   <trkpt lat="22.3701300" lon="114.0597690">
    <ele>31.1</ele>
    <time>2025-09-21T23:35:41Z</time>
   </trkpt>
   <trkpt lat="22.3701290" lon="114.0597600">
    <ele>31.1</ele>
    <time>2025-09-21T23:35:42Z</time>
   </trkpt>
   <trkpt lat="22.3701200" lon="114.0597570">
    <ele>30.6</ele>
    <time>2025-09-21T23:35:43Z</time>
   </trkpt>
   <trkpt lat="22.3701200" lon="114.0597530">
    <ele>30.6</ele>
    <time>2025-09-21T23:35:44Z</time>
   </trkpt>
   <trkpt lat="22.3701120" lon="114.0597500">
    <ele>28.6</ele>
    <time>2025-09-21T23:35:45Z</time>
   </trkpt>
   <trkpt lat="22.3701030" lon="114.0597450">
    <ele>28.6</ele>
    <time>2025-09-21T23:35:46Z</time>
   </trkpt>
   <trkpt lat="22.3701010" lon="114.0597420">
    <ele>28.6</ele>
    <time>2025-09-21T23:35:47Z</time>
   </trkpt>
   <trkpt lat="22.3700940" lon="114.0597420">
    <ele>28.6</ele>
    <time>2025-09-21T23:35:48Z</time>
   </trkpt>
   <trkpt lat="22.3700900" lon="114.0597380">
    <ele>28.6</ele>
    <time>2025-09-21T23:35:49Z</time>
   </trkpt>
   <trkpt lat="22.3700870" lon="114.0597350">
    <ele>28.6</ele>
    <time>2025-09-21T23:35:50Z</time>
   </trkpt>
   <trkpt lat="22.3700900" lon="114.0597340">
    <ele>28.6</ele>
    <time>2025-09-21T23:35:51Z</time>
   </trkpt>
   <trkpt lat="22.3700900" lon="114.0597330">
    <ele>28.6</ele>
    <time>2025-09-21T23:35:52Z</time>
   </trkpt>
   <trkpt lat="22.3700740" lon="114.0597350">
    <ele>26.7</ele>
    <time>2025-09-21T23:35:53Z</time>
   </trkpt>
   <trkpt lat="22.3700730" lon="114.0597250">
    <ele>26.7</ele>
    <time>2025-09-21T23:35:54Z</time>
   </trkpt>
   <trkpt lat="22.3700690" lon="114.0597210">
    <ele>26.7</ele>
    <time>2025-09-21T23:35:55Z</time>
   </trkpt>
   <trkpt lat="22.3700670" lon="114.0597200">
    <ele>26.7</ele>
    <time>2025-09-21T23:35:56Z</time>
   </trkpt>
   <trkpt lat="22.3700620" lon="114.0597150">
    <ele>26.2</ele>
    <time>2025-09-21T23:35:57Z</time>
   </trkpt>
   <trkpt lat="22.3700540" lon="114.0597140">
    <ele>26.2</ele>
    <time>2025-09-21T23:35:58Z</time>
   </trkpt>
   <trkpt lat="22.3700580" lon="114.0597030">
    <ele>26.2</ele>
    <time>2025-09-21T23:35:59Z</time>
   </trkpt>
   <trkpt lat="22.3700650" lon="114.0597040">
    <ele>26.2</ele>
    <time>2025-09-21T23:36:00Z</time>
   </trkpt>
   <trkpt lat="22.3700570" lon="114.0597010">
    <ele>26.2</ele>
    <time>2025-09-21T23:36:01Z</time>
   </trkpt>
   <trkpt lat="22.3700480" lon="114.0597000">
    <ele>26.2</ele>
    <time>2025-09-21T23:36:02Z</time>
   </trkpt>
   <trkpt lat="22.3700460" lon="114.0597030">
    <ele>26.2</ele>
    <time>2025-09-21T23:36:03Z</time>
   </trkpt>
   <trkpt lat="22.3700410" lon="114.0597040">
    <ele>26.2</ele>
    <time>2025-09-21T23:36:04Z</time>
   </trkpt>
   <trkpt lat="22.3700310" lon="114.0596980">
    <ele>24.2</ele>
    <time>2025-09-21T23:36:05Z</time>
   </trkpt>
   <trkpt lat="22.3700290" lon="114.0596930">
    <ele>24.2</ele>
    <time>2025-09-21T23:36:06Z</time>
   </trkpt>
   <trkpt lat="22.3700230" lon="114.0596960">
    <ele>24.2</ele>
    <time>2025-09-21T23:36:07Z</time>
   </trkpt>
   <trkpt lat="22.3700280" lon="114.0597000">
    <ele>24.2</ele>
    <time>2025-09-21T23:36:08Z</time>
   </trkpt>
   <trkpt lat="22.3700200" lon="114.0597090">
    <ele>24.2</ele>
    <time>2025-09-21T23:36:09Z</time>
   </trkpt>
   <trkpt lat="22.3700130" lon="114.0597100">
    <ele>24.2</ele>
    <time>2025-09-21T23:36:10Z</time>
   </trkpt>
   <trkpt lat="22.3700150" lon="114.0597170">
    <ele>24.7</ele>
    <time>2025-09-21T23:36:11Z</time>
   </trkpt>
   <trkpt lat="22.3700100" lon="114.0597150">
    <ele>24.2</ele>
    <time>2025-09-21T23:36:12Z</time>
   </trkpt>
   <trkpt lat="22.3700070" lon="114.0597090">
    <ele>24.2</ele>
    <time>2025-09-21T23:36:13Z</time>
   </trkpt>
   <trkpt lat="22.3700040" lon="114.0597100">
    <ele>24.2</ele>
    <time>2025-09-21T23:36:14Z</time>
   </trkpt>
   <trkpt lat="22.3699960" lon="114.0597050">
    <ele>22.4</ele>
    <time>2025-09-21T23:36:15Z</time>
   </trkpt>
   <trkpt lat="22.3699820" lon="114.0597020">
    <ele>22.4</ele>
    <time>2025-09-21T23:36:16Z</time>
   </trkpt>
   <trkpt lat="22.3699710" lon="114.0596990">
    <ele>22.4</ele>
    <time>2025-09-21T23:36:17Z</time>
   </trkpt>
   <trkpt lat="22.3699580" lon="114.0596890">
    <ele>20.6</ele>
    <time>2025-09-21T23:36:18Z</time>
   </trkpt>
   <trkpt lat="22.3699520" lon="114.0596870">
    <ele>20.6</ele>
    <time>2025-09-21T23:36:19Z</time>
   </trkpt>
   <trkpt lat="22.3699450" lon="114.0596840">
    <ele>20.6</ele>
    <time>2025-09-21T23:36:20Z</time>
   </trkpt>
   <trkpt lat="22.3699380" lon="114.0596820">
    <ele>20.6</ele>
    <time>2025-09-21T23:36:21Z</time>
   </trkpt>
   <trkpt lat="22.3699340" lon="114.0596750">
    <ele>20.6</ele>
    <time>2025-09-21T23:36:22Z</time>
   </trkpt>
   <trkpt lat="22.3699350" lon="114.0596660">
    <ele>20.1</ele>
    <time>2025-09-21T23:36:23Z</time>
   </trkpt>
   <trkpt lat="22.3699280" lon="114.0596680">
    <ele>20.1</ele>
    <time>2025-09-21T23:36:24Z</time>
   </trkpt>
   <trkpt lat="22.3699280" lon="114.0596710">
    <ele>20.1</ele>
    <time>2025-09-21T23:36:25Z</time>
   </trkpt>
   <trkpt lat="22.3699260" lon="114.0596690">
    <ele>20.1</ele>
    <time>2025-09-21T23:36:26Z</time>
   </trkpt>
   <trkpt lat="22.3699250" lon="114.0596690">
    <ele>20.1</ele>
    <time>2025-09-21T23:36:27Z</time>
   </trkpt>
   <trkpt lat="22.3699240" lon="114.0596750">
    <ele>20.6</ele>
    <time>2025-09-21T23:36:28Z</time>
   </trkpt>
   <trkpt lat="22.3699240" lon="114.0596750">
    <ele>20.6</ele>
    <time>2025-09-21T23:36:29Z</time>
   </trkpt>
   <trkpt lat="22.3699120" lon="114.0596720">
    <ele>18.4</ele>
    <time>2025-09-21T23:36:30Z</time>
   </trkpt>
   <trkpt lat="22.3699060" lon="114.0596700">
    <ele>18.4</ele>
    <time>2025-09-21T23:36:31Z</time>
   </trkpt>
   <trkpt lat="22.3699090" lon="114.0596740">
    <ele>18.9</ele>
    <time>2025-09-21T23:36:32Z</time>
   </trkpt>
   <trkpt lat="22.3699090" lon="114.0596720">
    <ele>18.4</ele>
    <time>2025-09-21T23:36:33Z</time>
   </trkpt>
   <trkpt lat="22.3699140" lon="114.0596710">
    <ele>18.4</ele>
    <time>2025-09-21T23:36:34Z</time>
   </trkpt>
   <trkpt lat="22.3699160" lon="114.0596710">
    <ele>18.4</ele>
    <time>2025-09-21T23:36:35Z</time>
   </trkpt>
   <trkpt lat="22.3699180" lon="114.0596720">
    <ele>18.4</ele>
    <time>2025-09-21T23:36:36Z</time>
   </trkpt>
   <trkpt lat="22.3699180" lon="114.0596720">
    <ele>18.4</ele>
    <time>2025-09-21T23:36:37Z</time>
   </trkpt>
   <trkpt lat="22.3699180" lon="114.0596720">
    <ele>18.4</ele>
    <time>2025-09-21T23:36:38Z</time>
   </trkpt>
   <trkpt lat="22.3699180" lon="114.0596720">
    <ele>18.4</ele>
    <time>2025-09-21T23:36:39Z</time>
   </trkpt>
   <trkpt lat="22.3699180" lon="114.0596720">
    <ele>18.4</ele>
    <time>2025-09-21T23:36:40Z</time>
   </trkpt>
   <trkpt lat="22.3699180" lon="114.0596720">
    <ele>18.4</ele>
    <time>2025-09-21T23:36:41Z</time>
   </trkpt>
   <trkpt lat="22.3699180" lon="114.0596720">
    <ele>18.4</ele>
    <time>2025-09-21T23:36:42Z</time>
   </trkpt>
   <trkpt lat="22.3699180" lon="114.0596720">
    <ele>18.4</ele>
    <time>2025-09-21T23:36:43Z</time>
   </trkpt>
   <trkpt lat="22.3699180" lon="114.0596720">
    <ele>18.4</ele>
    <time>2025-09-21T23:36:44Z</time>
   </trkpt>
   <trkpt lat="22.3699180" lon="114.0596720">
    <ele>18.4</ele>
    <time>2025-09-21T23:36:45Z</time>
   </trkpt>
   <trkpt lat="22.3699180" lon="114.0596720">
    <ele>18.4</ele>
    <time>2025-09-21T23:36:46Z</time>
   </trkpt>
   <trkpt lat="22.3699210" lon="114.0596630">
    <ele>20.2</ele>
    <time>2025-09-21T23:36:47Z</time>
   </trkpt>
   <trkpt lat="22.3699200" lon="114.0596630">
    <ele>18.4</ele>
    <time>2025-09-21T23:36:48Z</time>
   </trkpt>
   <trkpt lat="22.3699130" lon="114.0596630">
    <ele>18.4</ele>
    <time>2025-09-21T23:36:49Z</time>
   </trkpt>
   <trkpt lat="22.3699120" lon="114.0596620">
    <ele>18.4</ele>
    <time>2025-09-21T23:36:50Z</time>
   </trkpt>
   <trkpt lat="22.3699130" lon="114.0596560">
    <ele>18.4</ele>
    <time>2025-09-21T23:36:51Z</time>
   </trkpt>
   <trkpt lat="22.3699090" lon="114.0596580">
    <ele>18.4</ele>
    <time>2025-09-21T23:36:52Z</time>
   </trkpt>
   <trkpt lat="22.3699050" lon="114.0596520">
    <ele>18.4</ele>
    <time>2025-09-21T23:36:53Z</time>
   </trkpt>
   <trkpt lat="22.3698960" lon="114.0596470">
    <ele>18.4</ele>
    <time>2025-09-21T23:36:54Z</time>
   </trkpt>
   <trkpt lat="22.3698860" lon="114.0596480">
    <ele>18.4</ele>
    <time>2025-09-21T23:36:55Z</time>
   </trkpt>
   <trkpt lat="22.3698800" lon="114.0596450">
    <ele>16.7</ele>
    <time>2025-09-21T23:36:56Z</time>
   </trkpt>
   <trkpt lat="22.3698730" lon="114.0596480">
    <ele>16.7</ele>
    <time>2025-09-21T23:36:57Z</time>
   </trkpt>
   <trkpt lat="22.3698620" lon="114.0596440">
    <ele>16.7</ele>
    <time>2025-09-21T23:36:58Z</time>
   </trkpt>
   <trkpt lat="22.3698520" lon="114.0596340">
    <ele>16.7</ele>
    <time>2025-09-21T23:36:59Z</time>
   </trkpt>
   <trkpt lat="22.3698480" lon="114.0596240">
    <ele>16.4</ele>
    <time>2025-09-21T23:37:00Z</time>
   </trkpt>
   <trkpt lat="22.3698490" lon="114.0596160">
    <ele>16.4</ele>
    <time>2025-09-21T23:37:01Z</time>
   </trkpt>
   <trkpt lat="22.3698550" lon="114.0596190">
    <ele>16.4</ele>
    <time>2025-09-21T23:37:02Z</time>
   </trkpt>
   <trkpt lat="22.3698520" lon="114.0596100">
    <ele>16.4</ele>
    <time>2025-09-21T23:37:03Z</time>
   </trkpt>
   <trkpt lat="22.3698400" lon="114.0596040">
    <ele>14.8</ele>
    <time>2025-09-21T23:37:04Z</time>
   </trkpt>
   <trkpt lat="22.3698390" lon="114.0596040">
    <ele>14.8</ele>
    <time>2025-09-21T23:37:05Z</time>
   </trkpt>
   <trkpt lat="22.3698230" lon="114.0595960">
    <ele>14.8</ele>
    <time>2025-09-21T23:37:06Z</time>
   </trkpt>
   <trkpt lat="22.3698140" lon="114.0595830">
    <ele>14.6</ele>
    <time>2025-09-21T23:37:07Z</time>
   </trkpt>
   <trkpt lat="22.3698260" lon="114.0595780">
    <ele>14.6</ele>
    <time>2025-09-21T23:37:08Z</time>
   </trkpt>
   <trkpt lat="22.3698180" lon="114.0595640">
    <ele>14.6</ele>
    <time>2025-09-21T23:37:09Z</time>
   </trkpt>
   <trkpt lat="22.3698100" lon="114.0595570">
    <ele>14.6</ele>
    <time>2025-09-21T23:37:10Z</time>
   </trkpt>
   <trkpt lat="22.3698090" lon="114.0595540">
    <ele>14.6</ele>
    <time>2025-09-21T23:37:11Z</time>
   </trkpt>
   <trkpt lat="22.3698110" lon="114.0595480">
    <ele>14.6</ele>
    <time>2025-09-21T23:37:12Z</time>
   </trkpt>
   <trkpt lat="22.3698090" lon="114.0595480">
    <ele>14.6</ele>
    <time>2025-09-21T23:37:13Z</time>
   </trkpt>
   <trkpt lat="22.3698040" lon="114.0595450">
    <ele>14.6</ele>
    <time>2025-09-21T23:37:14Z</time>
   </trkpt>
   <trkpt lat="22.3698020" lon="114.0595460">
    <ele>14.6</ele>
    <time>2025-09-21T23:37:15Z</time>
   </trkpt>
   <trkpt lat="22.3697950" lon="114.0595500">
    <ele>13.1</ele>
    <time>2025-09-21T23:37:16Z</time>
   </trkpt>
   <trkpt lat="22.3697940" lon="114.0595420">
    <ele>12.8</ele>
    <time>2025-09-21T23:37:17Z</time>
   </trkpt>
   <trkpt lat="22.3697880" lon="114.0595430">
    <ele>12.8</ele>
    <time>2025-09-21T23:37:18Z</time>
   </trkpt>
   <trkpt lat="22.3697790" lon="114.0595460">
    <ele>13.1</ele>
    <time>2025-09-21T23:37:19Z</time>
   </trkpt>
   <trkpt lat="22.3697760" lon="114.0595480">
    <ele>13.1</ele>
    <time>2025-09-21T23:37:20Z</time>
   </trkpt>
   <trkpt lat="22.3697740" lon="114.0595480">
    <ele>13.1</ele>
    <time>2025-09-21T23:37:21Z</time>
   </trkpt>
   <trkpt lat="22.3697630" lon="114.0595480">
    <ele>13.1</ele>
    <time>2025-09-21T23:37:22Z</time>
   </trkpt>
   <trkpt lat="22.3697600" lon="114.0595410">
    <ele>11.3</ele>
    <time>2025-09-21T23:37:23Z</time>
   </trkpt>
   <trkpt lat="22.3697580" lon="114.0595380">
    <ele>11.3</ele>
    <time>2025-09-21T23:37:24Z</time>
   </trkpt>
   <trkpt lat="22.3697510" lon="114.0595310">
    <ele>11.3</ele>
    <time>2025-09-21T23:37:25Z</time>
   </trkpt>
   <trkpt lat="22.3697430" lon="114.0595290">
    <ele>11.3</ele>
    <time>2025-09-21T23:37:26Z</time>
   </trkpt>
   <trkpt lat="22.3697430" lon="114.0595230">
    <ele>11.3</ele>
    <time>2025-09-21T23:37:27Z</time>
   </trkpt>
   <trkpt lat="22.3697370" lon="114.0595200">
    <ele>11.3</ele>
    <time>2025-09-21T23:37:28Z</time>
   </trkpt>
   <trkpt lat="22.3697370" lon="114.0595180">
    <ele>11.3</ele>
    <time>2025-09-21T23:37:29Z</time>
   </trkpt>
   <trkpt lat="22.3697240" lon="114.0595110">
    <ele>11.3</ele>
    <time>2025-09-21T23:37:30Z</time>
   </trkpt>
   <trkpt lat="22.3697240" lon="114.0595070">
    <ele>11.3</ele>
    <time>2025-09-21T23:37:31Z</time>
   </trkpt>
   <trkpt lat="22.3697220" lon="114.0595010">
    <ele>11.3</ele>
    <time>2025-09-21T23:37:32Z</time>
   </trkpt>
   <trkpt lat="22.3697100" lon="114.0594760">
    <ele>9.6</ele>
    <time>2025-09-21T23:37:33Z</time>
   </trkpt>
   <trkpt lat="22.3697080" lon="114.0594660">
    <ele>9.6</ele>
    <time>2025-09-21T23:37:34Z</time>
   </trkpt>
   <trkpt lat="22.3697060" lon="114.0594570">
    <ele>9.3</ele>
    <time>2025-09-21T23:37:35Z</time>
   </trkpt>
   <trkpt lat="22.3697010" lon="114.0594440">
    <ele>9.3</ele>
    <time>2025-09-21T23:37:36Z</time>
   </trkpt>
   <trkpt lat="22.3696930" lon="114.0594310">
    <ele>9.3</ele>
    <time>2025-09-21T23:37:37Z</time>
   </trkpt>
   <trkpt lat="22.3696880" lon="114.0594180">
    <ele>9.3</ele>
    <time>2025-09-21T23:37:38Z</time>
   </trkpt>
   <trkpt lat="22.3696850" lon="114.0594090">
    <ele>9.1</ele>
    <time>2025-09-21T23:37:39Z</time>
   </trkpt>
   <trkpt lat="22.3696830" lon="114.0594090">
    <ele>9.1</ele>
    <time>2025-09-21T23:37:40Z</time>
   </trkpt>
   <trkpt lat="22.3696810" lon="114.0593940">
    <ele>7.8</ele>
    <time>2025-09-21T23:37:41Z</time>
   </trkpt>
   <trkpt lat="22.3696780" lon="114.0593870">
    <ele>7.8</ele>
    <time>2025-09-21T23:37:42Z</time>
   </trkpt>
   <trkpt lat="22.3696780" lon="114.0593820">
    <ele>7.8</ele>
    <time>2025-09-21T23:37:43Z</time>
   </trkpt>
   <trkpt lat="22.3696740" lon="114.0593770">
    <ele>7.8</ele>
    <time>2025-09-21T23:37:44Z</time>
   </trkpt>
   <trkpt lat="22.3696740" lon="114.0593720">
    <ele>7.8</ele>
    <time>2025-09-21T23:37:45Z</time>
   </trkpt>
   <trkpt lat="22.3696670" lon="114.0593720">
    <ele>7.8</ele>
    <time>2025-09-21T23:37:46Z</time>
   </trkpt>
   <trkpt lat="22.3696670" lon="114.0593630">
    <ele>7.6</ele>
    <time>2025-09-21T23:37:47Z</time>
   </trkpt>
   <trkpt lat="22.3696650" lon="114.0593580">
    <ele>7.6</ele>
    <time>2025-09-21T23:37:48Z</time>
   </trkpt>
   <trkpt lat="22.3696620" lon="114.0593540">
    <ele>7.6</ele>
    <time>2025-09-21T23:37:49Z</time>
   </trkpt>
   <trkpt lat="22.3696540" lon="114.0593490">
    <ele>7.6</ele>
    <time>2025-09-21T23:37:50Z</time>
   </trkpt>
   <trkpt lat="22.3696530" lon="114.0593420">
    <ele>7.6</ele>
    <time>2025-09-21T23:37:51Z</time>
   </trkpt>
   <trkpt lat="22.3696500" lon="114.0593340">
    <ele>7.6</ele>
    <time>2025-09-21T23:37:52Z</time>
   </trkpt>
   <trkpt lat="22.3696480" lon="114.0593300">
    <ele>7.6</ele>
    <time>2025-09-21T23:37:53Z</time>
   </trkpt>
   <trkpt lat="22.3696490" lon="114.0593270">
    <ele>7.3</ele>
    <time>2025-09-21T23:37:54Z</time>
   </trkpt>
   <trkpt lat="22.3696440" lon="114.0593210">
    <ele>7.3</ele>
    <time>2025-09-21T23:37:55Z</time>
   </trkpt>
   <trkpt lat="22.3696460" lon="114.0593220">
    <ele>7.3</ele>
    <time>2025-09-21T23:37:56Z</time>
   </trkpt>
   <trkpt lat="22.3696580" lon="114.0593120">
    <ele>7.3</ele>
    <time>2025-09-21T23:37:57Z</time>
   </trkpt>
   <trkpt lat="22.3696540" lon="114.0593060">
    <ele>7.3</ele>
    <time>2025-09-21T23:37:58Z</time>
   </trkpt>
   <trkpt lat="22.3696510" lon="114.0593030">
    <ele>7.3</ele>
    <time>2025-09-21T23:37:59Z</time>
   </trkpt>
   <trkpt lat="22.3696500" lon="114.0593040">
    <ele>7.3</ele>
    <time>2025-09-21T23:38:00Z</time>
   </trkpt>
   <trkpt lat="22.3696490" lon="114.0593060">
    <ele>7.3</ele>
    <time>2025-09-21T23:38:01Z</time>
   </trkpt>
   <trkpt lat="22.3696460" lon="114.0592960">
    <ele>7.3</ele>
    <time>2025-09-21T23:38:02Z</time>
   </trkpt>
   <trkpt lat="22.3696400" lon="114.0593020">
    <ele>7.2</ele>
    <time>2025-09-21T23:38:03Z</time>
   </trkpt>
   <trkpt lat="22.3696350" lon="114.0593060">
    <ele>7.1</ele>
    <time>2025-09-21T23:38:04Z</time>
   </trkpt>
   <trkpt lat="22.3696280" lon="114.0593150">
    <ele>6.9</ele>
    <time>2025-09-21T23:38:05Z</time>
   </trkpt>
   <trkpt lat="22.3696290" lon="114.0593200">
    <ele>6.9</ele>
    <time>2025-09-21T23:38:06Z</time>
   </trkpt>
   <trkpt lat="22.3696260" lon="114.0593310">
    <ele>6.7</ele>
    <time>2025-09-21T23:38:07Z</time>
   </trkpt>
   <trkpt lat="22.3696130" lon="114.0593370">
    <ele>6.5</ele>
    <time>2025-09-21T23:38:08Z</time>
   </trkpt>
   <trkpt lat="22.3696040" lon="114.0593400">
    <ele>6.4</ele>
    <time>2025-09-21T23:38:09Z</time>
   </trkpt>
   <trkpt lat="22.3695920" lon="114.0593410">
    <ele>6.2</ele>
    <time>2025-09-21T23:38:10Z</time>
   </trkpt>
   <trkpt lat="22.3695680" lon="114.0593420">
    <ele>5.9</ele>
    <time>2025-09-21T23:38:11Z</time>
   </trkpt>
   <trkpt lat="22.3695580" lon="114.0593470">
    <ele>5.7</ele>
    <time>2025-09-21T23:38:12Z</time>
   </trkpt>
   <trkpt lat="22.3695490" lon="114.0593530">
    <ele>5.6</ele>
    <time>2025-09-21T23:38:13Z</time>
   </trkpt>
   <trkpt lat="22.3695400" lon="114.0593570">
    <ele>5.4</ele>
    <time>2025-09-21T23:38:14Z</time>
   </trkpt>
   <trkpt lat="22.3695250" lon="114.0593530">
    <ele>5.2</ele>
    <time>2025-09-21T23:38:15Z</time>
   </trkpt>
   <trkpt lat="22.3695180" lon="114.0593550">
    <ele>5.2</ele>
    <time>2025-09-21T23:38:16Z</time>
   </trkpt>
   <trkpt lat="22.3695140" lon="114.0593550">
    <ele>5.1</ele>
    <time>2025-09-21T23:38:17Z</time>
   </trkpt>
   <trkpt lat="22.3695090" lon="114.0593530">
    <ele>5.0</ele>
    <time>2025-09-21T23:38:18Z</time>
   </trkpt>
   <trkpt lat="22.3695010" lon="114.0593550">
    <ele>4.9</ele>
    <time>2025-09-21T23:38:19Z</time>
   </trkpt>
   <trkpt lat="22.3694960" lon="114.0593580">
    <ele>4.9</ele>
    <time>2025-09-21T23:38:20Z</time>
   </trkpt>
   <trkpt lat="22.3694970" lon="114.0593550">
    <ele>4.8</ele>
    <time>2025-09-21T23:38:21Z</time>
   </trkpt>
   <trkpt lat="22.3694830" lon="114.0593550">
    <ele>4.6</ele>
    <time>2025-09-21T23:38:22Z</time>
   </trkpt>
   <trkpt lat="22.3694740" lon="114.0593570">
    <ele>4.5</ele>
    <time>2025-09-21T23:38:23Z</time>
   </trkpt>
   <trkpt lat="22.3694680" lon="114.0593520">
    <ele>4.4</ele>
    <time>2025-09-21T23:38:24Z</time>
   </trkpt>
   <trkpt lat="22.3694640" lon="114.0593550">
    <ele>4.4</ele>
    <time>2025-09-21T23:38:25Z</time>
   </trkpt>
   <trkpt lat="22.3694530" lon="114.0593540">
    <ele>4.2</ele>
    <time>2025-09-21T23:38:26Z</time>
   </trkpt>
   <trkpt lat="22.3694240" lon="114.0593540">
    <ele>3.8</ele>
    <time>2025-09-21T23:38:27Z</time>
   </trkpt>
   <trkpt lat="22.3694160" lon="114.0593530">
    <ele>3.7</ele>
    <time>2025-09-21T23:38:28Z</time>
   </trkpt>
   <trkpt lat="22.3693970" lon="114.0593500">
    <ele>3.5</ele>
    <time>2025-09-21T23:38:29Z</time>
   </trkpt>
   <trkpt lat="22.3693810" lon="114.0593540">
    <ele>3.3</ele>
    <time>2025-09-21T23:38:30Z</time>
   </trkpt>
   <trkpt lat="22.3693580" lon="114.0593570">
    <ele>3.0</ele>
    <time>2025-09-21T23:38:31Z</time>
   </trkpt>
   <trkpt lat="22.3693500" lon="114.0593600">
    <ele>2.9</ele>
    <time>2025-09-21T23:38:32Z</time>
   </trkpt>
   <trkpt lat="22.3693430" lon="114.0593630">
    <ele>2.8</ele>
    <time>2025-09-21T23:38:33Z</time>
   </trkpt>
   <trkpt lat="22.3693410" lon="114.0593620">
    <ele>2.8</ele>
    <time>2025-09-21T23:38:34Z</time>
   </trkpt>
   <trkpt lat="22.3693340" lon="114.0593570">
    <ele>2.7</ele>
    <time>2025-09-21T23:38:35Z</time>
   </trkpt>
   <trkpt lat="22.3693180" lon="114.0593590">
    <ele>2.5</ele>
    <time>2025-09-21T23:38:36Z</time>
   </trkpt>
   <trkpt lat="22.3693080" lon="114.0593670">
    <ele>2.3</ele>
    <time>2025-09-21T23:38:37Z</time>
   </trkpt>
   <trkpt lat="22.3692950" lon="114.0593710">
    <ele>2.2</ele>
    <time>2025-09-21T23:38:38Z</time>
   </trkpt>
   <trkpt lat="22.3692850" lon="114.0593740">
    <ele>2.0</ele>
    <time>2025-09-21T23:38:39Z</time>
   </trkpt>
   <trkpt lat="22.3692800" lon="114.0593750">
    <ele>2.0</ele>
    <time>2025-09-21T23:38:40Z</time>
   </trkpt>
   <trkpt lat="22.3692580" lon="114.0593810">
    <ele>2.3</ele>
    <time>2025-09-21T23:38:41Z</time>
   </trkpt>
   <trkpt lat="22.3692480" lon="114.0593850">
    <ele>2.4</ele>
    <time>2025-09-21T23:38:42Z</time>
   </trkpt>
   <trkpt lat="22.3692390" lon="114.0593900">
    <ele>2.5</ele>
    <time>2025-09-21T23:38:43Z</time>
   </trkpt>
   <trkpt lat="22.3692330" lon="114.0593960">
    <ele>2.6</ele>
    <time>2025-09-21T23:38:44Z</time>
   </trkpt>
   <trkpt lat="22.3692220" lon="114.0594010">
    <ele>2.7</ele>
    <time>2025-09-21T23:38:45Z</time>
   </trkpt>
   <trkpt lat="22.3692080" lon="114.0594050">
    <ele>2.9</ele>
    <time>2025-09-21T23:38:46Z</time>
   </trkpt>
   <trkpt lat="22.3691970" lon="114.0594180">
    <ele>3.1</ele>
    <time>2025-09-21T23:38:47Z</time>
   </trkpt>
   <trkpt lat="22.3691880" lon="114.0594310">
    <ele>3.2</ele>
    <time>2025-09-21T23:38:48Z</time>
   </trkpt>
   <trkpt lat="22.3691710" lon="114.0594470">
    <ele>3.5</ele>
    <time>2025-09-21T23:38:49Z</time>
   </trkpt>
   <trkpt lat="22.3691590" lon="114.0594550">
    <ele>3.7</ele>
    <time>2025-09-21T23:38:50Z</time>
   </trkpt>
   <trkpt lat="22.3691450" lon="114.0594700">
    <ele>3.9</ele>
    <time>2025-09-21T23:38:51Z</time>
   </trkpt>
   <trkpt lat="22.3691380" lon="114.0594760">
    <ele>4.0</ele>
    <time>2025-09-21T23:38:52Z</time>
   </trkpt>
   <trkpt lat="22.3691310" lon="114.0594820">
    <ele>4.1</ele>
    <time>2025-09-21T23:38:53Z</time>
   </trkpt>
   <trkpt lat="22.3691240" lon="114.0594890">
    <ele>4.3</ele>
    <time>2025-09-21T23:38:54Z</time>
   </trkpt>
   <trkpt lat="22.3691060" lon="114.0594940">
    <ele>4.5</ele>
    <time>2025-09-21T23:38:55Z</time>
   </trkpt>
   <trkpt lat="22.3690930" lon="114.0595020">
    <ele>4.7</ele>
    <time>2025-09-21T23:38:56Z</time>
   </trkpt>
   <trkpt lat="22.3690810" lon="114.0595090">
    <ele>4.9</ele>
    <time>2025-09-21T23:38:57Z</time>
   </trkpt>
   <trkpt lat="22.3690560" lon="114.0595110">
    <ele>5.3</ele>
    <time>2025-09-21T23:38:58Z</time>
   </trkpt>
   <trkpt lat="22.3690460" lon="114.0595140">
    <ele>5.4</ele>
    <time>2025-09-21T23:38:59Z</time>
   </trkpt>
   <trkpt lat="22.3690370" lon="114.0595160">
    <ele>5.6</ele>
    <time>2025-09-21T23:39:00Z</time>
   </trkpt>
   <trkpt lat="22.3690100" lon="114.0595350">
    <ele>6.0</ele>
    <time>2025-09-21T23:39:01Z</time>
   </trkpt>
   <trkpt lat="22.3690050" lon="114.0595420">
    <ele>6.2</ele>
    <time>2025-09-21T23:39:02Z</time>
   </trkpt>
   <trkpt lat="22.3689950" lon="114.0595560">
    <ele>6.4</ele>
    <time>2025-09-21T23:39:03Z</time>
   </trkpt>
   <trkpt lat="22.3689890" lon="114.0595730">
    <ele>6.7</ele>
    <time>2025-09-21T23:39:04Z</time>
   </trkpt>
   <trkpt lat="22.3689880" lon="114.0595790">
    <ele>6.8</ele>
    <time>2025-09-21T23:39:05Z</time>
   </trkpt>
   <trkpt lat="22.3689770" lon="114.0595790">
    <ele>6.9</ele>
    <time>2025-09-21T23:39:06Z</time>
   </trkpt>
   <trkpt lat="22.3689620" lon="114.0595850">
    <ele>7.2</ele>
    <time>2025-09-21T23:39:07Z</time>
   </trkpt>
   <trkpt lat="22.3689490" lon="114.0595850">
    <ele>7.4</ele>
    <time>2025-09-21T23:39:08Z</time>
   </trkpt>
   <trkpt lat="22.3689440" lon="114.0595860">
    <ele>7.4</ele>
    <time>2025-09-21T23:39:09Z</time>
   </trkpt>
   <trkpt lat="22.3689290" lon="114.0595870">
    <ele>7.7</ele>
    <time>2025-09-21T23:39:10Z</time>
   </trkpt>
   <trkpt lat="22.3689180" lon="114.0595900">
    <ele>7.8</ele>
    <time>2025-09-21T23:39:11Z</time>
   </trkpt>
   <trkpt lat="22.3688980" lon="114.0595960">
    <ele>8.1</ele>
    <time>2025-09-21T23:39:12Z</time>
   </trkpt>
   <trkpt lat="22.3688820" lon="114.0596040">
    <ele>8.4</ele>
    <time>2025-09-21T23:39:13Z</time>
   </trkpt>
   <trkpt lat="22.3688720" lon="114.0596100">
    <ele>8.5</ele>
    <time>2025-09-21T23:39:14Z</time>
   </trkpt>
   <trkpt lat="22.3688650" lon="114.0596230">
    <ele>8.7</ele>
    <time>2025-09-21T23:39:15Z</time>
   </trkpt>
   <trkpt lat="22.3688520" lon="114.0596310">
    <ele>9.0</ele>
    <time>2025-09-21T23:39:16Z</time>
   </trkpt>
   <trkpt lat="22.3688320" lon="114.0596490">
    <ele>9.3</ele>
    <time>2025-09-21T23:39:17Z</time>
   </trkpt>
   <trkpt lat="22.3688220" lon="114.0596590">
    <ele>9.4</ele>
    <time>2025-09-21T23:39:18Z</time>
   </trkpt>
   <trkpt lat="22.3688150" lon="114.0596810">
    <ele>9.5</ele>
    <time>2025-09-21T23:39:19Z</time>
   </trkpt>
   <trkpt lat="22.3688140" lon="114.0596960">
    <ele>9.5</ele>
    <time>2025-09-21T23:39:20Z</time>
   </trkpt>
   <trkpt lat="22.3688120" lon="114.0597100">
    <ele>9.5</ele>
    <time>2025-09-21T23:39:21Z</time>
   </trkpt>
   <trkpt lat="22.3688120" lon="114.0597250">
    <ele>7.8</ele>
    <time>2025-09-21T23:39:22Z</time>
   </trkpt>
   <trkpt lat="22.3688170" lon="114.0597460">
    <ele>6.9</ele>
    <time>2025-09-21T23:39:23Z</time>
   </trkpt>
   <trkpt lat="22.3688190" lon="114.0597470">
    <ele>6.9</ele>
    <time>2025-09-21T23:39:24Z</time>
   </trkpt>
   <trkpt lat="22.3688230" lon="114.0597540">
    <ele>6.9</ele>
    <time>2025-09-21T23:39:25Z</time>
   </trkpt>
   <trkpt lat="22.3688240" lon="114.0597600">
    <ele>6.9</ele>
    <time>2025-09-21T23:39:26Z</time>
   </trkpt>
   <trkpt lat="22.3688250" lon="114.0597640">
    <ele>6.9</ele>
    <time>2025-09-21T23:39:27Z</time>
   </trkpt>
   <trkpt lat="22.3688270" lon="114.0597650">
    <ele>6.9</ele>
    <time>2025-09-21T23:39:28Z</time>
   </trkpt>
   <trkpt lat="22.3688260" lon="114.0597750">
    <ele>6.9</ele>
    <time>2025-09-21T23:39:29Z</time>
   </trkpt>
   <trkpt lat="22.3688280" lon="114.0597850">
    <ele>6.9</ele>
    <time>2025-09-21T23:39:30Z</time>
   </trkpt>
   <trkpt lat="22.3688300" lon="114.0597920">
    <ele>6.9</ele>
    <time>2025-09-21T23:39:31Z</time>
   </trkpt>
   <trkpt lat="22.3688320" lon="114.0597990">
    <ele>6.9</ele>
    <time>2025-09-21T23:39:32Z</time>
   </trkpt>
   <trkpt lat="22.3688340" lon="114.0598060">
    <ele>6.9</ele>
    <time>2025-09-21T23:39:33Z</time>
   </trkpt>
   <trkpt lat="22.3688360" lon="114.0598130">
    <ele>6.9</ele>
    <time>2025-09-21T23:39:34Z</time>
   </trkpt>
   <trkpt lat="22.3688380" lon="114.0598200">
    <ele>7.0</ele>
    <time>2025-09-21T23:39:35Z</time>
   </trkpt>
   <trkpt lat="22.3688540" lon="114.0598370">
    <ele>7.0</ele>
    <time>2025-09-21T23:39:36Z</time>
   </trkpt>
   <trkpt lat="22.3688600" lon="114.0598470">
    <ele>7.0</ele>
    <time>2025-09-21T23:39:37Z</time>
   </trkpt>
   <trkpt lat="22.3688670" lon="114.0598580">
    <ele>7.1</ele>
    <time>2025-09-21T23:39:38Z</time>
   </trkpt>
   <trkpt lat="22.3688760" lon="114.0598600">
    <ele>7.1</ele>
    <time>2025-09-21T23:39:39Z</time>
   </trkpt>
   <trkpt lat="22.3688900" lon="114.0598770">
    <ele>7.2</ele>
    <time>2025-09-21T23:39:40Z</time>
   </trkpt>
   <trkpt lat="22.3688940" lon="114.0598900">
    <ele>7.2</ele>
    <time>2025-09-21T23:39:41Z</time>
   </trkpt>
   <trkpt lat="22.3688990" lon="114.0598930">
    <ele>7.2</ele>
    <time>2025-09-21T23:39:42Z</time>
   </trkpt>
   <trkpt lat="22.3688930" lon="114.0599070">
    <ele>7.3</ele>
    <time>2025-09-21T23:39:43Z</time>
   </trkpt>
   <trkpt lat="22.3688990" lon="114.0599180">
    <ele>7.4</ele>
    <time>2025-09-21T23:39:44Z</time>
   </trkpt>
   <trkpt lat="22.3689020" lon="114.0599280">
    <ele>7.4</ele>
    <time>2025-09-21T23:39:45Z</time>
   </trkpt>
   <trkpt lat="22.3689020" lon="114.0599370">
    <ele>7.5</ele>
    <time>2025-09-21T23:39:46Z</time>
   </trkpt>
   <trkpt lat="22.3689030" lon="114.0599490">
    <ele>7.6</ele>
    <time>2025-09-21T23:39:47Z</time>
   </trkpt>
   <trkpt lat="22.3688990" lon="114.0599560">
    <ele>7.6</ele>
    <time>2025-09-21T23:39:48Z</time>
   </trkpt>
   <trkpt lat="22.3689050" lon="114.0599510">
    <ele>7.7</ele>
    <time>2025-09-21T23:39:49Z</time>
   </trkpt>
   <trkpt lat="22.3689030" lon="114.0599580">
    <ele>7.7</ele>
    <time>2025-09-21T23:39:50Z</time>
   </trkpt>
   <trkpt lat="22.3689110" lon="114.0599610">
    <ele>7.8</ele>
    <time>2025-09-21T23:39:51Z</time>
   </trkpt>
   <trkpt lat="22.3689110" lon="114.0599720">
    <ele>7.9</ele>
    <time>2025-09-21T23:39:52Z</time>
   </trkpt>
   <trkpt lat="22.3689050" lon="114.0599760">
    <ele>8.0</ele>
    <time>2025-09-21T23:39:53Z</time>
   </trkpt>
   <trkpt lat="22.3689070" lon="114.0599850">
    <ele>8.1</ele>
    <time>2025-09-21T23:39:54Z</time>
   </trkpt>
   <trkpt lat="22.3689060" lon="114.0599870">
    <ele>8.1</ele>
    <time>2025-09-21T23:39:55Z</time>
   </trkpt>
   <trkpt lat="22.3689050" lon="114.0599820">
    <ele>8.2</ele>
    <time>2025-09-21T23:39:56Z</time>
   </trkpt>
   <trkpt lat="22.3689090" lon="114.0599890">
    <ele>8.3</ele>
    <time>2025-09-21T23:39:57Z</time>
   </trkpt>
   <trkpt lat="22.3689160" lon="114.0599890">
    <ele>8.4</ele>
    <time>2025-09-21T23:39:58Z</time>
   </trkpt>
   <trkpt lat="22.3689170" lon="114.0599950">
    <ele>8.4</ele>
    <time>2025-09-21T23:39:59Z</time>
   </trkpt>
   <trkpt lat="22.3689250" lon="114.0600080">
    <ele>8.7</ele>
    <time>2025-09-21T23:40:00Z</time>
   </trkpt>
   <trkpt lat="22.3689340" lon="114.0600280">
    <ele>9.0</ele>
    <time>2025-09-21T23:40:01Z</time>
   </trkpt>
   <trkpt lat="22.3689310" lon="114.0600410">
    <ele>9.2</ele>
    <time>2025-09-21T23:40:02Z</time>
   </trkpt>
   <trkpt lat="22.3689290" lon="114.0600480">
    <ele>9.4</ele>
    <time>2025-09-21T23:40:03Z</time>
   </trkpt>
   <trkpt lat="22.3689320" lon="114.0600550">
    <ele>9.5</ele>
    <time>2025-09-21T23:40:04Z</time>
   </trkpt>
   <trkpt lat="22.3689360" lon="114.0600610">
    <ele>9.6</ele>
    <time>2025-09-21T23:40:05Z</time>
   </trkpt>
   <trkpt lat="22.3689390" lon="114.0600680">
    <ele>9.8</ele>
    <time>2025-09-21T23:40:06Z</time>
   </trkpt>
   <trkpt lat="22.3689420" lon="114.0600740">
    <ele>10.0</ele>
    <time>2025-09-21T23:40:07Z</time>
   </trkpt>
   <trkpt lat="22.3689450" lon="114.0600810">
    <ele>10.1</ele>
    <time>2025-09-21T23:40:08Z</time>
   </trkpt>
   <trkpt lat="22.3689460" lon="114.0600800">
    <ele>10.2</ele>
    <time>2025-09-21T23:40:09Z</time>
   </trkpt>
   <trkpt lat="22.3689510" lon="114.0600820">
    <ele>10.3</ele>
    <time>2025-09-21T23:40:10Z</time>
   </trkpt>
   <trkpt lat="22.3689540" lon="114.0600840">
    <ele>10.4</ele>
    <time>2025-09-21T23:40:11Z</time>
   </trkpt>
   <trkpt lat="22.3689490" lon="114.0600900">
    <ele>10.5</ele>
    <time>2025-09-21T23:40:12Z</time>
   </trkpt>
   <trkpt lat="22.3689470" lon="114.0600920">
    <ele>10.6</ele>
    <time>2025-09-21T23:40:13Z</time>
   </trkpt>
   <trkpt lat="22.3689520" lon="114.0600950">
    <ele>10.7</ele>
    <time>2025-09-21T23:40:14Z</time>
   </trkpt>
   <trkpt lat="22.3689570" lon="114.0601050">
    <ele>11.0</ele>
    <time>2025-09-21T23:40:15Z</time>
   </trkpt>
   <trkpt lat="22.3689610" lon="114.0601130">
    <ele>11.2</ele>
    <time>2025-09-21T23:40:16Z</time>
   </trkpt>
   <trkpt lat="22.3689750" lon="114.0601140">
    <ele>11.6</ele>
    <time>2025-09-21T23:40:17Z</time>
   </trkpt>
   <trkpt lat="22.3689740" lon="114.0601160">
    <ele>11.6</ele>
    <time>2025-09-21T23:40:18Z</time>
   </trkpt>
   <trkpt lat="22.3689820" lon="114.0601290">
    <ele>12.0</ele>
    <time>2025-09-21T23:40:19Z</time>
   </trkpt>
   <trkpt lat="22.3689870" lon="114.0601240">
    <ele>12.2</ele>
    <time>2025-09-21T23:40:20Z</time>
   </trkpt>
   <trkpt lat="22.3689890" lon="114.0601380">
    <ele>12.5</ele>
    <time>2025-09-21T23:40:21Z</time>
   </trkpt>
   <trkpt lat="22.3689990" lon="114.0601530">
    <ele>13.0</ele>
    <time>2025-09-21T23:40:22Z</time>
   </trkpt>
   <trkpt lat="22.3689990" lon="114.0601530">
    <ele>13.0</ele>
    <time>2025-09-21T23:40:23Z</time>
   </trkpt>
   <trkpt lat="22.3690010" lon="114.0601550">
    <ele>13.1</ele>
    <time>2025-09-21T23:40:24Z</time>
   </trkpt>
   <trkpt lat="22.3690040" lon="114.0601570">
    <ele>13.2</ele>
    <time>2025-09-21T23:40:25Z</time>
   </trkpt>
   <trkpt lat="22.3690060" lon="114.0601580">
    <ele>13.2</ele>
    <time>2025-09-21T23:40:26Z</time>
   </trkpt>
   <trkpt lat="22.3690090" lon="114.0601600">
    <ele>13.3</ele>
    <time>2025-09-21T23:40:27Z</time>
   </trkpt>
   <trkpt lat="22.3690110" lon="114.0601620">
    <ele>13.4</ele>
    <time>2025-09-21T23:40:28Z</time>
   </trkpt>
   <trkpt lat="22.3690140" lon="114.0601640">
    <ele>13.5</ele>
    <time>2025-09-21T23:40:29Z</time>
   </trkpt>
   <trkpt lat="22.3690160" lon="114.0601660">
    <ele>13.5</ele>
    <time>2025-09-21T23:40:30Z</time>
   </trkpt>
   <trkpt lat="22.3690190" lon="114.0601680">
    <ele>13.6</ele>
    <time>2025-09-21T23:40:31Z</time>
   </trkpt>
   <trkpt lat="22.3690210" lon="114.0601690">
    <ele>13.7</ele>
    <time>2025-09-21T23:40:32Z</time>
   </trkpt>
   <trkpt lat="22.3690240" lon="114.0601710">
    <ele>13.8</ele>
    <time>2025-09-21T23:40:33Z</time>
   </trkpt>
   <trkpt lat="22.3690260" lon="114.0601730">
    <ele>13.9</ele>
    <time>2025-09-21T23:40:34Z</time>
   </trkpt>
   <trkpt lat="22.3690290" lon="114.0601750">
    <ele>14.0</ele>
    <time>2025-09-21T23:40:35Z</time>
   </trkpt>
   <trkpt lat="22.3690330" lon="114.0601830">
    <ele>14.2</ele>
    <time>2025-09-21T23:40:36Z</time>
   </trkpt>
   <trkpt lat="22.3690340" lon="114.0601870">
    <ele>14.3</ele>
    <time>2025-09-21T23:40:37Z</time>
   </trkpt>
   <trkpt lat="22.3690450" lon="114.0601950">
    <ele>14.6</ele>
    <time>2025-09-21T23:40:38Z</time>
   </trkpt>
   <trkpt lat="22.3690440" lon="114.0602000">
    <ele>14.8</ele>
    <time>2025-09-21T23:40:39Z</time>
   </trkpt>
   <trkpt lat="22.3690420" lon="114.0602020">
    <ele>14.8</ele>
    <time>2025-09-21T23:40:40Z</time>
   </trkpt>
   <trkpt lat="22.3690440" lon="114.0602090">
    <ele>15.0</ele>
    <time>2025-09-21T23:40:41Z</time>
   </trkpt>
   <trkpt lat="22.3690510" lon="114.0602190">
    <ele>15.3</ele>
    <time>2025-09-21T23:40:42Z</time>
   </trkpt>
   <trkpt lat="22.3690570" lon="114.0602300">
    <ele>15.6</ele>
    <time>2025-09-21T23:40:43Z</time>
   </trkpt>
   <trkpt lat="22.3690660" lon="114.0602320">
    <ele>15.8</ele>
    <time>2025-09-21T23:40:44Z</time>
   </trkpt>
   <trkpt lat="22.3690660" lon="114.0602330">
    <ele>15.9</ele>
    <time>2025-09-21T23:40:45Z</time>
   </trkpt>
   <trkpt lat="22.3690710" lon="114.0602420">
    <ele>16.1</ele>
    <time>2025-09-21T23:40:46Z</time>
   </trkpt>
   <trkpt lat="22.3690750" lon="114.0602490">
    <ele>16.3</ele>
    <time>2025-09-21T23:40:47Z</time>
   </trkpt>
   <trkpt lat="22.3690580" lon="114.0602420">
    <ele>16.7</ele>
    <time>2025-09-21T23:40:48Z</time>
   </trkpt>
   <trkpt lat="22.3690680" lon="114.0602550">
    <ele>17.1</ele>
    <time>2025-09-21T23:40:49Z</time>
   </trkpt>
   <trkpt lat="22.3690740" lon="114.0602550">
    <ele>17.3</ele>
    <time>2025-09-21T23:40:50Z</time>
   </trkpt>
   <trkpt lat="22.3690730" lon="114.0602630">
    <ele>17.5</ele>
    <time>2025-09-21T23:40:51Z</time>
   </trkpt>
   <trkpt lat="22.3690760" lon="114.0602680">
    <ele>17.6</ele>
    <time>2025-09-21T23:40:52Z</time>
   </trkpt>
   <trkpt lat="22.3690680" lon="114.0602730">
    <ele>17.8</ele>
    <time>2025-09-21T23:40:53Z</time>
   </trkpt>
   <trkpt lat="22.3690660" lon="114.0602750">
    <ele>17.9</ele>
    <time>2025-09-21T23:40:54Z</time>
   </trkpt>
   <trkpt lat="22.3690730" lon="114.0602730">
    <ele>18.1</ele>
    <time>2025-09-21T23:40:55Z</time>
   </trkpt>
   <trkpt lat="22.3690570" lon="114.0602840">
    <ele>18.5</ele>
    <time>2025-09-21T23:40:56Z</time>
   </trkpt>
   <trkpt lat="22.3690580" lon="114.0602830">
    <ele>18.6</ele>
    <time>2025-09-21T23:40:57Z</time>
   </trkpt>
   <trkpt lat="22.3690620" lon="114.0602860">
    <ele>18.7</ele>
    <time>2025-09-21T23:40:58Z</time>
   </trkpt>
   <trkpt lat="22.3690610" lon="114.0602970">
    <ele>18.9</ele>
    <time>2025-09-21T23:40:59Z</time>
   </trkpt>
   <trkpt lat="22.3690630" lon="114.0603020">
    <ele>19.1</ele>
    <time>2025-09-21T23:41:00Z</time>
   </trkpt>
   <trkpt lat="22.3690730" lon="114.0603160">
    <ele>19.5</ele>
    <time>2025-09-21T23:41:01Z</time>
   </trkpt>
   <trkpt lat="22.3690820" lon="114.0603210">
    <ele>19.7</ele>
    <time>2025-09-21T23:41:02Z</time>
   </trkpt>
   <trkpt lat="22.3690820" lon="114.0603290">
    <ele>19.9</ele>
    <time>2025-09-21T23:41:03Z</time>
   </trkpt>
   <trkpt lat="22.3690780" lon="114.0603370">
    <ele>20.1</ele>
    <time>2025-09-21T23:41:04Z</time>
   </trkpt>
   <trkpt lat="22.3690780" lon="114.0603390">
    <ele>20.1</ele>
    <time>2025-09-21T23:41:05Z</time>
   </trkpt>
   <trkpt lat="22.3690790" lon="114.0603410">
    <ele>20.2</ele>
    <time>2025-09-21T23:41:06Z</time>
   </trkpt>
   <trkpt lat="22.3690850" lon="114.0603500">
    <ele>20.4</ele>
    <time>2025-09-21T23:41:07Z</time>
   </trkpt>
   <trkpt lat="22.3690770" lon="114.0603570">
    <ele>20.6</ele>
    <time>2025-09-21T23:41:08Z</time>
   </trkpt>
   <trkpt lat="22.3690780" lon="114.0603630">
    <ele>20.8</ele>
    <time>2025-09-21T23:41:09Z</time>
   </trkpt>
   <trkpt lat="22.3690890" lon="114.0603650">
    <ele>21.0</ele>
    <time>2025-09-21T23:41:10Z</time>
   </trkpt>
   <trkpt lat="22.3690990" lon="114.0603680">
    <ele>21.2</ele>
    <time>2025-09-21T23:41:11Z</time>
   </trkpt>
   <trkpt lat="22.3691070" lon="114.0603670">
    <ele>21.4</ele>
    <time>2025-09-21T23:41:12Z</time>
   </trkpt>
   <trkpt lat="22.3691050" lon="114.0603640">
    <ele>21.5</ele>
    <time>2025-09-21T23:41:13Z</time>
   </trkpt>
   <trkpt lat="22.3691040" lon="114.0603750">
    <ele>21.7</ele>
    <time>2025-09-21T23:41:14Z</time>
   </trkpt>
   <trkpt lat="22.3690920" lon="114.0603700">
    <ele>22.0</ele>
    <time>2025-09-21T23:41:15Z</time>
   </trkpt>
   <trkpt lat="22.3690910" lon="114.0603810">
    <ele>22.2</ele>
    <time>2025-09-21T23:41:16Z</time>
   </trkpt>
   <trkpt lat="22.3690900" lon="114.0603900">
    <ele>22.3</ele>
    <time>2025-09-21T23:41:17Z</time>
   </trkpt>
   <trkpt lat="22.3690830" lon="114.0604010">
    <ele>22.5</ele>
    <time>2025-09-21T23:41:18Z</time>
   </trkpt>
   <trkpt lat="22.3690820" lon="114.0603920">
    <ele>22.7</ele>
    <time>2025-09-21T23:41:19Z</time>
   </trkpt>
   <trkpt lat="22.3690750" lon="114.0604010">
    <ele>22.8</ele>
    <time>2025-09-21T23:41:20Z</time>
   </trkpt>
   <trkpt lat="22.3690700" lon="114.0604040">
    <ele>22.9</ele>
    <time>2025-09-21T23:41:21Z</time>
   </trkpt>
   <trkpt lat="22.3690510" lon="114.0603980">
    <ele>23.2</ele>
    <time>2025-09-21T23:41:22Z</time>
   </trkpt>
   <trkpt lat="22.3690640" lon="114.0604050">
    <ele>23.4</ele>
    <time>2025-09-21T23:41:23Z</time>
   </trkpt>
   <trkpt lat="22.3690670" lon="114.0604210">
    <ele>23.6</ele>
    <time>2025-09-21T23:41:24Z</time>
   </trkpt>
   <trkpt lat="22.3690600" lon="114.0604330">
    <ele>23.8</ele>
    <time>2025-09-21T23:41:25Z</time>
   </trkpt>
   <trkpt lat="22.3690650" lon="114.0604380">
    <ele>23.8</ele>
    <time>2025-09-21T23:41:26Z</time>
   </trkpt>
   <trkpt lat="22.3690870" lon="114.0604450">
    <ele>24.0</ele>
    <time>2025-09-21T23:41:27Z</time>
   </trkpt>
   <trkpt lat="22.3691160" lon="114.0604470">
    <ele>24.3</ele>
    <time>2025-09-21T23:41:28Z</time>
   </trkpt>
   <trkpt lat="22.3691140" lon="114.0604700">
    <ele>24.4</ele>
    <time>2025-09-21T23:41:29Z</time>
   </trkpt>
   <trkpt lat="22.3691170" lon="114.0604790">
    <ele>24.5</ele>
    <time>2025-09-21T23:41:30Z</time>
   </trkpt>
   <trkpt lat="22.3691210" lon="114.0604890">
    <ele>24.6</ele>
    <time>2025-09-21T23:41:31Z</time>
   </trkpt>
   <trkpt lat="22.3691310" lon="114.0604910">
    <ele>24.6</ele>
    <time>2025-09-21T23:41:32Z</time>
   </trkpt>
   <trkpt lat="22.3691400" lon="114.0605150">
    <ele>24.8</ele>
    <time>2025-09-21T23:41:33Z</time>
   </trkpt>
   <trkpt lat="22.3691580" lon="114.0605160">
    <ele>24.9</ele>
    <time>2025-09-21T23:41:34Z</time>
   </trkpt>
   <trkpt lat="22.3691710" lon="114.0605190">
    <ele>25.0</ele>
    <time>2025-09-21T23:41:35Z</time>
   </trkpt>
   <trkpt lat="22.3691830" lon="114.0605210">
    <ele>25.1</ele>
    <time>2025-09-21T23:41:36Z</time>
   </trkpt>
   <trkpt lat="22.3692080" lon="114.0605160">
    <ele>25.3</ele>
    <time>2025-09-21T23:41:37Z</time>
   </trkpt>
   <trkpt lat="22.3692120" lon="114.0605320">
    <ele>25.4</ele>
    <time>2025-09-21T23:41:38Z</time>
   </trkpt>
   <trkpt lat="22.3692230" lon="114.0605460">
    <ele>25.5</ele>
    <time>2025-09-21T23:41:39Z</time>
   </trkpt>
   <trkpt lat="22.3692220" lon="114.0605530">
    <ele>25.5</ele>
    <time>2025-09-21T23:41:40Z</time>
   </trkpt>
   <trkpt lat="22.3692260" lon="114.0605650">
    <ele>25.6</ele>
    <time>2025-09-21T23:41:41Z</time>
   </trkpt>
   <trkpt lat="22.3692330" lon="114.0605750">
    <ele>25.7</ele>
    <time>2025-09-21T23:41:42Z</time>
   </trkpt>
   <trkpt lat="22.3692430" lon="114.0605880">
    <ele>25.8</ele>
    <time>2025-09-21T23:41:43Z</time>
   </trkpt>
   <trkpt lat="22.3692550" lon="114.0605970">
    <ele>26.0</ele>
    <time>2025-09-21T23:41:44Z</time>
   </trkpt>
   <trkpt lat="22.3692540" lon="114.0606060">
    <ele>26.0</ele>
    <time>2025-09-21T23:41:45Z</time>
   </trkpt>
   <trkpt lat="22.3692670" lon="114.0606180">
    <ele>26.2</ele>
    <time>2025-09-21T23:41:46Z</time>
   </trkpt>
   <trkpt lat="22.3692610" lon="114.0606170">
    <ele>26.2</ele>
    <time>2025-09-21T23:41:47Z</time>
   </trkpt>
   <trkpt lat="22.3692660" lon="114.0606270">
    <ele>26.3</ele>
    <time>2025-09-21T23:41:48Z</time>
   </trkpt>
   <trkpt lat="22.3692720" lon="114.0606340">
    <ele>26.4</ele>
    <time>2025-09-21T23:41:49Z</time>
   </trkpt>
   <trkpt lat="22.3692720" lon="114.0606510">
    <ele>26.5</ele>
    <time>2025-09-21T23:41:50Z</time>
   </trkpt>
   <trkpt lat="22.3692740" lon="114.0606580">
    <ele>26.6</ele>
    <time>2025-09-21T23:41:51Z</time>
   </trkpt>
   <trkpt lat="22.3692770" lon="114.0606680">
    <ele>26.7</ele>
    <time>2025-09-21T23:41:52Z</time>
   </trkpt>
   <trkpt lat="22.3692780" lon="114.0606870">
    <ele>26.9</ele>
    <time>2025-09-21T23:41:53Z</time>
   </trkpt>
   <trkpt lat="22.3692740" lon="114.0606910">
    <ele>26.9</ele>
    <time>2025-09-21T23:41:54Z</time>
   </trkpt>
   <trkpt lat="22.3692760" lon="114.0606960">
    <ele>27.0</ele>
    <time>2025-09-21T23:41:55Z</time>
   </trkpt>
   <trkpt lat="22.3692790" lon="114.0607050">
    <ele>27.1</ele>
    <time>2025-09-21T23:41:56Z</time>
   </trkpt>
   <trkpt lat="22.3692790" lon="114.0607180">
    <ele>27.2</ele>
    <time>2025-09-21T23:41:57Z</time>
   </trkpt>
   <trkpt lat="22.3692830" lon="114.0607280">
    <ele>27.3</ele>
    <time>2025-09-21T23:41:58Z</time>
   </trkpt>
   <trkpt lat="22.3692850" lon="114.0607390">
    <ele>27.4</ele>
    <time>2025-09-21T23:41:59Z</time>
   </trkpt>
   <trkpt lat="22.3692860" lon="114.0607440">
    <ele>27.4</ele>
    <time>2025-09-21T23:42:00Z</time>
   </trkpt>
   <trkpt lat="22.3692930" lon="114.0607510">
    <ele>27.5</ele>
    <time>2025-09-21T23:42:01Z</time>
   </trkpt>
   <trkpt lat="22.3692930" lon="114.0607640">
    <ele>27.7</ele>
    <time>2025-09-21T23:42:02Z</time>
   </trkpt>
   <trkpt lat="22.3692930" lon="114.0607620">
    <ele>27.7</ele>
    <time>2025-09-21T23:42:03Z</time>
   </trkpt>
   <trkpt lat="22.3692930" lon="114.0607760">
    <ele>27.8</ele>
    <time>2025-09-21T23:42:04Z</time>
   </trkpt>
   <trkpt lat="22.3692920" lon="114.0607830">
    <ele>27.9</ele>
    <time>2025-09-21T23:42:05Z</time>
   </trkpt>
   <trkpt lat="22.3692970" lon="114.0607970">
    <ele>28.0</ele>
    <time>2025-09-21T23:42:06Z</time>
   </trkpt>
   <trkpt lat="22.3693010" lon="114.0608050">
    <ele>28.1</ele>
    <time>2025-09-21T23:42:07Z</time>
   </trkpt>
   <trkpt lat="22.3693080" lon="114.0608160">
    <ele>28.2</ele>
    <time>2025-09-21T23:42:08Z</time>
   </trkpt>
   <trkpt lat="22.3693110" lon="114.0608240">
    <ele>28.3</ele>
    <time>2025-09-21T23:42:09Z</time>
   </trkpt>
   <trkpt lat="22.3693140" lon="114.0608350">
    <ele>28.4</ele>
    <time>2025-09-21T23:42:10Z</time>
   </trkpt>
   <trkpt lat="22.3693150" lon="114.0608430">
    <ele>28.5</ele>
    <time>2025-09-21T23:42:11Z</time>
   </trkpt>
   <trkpt lat="22.3693160" lon="114.0608520">
    <ele>28.6</ele>
    <time>2025-09-21T23:42:12Z</time>
   </trkpt>
   <trkpt lat="22.3693160" lon="114.0608600">
    <ele>28.7</ele>
    <time>2025-09-21T23:42:13Z</time>
   </trkpt>
   <trkpt lat="22.3693200" lon="114.0608660">
    <ele>28.7</ele>
    <time>2025-09-21T23:42:14Z</time>
   </trkpt>
   <trkpt lat="22.3693220" lon="114.0608720">
    <ele>28.8</ele>
    <time>2025-09-21T23:42:15Z</time>
   </trkpt>
   <trkpt lat="22.3693180" lon="114.0608740">
    <ele>28.8</ele>
    <time>2025-09-21T23:42:16Z</time>
   </trkpt>
   <trkpt lat="22.3693160" lon="114.0608780">
    <ele>28.9</ele>
    <time>2025-09-21T23:42:17Z</time>
   </trkpt>
   <trkpt lat="22.3693180" lon="114.0608910">
    <ele>29.0</ele>
    <time>2025-09-21T23:42:18Z</time>
   </trkpt>
   <trkpt lat="22.3693250" lon="114.0609000">
    <ele>29.1</ele>
    <time>2025-09-21T23:42:19Z</time>
   </trkpt>
   <trkpt lat="22.3693230" lon="114.0609050">
    <ele>29.2</ele>
    <time>2025-09-21T23:42:20Z</time>
   </trkpt>
   <trkpt lat="22.3693370" lon="114.0609020">
    <ele>29.4</ele>
    <time>2025-09-21T23:42:21Z</time>
   </trkpt>
   <trkpt lat="22.3693420" lon="114.0609130">
    <ele>29.5</ele>
    <time>2025-09-21T23:42:22Z</time>
   </trkpt>
   <trkpt lat="22.3693480" lon="114.0609210">
    <ele>29.7</ele>
    <time>2025-09-21T23:42:23Z</time>
   </trkpt>
   <trkpt lat="22.3693490" lon="114.0609260">
    <ele>29.8</ele>
    <time>2025-09-21T23:42:24Z</time>
   </trkpt>
   <trkpt lat="22.3693580" lon="114.0609330">
    <ele>29.9</ele>
    <time>2025-09-21T23:42:25Z</time>
   </trkpt>
   <trkpt lat="22.3693610" lon="114.0609350">
    <ele>30.0</ele>
    <time>2025-09-21T23:42:26Z</time>
   </trkpt>
   <trkpt lat="22.3693700" lon="114.0609430">
    <ele>30.2</ele>
    <time>2025-09-21T23:42:27Z</time>
   </trkpt>
   <trkpt lat="22.3693740" lon="114.0609460">
    <ele>30.2</ele>
    <time>2025-09-21T23:42:28Z</time>
   </trkpt>
   <trkpt lat="22.3693790" lon="114.0609540">
    <ele>30.4</ele>
    <time>2025-09-21T23:42:29Z</time>
   </trkpt>
   <trkpt lat="22.3693840" lon="114.0609620">
    <ele>30.5</ele>
    <time>2025-09-21T23:42:30Z</time>
   </trkpt>
   <trkpt lat="22.3693870" lon="114.0609670">
    <ele>30.6</ele>
    <time>2025-09-21T23:42:31Z</time>
   </trkpt>
   <trkpt lat="22.3693920" lon="114.0609690">
    <ele>30.7</ele>
    <time>2025-09-21T23:42:32Z</time>
   </trkpt>
   <trkpt lat="22.3693990" lon="114.0609770">
    <ele>30.8</ele>
    <time>2025-09-21T23:42:33Z</time>
   </trkpt>
   <trkpt lat="22.3694060" lon="114.0609830">
    <ele>31.0</ele>
    <time>2025-09-21T23:42:34Z</time>
   </trkpt>
   <trkpt lat="22.3694150" lon="114.0609940">
    <ele>31.2</ele>
    <time>2025-09-21T23:42:35Z</time>
   </trkpt>
   <trkpt lat="22.3694330" lon="114.0610080">
    <ele>31.5</ele>
    <time>2025-09-21T23:42:36Z</time>
   </trkpt>
   <trkpt lat="22.3694390" lon="114.0610120">
    <ele>31.6</ele>
    <time>2025-09-21T23:42:37Z</time>
   </trkpt>
   <trkpt lat="22.3694430" lon="114.0610170">
    <ele>31.7</ele>
    <time>2025-09-21T23:42:38Z</time>
   </trkpt>
   <trkpt lat="22.3694460" lon="114.0610270">
    <ele>31.9</ele>
    <time>2025-09-21T23:42:39Z</time>
   </trkpt>
   <trkpt lat="22.3694520" lon="114.0610390">
    <ele>32.1</ele>
    <time>2025-09-21T23:42:40Z</time>
   </trkpt>
   <trkpt lat="22.3694570" lon="114.0610480">
    <ele>32.2</ele>
    <time>2025-09-21T23:42:41Z</time>
   </trkpt>
   <trkpt lat="22.3694690" lon="114.0610440">
    <ele>32.4</ele>
    <time>2025-09-21T23:42:42Z</time>
   </trkpt>
   <trkpt lat="22.3694620" lon="114.0610460">
    <ele>32.6</ele>
    <time>2025-09-21T23:42:43Z</time>
   </trkpt>
   <trkpt lat="22.3694670" lon="114.0610540">
    <ele>32.7</ele>
    <time>2025-09-21T23:42:44Z</time>
   </trkpt>
   <trkpt lat="22.3694660" lon="114.0610610">
    <ele>32.8</ele>
    <time>2025-09-21T23:42:45Z</time>
   </trkpt>
   <trkpt lat="22.3694730" lon="114.0610700">
    <ele>33.0</ele>
    <time>2025-09-21T23:42:46Z</time>
   </trkpt>
   <trkpt lat="22.3694890" lon="114.0610820">
    <ele>33.3</ele>
    <time>2025-09-21T23:42:47Z</time>
   </trkpt>
   <trkpt lat="22.3694980" lon="114.0610920">
    <ele>33.5</ele>
    <time>2025-09-21T23:42:48Z</time>
   </trkpt>
   <trkpt lat="22.3695070" lon="114.0610980">
    <ele>33.6</ele>
    <time>2025-09-21T23:42:49Z</time>
   </trkpt>
   <trkpt lat="22.3695120" lon="114.0610980">
    <ele>33.7</ele>
    <time>2025-09-21T23:42:50Z</time>
   </trkpt>
   <trkpt lat="22.3695220" lon="114.0611140">
    <ele>34.0</ele>
    <time>2025-09-21T23:42:51Z</time>
   </trkpt>
   <trkpt lat="22.3695300" lon="114.0611280">
    <ele>34.2</ele>
    <time>2025-09-21T23:42:52Z</time>
   </trkpt>
   <trkpt lat="22.3695370" lon="114.0611340">
    <ele>34.3</ele>
    <time>2025-09-21T23:42:53Z</time>
   </trkpt>
   <trkpt lat="22.3695370" lon="114.0611440">
    <ele>34.5</ele>
    <time>2025-09-21T23:42:54Z</time>
   </trkpt>
   <trkpt lat="22.3695450" lon="114.0611540">
    <ele>34.7</ele>
    <time>2025-09-21T23:42:55Z</time>
   </trkpt>
   <trkpt lat="22.3695510" lon="114.0611660">
    <ele>34.9</ele>
    <time>2025-09-21T23:42:56Z</time>
   </trkpt>
   <trkpt lat="22.3695540" lon="114.0611680">
    <ele>34.9</ele>
    <time>2025-09-21T23:42:57Z</time>
   </trkpt>
   <trkpt lat="22.3695590" lon="114.0611750">
    <ele>35.1</ele>
    <time>2025-09-21T23:42:58Z</time>
   </trkpt>
   <trkpt lat="22.3695660" lon="114.0611850">
    <ele>35.3</ele>
    <time>2025-09-21T23:42:59Z</time>
   </trkpt>
   <trkpt lat="22.3695700" lon="114.0611830">
    <ele>35.3</ele>
    <time>2025-09-21T23:43:00Z</time>
   </trkpt>
   <trkpt lat="22.3695700" lon="114.0611810">
    <ele>35.4</ele>
    <time>2025-09-21T23:43:01Z</time>
   </trkpt>
   <trkpt lat="22.3695810" lon="114.0611830">
    <ele>35.6</ele>
    <time>2025-09-21T23:43:02Z</time>
   </trkpt>
   <trkpt lat="22.3695850" lon="114.0611900">
    <ele>35.7</ele>
    <time>2025-09-21T23:43:03Z</time>
   </trkpt>
   <trkpt lat="22.3695900" lon="114.0611910">
    <ele>35.8</ele>
    <time>2025-09-21T23:43:04Z</time>
   </trkpt>
   <trkpt lat="22.3695990" lon="114.0612010">
    <ele>36.0</ele>
    <time>2025-09-21T23:43:05Z</time>
   </trkpt>
   <trkpt lat="22.3696070" lon="114.0611980">
    <ele>36.2</ele>
    <time>2025-09-21T23:43:06Z</time>
   </trkpt>
   <trkpt lat="22.3696180" lon="114.0612160">
    <ele>36.6</ele>
    <time>2025-09-21T23:43:07Z</time>
   </trkpt>
   <trkpt lat="22.3696250" lon="114.0612180">
    <ele>36.7</ele>
    <time>2025-09-21T23:43:08Z</time>
   </trkpt>
   <trkpt lat="22.3696260" lon="114.0612100">
    <ele>36.9</ele>
    <time>2025-09-21T23:43:09Z</time>
   </trkpt>
   <trkpt lat="22.3696270" lon="114.0612110">
    <ele>36.9</ele>
    <time>2025-09-21T23:43:10Z</time>
   </trkpt>
   <trkpt lat="22.3696250" lon="114.0612130">
    <ele>37.0</ele>
    <time>2025-09-21T23:43:11Z</time>
   </trkpt>
   <trkpt lat="22.3696330" lon="114.0612190">
    <ele>37.2</ele>
    <time>2025-09-21T23:43:12Z</time>
   </trkpt>
   <trkpt lat="22.3696320" lon="114.0612240">
    <ele>37.3</ele>
    <time>2025-09-21T23:43:13Z</time>
   </trkpt>
   <trkpt lat="22.3696410" lon="114.0612280">
    <ele>37.5</ele>
    <time>2025-09-21T23:43:14Z</time>
   </trkpt>
   <trkpt lat="22.3696450" lon="114.0612330">
    <ele>37.6</ele>
    <time>2025-09-21T23:43:15Z</time>
   </trkpt>
   <trkpt lat="22.3696480" lon="114.0612390">
    <ele>37.7</ele>
    <time>2025-09-21T23:43:16Z</time>
   </trkpt>
   <trkpt lat="22.3696530" lon="114.0612450">
    <ele>37.9</ele>
    <time>2025-09-21T23:43:17Z</time>
   </trkpt>
   <trkpt lat="22.3696550" lon="114.0612540">
    <ele>38.1</ele>
    <time>2025-09-21T23:43:18Z</time>
   </trkpt>
   <trkpt lat="22.3696570" lon="114.0612670">
    <ele>38.4</ele>
    <time>2025-09-21T23:43:19Z</time>
   </trkpt>
   <trkpt lat="22.3696620" lon="114.0612760">
    <ele>38.6</ele>
    <time>2025-09-21T23:43:20Z</time>
   </trkpt>
   <trkpt lat="22.3696660" lon="114.0612820">
    <ele>38.8</ele>
    <time>2025-09-21T23:43:21Z</time>
   </trkpt>
   <trkpt lat="22.3696670" lon="114.0612880">
    <ele>38.9</ele>
    <time>2025-09-21T23:43:22Z</time>
   </trkpt>
   <trkpt lat="22.3696680" lon="114.0613130">
    <ele>39.4</ele>
    <time>2025-09-21T23:43:23Z</time>
   </trkpt>
   <trkpt lat="22.3696730" lon="114.0613150">
    <ele>39.5</ele>
    <time>2025-09-21T23:43:24Z</time>
   </trkpt>
   <trkpt lat="22.3696730" lon="114.0613190">
    <ele>39.6</ele>
    <time>2025-09-21T23:43:25Z</time>
   </trkpt>
   <trkpt lat="22.3696730" lon="114.0613230">
    <ele>39.7</ele>
    <time>2025-09-21T23:43:26Z</time>
   </trkpt>
   <trkpt lat="22.3696850" lon="114.0613300">
    <ele>40.0</ele>
    <time>2025-09-21T23:43:27Z</time>
   </trkpt>
   <trkpt lat="22.3696920" lon="114.0613410">
    <ele>40.3</ele>
    <time>2025-09-21T23:43:28Z</time>
   </trkpt>
   <trkpt lat="22.3696900" lon="114.0613410">
    <ele>40.4</ele>
    <time>2025-09-21T23:43:29Z</time>
   </trkpt>
   <trkpt lat="22.3696960" lon="114.0613510">
    <ele>40.6</ele>
    <time>2025-09-21T23:43:30Z</time>
   </trkpt>
   <trkpt lat="22.3696960" lon="114.0613570">
    <ele>40.7</ele>
    <time>2025-09-21T23:43:31Z</time>
   </trkpt>
   <trkpt lat="22.3696990" lon="114.0613630">
    <ele>40.9</ele>
    <time>2025-09-21T23:43:32Z</time>
   </trkpt>
   <trkpt lat="22.3697000" lon="114.0613700">
    <ele>41.0</ele>
    <time>2025-09-21T23:43:33Z</time>
   </trkpt>
   <trkpt lat="22.3696980" lon="114.0613680">
    <ele>41.1</ele>
    <time>2025-09-21T23:43:34Z</time>
   </trkpt>
   <trkpt lat="22.3696900" lon="114.0613610">
    <ele>41.3</ele>
    <time>2025-09-21T23:43:35Z</time>
   </trkpt>
   <trkpt lat="22.3696900" lon="114.0613630">
    <ele>41.4</ele>
    <time>2025-09-21T23:43:36Z</time>
   </trkpt>
   <trkpt lat="22.3696900" lon="114.0613630">
    <ele>41.4</ele>
    <time>2025-09-21T23:43:37Z</time>
   </trkpt>
   <trkpt lat="22.3696810" lon="114.0613690">
    <ele>41.6</ele>
    <time>2025-09-21T23:43:38Z</time>
   </trkpt>
   <trkpt lat="22.3696800" lon="114.0613790">
    <ele>41.8</ele>
    <time>2025-09-21T23:43:39Z</time>
   </trkpt>
   <trkpt lat="22.3696800" lon="114.0613840">
    <ele>41.9</ele>
    <time>2025-09-21T23:43:40Z</time>
   </trkpt>
   <trkpt lat="22.3696910" lon="114.0613880">
    <ele>42.2</ele>
    <time>2025-09-21T23:43:41Z</time>
   </trkpt>
   <trkpt lat="22.3696920" lon="114.0613930">
    <ele>42.2</ele>
    <time>2025-09-21T23:43:42Z</time>
   </trkpt>
   <trkpt lat="22.3696870" lon="114.0613900">
    <ele>42.4</ele>
    <time>2025-09-21T23:43:43Z</time>
   </trkpt>
   <trkpt lat="22.3696910" lon="114.0613940">
    <ele>42.5</ele>
    <time>2025-09-21T23:43:44Z</time>
   </trkpt>
   <trkpt lat="22.3696940" lon="114.0613990">
    <ele>42.6</ele>
    <time>2025-09-21T23:43:45Z</time>
   </trkpt>
   <trkpt lat="22.3696950" lon="114.0613990">
    <ele>42.6</ele>
    <time>2025-09-21T23:43:46Z</time>
   </trkpt>
   <trkpt lat="22.3696970" lon="114.0614070">
    <ele>42.8</ele>
    <time>2025-09-21T23:43:47Z</time>
   </trkpt>
   <trkpt lat="22.3696960" lon="114.0614140">
    <ele>42.9</ele>
    <time>2025-09-21T23:43:48Z</time>
   </trkpt>
   <trkpt lat="22.3697010" lon="114.0614190">
    <ele>43.0</ele>
    <time>2025-09-21T23:43:49Z</time>
   </trkpt>
   <trkpt lat="22.3697110" lon="114.0614210">
    <ele>43.2</ele>
    <time>2025-09-21T23:43:50Z</time>
   </trkpt>
   <trkpt lat="22.3697100" lon="114.0614240">
    <ele>43.3</ele>
    <time>2025-09-21T23:43:51Z</time>
   </trkpt>
   <trkpt lat="22.3697030" lon="114.0614280">
    <ele>43.4</ele>
    <time>2025-09-21T23:43:52Z</time>
   </trkpt>
   <trkpt lat="22.3697010" lon="114.0614290">
    <ele>43.4</ele>
    <time>2025-09-21T23:43:53Z</time>
   </trkpt>
   <trkpt lat="22.3697110" lon="114.0614270">
    <ele>43.6</ele>
    <time>2025-09-21T23:43:54Z</time>
   </trkpt>
   <trkpt lat="22.3697160" lon="114.0614410">
    <ele>43.9</ele>
    <time>2025-09-21T23:43:55Z</time>
   </trkpt>
   <trkpt lat="22.3697040" lon="114.0614500">
    <ele>44.1</ele>
    <time>2025-09-21T23:43:56Z</time>
   </trkpt>
   <trkpt lat="22.3697050" lon="114.0614530">
    <ele>44.1</ele>
    <time>2025-09-21T23:43:57Z</time>
   </trkpt>
   <trkpt lat="22.3697070" lon="114.0614510">
    <ele>44.2</ele>
    <time>2025-09-21T23:43:58Z</time>
   </trkpt>
   <trkpt lat="22.3696940" lon="114.0614630">
    <ele>44.4</ele>
    <time>2025-09-21T23:43:59Z</time>
   </trkpt>
   <trkpt lat="22.3696980" lon="114.0614630">
    <ele>44.5</ele>
    <time>2025-09-21T23:44:00Z</time>
   </trkpt>
   <trkpt lat="22.3696990" lon="114.0614660">
    <ele>44.5</ele>
    <time>2025-09-21T23:44:01Z</time>
   </trkpt>
   <trkpt lat="22.3697000" lon="114.0614710">
    <ele>44.6</ele>
    <time>2025-09-21T23:44:02Z</time>
   </trkpt>
   <trkpt lat="22.3697050" lon="114.0614760">
    <ele>44.7</ele>
    <time>2025-09-21T23:44:03Z</time>
   </trkpt>
   <trkpt lat="22.3697010" lon="114.0614810">
    <ele>44.8</ele>
    <time>2025-09-21T23:44:04Z</time>
   </trkpt>
   <trkpt lat="22.3697040" lon="114.0614810">
    <ele>44.8</ele>
    <time>2025-09-21T23:44:05Z</time>
   </trkpt>
   <trkpt lat="22.3697040" lon="114.0614850">
    <ele>44.9</ele>
    <time>2025-09-21T23:44:06Z</time>
   </trkpt>
   <trkpt lat="22.3697010" lon="114.0615020">
    <ele>45.1</ele>
    <time>2025-09-21T23:44:07Z</time>
   </trkpt>
   <trkpt lat="22.3696980" lon="114.0615130">
    <ele>45.2</ele>
    <time>2025-09-21T23:44:08Z</time>
   </trkpt>
   <trkpt lat="22.3696950" lon="114.0615240">
    <ele>45.4</ele>
    <time>2025-09-21T23:44:09Z</time>
   </trkpt>
   <trkpt lat="22.3696910" lon="114.0615310">
    <ele>45.5</ele>
    <time>2025-09-21T23:44:10Z</time>
   </trkpt>
   <trkpt lat="22.3696750" lon="114.0615350">
    <ele>45.7</ele>
    <time>2025-09-21T23:44:11Z</time>
   </trkpt>
   <trkpt lat="22.3696740" lon="114.0615450">
    <ele>45.8</ele>
    <time>2025-09-21T23:44:12Z</time>
   </trkpt>
   <trkpt lat="22.3696760" lon="114.0615510">
    <ele>45.9</ele>
    <time>2025-09-21T23:44:13Z</time>
   </trkpt>
   <trkpt lat="22.3696750" lon="114.0615590">
    <ele>46.0</ele>
    <time>2025-09-21T23:44:14Z</time>
   </trkpt>
   <trkpt lat="22.3696740" lon="114.0615660">
    <ele>46.0</ele>
    <time>2025-09-21T23:44:15Z</time>
   </trkpt>
   <trkpt lat="22.3696680" lon="114.0615690">
    <ele>46.1</ele>
    <time>2025-09-21T23:44:16Z</time>
   </trkpt>
   <trkpt lat="22.3696680" lon="114.0615790">
    <ele>46.2</ele>
    <time>2025-09-21T23:44:17Z</time>
   </trkpt>
   <trkpt lat="22.3696670" lon="114.0615960">
    <ele>46.4</ele>
    <time>2025-09-21T23:44:18Z</time>
   </trkpt>
   <trkpt lat="22.3696680" lon="114.0616000">
    <ele>46.5</ele>
    <time>2025-09-21T23:44:19Z</time>
   </trkpt>
   <trkpt lat="22.3696690" lon="114.0616120">
    <ele>46.6</ele>
    <time>2025-09-21T23:44:20Z</time>
   </trkpt>
   <trkpt lat="22.3696800" lon="114.0616260">
    <ele>46.8</ele>
    <time>2025-09-21T23:44:21Z</time>
   </trkpt>
   <trkpt lat="22.3696840" lon="114.0616320">
    <ele>46.9</ele>
    <time>2025-09-21T23:44:22Z</time>
   </trkpt>
   <trkpt lat="22.3696890" lon="114.0616360">
    <ele>47.0</ele>
    <time>2025-09-21T23:44:23Z</time>
   </trkpt>
   <trkpt lat="22.3696970" lon="114.0616460">
    <ele>47.1</ele>
    <time>2025-09-21T23:44:24Z</time>
   </trkpt>
   <trkpt lat="22.3697090" lon="114.0616470">
    <ele>47.3</ele>
    <time>2025-09-21T23:44:25Z</time>
   </trkpt>
   <trkpt lat="22.3697150" lon="114.0616580">
    <ele>47.4</ele>
    <time>2025-09-21T23:44:26Z</time>
   </trkpt>
   <trkpt lat="22.3697210" lon="114.0616640">
    <ele>47.6</ele>
    <time>2025-09-21T23:44:27Z</time>
   </trkpt>
   <trkpt lat="22.3697250" lon="114.0616740">
    <ele>47.7</ele>
    <time>2025-09-21T23:44:28Z</time>
   </trkpt>
   <trkpt lat="22.3697230" lon="114.0616860">
    <ele>47.9</ele>
    <time>2025-09-21T23:44:29Z</time>
   </trkpt>
   <trkpt lat="22.3697230" lon="114.0616870">
    <ele>47.9</ele>
    <time>2025-09-21T23:44:30Z</time>
   </trkpt>
   <trkpt lat="22.3697360" lon="114.0616920">
    <ele>48.1</ele>
    <time>2025-09-21T23:44:31Z</time>
   </trkpt>
   <trkpt lat="22.3697430" lon="114.0616930">
    <ele>48.2</ele>
    <time>2025-09-21T23:44:32Z</time>
   </trkpt>
   <trkpt lat="22.3697490" lon="114.0616970">
    <ele>48.3</ele>
    <time>2025-09-21T23:44:33Z</time>
   </trkpt>
   <trkpt lat="22.3697580" lon="114.0617030">
    <ele>48.5</ele>
    <time>2025-09-21T23:44:34Z</time>
   </trkpt>
   <trkpt lat="22.3697690" lon="114.0617050">
    <ele>48.6</ele>
    <time>2025-09-21T23:44:35Z</time>
   </trkpt>
   <trkpt lat="22.3697780" lon="114.0617020">
    <ele>48.8</ele>
    <time>2025-09-21T23:44:36Z</time>
   </trkpt>
   <trkpt lat="22.3697850" lon="114.0617070">
    <ele>49.0</ele>
    <time>2025-09-21T23:44:37Z</time>
   </trkpt>
   <trkpt lat="22.3697930" lon="114.0617060">
    <ele>49.1</ele>
    <time>2025-09-21T23:44:38Z</time>
   </trkpt>
   <trkpt lat="22.3698050" lon="114.0617050">
    <ele>49.3</ele>
    <time>2025-09-21T23:44:39Z</time>
   </trkpt>
   <trkpt lat="22.3698070" lon="114.0616990">
    <ele>49.4</ele>
    <time>2025-09-21T23:44:40Z</time>
   </trkpt>
   <trkpt lat="22.3698130" lon="114.0617030">
    <ele>49.6</ele>
    <time>2025-09-21T23:44:41Z</time>
   </trkpt>
   <trkpt lat="22.3698220" lon="114.0617100">
    <ele>49.8</ele>
    <time>2025-09-21T23:44:42Z</time>
   </trkpt>
   <trkpt lat="22.3698220" lon="114.0617170">
    <ele>49.9</ele>
    <time>2025-09-21T23:44:43Z</time>
   </trkpt>
   <trkpt lat="22.3698290" lon="114.0617190">
    <ele>50.1</ele>
    <time>2025-09-21T23:44:44Z</time>
   </trkpt>
   <trkpt lat="22.3698290" lon="114.0617220">
    <ele>50.1</ele>
    <time>2025-09-21T23:44:45Z</time>
   </trkpt>
   <trkpt lat="22.3698360" lon="114.0617250">
    <ele>50.3</ele>
    <time>2025-09-21T23:44:46Z</time>
   </trkpt>
   <trkpt lat="22.3698430" lon="114.0617340">
    <ele>50.5</ele>
    <time>2025-09-21T23:44:47Z</time>
   </trkpt>
   <trkpt lat="22.3698530" lon="114.0617320">
    <ele>50.7</ele>
    <time>2025-09-21T23:44:48Z</time>
   </trkpt>
   <trkpt lat="22.3698600" lon="114.0617310">
    <ele>50.9</ele>
    <time>2025-09-21T23:44:49Z</time>
   </trkpt>
   <trkpt lat="22.3698700" lon="114.0617320">
    <ele>51.1</ele>
    <time>2025-09-21T23:44:50Z</time>
   </trkpt>
   <trkpt lat="22.3698790" lon="114.0617370">
    <ele>51.4</ele>
    <time>2025-09-21T23:44:51Z</time>
   </trkpt>
   <trkpt lat="22.3698870" lon="114.0617410">
    <ele>51.6</ele>
    <time>2025-09-21T23:44:52Z</time>
   </trkpt>
   <trkpt lat="22.3698950" lon="114.0617460">
    <ele>51.8</ele>
    <time>2025-09-21T23:44:53Z</time>
   </trkpt>
   <trkpt lat="22.3699020" lon="114.0617520">
    <ele>52.0</ele>
    <time>2025-09-21T23:44:54Z</time>
   </trkpt>
   <trkpt lat="22.3699050" lon="114.0617580">
    <ele>52.1</ele>
    <time>2025-09-21T23:44:55Z</time>
   </trkpt>
   <trkpt lat="22.3699070" lon="114.0617640">
    <ele>52.3</ele>
    <time>2025-09-21T23:44:56Z</time>
   </trkpt>
   <trkpt lat="22.3699090" lon="114.0617700">
    <ele>52.4</ele>
    <time>2025-09-21T23:44:57Z</time>
   </trkpt>
   <trkpt lat="22.3699120" lon="114.0617760">
    <ele>52.6</ele>
    <time>2025-09-21T23:44:58Z</time>
   </trkpt>
   <trkpt lat="22.3699140" lon="114.0617820">
    <ele>52.8</ele>
    <time>2025-09-21T23:44:59Z</time>
   </trkpt>
   <trkpt lat="22.3699170" lon="114.0617890">
    <ele>52.9</ele>
    <time>2025-09-21T23:45:00Z</time>
   </trkpt>
   <trkpt lat="22.3699230" lon="114.0617870">
    <ele>53.1</ele>
    <time>2025-09-21T23:45:01Z</time>
   </trkpt>
   <trkpt lat="22.3699330" lon="114.0617850">
    <ele>53.4</ele>
    <time>2025-09-21T23:45:02Z</time>
   </trkpt>
   <trkpt lat="22.3699360" lon="114.0617890">
    <ele>53.5</ele>
    <time>2025-09-21T23:45:03Z</time>
   </trkpt>
   <trkpt lat="22.3699320" lon="114.0617920">
    <ele>53.6</ele>
    <time>2025-09-21T23:45:04Z</time>
   </trkpt>
   <trkpt lat="22.3699340" lon="114.0617970">
    <ele>53.8</ele>
    <time>2025-09-21T23:45:05Z</time>
   </trkpt>
   <trkpt lat="22.3699350" lon="114.0618000">
    <ele>53.8</ele>
    <time>2025-09-21T23:45:06Z</time>
   </trkpt>
   <trkpt lat="22.3699350" lon="114.0618100">
    <ele>54.1</ele>
    <time>2025-09-21T23:45:07Z</time>
   </trkpt>
   <trkpt lat="22.3699370" lon="114.0618250">
    <ele>54.5</ele>
    <time>2025-09-21T23:45:08Z</time>
   </trkpt>
   <trkpt lat="22.3699400" lon="114.0618310">
    <ele>54.7</ele>
    <time>2025-09-21T23:45:09Z</time>
   </trkpt>
   <trkpt lat="22.3699410" lon="114.0618350">
    <ele>54.8</ele>
    <time>2025-09-21T23:45:10Z</time>
   </trkpt>
   <trkpt lat="22.3699410" lon="114.0618310">
    <ele>54.9</ele>
    <time>2025-09-21T23:45:11Z</time>
   </trkpt>
   <trkpt lat="22.3699380" lon="114.0618350">
    <ele>55.0</ele>
    <time>2025-09-21T23:45:12Z</time>
   </trkpt>
   <trkpt lat="22.3699420" lon="114.0618420">
    <ele>55.2</ele>
    <time>2025-09-21T23:45:13Z</time>
   </trkpt>
   <trkpt lat="22.3699470" lon="114.0618550">
    <ele>55.6</ele>
    <time>2025-09-21T23:45:14Z</time>
   </trkpt>
   <trkpt lat="22.3699440" lon="114.0618570">
    <ele>55.7</ele>
    <time>2025-09-21T23:45:15Z</time>
   </trkpt>
   <trkpt lat="22.3699470" lon="114.0618640">
    <ele>55.9</ele>
    <time>2025-09-21T23:45:16Z</time>
   </trkpt>
   <trkpt lat="22.3699510" lon="114.0618710">
    <ele>56.2</ele>
    <time>2025-09-21T23:45:17Z</time>
   </trkpt>
   <trkpt lat="22.3699500" lon="114.0618750">
    <ele>56.3</ele>
    <time>2025-09-21T23:45:18Z</time>
   </trkpt>
   <trkpt lat="22.3699520" lon="114.0618760">
    <ele>56.4</ele>
    <time>2025-09-21T23:45:19Z</time>
   </trkpt>
   <trkpt lat="22.3699560" lon="114.0618900">
    <ele>56.8</ele>
    <time>2025-09-21T23:45:20Z</time>
   </trkpt>
   <trkpt lat="22.3699520" lon="114.0618930">
    <ele>56.9</ele>
    <time>2025-09-21T23:45:21Z</time>
   </trkpt>
   <trkpt lat="22.3699520" lon="114.0618970">
    <ele>57.0</ele>
    <time>2025-09-21T23:45:22Z</time>
   </trkpt>
   <trkpt lat="22.3699550" lon="114.0619040">
    <ele>57.2</ele>
    <time>2025-09-21T23:45:23Z</time>
   </trkpt>
   <trkpt lat="22.3699530" lon="114.0619150">
    <ele>57.6</ele>
    <time>2025-09-21T23:45:24Z</time>
   </trkpt>
   <trkpt lat="22.3699590" lon="114.0619210">
    <ele>57.8</ele>
    <time>2025-09-21T23:45:25Z</time>
   </trkpt>
   <trkpt lat="22.3699540" lon="114.0619250">
    <ele>58.0</ele>
    <time>2025-09-21T23:45:26Z</time>
   </trkpt>
   <trkpt lat="22.3699550" lon="114.0619270">
    <ele>58.0</ele>
    <time>2025-09-21T23:45:27Z</time>
   </trkpt>
   <trkpt lat="22.3699600" lon="114.0619300">
    <ele>58.2</ele>
    <time>2025-09-21T23:45:28Z</time>
   </trkpt>
   <trkpt lat="22.3699600" lon="114.0619250">
    <ele>58.4</ele>
    <time>2025-09-21T23:45:29Z</time>
   </trkpt>
   <trkpt lat="22.3699630" lon="114.0619230">
    <ele>58.5</ele>
    <time>2025-09-21T23:45:30Z</time>
   </trkpt>
   <trkpt lat="22.3699700" lon="114.0619230">
    <ele>58.7</ele>
    <time>2025-09-21T23:45:31Z</time>
   </trkpt>
   <trkpt lat="22.3699680" lon="114.0619270">
    <ele>58.8</ele>
    <time>2025-09-21T23:45:32Z</time>
   </trkpt>
   <trkpt lat="22.3699710" lon="114.0619320">
    <ele>59.0</ele>
    <time>2025-09-21T23:45:33Z</time>
   </trkpt>
   <trkpt lat="22.3699780" lon="114.0619380">
    <ele>59.2</ele>
    <time>2025-09-21T23:45:34Z</time>
   </trkpt>
   <trkpt lat="22.3699870" lon="114.0619380">
    <ele>59.5</ele>
    <time>2025-09-21T23:45:35Z</time>
   </trkpt>
   <trkpt lat="22.3699950" lon="114.0619370">
    <ele>59.7</ele>
    <time>2025-09-21T23:45:36Z</time>
   </trkpt>
   <trkpt lat="22.3700040" lon="114.0619370">
    <ele>60.0</ele>
    <time>2025-09-21T23:45:37Z</time>
   </trkpt>
   <trkpt lat="22.3700130" lon="114.0619370">
    <ele>60.2</ele>
    <time>2025-09-21T23:45:38Z</time>
   </trkpt>
   <trkpt lat="22.3700040" lon="114.0619480">
    <ele>60.6</ele>
    <time>2025-09-21T23:45:39Z</time>
   </trkpt>
   <trkpt lat="22.3700070" lon="114.0619550">
    <ele>60.8</ele>
    <time>2025-09-21T23:45:40Z</time>
   </trkpt>
   <trkpt lat="22.3700100" lon="114.0619650">
    <ele>61.1</ele>
    <time>2025-09-21T23:45:41Z</time>
   </trkpt>
   <trkpt lat="22.3700140" lon="114.0619710">
    <ele>61.3</ele>
    <time>2025-09-21T23:45:42Z</time>
   </trkpt>
   <trkpt lat="22.3700120" lon="114.0619730">
    <ele>61.4</ele>
    <time>2025-09-21T23:45:43Z</time>
   </trkpt>
   <trkpt lat="22.3700180" lon="114.0619740">
    <ele>61.5</ele>
    <time>2025-09-21T23:45:44Z</time>
   </trkpt>
   <trkpt lat="22.3700210" lon="114.0619740">
    <ele>61.6</ele>
    <time>2025-09-21T23:45:45Z</time>
   </trkpt>
   <trkpt lat="22.3700240" lon="114.0619780">
    <ele>61.8</ele>
    <time>2025-09-21T23:45:46Z</time>
   </trkpt>
   <trkpt lat="22.3700330" lon="114.0619830">
    <ele>62.0</ele>
    <time>2025-09-21T23:45:47Z</time>
   </trkpt>
   <trkpt lat="22.3700390" lon="114.0619870">
    <ele>62.2</ele>
    <time>2025-09-21T23:45:48Z</time>
   </trkpt>
   <trkpt lat="22.3700410" lon="114.0619850">
    <ele>62.3</ele>
    <time>2025-09-21T23:45:49Z</time>
   </trkpt>
   <trkpt lat="22.3700480" lon="114.0619910">
    <ele>62.6</ele>
    <time>2025-09-21T23:45:50Z</time>
   </trkpt>
   <trkpt lat="22.3700530" lon="114.0619980">
    <ele>62.8</ele>
    <time>2025-09-21T23:45:51Z</time>
   </trkpt>
   <trkpt lat="22.3700530" lon="114.0619970">
    <ele>62.8</ele>
    <time>2025-09-21T23:45:52Z</time>
   </trkpt>
   <trkpt lat="22.3700520" lon="114.0619970">
    <ele>62.8</ele>
    <time>2025-09-21T23:45:53Z</time>
   </trkpt>
   <trkpt lat="22.3700520" lon="114.0620010">
    <ele>62.9</ele>
    <time>2025-09-21T23:45:54Z</time>
   </trkpt>
   <trkpt lat="22.3700630" lon="114.0620110">
    <ele>63.3</ele>
    <time>2025-09-21T23:45:55Z</time>
   </trkpt>
   <trkpt lat="22.3700750" lon="114.0620180">
    <ele>63.7</ele>
    <time>2025-09-21T23:45:56Z</time>
   </trkpt>
   <trkpt lat="22.3700810" lon="114.0620260">
    <ele>64.0</ele>
    <time>2025-09-21T23:45:57Z</time>
   </trkpt>
   <trkpt lat="22.3700880" lon="114.0620350">
    <ele>64.3</ele>
    <time>2025-09-21T23:45:58Z</time>
   </trkpt>
   <trkpt lat="22.3700940" lon="114.0620430">
    <ele>64.6</ele>
    <time>2025-09-21T23:45:59Z</time>
   </trkpt>
   <trkpt lat="22.3700980" lon="114.0620470">
    <ele>64.7</ele>
    <time>2025-09-21T23:46:00Z</time>
   </trkpt>
   <trkpt lat="22.3701020" lon="114.0620500">
    <ele>64.9</ele>
    <time>2025-09-21T23:46:01Z</time>
   </trkpt>
   <trkpt lat="22.3701060" lon="114.0620540">
    <ele>65.0</ele>
    <time>2025-09-21T23:46:02Z</time>
   </trkpt>
   <trkpt lat="22.3701090" lon="114.0620580">
    <ele>65.2</ele>
    <time>2025-09-21T23:46:03Z</time>
   </trkpt>
   <trkpt lat="22.3701130" lon="114.0620620">
    <ele>65.3</ele>
    <time>2025-09-21T23:46:04Z</time>
   </trkpt>
   <trkpt lat="22.3701170" lon="114.0620650">
    <ele>65.5</ele>
    <time>2025-09-21T23:46:05Z</time>
   </trkpt>
   <trkpt lat="22.3701210" lon="114.0620690">
    <ele>65.6</ele>
    <time>2025-09-21T23:46:06Z</time>
   </trkpt>
   <trkpt lat="22.3701330" lon="114.0620820">
    <ele>66.1</ele>
    <time>2025-09-21T23:46:07Z</time>
   </trkpt>
   <trkpt lat="22.3701310" lon="114.0620880">
    <ele>66.3</ele>
    <time>2025-09-21T23:46:08Z</time>
   </trkpt>
   <trkpt lat="22.3701360" lon="114.0620950">
    <ele>66.5</ele>
    <time>2025-09-21T23:46:09Z</time>
   </trkpt>
   <trkpt lat="22.3701370" lon="114.0621010">
    <ele>66.7</ele>
    <time>2025-09-21T23:46:10Z</time>
   </trkpt>
   <trkpt lat="22.3701410" lon="114.0621020">
    <ele>66.8</ele>
    <time>2025-09-21T23:46:11Z</time>
   </trkpt>
   <trkpt lat="22.3701430" lon="114.0621030">
    <ele>66.9</ele>
    <time>2025-09-21T23:46:12Z</time>
   </trkpt>
   <trkpt lat="22.3701470" lon="114.0621120">
    <ele>67.1</ele>
    <time>2025-09-21T23:46:13Z</time>
   </trkpt>
   <trkpt lat="22.3701460" lon="114.0621240">
    <ele>67.3</ele>
    <time>2025-09-21T23:46:14Z</time>
   </trkpt>
   <trkpt lat="22.3701470" lon="114.0621270">
    <ele>67.3</ele>
    <time>2025-09-21T23:46:15Z</time>
   </trkpt>
   <trkpt lat="22.3701460" lon="114.0621390">
    <ele>67.5</ele>
    <time>2025-09-21T23:46:16Z</time>
   </trkpt>
   <trkpt lat="22.3701440" lon="114.0621380">
    <ele>67.5</ele>
    <time>2025-09-21T23:46:17Z</time>
   </trkpt>
   <trkpt lat="22.3701450" lon="114.0621450">
    <ele>67.6</ele>
    <time>2025-09-21T23:46:18Z</time>
   </trkpt>
   <trkpt lat="22.3701470" lon="114.0621560">
    <ele>67.8</ele>
    <time>2025-09-21T23:46:19Z</time>
   </trkpt>
   <trkpt lat="22.3701470" lon="114.0621640">
    <ele>67.9</ele>
    <time>2025-09-21T23:46:20Z</time>
   </trkpt>
   <trkpt lat="22.3701490" lon="114.0621680">
    <ele>67.9</ele>
    <time>2025-09-21T23:46:21Z</time>
   </trkpt>
   <trkpt lat="22.3701480" lon="114.0621690">
    <ele>68.0</ele>
    <time>2025-09-21T23:46:22Z</time>
   </trkpt>
   <trkpt lat="22.3701480" lon="114.0621700">
    <ele>68.0</ele>
    <time>2025-09-21T23:46:23Z</time>
   </trkpt>
   <trkpt lat="22.3701500" lon="114.0621690">
    <ele>68.0</ele>
    <time>2025-09-21T23:46:24Z</time>
   </trkpt>
   <trkpt lat="22.3701520" lon="114.0621760">
    <ele>68.1</ele>
    <time>2025-09-21T23:46:25Z</time>
   </trkpt>
   <trkpt lat="22.3701450" lon="114.0621740">
    <ele>68.2</ele>
    <time>2025-09-21T23:46:26Z</time>
   </trkpt>
   <trkpt lat="22.3701440" lon="114.0621730">
    <ele>68.2</ele>
    <time>2025-09-21T23:46:27Z</time>
   </trkpt>
   <trkpt lat="22.3701450" lon="114.0621770">
    <ele>68.3</ele>
    <time>2025-09-21T23:46:28Z</time>
   </trkpt>
   <trkpt lat="22.3701480" lon="114.0621850">
    <ele>68.4</ele>
    <time>2025-09-21T23:46:29Z</time>
   </trkpt>
   <trkpt lat="22.3701540" lon="114.0621840">
    <ele>68.5</ele>
    <time>2025-09-21T23:46:30Z</time>
   </trkpt>
   <trkpt lat="22.3701550" lon="114.0621880">
    <ele>68.5</ele>
    <time>2025-09-21T23:46:31Z</time>
   </trkpt>
   <trkpt lat="22.3701610" lon="114.0621920">
    <ele>68.6</ele>
    <time>2025-09-21T23:46:32Z</time>
   </trkpt>
   <trkpt lat="22.3701580" lon="114.0621880">
    <ele>68.7</ele>
    <time>2025-09-21T23:46:33Z</time>
   </trkpt>
   <trkpt lat="22.3701540" lon="114.0621860">
    <ele>68.7</ele>
    <time>2025-09-21T23:46:34Z</time>
   </trkpt>
   <trkpt lat="22.3701540" lon="114.0621830">
    <ele>68.8</ele>
    <time>2025-09-21T23:46:35Z</time>
   </trkpt>
   <trkpt lat="22.3701580" lon="114.0621890">
    <ele>68.9</ele>
    <time>2025-09-21T23:46:36Z</time>
   </trkpt>
   <trkpt lat="22.3701540" lon="114.0621920">
    <ele>68.9</ele>
    <time>2025-09-21T23:46:37Z</time>
   </trkpt>
   <trkpt lat="22.3701520" lon="114.0621920">
    <ele>68.9</ele>
    <time>2025-09-21T23:46:38Z</time>
   </trkpt>
   <trkpt lat="22.3701490" lon="114.0621960">
    <ele>69.0</ele>
    <time>2025-09-21T23:46:39Z</time>
   </trkpt>
   <trkpt lat="22.3701480" lon="114.0622010">
    <ele>69.1</ele>
    <time>2025-09-21T23:46:40Z</time>
   </trkpt>
   <trkpt lat="22.3701540" lon="114.0622060">
    <ele>69.1</ele>
    <time>2025-09-21T23:46:41Z</time>
   </trkpt>
   <trkpt lat="22.3701530" lon="114.0622090">
    <ele>69.2</ele>
    <time>2025-09-21T23:46:42Z</time>
   </trkpt>
   <trkpt lat="22.3701560" lon="114.0622150">
    <ele>69.3</ele>
    <time>2025-09-21T23:46:43Z</time>
   </trkpt>
   <trkpt lat="22.3701580" lon="114.0622170">
    <ele>69.3</ele>
    <time>2025-09-21T23:46:44Z</time>
   </trkpt>
   <trkpt lat="22.3701610" lon="114.0622230">
    <ele>69.4</ele>
    <time>2025-09-21T23:46:45Z</time>
   </trkpt>
   <trkpt lat="22.3701660" lon="114.0622270">
    <ele>69.4</ele>
    <time>2025-09-21T23:46:46Z</time>
   </trkpt>
   <trkpt lat="22.3701680" lon="114.0622190">
    <ele>69.5</ele>
    <time>2025-09-21T23:46:47Z</time>
   </trkpt>
   <trkpt lat="22.3701740" lon="114.0622290">
    <ele>69.6</ele>
    <time>2025-09-21T23:46:48Z</time>
   </trkpt>
   <trkpt lat="22.3701800" lon="114.0622300">
    <ele>69.7</ele>
    <time>2025-09-21T23:46:49Z</time>
   </trkpt>
   <trkpt lat="22.3701770" lon="114.0622380">
    <ele>69.7</ele>
    <time>2025-09-21T23:46:50Z</time>
   </trkpt>
   <trkpt lat="22.3701800" lon="114.0622430">
    <ele>69.8</ele>
    <time>2025-09-21T23:46:51Z</time>
   </trkpt>
   <trkpt lat="22.3701830" lon="114.0622470">
    <ele>69.8</ele>
    <time>2025-09-21T23:46:52Z</time>
   </trkpt>
   <trkpt lat="22.3701860" lon="114.0622520">
    <ele>69.9</ele>
    <time>2025-09-21T23:46:53Z</time>
   </trkpt>
   <trkpt lat="22.3701890" lon="114.0622560">
    <ele>69.9</ele>
    <time>2025-09-21T23:46:54Z</time>
   </trkpt>
   <trkpt lat="22.3701920" lon="114.0622610">
    <ele>70.0</ele>
    <time>2025-09-21T23:46:55Z</time>
   </trkpt>
   <trkpt lat="22.3701950" lon="114.0622650">
    <ele>70.0</ele>
    <time>2025-09-21T23:46:56Z</time>
   </trkpt>
   <trkpt lat="22.3702000" lon="114.0622650">
    <ele>70.0</ele>
    <time>2025-09-21T23:46:57Z</time>
   </trkpt>
   <trkpt lat="22.3702090" lon="114.0622630">
    <ele>70.1</ele>
    <time>2025-09-21T23:46:58Z</time>
   </trkpt>
   <trkpt lat="22.3702120" lon="114.0622690">
    <ele>70.2</ele>
    <time>2025-09-21T23:46:59Z</time>
   </trkpt>
   <trkpt lat="22.3701970" lon="114.0622600">
    <ele>70.3</ele>
    <time>2025-09-21T23:47:00Z</time>
   </trkpt>
   <trkpt lat="22.3701910" lon="114.0622590">
    <ele>70.3</ele>
    <time>2025-09-21T23:47:01Z</time>
   </trkpt>
   <trkpt lat="22.3702010" lon="114.0622660">
    <ele>70.4</ele>
    <time>2025-09-21T23:47:02Z</time>
   </trkpt>
   <trkpt lat="22.3702110" lon="114.0622700">
    <ele>70.5</ele>
    <time>2025-09-21T23:47:03Z</time>
   </trkpt>
   <trkpt lat="22.3702150" lon="114.0622770">
    <ele>70.6</ele>
    <time>2025-09-21T23:47:04Z</time>
   </trkpt>
   <trkpt lat="22.3702130" lon="114.0622870">
    <ele>70.6</ele>
    <time>2025-09-21T23:47:05Z</time>
   </trkpt>
   <trkpt lat="22.3702150" lon="114.0622940">
    <ele>70.7</ele>
    <time>2025-09-21T23:47:06Z</time>
   </trkpt>
   <trkpt lat="22.3702170" lon="114.0622950">
    <ele>70.7</ele>
    <time>2025-09-21T23:47:07Z</time>
   </trkpt>
   <trkpt lat="22.3702240" lon="114.0623030">
    <ele>70.7</ele>
    <time>2025-09-21T23:47:08Z</time>
   </trkpt>
   <trkpt lat="22.3702240" lon="114.0623130">
    <ele>70.8</ele>
    <time>2025-09-21T23:47:09Z</time>
   </trkpt>
   <trkpt lat="22.3702280" lon="114.0623190">
    <ele>70.8</ele>
    <time>2025-09-21T23:47:10Z</time>
   </trkpt>
   <trkpt lat="22.3702310" lon="114.0623250">
    <ele>70.9</ele>
    <time>2025-09-21T23:47:11Z</time>
   </trkpt>
   <trkpt lat="22.3702380" lon="114.0623320">
    <ele>70.9</ele>
    <time>2025-09-21T23:47:12Z</time>
   </trkpt>
   <trkpt lat="22.3702480" lon="114.0623440">
    <ele>71.0</ele>
    <time>2025-09-21T23:47:13Z</time>
   </trkpt>
   <trkpt lat="22.3702480" lon="114.0623530">
    <ele>71.0</ele>
    <time>2025-09-21T23:47:14Z</time>
   </trkpt>
   <trkpt lat="22.3702530" lon="114.0623650">
    <ele>71.1</ele>
    <time>2025-09-21T23:47:15Z</time>
   </trkpt>
   <trkpt lat="22.3702570" lon="114.0623730">
    <ele>71.1</ele>
    <time>2025-09-21T23:47:16Z</time>
   </trkpt>
   <trkpt lat="22.3702600" lon="114.0623810">
    <ele>71.2</ele>
    <time>2025-09-21T23:47:17Z</time>
   </trkpt>
   <trkpt lat="22.3702640" lon="114.0623890">
    <ele>71.2</ele>
    <time>2025-09-21T23:47:18Z</time>
   </trkpt>
   <trkpt lat="22.3702680" lon="114.0623910">
    <ele>71.2</ele>
    <time>2025-09-21T23:47:19Z</time>
   </trkpt>
   <trkpt lat="22.3702820" lon="114.0623990">
    <ele>71.3</ele>
    <time>2025-09-21T23:47:20Z</time>
   </trkpt>
   <trkpt lat="22.3702890" lon="114.0624060">
    <ele>71.3</ele>
    <time>2025-09-21T23:47:21Z</time>
   </trkpt>
   <trkpt lat="22.3703020" lon="114.0624190">
    <ele>71.4</ele>
    <time>2025-09-21T23:47:22Z</time>
   </trkpt>
   <trkpt lat="22.3703070" lon="114.0624270">
    <ele>71.5</ele>
    <time>2025-09-21T23:47:23Z</time>
   </trkpt>
   <trkpt lat="22.3703110" lon="114.0624360">
    <ele>71.5</ele>
    <time>2025-09-21T23:47:24Z</time>
   </trkpt>
   <trkpt lat="22.3703150" lon="114.0624440">
    <ele>71.5</ele>
    <time>2025-09-21T23:47:25Z</time>
   </trkpt>
   <trkpt lat="22.3703090" lon="114.0624340">
    <ele>71.6</ele>
    <time>2025-09-21T23:47:26Z</time>
   </trkpt>
   <trkpt lat="22.3703160" lon="114.0624340">
    <ele>71.6</ele>
    <time>2025-09-21T23:47:27Z</time>
   </trkpt>
   <trkpt lat="22.3703230" lon="114.0624340">
    <ele>71.7</ele>
    <time>2025-09-21T23:47:28Z</time>
   </trkpt>
   <trkpt lat="22.3703300" lon="114.0624350">
    <ele>71.7</ele>
    <time>2025-09-21T23:47:29Z</time>
   </trkpt>
   <trkpt lat="22.3703370" lon="114.0624350">
    <ele>71.7</ele>
    <time>2025-09-21T23:47:30Z</time>
   </trkpt>
   <trkpt lat="22.3703440" lon="114.0624350">
    <ele>71.8</ele>
    <time>2025-09-21T23:47:31Z</time>
   </trkpt>
   <trkpt lat="22.3703510" lon="114.0624350">
    <ele>71.8</ele>
    <time>2025-09-21T23:47:32Z</time>
   </trkpt>
   <trkpt lat="22.3703570" lon="114.0624350">
    <ele>71.8</ele>
    <time>2025-09-21T23:47:33Z</time>
   </trkpt>
   <trkpt lat="22.3703680" lon="114.0624440">
    <ele>71.9</ele>
    <time>2025-09-21T23:47:34Z</time>
   </trkpt>
   <trkpt lat="22.3703820" lon="114.0624550">
    <ele>72.0</ele>
    <time>2025-09-21T23:47:35Z</time>
   </trkpt>
   <trkpt lat="22.3703760" lon="114.0624560">
    <ele>72.0</ele>
    <time>2025-09-21T23:47:36Z</time>
   </trkpt>
   <trkpt lat="22.3703880" lon="114.0624630">
    <ele>72.1</ele>
    <time>2025-09-21T23:47:37Z</time>
   </trkpt>
   <trkpt lat="22.3703990" lon="114.0624700">
    <ele>72.2</ele>
    <time>2025-09-21T23:47:38Z</time>
   </trkpt>
   <trkpt lat="22.3704010" lon="114.0624800">
    <ele>72.2</ele>
    <time>2025-09-21T23:47:39Z</time>
   </trkpt>
   <trkpt lat="22.3704090" lon="114.0624890">
    <ele>72.3</ele>
    <time>2025-09-21T23:47:40Z</time>
   </trkpt>
   <trkpt lat="22.3704120" lon="114.0624950">
    <ele>72.3</ele>
    <time>2025-09-21T23:47:41Z</time>
   </trkpt>
   <trkpt lat="22.3704120" lon="114.0625010">
    <ele>72.4</ele>
    <time>2025-09-21T23:47:42Z</time>
   </trkpt>
   <trkpt lat="22.3704170" lon="114.0625140">
    <ele>72.4</ele>
    <time>2025-09-21T23:47:43Z</time>
   </trkpt>
   <trkpt lat="22.3704230" lon="114.0625240">
    <ele>72.5</ele>
    <time>2025-09-21T23:47:44Z</time>
   </trkpt>
   <trkpt lat="22.3704260" lon="114.0625320">
    <ele>72.6</ele>
    <time>2025-09-21T23:47:45Z</time>
   </trkpt>
   <trkpt lat="22.3704300" lon="114.0625390">
    <ele>72.6</ele>
    <time>2025-09-21T23:47:46Z</time>
   </trkpt>
   <trkpt lat="22.3704380" lon="114.0625400">
    <ele>72.7</ele>
    <time>2025-09-21T23:47:47Z</time>
   </trkpt>
   <trkpt lat="22.3704520" lon="114.0625510">
    <ele>72.8</ele>
    <time>2025-09-21T23:47:48Z</time>
   </trkpt>
   <trkpt lat="22.3704650" lon="114.0625640">
    <ele>72.9</ele>
    <time>2025-09-21T23:47:49Z</time>
   </trkpt>
   <trkpt lat="22.3704760" lon="114.0625780">
    <ele>73.0</ele>
    <time>2025-09-21T23:47:50Z</time>
   </trkpt>
   <trkpt lat="22.3704810" lon="114.0625870">
    <ele>73.1</ele>
    <time>2025-09-21T23:47:51Z</time>
   </trkpt>
   <trkpt lat="22.3704860" lon="114.0625960">
    <ele>73.1</ele>
    <time>2025-09-21T23:47:52Z</time>
   </trkpt>
   <trkpt lat="22.3704910" lon="114.0626030">
    <ele>73.2</ele>
    <time>2025-09-21T23:47:53Z</time>
   </trkpt>
   <trkpt lat="22.3705000" lon="114.0626120">
    <ele>73.3</ele>
    <time>2025-09-21T23:47:54Z</time>
   </trkpt>
   <trkpt lat="22.3705060" lon="114.0626190">
    <ele>73.4</ele>
    <time>2025-09-21T23:47:55Z</time>
   </trkpt>
   <trkpt lat="22.3705060" lon="114.0626250">
    <ele>73.4</ele>
    <time>2025-09-21T23:47:56Z</time>
   </trkpt>
   <trkpt lat="22.3705050" lon="114.0626300">
    <ele>73.4</ele>
    <time>2025-09-21T23:47:57Z</time>
   </trkpt>
   <trkpt lat="22.3705090" lon="114.0626410">
    <ele>73.5</ele>
    <time>2025-09-21T23:47:58Z</time>
   </trkpt>
   <trkpt lat="22.3705180" lon="114.0626500">
    <ele>73.6</ele>
    <time>2025-09-21T23:47:59Z</time>
   </trkpt>
   <trkpt lat="22.3705210" lon="114.0626630">
    <ele>73.7</ele>
    <time>2025-09-21T23:48:00Z</time>
   </trkpt>
   <trkpt lat="22.3705250" lon="114.0626700">
    <ele>73.8</ele>
    <time>2025-09-21T23:48:01Z</time>
   </trkpt>
   <trkpt lat="22.3705260" lon="114.0626730">
    <ele>73.8</ele>
    <time>2025-09-21T23:48:02Z</time>
   </trkpt>
   <trkpt lat="22.3705320" lon="114.0626760">
    <ele>73.9</ele>
    <time>2025-09-21T23:48:03Z</time>
   </trkpt>
   <trkpt lat="22.3705390" lon="114.0626830">
    <ele>74.0</ele>
    <time>2025-09-21T23:48:04Z</time>
   </trkpt>
   <trkpt lat="22.3705450" lon="114.0626910">
    <ele>74.0</ele>
    <time>2025-09-21T23:48:05Z</time>
   </trkpt>
   <trkpt lat="22.3705490" lon="114.0626900">
    <ele>74.1</ele>
    <time>2025-09-21T23:48:06Z</time>
   </trkpt>
   <trkpt lat="22.3705610" lon="114.0626960">
    <ele>74.2</ele>
    <time>2025-09-21T23:48:07Z</time>
   </trkpt>
   <trkpt lat="22.3705680" lon="114.0627000">
    <ele>74.3</ele>
    <time>2025-09-21T23:48:08Z</time>
   </trkpt>
   <trkpt lat="22.3705760" lon="114.0627130">
    <ele>74.4</ele>
    <time>2025-09-21T23:48:09Z</time>
   </trkpt>
   <trkpt lat="22.3705820" lon="114.0627170">
    <ele>74.5</ele>
    <time>2025-09-21T23:48:10Z</time>
   </trkpt>
   <trkpt lat="22.3705860" lon="114.0627200">
    <ele>74.5</ele>
    <time>2025-09-21T23:48:11Z</time>
   </trkpt>
   <trkpt lat="22.3705910" lon="114.0627250">
    <ele>74.6</ele>
    <time>2025-09-21T23:48:12Z</time>
   </trkpt>
   <trkpt lat="22.3705910" lon="114.0627230">
    <ele>74.6</ele>
    <time>2025-09-21T23:48:13Z</time>
   </trkpt>
   <trkpt lat="22.3705920" lon="114.0627200">
    <ele>74.7</ele>
    <time>2025-09-21T23:48:14Z</time>
   </trkpt>
   <trkpt lat="22.3705850" lon="114.0627160">
    <ele>74.7</ele>
    <time>2025-09-21T23:48:15Z</time>
   </trkpt>
   <trkpt lat="22.3705860" lon="114.0627080">
    <ele>74.8</ele>
    <time>2025-09-21T23:48:16Z</time>
   </trkpt>
   <trkpt lat="22.3705880" lon="114.0627100">
    <ele>74.8</ele>
    <time>2025-09-21T23:48:17Z</time>
   </trkpt>
   <trkpt lat="22.3705890" lon="114.0627090">
    <ele>74.9</ele>
    <time>2025-09-21T23:48:18Z</time>
   </trkpt>
   <trkpt lat="22.3705890" lon="114.0627090">
    <ele>74.9</ele>
    <time>2025-09-21T23:48:19Z</time>
   </trkpt>
   <trkpt lat="22.3705960" lon="114.0627110">
    <ele>74.9</ele>
    <time>2025-09-21T23:48:20Z</time>
   </trkpt>
   <trkpt lat="22.3706050" lon="114.0627120">
    <ele>75.0</ele>
    <time>2025-09-21T23:48:21Z</time>
   </trkpt>
   <trkpt lat="22.3706090" lon="114.0627150">
    <ele>75.1</ele>
    <time>2025-09-21T23:48:22Z</time>
   </trkpt>
   <trkpt lat="22.3706170" lon="114.0627240">
    <ele>75.2</ele>
    <time>2025-09-21T23:48:23Z</time>
   </trkpt>
   <trkpt lat="22.3706190" lon="114.0627270">
    <ele>75.2</ele>
    <time>2025-09-21T23:48:24Z</time>
   </trkpt>
   <trkpt lat="22.3706240" lon="114.0627330">
    <ele>75.3</ele>
    <time>2025-09-21T23:48:25Z</time>
   </trkpt>
   <trkpt lat="22.3706280" lon="114.0627370">
    <ele>75.4</ele>
    <time>2025-09-21T23:48:26Z</time>
   </trkpt>
   <trkpt lat="22.3706390" lon="114.0627500">
    <ele>75.6</ele>
    <time>2025-09-21T23:48:27Z</time>
   </trkpt>
   <trkpt lat="22.3706460" lon="114.0627600">
    <ele>75.7</ele>
    <time>2025-09-21T23:48:28Z</time>
   </trkpt>
   <trkpt lat="22.3706520" lon="114.0627690">
    <ele>75.8</ele>
    <time>2025-09-21T23:48:29Z</time>
   </trkpt>
   <trkpt lat="22.3706550" lon="114.0627810">
    <ele>76.0</ele>
    <time>2025-09-21T23:48:30Z</time>
   </trkpt>
   <trkpt lat="22.3706620" lon="114.0627860">
    <ele>76.1</ele>
    <time>2025-09-21T23:48:31Z</time>
   </trkpt>
   <trkpt lat="22.3706710" lon="114.0627930">
    <ele>76.2</ele>
    <time>2025-09-21T23:48:32Z</time>
   </trkpt>
   <trkpt lat="22.3706760" lon="114.0627990">
    <ele>76.3</ele>
    <time>2025-09-21T23:48:33Z</time>
   </trkpt>
   <trkpt lat="22.3706810" lon="114.0628020">
    <ele>76.4</ele>
    <time>2025-09-21T23:48:34Z</time>
   </trkpt>
   <trkpt lat="22.3706840" lon="114.0628040">
    <ele>76.4</ele>
    <time>2025-09-21T23:48:35Z</time>
   </trkpt>
   <trkpt lat="22.3706900" lon="114.0628150">
    <ele>76.5</ele>
    <time>2025-09-21T23:48:36Z</time>
   </trkpt>
   <trkpt lat="22.3706970" lon="114.0628250">
    <ele>76.7</ele>
    <time>2025-09-21T23:48:37Z</time>
   </trkpt>
   <trkpt lat="22.3707070" lon="114.0628330">
    <ele>76.8</ele>
    <time>2025-09-21T23:48:38Z</time>
   </trkpt>
   <trkpt lat="22.3707110" lon="114.0628360">
    <ele>76.9</ele>
    <time>2025-09-21T23:48:39Z</time>
   </trkpt>
   <trkpt lat="22.3707200" lon="114.0628420">
    <ele>77.0</ele>
    <time>2025-09-21T23:48:40Z</time>
   </trkpt>
   <trkpt lat="22.3707290" lon="114.0628460">
    <ele>77.1</ele>
    <time>2025-09-21T23:48:41Z</time>
   </trkpt>
   <trkpt lat="22.3707370" lon="114.0628490">
    <ele>77.2</ele>
    <time>2025-09-21T23:48:42Z</time>
   </trkpt>
   <trkpt lat="22.3707430" lon="114.0628520">
    <ele>77.2</ele>
    <time>2025-09-21T23:48:43Z</time>
   </trkpt>
   <trkpt lat="22.3707450" lon="114.0628540">
    <ele>77.3</ele>
    <time>2025-09-21T23:48:44Z</time>
   </trkpt>
   <trkpt lat="22.3707650" lon="114.0628650">
    <ele>77.5</ele>
    <time>2025-09-21T23:48:45Z</time>
   </trkpt>
   <trkpt lat="22.3707790" lon="114.0628730">
    <ele>77.6</ele>
    <time>2025-09-21T23:48:46Z</time>
   </trkpt>
   <trkpt lat="22.3707890" lon="114.0628820">
    <ele>77.8</ele>
    <time>2025-09-21T23:48:47Z</time>
   </trkpt>
   <trkpt lat="22.3708040" lon="114.0629060">
    <ele>78.0</ele>
    <time>2025-09-21T23:48:48Z</time>
   </trkpt>
   <trkpt lat="22.3708090" lon="114.0629170">
    <ele>78.1</ele>
    <time>2025-09-21T23:48:49Z</time>
   </trkpt>
   <trkpt lat="22.3708110" lon="114.0629170">
    <ele>78.1</ele>
    <time>2025-09-21T23:48:50Z</time>
   </trkpt>
   <trkpt lat="22.3708120" lon="114.0629310">
    <ele>78.2</ele>
    <time>2025-09-21T23:48:51Z</time>
   </trkpt>
   <trkpt lat="22.3708120" lon="114.0629470">
    <ele>78.4</ele>
    <time>2025-09-21T23:48:52Z</time>
   </trkpt>
   <trkpt lat="22.3708140" lon="114.0629500">
    <ele>78.4</ele>
    <time>2025-09-21T23:48:53Z</time>
   </trkpt>
   <trkpt lat="22.3708200" lon="114.0629620">
    <ele>78.5</ele>
    <time>2025-09-21T23:48:54Z</time>
   </trkpt>
   <trkpt lat="22.3708250" lon="114.0629720">
    <ele>78.6</ele>
    <time>2025-09-21T23:48:55Z</time>
   </trkpt>
   <trkpt lat="22.3708290" lon="114.0629780">
    <ele>78.6</ele>
    <time>2025-09-21T23:48:56Z</time>
   </trkpt>
   <trkpt lat="22.3708370" lon="114.0629890">
    <ele>78.7</ele>
    <time>2025-09-21T23:48:57Z</time>
   </trkpt>
   <trkpt lat="22.3708430" lon="114.0629980">
    <ele>78.8</ele>
    <time>2025-09-21T23:48:58Z</time>
   </trkpt>
   <trkpt lat="22.3708500" lon="114.0630170">
    <ele>78.9</ele>
    <time>2025-09-21T23:48:59Z</time>
   </trkpt>
   <trkpt lat="22.3708520" lon="114.0630170">
    <ele>78.9</ele>
    <time>2025-09-21T23:49:00Z</time>
   </trkpt>
   <trkpt lat="22.3708560" lon="114.0630250">
    <ele>79.0</ele>
    <time>2025-09-21T23:49:01Z</time>
   </trkpt>
   <trkpt lat="22.3708580" lon="114.0630230">
    <ele>79.0</ele>
    <time>2025-09-21T23:49:02Z</time>
   </trkpt>
   <trkpt lat="22.3708650" lon="114.0630250">
    <ele>79.1</ele>
    <time>2025-09-21T23:49:03Z</time>
   </trkpt>
   <trkpt lat="22.3708720" lon="114.0630320">
    <ele>79.1</ele>
    <time>2025-09-21T23:49:04Z</time>
   </trkpt>
   <trkpt lat="22.3708780" lon="114.0630370">
    <ele>79.2</ele>
    <time>2025-09-21T23:49:05Z</time>
   </trkpt>
   <trkpt lat="22.3708830" lon="114.0630430">
    <ele>79.2</ele>
    <time>2025-09-21T23:49:06Z</time>
   </trkpt>
   <trkpt lat="22.3708880" lon="114.0630490">
    <ele>79.3</ele>
    <time>2025-09-21T23:49:07Z</time>
   </trkpt>
   <trkpt lat="22.3708940" lon="114.0630540">
    <ele>79.3</ele>
    <time>2025-09-21T23:49:08Z</time>
   </trkpt>
   <trkpt lat="22.3709020" lon="114.0630590">
    <ele>79.4</ele>
    <time>2025-09-21T23:49:09Z</time>
   </trkpt>
   <trkpt lat="22.3709110" lon="114.0630680">
    <ele>79.5</ele>
    <time>2025-09-21T23:49:10Z</time>
   </trkpt>
   <trkpt lat="22.3709160" lon="114.0630790">
    <ele>79.6</ele>
    <time>2025-09-21T23:49:11Z</time>
   </trkpt>
   <trkpt lat="22.3709250" lon="114.0630860">
    <ele>79.6</ele>
    <time>2025-09-21T23:49:12Z</time>
   </trkpt>
   <trkpt lat="22.3709310" lon="114.0630960">
    <ele>79.7</ele>
    <time>2025-09-21T23:49:13Z</time>
   </trkpt>
   <trkpt lat="22.3709400" lon="114.0631080">
    <ele>79.8</ele>
    <time>2025-09-21T23:49:14Z</time>
   </trkpt>
   <trkpt lat="22.3709460" lon="114.0631120">
    <ele>79.9</ele>
    <time>2025-09-21T23:49:15Z</time>
   </trkpt>
   <trkpt lat="22.3709530" lon="114.0631170">
    <ele>79.9</ele>
    <time>2025-09-21T23:49:16Z</time>
   </trkpt>
   <trkpt lat="22.3709590" lon="114.0631220">
    <ele>80.0</ele>
    <time>2025-09-21T23:49:17Z</time>
   </trkpt>
   <trkpt lat="22.3709690" lon="114.0631290">
    <ele>80.1</ele>
    <time>2025-09-21T23:49:18Z</time>
   </trkpt>
   <trkpt lat="22.3709750" lon="114.0631330">
    <ele>80.1</ele>
    <time>2025-09-21T23:49:19Z</time>
   </trkpt>
   <trkpt lat="22.3709840" lon="114.0631410">
    <ele>80.2</ele>
    <time>2025-09-21T23:49:20Z</time>
   </trkpt>
   <trkpt lat="22.3709940" lon="114.0631420">
    <ele>80.3</ele>
    <time>2025-09-21T23:49:21Z</time>
   </trkpt>
   <trkpt lat="22.3709990" lon="114.0631480">
    <ele>80.4</ele>
    <time>2025-09-21T23:49:22Z</time>
   </trkpt>
   <trkpt lat="22.3710040" lon="114.0631550">
    <ele>80.5</ele>
    <time>2025-09-21T23:49:23Z</time>
   </trkpt>
   <trkpt lat="22.3710050" lon="114.0631590">
    <ele>80.5</ele>
    <time>2025-09-21T23:49:24Z</time>
   </trkpt>
   <trkpt lat="22.3710120" lon="114.0631660">
    <ele>80.6</ele>
    <time>2025-09-21T23:49:25Z</time>
   </trkpt>
   <trkpt lat="22.3710170" lon="114.0631740">
    <ele>80.7</ele>
    <time>2025-09-21T23:49:26Z</time>
   </trkpt>
   <trkpt lat="22.3710200" lon="114.0631770">
    <ele>80.8</ele>
    <time>2025-09-21T23:49:27Z</time>
   </trkpt>
   <trkpt lat="22.3710270" lon="114.0631840">
    <ele>80.9</ele>
    <time>2025-09-21T23:49:28Z</time>
   </trkpt>
   <trkpt lat="22.3710320" lon="114.0631890">
    <ele>80.9</ele>
    <time>2025-09-21T23:49:29Z</time>
   </trkpt>
   <trkpt lat="22.3710350" lon="114.0631880">
    <ele>81.0</ele>
    <time>2025-09-21T23:49:30Z</time>
   </trkpt>
   <trkpt lat="22.3710430" lon="114.0631930">
    <ele>81.1</ele>
    <time>2025-09-21T23:49:31Z</time>
   </trkpt>
   <trkpt lat="22.3710490" lon="114.0632000">
    <ele>81.2</ele>
    <time>2025-09-21T23:49:32Z</time>
   </trkpt>
   <trkpt lat="22.3710530" lon="114.0631950">
    <ele>81.2</ele>
    <time>2025-09-21T23:49:33Z</time>
   </trkpt>
   <trkpt lat="22.3710590" lon="114.0632000">
    <ele>81.3</ele>
    <time>2025-09-21T23:49:34Z</time>
   </trkpt>
   <trkpt lat="22.3710710" lon="114.0632010">
    <ele>81.5</ele>
    <time>2025-09-21T23:49:35Z</time>
   </trkpt>
   <trkpt lat="22.3710760" lon="114.0632090">
    <ele>81.6</ele>
    <time>2025-09-21T23:49:36Z</time>
   </trkpt>
   <trkpt lat="22.3710830" lon="114.0632150">
    <ele>81.7</ele>
    <time>2025-09-21T23:49:37Z</time>
   </trkpt>
   <trkpt lat="22.3710910" lon="114.0632200">
    <ele>81.8</ele>
    <time>2025-09-21T23:49:38Z</time>
   </trkpt>
   <trkpt lat="22.3711020" lon="114.0632240">
    <ele>82.0</ele>
    <time>2025-09-21T23:49:39Z</time>
   </trkpt>
   <trkpt lat="22.3711050" lon="114.0632230">
    <ele>82.0</ele>
    <time>2025-09-21T23:49:40Z</time>
   </trkpt>
   <trkpt lat="22.3711090" lon="114.0632250">
    <ele>82.1</ele>
    <time>2025-09-21T23:49:41Z</time>
   </trkpt>
   <trkpt lat="22.3711160" lon="114.0632320">
    <ele>82.2</ele>
    <time>2025-09-21T23:49:42Z</time>
   </trkpt>
   <trkpt lat="22.3711210" lon="114.0632360">
    <ele>82.3</ele>
    <time>2025-09-21T23:49:43Z</time>
   </trkpt>
   <trkpt lat="22.3711300" lon="114.0632440">
    <ele>82.4</ele>
    <time>2025-09-21T23:49:44Z</time>
   </trkpt>
   <trkpt lat="22.3711360" lon="114.0632550">
    <ele>82.6</ele>
    <time>2025-09-21T23:49:45Z</time>
   </trkpt>
   <trkpt lat="22.3711460" lon="114.0632640">
    <ele>82.8</ele>
    <time>2025-09-21T23:49:46Z</time>
   </trkpt>
   <trkpt lat="22.3711540" lon="114.0632630">
    <ele>82.9</ele>
    <time>2025-09-21T23:49:47Z</time>
   </trkpt>
   <trkpt lat="22.3711610" lon="114.0632700">
    <ele>83.0</ele>
    <time>2025-09-21T23:49:48Z</time>
   </trkpt>
   <trkpt lat="22.3711660" lon="114.0632760">
    <ele>83.1</ele>
    <time>2025-09-21T23:49:49Z</time>
   </trkpt>
   <trkpt lat="22.3711690" lon="114.0632800">
    <ele>83.2</ele>
    <time>2025-09-21T23:49:50Z</time>
   </trkpt>
   <trkpt lat="22.3711780" lon="114.0632830">
    <ele>83.3</ele>
    <time>2025-09-21T23:49:51Z</time>
   </trkpt>
   <trkpt lat="22.3711960" lon="114.0632860">
    <ele>83.7</ele>
    <time>2025-09-21T23:49:52Z</time>
   </trkpt>
   <trkpt lat="22.3712060" lon="114.0632900">
    <ele>83.8</ele>
    <time>2025-09-21T23:49:53Z</time>
   </trkpt>
   <trkpt lat="22.3712150" lon="114.0632930">
    <ele>84.0</ele>
    <time>2025-09-21T23:49:54Z</time>
   </trkpt>
   <trkpt lat="22.3712240" lon="114.0632940">
    <ele>84.2</ele>
    <time>2025-09-21T23:49:55Z</time>
   </trkpt>
   <trkpt lat="22.3712330" lon="114.0632940">
    <ele>84.3</ele>
    <time>2025-09-21T23:49:56Z</time>
   </trkpt>
   <trkpt lat="22.3712420" lon="114.0632940">
    <ele>84.5</ele>
    <time>2025-09-21T23:49:57Z</time>
   </trkpt>
   <trkpt lat="22.3712470" lon="114.0632950">
    <ele>84.5</ele>
    <time>2025-09-21T23:49:58Z</time>
   </trkpt>
   <trkpt lat="22.3712570" lon="114.0632940">
    <ele>84.7</ele>
    <time>2025-09-21T23:49:59Z</time>
   </trkpt>
   <trkpt lat="22.3712610" lon="114.0632990">
    <ele>84.8</ele>
    <time>2025-09-21T23:50:00Z</time>
   </trkpt>
   <trkpt lat="22.3712650" lon="114.0633000">
    <ele>84.9</ele>
    <time>2025-09-21T23:50:01Z</time>
   </trkpt>
   <trkpt lat="22.3712740" lon="114.0632980">
    <ele>85.0</ele>
    <time>2025-09-21T23:50:02Z</time>
   </trkpt>
   <trkpt lat="22.3712810" lon="114.0632960">
    <ele>85.2</ele>
    <time>2025-09-21T23:50:03Z</time>
   </trkpt>
   <trkpt lat="22.3712940" lon="114.0632970">
    <ele>85.4</ele>
    <time>2025-09-21T23:50:04Z</time>
   </trkpt>
   <trkpt lat="22.3713000" lon="114.0632960">
    <ele>85.5</ele>
    <time>2025-09-21T23:50:05Z</time>
   </trkpt>
   <trkpt lat="22.3713140" lon="114.0632980">
    <ele>85.7</ele>
    <time>2025-09-21T23:50:06Z</time>
   </trkpt>
   <trkpt lat="22.3713260" lon="114.0632980">
    <ele>85.9</ele>
    <time>2025-09-21T23:50:07Z</time>
   </trkpt>
   <trkpt lat="22.3713360" lon="114.0632940">
    <ele>86.1</ele>
    <time>2025-09-21T23:50:08Z</time>
   </trkpt>
   <trkpt lat="22.3713460" lon="114.0632940">
    <ele>86.3</ele>
    <time>2025-09-21T23:50:09Z</time>
   </trkpt>
   <trkpt lat="22.3713510" lon="114.0632880">
    <ele>86.4</ele>
    <time>2025-09-21T23:50:10Z</time>
   </trkpt>
   <trkpt lat="22.3713570" lon="114.0632870">
    <ele>86.5</ele>
    <time>2025-09-21T23:50:11Z</time>
   </trkpt>
   <trkpt lat="22.3713640" lon="114.0632840">
    <ele>86.7</ele>
    <time>2025-09-21T23:50:12Z</time>
   </trkpt>
   <trkpt lat="22.3713730" lon="114.0632810">
    <ele>86.8</ele>
    <time>2025-09-21T23:50:13Z</time>
   </trkpt>
   <trkpt lat="22.3713770" lon="114.0632800">
    <ele>86.9</ele>
    <time>2025-09-21T23:50:14Z</time>
   </trkpt>
   <trkpt lat="22.3713840" lon="114.0632800">
    <ele>87.1</ele>
    <time>2025-09-21T23:50:15Z</time>
   </trkpt>
   <trkpt lat="22.3713920" lon="114.0632780">
    <ele>87.2</ele>
    <time>2025-09-21T23:50:16Z</time>
   </trkpt>
   <trkpt lat="22.3713940" lon="114.0632770">
    <ele>87.3</ele>
    <time>2025-09-21T23:50:17Z</time>
   </trkpt>
   <trkpt lat="22.3713970" lon="114.0632740">
    <ele>87.3</ele>
    <time>2025-09-21T23:50:18Z</time>
   </trkpt>
   <trkpt lat="22.3714030" lon="114.0632720">
    <ele>87.5</ele>
    <time>2025-09-21T23:50:19Z</time>
   </trkpt>
   <trkpt lat="22.3714040" lon="114.0632670">
    <ele>87.6</ele>
    <time>2025-09-21T23:50:20Z</time>
   </trkpt>
   <trkpt lat="22.3714090" lon="114.0632660">
    <ele>87.7</ele>
    <time>2025-09-21T23:50:21Z</time>
   </trkpt>
   <trkpt lat="22.3714190" lon="114.0632600">
    <ele>87.9</ele>
    <time>2025-09-21T23:50:22Z</time>
   </trkpt>
   <trkpt lat="22.3714230" lon="114.0632620">
    <ele>88.0</ele>
    <time>2025-09-21T23:50:23Z</time>
   </trkpt>
   <trkpt lat="22.3714290" lon="114.0632530">
    <ele>88.2</ele>
    <time>2025-09-21T23:50:24Z</time>
   </trkpt>
   <trkpt lat="22.3714450" lon="114.0632500">
    <ele>88.5</ele>
    <time>2025-09-21T23:50:25Z</time>
   </trkpt>
   <trkpt lat="22.3714520" lon="114.0632470">
    <ele>88.7</ele>
    <time>2025-09-21T23:50:26Z</time>
   </trkpt>
   <trkpt lat="22.3714580" lon="114.0632430">
    <ele>88.9</ele>
    <time>2025-09-21T23:50:27Z</time>
   </trkpt>
   <trkpt lat="22.3714640" lon="114.0632400">
    <ele>89.0</ele>
    <time>2025-09-21T23:50:28Z</time>
   </trkpt>
   <trkpt lat="22.3714740" lon="114.0632350">
    <ele>89.3</ele>
    <time>2025-09-21T23:50:29Z</time>
   </trkpt>
   <trkpt lat="22.3714820" lon="114.0632340">
    <ele>89.5</ele>
    <time>2025-09-21T23:50:30Z</time>
   </trkpt>
   <trkpt lat="22.3714910" lon="114.0632330">
    <ele>89.7</ele>
    <time>2025-09-21T23:50:31Z</time>
   </trkpt>
   <trkpt lat="22.3714920" lon="114.0632320">
    <ele>89.7</ele>
    <time>2025-09-21T23:50:32Z</time>
   </trkpt>
   <trkpt lat="22.3714950" lon="114.0632290">
    <ele>89.8</ele>
    <time>2025-09-21T23:50:33Z</time>
   </trkpt>
   <trkpt lat="22.3714920" lon="114.0632300">
    <ele>89.9</ele>
    <time>2025-09-21T23:50:34Z</time>
   </trkpt>
   <trkpt lat="22.3714950" lon="114.0632350">
    <ele>90.0</ele>
    <time>2025-09-21T23:50:35Z</time>
   </trkpt>
   <trkpt lat="22.3715010" lon="114.0632350">
    <ele>90.2</ele>
    <time>2025-09-21T23:50:36Z</time>
   </trkpt>
   <trkpt lat="22.3715090" lon="114.0632300">
    <ele>90.4</ele>
    <time>2025-09-21T23:50:37Z</time>
   </trkpt>
   <trkpt lat="22.3715120" lon="114.0632300">
    <ele>90.5</ele>
    <time>2025-09-21T23:50:38Z</time>
   </trkpt>
   <trkpt lat="22.3715190" lon="114.0632240">
    <ele>90.7</ele>
    <time>2025-09-21T23:50:39Z</time>
   </trkpt>
   <trkpt lat="22.3715270" lon="114.0632250">
    <ele>90.9</ele>
    <time>2025-09-21T23:50:40Z</time>
   </trkpt>
   <trkpt lat="22.3715390" lon="114.0632230">
    <ele>91.2</ele>
    <time>2025-09-21T23:50:41Z</time>
   </trkpt>
   <trkpt lat="22.3715450" lon="114.0632180">
    <ele>91.4</ele>
    <time>2025-09-21T23:50:42Z</time>
   </trkpt>
   <trkpt lat="22.3715560" lon="114.0632200">
    <ele>91.7</ele>
    <time>2025-09-21T23:50:43Z</time>
   </trkpt>
   <trkpt lat="22.3715560" lon="114.0632110">
    <ele>91.9</ele>
    <time>2025-09-21T23:50:44Z</time>
   </trkpt>
   <trkpt lat="22.3715670" lon="114.0632070">
    <ele>92.2</ele>
    <time>2025-09-21T23:50:45Z</time>
   </trkpt>
   <trkpt lat="22.3715740" lon="114.0632050">
    <ele>92.4</ele>
    <time>2025-09-21T23:50:46Z</time>
   </trkpt>
   <trkpt lat="22.3715800" lon="114.0632090">
    <ele>92.5</ele>
    <time>2025-09-21T23:50:47Z</time>
   </trkpt>
   <trkpt lat="22.3715840" lon="114.0632120">
    <ele>92.7</ele>
    <time>2025-09-21T23:50:48Z</time>
   </trkpt>
   <trkpt lat="22.3715870" lon="114.0632150">
    <ele>92.8</ele>
    <time>2025-09-21T23:50:49Z</time>
   </trkpt>
   <trkpt lat="22.3715910" lon="114.0632180">
    <ele>92.9</ele>
    <time>2025-09-21T23:50:50Z</time>
   </trkpt>
   <trkpt lat="22.3715940" lon="114.0632220">
    <ele>93.0</ele>
    <time>2025-09-21T23:50:51Z</time>
   </trkpt>
   <trkpt lat="22.3715970" lon="114.0632250">
    <ele>93.1</ele>
    <time>2025-09-21T23:50:52Z</time>
   </trkpt>
   <trkpt lat="22.3716010" lon="114.0632280">
    <ele>93.2</ele>
    <time>2025-09-21T23:50:53Z</time>
   </trkpt>
   <trkpt lat="22.3716040" lon="114.0632310">
    <ele>93.3</ele>
    <time>2025-09-21T23:50:54Z</time>
   </trkpt>
   <trkpt lat="22.3716130" lon="114.0632370">
    <ele>93.6</ele>
    <time>2025-09-21T23:50:55Z</time>
   </trkpt>
   <trkpt lat="22.3716220" lon="114.0632410">
    <ele>93.8</ele>
    <time>2025-09-21T23:50:56Z</time>
   </trkpt>
   <trkpt lat="22.3716300" lon="114.0632460">
    <ele>94.1</ele>
    <time>2025-09-21T23:50:57Z</time>
   </trkpt>
   <trkpt lat="22.3716360" lon="114.0632510">
    <ele>94.2</ele>
    <time>2025-09-21T23:50:58Z</time>
   </trkpt>
   <trkpt lat="22.3716410" lon="114.0632470">
    <ele>94.4</ele>
    <time>2025-09-21T23:50:59Z</time>
   </trkpt>
   <trkpt lat="22.3716420" lon="114.0632480">
    <ele>94.4</ele>
    <time>2025-09-21T23:51:00Z</time>
   </trkpt>
   <trkpt lat="22.3716430" lon="114.0632510">
    <ele>94.5</ele>
    <time>2025-09-21T23:51:01Z</time>
   </trkpt>
   <trkpt lat="22.3716500" lon="114.0632580">
    <ele>94.7</ele>
    <time>2025-09-21T23:51:02Z</time>
   </trkpt>
   <trkpt lat="22.3716560" lon="114.0632620">
    <ele>94.9</ele>
    <time>2025-09-21T23:51:03Z</time>
   </trkpt>
   <trkpt lat="22.3716640" lon="114.0632670">
    <ele>95.1</ele>
    <time>2025-09-21T23:51:04Z</time>
   </trkpt>
   <trkpt lat="22.3716770" lon="114.0632690">
    <ele>95.4</ele>
    <time>2025-09-21T23:51:05Z</time>
   </trkpt>
   <trkpt lat="22.3716850" lon="114.0632700">
    <ele>95.6</ele>
    <time>2025-09-21T23:51:06Z</time>
   </trkpt>
   <trkpt lat="22.3716980" lon="114.0632750">
    <ele>95.9</ele>
    <time>2025-09-21T23:51:07Z</time>
   </trkpt>
   <trkpt lat="22.3717010" lon="114.0632770">
    <ele>96.0</ele>
    <time>2025-09-21T23:51:08Z</time>
   </trkpt>
   <trkpt lat="22.3717110" lon="114.0632770">
    <ele>96.3</ele>
    <time>2025-09-21T23:51:09Z</time>
   </trkpt>
   <trkpt lat="22.3717160" lon="114.0632790">
    <ele>96.4</ele>
    <time>2025-09-21T23:51:10Z</time>
   </trkpt>
   <trkpt lat="22.3717180" lon="114.0632810">
    <ele>96.4</ele>
    <time>2025-09-21T23:51:11Z</time>
   </trkpt>
   <trkpt lat="22.3717160" lon="114.0632820">
    <ele>96.5</ele>
    <time>2025-09-21T23:51:12Z</time>
   </trkpt>
   <trkpt lat="22.3717150" lon="114.0632790">
    <ele>96.5</ele>
    <time>2025-09-21T23:51:13Z</time>
   </trkpt>
   <trkpt lat="22.3717160" lon="114.0632830">
    <ele>96.6</ele>
    <time>2025-09-21T23:51:14Z</time>
   </trkpt>
   <trkpt lat="22.3717220" lon="114.0632870">
    <ele>96.8</ele>
    <time>2025-09-21T23:51:15Z</time>
   </trkpt>
   <trkpt lat="22.3717260" lon="114.0632900">
    <ele>96.9</ele>
    <time>2025-09-21T23:51:16Z</time>
   </trkpt>
   <trkpt lat="22.3717260" lon="114.0632890">
    <ele>96.9</ele>
    <time>2025-09-21T23:51:17Z</time>
   </trkpt>
   <trkpt lat="22.3717260" lon="114.0632930">
    <ele>97.0</ele>
    <time>2025-09-21T23:51:18Z</time>
   </trkpt>
   <trkpt lat="22.3717320" lon="114.0632970">
    <ele>97.2</ele>
    <time>2025-09-21T23:51:19Z</time>
   </trkpt>
   <trkpt lat="22.3717370" lon="114.0633000">
    <ele>97.3</ele>
    <time>2025-09-21T23:51:20Z</time>
   </trkpt>
   <trkpt lat="22.3717400" lon="114.0633000">
    <ele>97.4</ele>
    <time>2025-09-21T23:51:21Z</time>
   </trkpt>
   <trkpt lat="22.3717420" lon="114.0633020">
    <ele>97.4</ele>
    <time>2025-09-21T23:51:22Z</time>
   </trkpt>
   <trkpt lat="22.3717470" lon="114.0633100">
    <ele>97.6</ele>
    <time>2025-09-21T23:51:23Z</time>
   </trkpt>
   <trkpt lat="22.3717540" lon="114.0633140">
    <ele>97.8</ele>
    <time>2025-09-21T23:51:24Z</time>
   </trkpt>
   <trkpt lat="22.3717600" lon="114.0633140">
    <ele>97.9</ele>
    <time>2025-09-21T23:51:25Z</time>
   </trkpt>
   <trkpt lat="22.3717660" lon="114.0633210">
    <ele>98.1</ele>
    <time>2025-09-21T23:51:26Z</time>
   </trkpt>
   <trkpt lat="22.3717650" lon="114.0633190">
    <ele>98.2</ele>
    <time>2025-09-21T23:51:27Z</time>
   </trkpt>
   <trkpt lat="22.3717760" lon="114.0633270">
    <ele>98.5</ele>
    <time>2025-09-21T23:51:28Z</time>
   </trkpt>
   <trkpt lat="22.3717810" lon="114.0633310">
    <ele>98.6</ele>
    <time>2025-09-21T23:51:29Z</time>
   </trkpt>
   <trkpt lat="22.3717800" lon="114.0633320">
    <ele>98.6</ele>
    <time>2025-09-21T23:51:30Z</time>
   </trkpt>
   <trkpt lat="22.3717850" lon="114.0633350">
    <ele>98.8</ele>
    <time>2025-09-21T23:51:31Z</time>
   </trkpt>
   <trkpt lat="22.3717950" lon="114.0633400">
    <ele>99.0</ele>
    <time>2025-09-21T23:51:32Z</time>
   </trkpt>
   <trkpt lat="22.3718030" lon="114.0633420">
    <ele>99.2</ele>
    <time>2025-09-21T23:51:33Z</time>
   </trkpt>
   <trkpt lat="22.3718110" lon="114.0633470">
    <ele>99.4</ele>
    <time>2025-09-21T23:51:34Z</time>
   </trkpt>
   <trkpt lat="22.3718200" lon="114.0633480">
    <ele>99.6</ele>
    <time>2025-09-21T23:51:35Z</time>
   </trkpt>
   <trkpt lat="22.3718220" lon="114.0633600">
    <ele>99.8</ele>
    <time>2025-09-21T23:51:36Z</time>
   </trkpt>
   <trkpt lat="22.3718230" lon="114.0633610">
    <ele>99.8</ele>
    <time>2025-09-21T23:51:37Z</time>
   </trkpt>
   <trkpt lat="22.3718220" lon="114.0633600">
    <ele>99.9</ele>
    <time>2025-09-21T23:51:38Z</time>
   </trkpt>
   <trkpt lat="22.3718210" lon="114.0633570">
    <ele>99.9</ele>
    <time>2025-09-21T23:51:39Z</time>
   </trkpt>
   <trkpt lat="22.3718220" lon="114.0633570">
    <ele>99.9</ele>
    <time>2025-09-21T23:51:40Z</time>
   </trkpt>
   <trkpt lat="22.3718270" lon="114.0633570">
    <ele>100.1</ele>
    <time>2025-09-21T23:51:41Z</time>
   </trkpt>
   <trkpt lat="22.3718330" lon="114.0633600">
    <ele>100.2</ele>
    <time>2025-09-21T23:51:42Z</time>
   </trkpt>
   <trkpt lat="22.3718360" lon="114.0633610">
    <ele>100.3</ele>
    <time>2025-09-21T23:51:43Z</time>
   </trkpt>
   <trkpt lat="22.3718370" lon="114.0633630">
    <ele>100.3</ele>
    <time>2025-09-21T23:51:44Z</time>
   </trkpt>
   <trkpt lat="22.3718430" lon="114.0633650">
    <ele>100.4</ele>
    <time>2025-09-21T23:51:45Z</time>
   </trkpt>
   <trkpt lat="22.3718470" lon="114.0633660">
    <ele>100.5</ele>
    <time>2025-09-21T23:51:46Z</time>
   </trkpt>
   <trkpt lat="22.3718580" lon="114.0633650">
    <ele>100.7</ele>
    <time>2025-09-21T23:51:47Z</time>
   </trkpt>
   <trkpt lat="22.3718640" lon="114.0633680">
    <ele>100.9</ele>
    <time>2025-09-21T23:51:48Z</time>
   </trkpt>
   <trkpt lat="22.3718750" lon="114.0633750">
    <ele>101.1</ele>
    <time>2025-09-21T23:51:49Z</time>
   </trkpt>
   <trkpt lat="22.3718800" lon="114.0633790">
    <ele>101.2</ele>
    <time>2025-09-21T23:51:50Z</time>
   </trkpt>
   <trkpt lat="22.3718850" lon="114.0633820">
    <ele>101.4</ele>
    <time>2025-09-21T23:51:51Z</time>
   </trkpt>
   <trkpt lat="22.3718900" lon="114.0633860">
    <ele>101.5</ele>
    <time>2025-09-21T23:51:52Z</time>
   </trkpt>
   <trkpt lat="22.3718950" lon="114.0633900">
    <ele>101.6</ele>
    <time>2025-09-21T23:51:53Z</time>
   </trkpt>
   <trkpt lat="22.3719030" lon="114.0633950">
    <ele>101.8</ele>
    <time>2025-09-21T23:51:54Z</time>
   </trkpt>
   <trkpt lat="22.3719180" lon="114.0634060">
    <ele>102.2</ele>
    <time>2025-09-21T23:51:55Z</time>
   </trkpt>
   <trkpt lat="22.3719370" lon="114.0634140">
    <ele>102.6</ele>
    <time>2025-09-21T23:51:56Z</time>
   </trkpt>
   <trkpt lat="22.3719420" lon="114.0634180">
    <ele>102.7</ele>
    <time>2025-09-21T23:51:57Z</time>
   </trkpt>
   <trkpt lat="22.3719460" lon="114.0634210">
    <ele>102.8</ele>
    <time>2025-09-21T23:51:58Z</time>
   </trkpt>
   <trkpt lat="22.3719500" lon="114.0634250">
    <ele>102.9</ele>
    <time>2025-09-21T23:51:59Z</time>
   </trkpt>
   <trkpt lat="22.3719630" lon="114.0634320">
    <ele>103.2</ele>
    <time>2025-09-21T23:52:00Z</time>
   </trkpt>
   <trkpt lat="22.3719730" lon="114.0634380">
    <ele>103.4</ele>
    <time>2025-09-21T23:52:01Z</time>
   </trkpt>
   <trkpt lat="22.3719800" lon="114.0634430">
    <ele>103.5</ele>
    <time>2025-09-21T23:52:02Z</time>
   </trkpt>
   <trkpt lat="22.3719880" lon="114.0634360">
    <ele>103.7</ele>
    <time>2025-09-21T23:52:03Z</time>
   </trkpt>
   <trkpt lat="22.3719930" lon="114.0634370">
    <ele>103.8</ele>
    <time>2025-09-21T23:52:04Z</time>
   </trkpt>
   <trkpt lat="22.3719940" lon="114.0634360">
    <ele>103.8</ele>
    <time>2025-09-21T23:52:05Z</time>
   </trkpt>
   <trkpt lat="22.3719970" lon="114.0634390">
    <ele>103.9</ele>
    <time>2025-09-21T23:52:06Z</time>
   </trkpt>
   <trkpt lat="22.3719910" lon="114.0634380">
    <ele>104.0</ele>
    <time>2025-09-21T23:52:07Z</time>
   </trkpt>
   <trkpt lat="22.3719900" lon="114.0634390">
    <ele>104.1</ele>
    <time>2025-09-21T23:52:08Z</time>
   </trkpt>
   <trkpt lat="22.3719890" lon="114.0634370">
    <ele>104.1</ele>
    <time>2025-09-21T23:52:09Z</time>
   </trkpt>
   <trkpt lat="22.3719890" lon="114.0634380">
    <ele>104.1</ele>
    <time>2025-09-21T23:52:10Z</time>
   </trkpt>
   <trkpt lat="22.3719900" lon="114.0634380">
    <ele>104.1</ele>
    <time>2025-09-21T23:52:11Z</time>
   </trkpt>
   <trkpt lat="22.3719900" lon="114.0634410">
    <ele>104.2</ele>
    <time>2025-09-21T23:52:12Z</time>
   </trkpt>
   <trkpt lat="22.3719860" lon="114.0634420">
    <ele>104.3</ele>
    <time>2025-09-21T23:52:13Z</time>
   </trkpt>
   <trkpt lat="22.3719860" lon="114.0634420">
    <ele>104.3</ele>
    <time>2025-09-21T23:52:14Z</time>
   </trkpt>
   <trkpt lat="22.3719860" lon="114.0634420">
    <ele>104.3</ele>
    <time>2025-09-21T23:52:15Z</time>
   </trkpt>
   <trkpt lat="22.3719830" lon="114.0634420">
    <ele>104.3</ele>
    <time>2025-09-21T23:52:16Z</time>
   </trkpt>
   <trkpt lat="22.3719840" lon="114.0634410">
    <ele>104.4</ele>
    <time>2025-09-21T23:52:17Z</time>
   </trkpt>
   <trkpt lat="22.3719880" lon="114.0634410">
    <ele>104.4</ele>
    <time>2025-09-21T23:52:18Z</time>
   </trkpt>
   <trkpt lat="22.3719960" lon="114.0634470">
    <ele>104.6</ele>
    <time>2025-09-21T23:52:19Z</time>
   </trkpt>
   <trkpt lat="22.3720080" lon="114.0634490">
    <ele>104.9</ele>
    <time>2025-09-21T23:52:20Z</time>
   </trkpt>
   <trkpt lat="22.3720120" lon="114.0634480">
    <ele>105.0</ele>
    <time>2025-09-21T23:52:21Z</time>
   </trkpt>
   <trkpt lat="22.3720190" lon="114.0634520">
    <ele>105.1</ele>
    <time>2025-09-21T23:52:22Z</time>
   </trkpt>
   <trkpt lat="22.3720250" lon="114.0634530">
    <ele>105.3</ele>
    <time>2025-09-21T23:52:23Z</time>
   </trkpt>
   <trkpt lat="22.3720290" lon="114.0634530">
    <ele>105.3</ele>
    <time>2025-09-21T23:52:24Z</time>
   </trkpt>
   <trkpt lat="22.3720390" lon="114.0634550">
    <ele>105.6</ele>
    <time>2025-09-21T23:52:25Z</time>
   </trkpt>
   <trkpt lat="22.3720420" lon="114.0634540">
    <ele>105.6</ele>
    <time>2025-09-21T23:52:26Z</time>
   </trkpt>
   <trkpt lat="22.3720470" lon="114.0634540">
    <ele>105.7</ele>
    <time>2025-09-21T23:52:27Z</time>
   </trkpt>
   <trkpt lat="22.3720500" lon="114.0634530">
    <ele>105.8</ele>
    <time>2025-09-21T23:52:28Z</time>
   </trkpt>
   <trkpt lat="22.3720520" lon="114.0634530">
    <ele>105.9</ele>
    <time>2025-09-21T23:52:29Z</time>
   </trkpt>
   <trkpt lat="22.3720540" lon="114.0634520">
    <ele>105.9</ele>
    <time>2025-09-21T23:52:30Z</time>
   </trkpt>
   <trkpt lat="22.3720600" lon="114.0634500">
    <ele>106.1</ele>
    <time>2025-09-21T23:52:31Z</time>
   </trkpt>
   <trkpt lat="22.3720660" lon="114.0634520">
    <ele>106.2</ele>
    <time>2025-09-21T23:52:32Z</time>
   </trkpt>
   <trkpt lat="22.3720680" lon="114.0634500">
    <ele>106.3</ele>
    <time>2025-09-21T23:52:33Z</time>
   </trkpt>
   <trkpt lat="22.3720700" lon="114.0634500">
    <ele>106.3</ele>
    <time>2025-09-21T23:52:34Z</time>
   </trkpt>
   <trkpt lat="22.3720760" lon="114.0634520">
    <ele>106.5</ele>
    <time>2025-09-21T23:52:35Z</time>
   </trkpt>
   <trkpt lat="22.3720780" lon="114.0634520">
    <ele>106.5</ele>
    <time>2025-09-21T23:52:36Z</time>
   </trkpt>
   <trkpt lat="22.3720780" lon="114.0634530">
    <ele>106.5</ele>
    <time>2025-09-21T23:52:37Z</time>
   </trkpt>
   <trkpt lat="22.3720840" lon="114.0634520">
    <ele>106.7</ele>
    <time>2025-09-21T23:52:38Z</time>
   </trkpt>
   <trkpt lat="22.3720930" lon="114.0634540">
    <ele>106.9</ele>
    <time>2025-09-21T23:52:39Z</time>
   </trkpt>
   <trkpt lat="22.3720980" lon="114.0634540">
    <ele>107.0</ele>
    <time>2025-09-21T23:52:40Z</time>
   </trkpt>
   <trkpt lat="22.3721040" lon="114.0634540">
    <ele>107.2</ele>
    <time>2025-09-21T23:52:41Z</time>
   </trkpt>
   <trkpt lat="22.3721140" lon="114.0634580">
    <ele>107.4</ele>
    <time>2025-09-21T23:52:42Z</time>
   </trkpt>
   <trkpt lat="22.3721130" lon="114.0634580">
    <ele>107.4</ele>
    <time>2025-09-21T23:52:43Z</time>
   </trkpt>
   <trkpt lat="22.3721210" lon="114.0634560">
    <ele>107.6</ele>
    <time>2025-09-21T23:52:44Z</time>
   </trkpt>
   <trkpt lat="22.3721310" lon="114.0634530">
    <ele>107.9</ele>
    <time>2025-09-21T23:52:45Z</time>
   </trkpt>
   <trkpt lat="22.3721350" lon="114.0634540">
    <ele>108.0</ele>
    <time>2025-09-21T23:52:46Z</time>
   </trkpt>
   <trkpt lat="22.3721380" lon="114.0634540">
    <ele>108.0</ele>
    <time>2025-09-21T23:52:47Z</time>
   </trkpt>
   <trkpt lat="22.3721440" lon="114.0634570">
    <ele>108.2</ele>
    <time>2025-09-21T23:52:48Z</time>
   </trkpt>
   <trkpt lat="22.3721490" lon="114.0634590">
    <ele>108.3</ele>
    <time>2025-09-21T23:52:49Z</time>
   </trkpt>
   <trkpt lat="22.3721570" lon="114.0634610">
    <ele>108.5</ele>
    <time>2025-09-21T23:52:50Z</time>
   </trkpt>
   <trkpt lat="22.3721640" lon="114.0634600">
    <ele>108.7</ele>
    <time>2025-09-21T23:52:51Z</time>
   </trkpt>
   <trkpt lat="22.3721730" lon="114.0634590">
    <ele>108.9</ele>
    <time>2025-09-21T23:52:52Z</time>
   </trkpt>
   <trkpt lat="22.3721780" lon="114.0634600">
    <ele>109.0</ele>
    <time>2025-09-21T23:52:53Z</time>
   </trkpt>
   <trkpt lat="22.3721830" lon="114.0634640">
    <ele>109.2</ele>
    <time>2025-09-21T23:52:54Z</time>
   </trkpt>
   <trkpt lat="22.3721900" lon="114.0634660">
    <ele>109.3</ele>
    <time>2025-09-21T23:52:55Z</time>
   </trkpt>
   <trkpt lat="22.3721960" lon="114.0634640">
    <ele>109.5</ele>
    <time>2025-09-21T23:52:56Z</time>
   </trkpt>
   <trkpt lat="22.3722020" lon="114.0634600">
    <ele>109.7</ele>
    <time>2025-09-21T23:52:57Z</time>
   </trkpt>
   <trkpt lat="22.3722060" lon="114.0634550">
    <ele>109.8</ele>
    <time>2025-09-21T23:52:58Z</time>
   </trkpt>
   <trkpt lat="22.3722150" lon="114.0634530">
    <ele>110.0</ele>
    <time>2025-09-21T23:52:59Z</time>
   </trkpt>
   <trkpt lat="22.3722230" lon="114.0634450">
    <ele>110.2</ele>
    <time>2025-09-21T23:53:00Z</time>
   </trkpt>
   <trkpt lat="22.3722250" lon="114.0634490">
    <ele>110.3</ele>
    <time>2025-09-21T23:53:01Z</time>
   </trkpt>
   <trkpt lat="22.3722280" lon="114.0634490">
    <ele>110.4</ele>
    <time>2025-09-21T23:53:02Z</time>
   </trkpt>
   <trkpt lat="22.3722320" lon="114.0634490">
    <ele>110.5</ele>
    <time>2025-09-21T23:53:03Z</time>
   </trkpt>
   <trkpt lat="22.3722430" lon="114.0634470">
    <ele>110.7</ele>
    <time>2025-09-21T23:53:04Z</time>
   </trkpt>
   <trkpt lat="22.3722470" lon="114.0634460">
    <ele>110.8</ele>
    <time>2025-09-21T23:53:05Z</time>
   </trkpt>
   <trkpt lat="22.3722550" lon="114.0634410">
    <ele>111.0</ele>
    <time>2025-09-21T23:53:06Z</time>
   </trkpt>
   <trkpt lat="22.3722620" lon="114.0634390">
    <ele>111.2</ele>
    <time>2025-09-21T23:53:07Z</time>
   </trkpt>
   <trkpt lat="22.3722640" lon="114.0634430">
    <ele>111.2</ele>
    <time>2025-09-21T23:53:08Z</time>
   </trkpt>
   <trkpt lat="22.3722700" lon="114.0634420">
    <ele>111.4</ele>
    <time>2025-09-21T23:53:09Z</time>
   </trkpt>
   <trkpt lat="22.3722810" lon="114.0634430">
    <ele>111.6</ele>
    <time>2025-09-21T23:53:10Z</time>
   </trkpt>
   <trkpt lat="22.3722880" lon="114.0634470">
    <ele>111.7</ele>
    <time>2025-09-21T23:53:11Z</time>
   </trkpt>
   <trkpt lat="22.3722870" lon="114.0634430">
    <ele>111.8</ele>
    <time>2025-09-21T23:53:12Z</time>
   </trkpt>
   <trkpt lat="22.3722890" lon="114.0634460">
    <ele>111.9</ele>
    <time>2025-09-21T23:53:13Z</time>
   </trkpt>
   <trkpt lat="22.3722940" lon="114.0634550">
    <ele>112.1</ele>
    <time>2025-09-21T23:53:14Z</time>
   </trkpt>
   <trkpt lat="22.3723010" lon="114.0634470">
    <ele>112.3</ele>
    <time>2025-09-21T23:53:15Z</time>
   </trkpt>
   <trkpt lat="22.3723060" lon="114.0634520">
    <ele>112.4</ele>
    <time>2025-09-21T23:53:16Z</time>
   </trkpt>
   <trkpt lat="22.3723040" lon="114.0634530">
    <ele>112.4</ele>
    <time>2025-09-21T23:53:17Z</time>
   </trkpt>
   <trkpt lat="22.3723020" lon="114.0634520">
    <ele>112.4</ele>
    <time>2025-09-21T23:53:18Z</time>
   </trkpt>
   <trkpt lat="22.3723000" lon="114.0634550">
    <ele>112.5</ele>
    <time>2025-09-21T23:53:19Z</time>
   </trkpt>
   <trkpt lat="22.3723000" lon="114.0634550">
    <ele>112.5</ele>
    <time>2025-09-21T23:53:20Z</time>
   </trkpt>
   <trkpt lat="22.3723000" lon="114.0634550">
    <ele>112.5</ele>
    <time>2025-09-21T23:53:21Z</time>
   </trkpt>
   <trkpt lat="22.3723000" lon="114.0634550">
    <ele>112.5</ele>
    <time>2025-09-21T23:53:22Z</time>
   </trkpt>
   <trkpt lat="22.3723000" lon="114.0634550">
    <ele>112.5</ele>
    <time>2025-09-21T23:53:23Z</time>
   </trkpt>
   <trkpt lat="22.3723000" lon="114.0634550">
    <ele>112.5</ele>
    <time>2025-09-21T23:53:24Z</time>
   </trkpt>
   <trkpt lat="22.3723000" lon="114.0634550">
    <ele>112.5</ele>
    <time>2025-09-21T23:53:25Z</time>
   </trkpt>
   <trkpt lat="22.3722920" lon="114.0634610">
    <ele>112.7</ele>
    <time>2025-09-21T23:53:26Z</time>
   </trkpt>
   <trkpt lat="22.3722920" lon="114.0634610">
    <ele>112.7</ele>
    <time>2025-09-21T23:53:27Z</time>
   </trkpt>
   <trkpt lat="22.3722910" lon="114.0634600">
    <ele>112.7</ele>
    <time>2025-09-21T23:53:28Z</time>
   </trkpt>
   <trkpt lat="22.3722910" lon="114.0634600">
    <ele>112.7</ele>
    <time>2025-09-21T23:53:29Z</time>
   </trkpt>
   <trkpt lat="22.3722910" lon="114.0634600">
    <ele>112.7</ele>
    <time>2025-09-21T23:53:30Z</time>
   </trkpt>
   <trkpt lat="22.3722910" lon="114.0634600">
    <ele>112.7</ele>
    <time>2025-09-21T23:53:31Z</time>
   </trkpt>
   <trkpt lat="22.3722870" lon="114.0634630">
    <ele>112.8</ele>
    <time>2025-09-21T23:53:32Z</time>
   </trkpt>
   <trkpt lat="22.3722930" lon="114.0634610">
    <ele>112.9</ele>
    <time>2025-09-21T23:53:33Z</time>
   </trkpt>
   <trkpt lat="22.3722950" lon="114.0634590">
    <ele>112.9</ele>
    <time>2025-09-21T23:53:34Z</time>
   </trkpt>
   <trkpt lat="22.3723020" lon="114.0634590">
    <ele>113.0</ele>
    <time>2025-09-21T23:53:35Z</time>
   </trkpt>
   <trkpt lat="22.3723100" lon="114.0634630">
    <ele>113.2</ele>
    <time>2025-09-21T23:53:36Z</time>
   </trkpt>
   <trkpt lat="22.3723200" lon="114.0634690">
    <ele>113.3</ele>
    <time>2025-09-21T23:53:37Z</time>
   </trkpt>
   <trkpt lat="22.3723180" lon="114.0634650">
    <ele>113.4</ele>
    <time>2025-09-21T23:53:38Z</time>
   </trkpt>
   <trkpt lat="22.3723260" lon="114.0634680">
    <ele>113.5</ele>
    <time>2025-09-21T23:53:39Z</time>
   </trkpt>
   <trkpt lat="22.3723380" lon="114.0634700">
    <ele>113.7</ele>
    <time>2025-09-21T23:53:40Z</time>
   </trkpt>
   <trkpt lat="22.3723520" lon="114.0634790">
    <ele>113.9</ele>
    <time>2025-09-21T23:53:41Z</time>
   </trkpt>
   <trkpt lat="22.3723580" lon="114.0634870">
    <ele>114.1</ele>
    <time>2025-09-21T23:53:42Z</time>
   </trkpt>
   <trkpt lat="22.3723680" lon="114.0634890">
    <ele>114.2</ele>
    <time>2025-09-21T23:53:43Z</time>
   </trkpt>
   <trkpt lat="22.3723790" lon="114.0634960">
    <ele>114.3</ele>
    <time>2025-09-21T23:53:44Z</time>
   </trkpt>
   <trkpt lat="22.3723930" lon="114.0635050">
    <ele>114.6</ele>
    <time>2025-09-21T23:53:45Z</time>
   </trkpt>
   <trkpt lat="22.3723990" lon="114.0635090">
    <ele>114.6</ele>
    <time>2025-09-21T23:53:46Z</time>
   </trkpt>
   <trkpt lat="22.3724060" lon="114.0635140">
    <ele>114.8</ele>
    <time>2025-09-21T23:53:47Z</time>
   </trkpt>
   <trkpt lat="22.3724120" lon="114.0635190">
    <ele>114.8</ele>
    <time>2025-09-21T23:53:48Z</time>
   </trkpt>
   <trkpt lat="22.3724300" lon="114.0635260">
    <ele>115.1</ele>
    <time>2025-09-21T23:53:49Z</time>
   </trkpt>
   <trkpt lat="22.3724350" lon="114.0635290">
    <ele>115.2</ele>
    <time>2025-09-21T23:53:50Z</time>
   </trkpt>
   <trkpt lat="22.3724410" lon="114.0635330">
    <ele>115.2</ele>
    <time>2025-09-21T23:53:51Z</time>
   </trkpt>
   <trkpt lat="22.3724460" lon="114.0635370">
    <ele>115.3</ele>
    <time>2025-09-21T23:53:52Z</time>
   </trkpt>
   <trkpt lat="22.3724460" lon="114.0635350">
    <ele>115.3</ele>
    <time>2025-09-21T23:53:53Z</time>
   </trkpt>
   <trkpt lat="22.3724480" lon="114.0635350">
    <ele>115.4</ele>
    <time>2025-09-21T23:53:54Z</time>
   </trkpt>
   <trkpt lat="22.3724470" lon="114.0635370">
    <ele>115.4</ele>
    <time>2025-09-21T23:53:55Z</time>
   </trkpt>
   <trkpt lat="22.3724520" lon="114.0635360">
    <ele>115.5</ele>
    <time>2025-09-21T23:53:56Z</time>
   </trkpt>
   <trkpt lat="22.3724510" lon="114.0635330">
    <ele>115.5</ele>
    <time>2025-09-21T23:53:57Z</time>
   </trkpt>
   <trkpt lat="22.3724520" lon="114.0635310">
    <ele>115.5</ele>
    <time>2025-09-21T23:53:58Z</time>
   </trkpt>
   <trkpt lat="22.3724520" lon="114.0635310">
    <ele>115.5</ele>
    <time>2025-09-21T23:53:59Z</time>
   </trkpt>
   <trkpt lat="22.3724570" lon="114.0635310">
    <ele>115.6</ele>
    <time>2025-09-21T23:54:00Z</time>
   </trkpt>
   <trkpt lat="22.3724600" lon="114.0635300">
    <ele>115.6</ele>
    <time>2025-09-21T23:54:01Z</time>
   </trkpt>
   <trkpt lat="22.3724630" lon="114.0635340">
    <ele>115.7</ele>
    <time>2025-09-21T23:54:02Z</time>
   </trkpt>
   <trkpt lat="22.3724630" lon="114.0635410">
    <ele>115.8</ele>
    <time>2025-09-21T23:54:03Z</time>
   </trkpt>
   <trkpt lat="22.3724630" lon="114.0635440">
    <ele>115.8</ele>
    <time>2025-09-21T23:54:04Z</time>
   </trkpt>
   <trkpt lat="22.3724690" lon="114.0635520">
    <ele>115.9</ele>
    <time>2025-09-21T23:54:05Z</time>
   </trkpt>
   <trkpt lat="22.3724710" lon="114.0635640">
    <ele>116.0</ele>
    <time>2025-09-21T23:54:06Z</time>
   </trkpt>
   <trkpt lat="22.3724670" lon="114.0635680">
    <ele>116.1</ele>
    <time>2025-09-21T23:54:07Z</time>
   </trkpt>
   <trkpt lat="22.3724740" lon="114.0635810">
    <ele>116.3</ele>
    <time>2025-09-21T23:54:08Z</time>
   </trkpt>
   <trkpt lat="22.3724760" lon="114.0636000">
    <ele>116.5</ele>
    <time>2025-09-21T23:54:09Z</time>
   </trkpt>
   <trkpt lat="22.3724750" lon="114.0636130">
    <ele>116.7</ele>
    <time>2025-09-21T23:54:10Z</time>
   </trkpt>
   <trkpt lat="22.3724780" lon="114.0636220">
    <ele>116.8</ele>
    <time>2025-09-21T23:54:11Z</time>
   </trkpt>
   <trkpt lat="22.3724800" lon="114.0636320">
    <ele>116.9</ele>
    <time>2025-09-21T23:54:12Z</time>
   </trkpt>
   <trkpt lat="22.3724830" lon="114.0636410">
    <ele>117.1</ele>
    <time>2025-09-21T23:54:13Z</time>
   </trkpt>
   <trkpt lat="22.3724950" lon="114.0636610">
    <ele>117.4</ele>
    <time>2025-09-21T23:54:14Z</time>
   </trkpt>
   <trkpt lat="22.3724980" lon="114.0636700">
    <ele>117.5</ele>
    <time>2025-09-21T23:54:15Z</time>
   </trkpt>
   <trkpt lat="22.3725010" lon="114.0636780">
    <ele>117.6</ele>
    <time>2025-09-21T23:54:16Z</time>
   </trkpt>
   <trkpt lat="22.3725040" lon="114.0636850">
    <ele>117.8</ele>
    <time>2025-09-21T23:54:17Z</time>
   </trkpt>
   <trkpt lat="22.3725130" lon="114.0636990">
    <ele>118.0</ele>
    <time>2025-09-21T23:54:18Z</time>
   </trkpt>
   <trkpt lat="22.3725200" lon="114.0637080">
    <ele>118.2</ele>
    <time>2025-09-21T23:54:19Z</time>
   </trkpt>
   <trkpt lat="22.3725330" lon="114.0637200">
    <ele>118.5</ele>
    <time>2025-09-21T23:54:20Z</time>
   </trkpt>
   <trkpt lat="22.3725480" lon="114.0637280">
    <ele>118.7</ele>
    <time>2025-09-21T23:54:21Z</time>
   </trkpt>
   <trkpt lat="22.3725490" lon="114.0637340">
    <ele>118.8</ele>
    <time>2025-09-21T23:54:22Z</time>
   </trkpt>
   <trkpt lat="22.3725450" lon="114.0637340">
    <ele>118.9</ele>
    <time>2025-09-21T23:54:23Z</time>
   </trkpt>
   <trkpt lat="22.3725460" lon="114.0637360">
    <ele>118.9</ele>
    <time>2025-09-21T23:54:24Z</time>
   </trkpt>
   <trkpt lat="22.3725510" lon="114.0637360">
    <ele>119.0</ele>
    <time>2025-09-21T23:54:25Z</time>
   </trkpt>
   <trkpt lat="22.3725610" lon="114.0637400">
    <ele>119.2</ele>
    <time>2025-09-21T23:54:26Z</time>
   </trkpt>
   <trkpt lat="22.3725640" lon="114.0637380">
    <ele>119.3</ele>
    <time>2025-09-21T23:54:27Z</time>
   </trkpt>
   <trkpt lat="22.3725610" lon="114.0637390">
    <ele>119.3</ele>
    <time>2025-09-21T23:54:28Z</time>
   </trkpt>
   <trkpt lat="22.3725610" lon="114.0637440">
    <ele>119.4</ele>
    <time>2025-09-21T23:54:29Z</time>
   </trkpt>
   <trkpt lat="22.3725680" lon="114.0637510">
    <ele>119.6</ele>
    <time>2025-09-21T23:54:30Z</time>
   </trkpt>
   <trkpt lat="22.3725770" lon="114.0637640">
    <ele>119.8</ele>
    <time>2025-09-21T23:54:31Z</time>
   </trkpt>
   <trkpt lat="22.3725790" lon="114.0637690">
    <ele>119.9</ele>
    <time>2025-09-21T23:54:32Z</time>
   </trkpt>
   <trkpt lat="22.3725820" lon="114.0637750">
    <ele>120.0</ele>
    <time>2025-09-21T23:54:33Z</time>
   </trkpt>
   <trkpt lat="22.3725840" lon="114.0637810">
    <ele>120.1</ele>
    <time>2025-09-21T23:54:34Z</time>
   </trkpt>
   <trkpt lat="22.3725860" lon="114.0637860">
    <ele>120.2</ele>
    <time>2025-09-21T23:54:35Z</time>
   </trkpt>
   <trkpt lat="22.3725880" lon="114.0637920">
    <ele>120.3</ele>
    <time>2025-09-21T23:54:36Z</time>
   </trkpt>
   <trkpt lat="22.3725900" lon="114.0637920">
    <ele>120.3</ele>
    <time>2025-09-21T23:54:37Z</time>
   </trkpt>
   <trkpt lat="22.3725910" lon="114.0637880">
    <ele>120.4</ele>
    <time>2025-09-21T23:54:38Z</time>
   </trkpt>
   <trkpt lat="22.3725940" lon="114.0637900">
    <ele>120.5</ele>
    <time>2025-09-21T23:54:39Z</time>
   </trkpt>
   <trkpt lat="22.3725940" lon="114.0637890">
    <ele>120.5</ele>
    <time>2025-09-21T23:54:40Z</time>
   </trkpt>
   <trkpt lat="22.3725940" lon="114.0637890">
    <ele>120.5</ele>
    <time>2025-09-21T23:54:41Z</time>
   </trkpt>
   <trkpt lat="22.3725940" lon="114.0637890">
    <ele>120.5</ele>
    <time>2025-09-21T23:54:42Z</time>
   </trkpt>
   <trkpt lat="22.3725940" lon="114.0637890">
    <ele>120.5</ele>
    <time>2025-09-21T23:54:43Z</time>
   </trkpt>
   <trkpt lat="22.3725940" lon="114.0637890">
    <ele>120.5</ele>
    <time>2025-09-21T23:54:44Z</time>
   </trkpt>
   <trkpt lat="22.3725960" lon="114.0637890">
    <ele>120.5</ele>
    <time>2025-09-21T23:54:45Z</time>
   </trkpt>
   <trkpt lat="22.3725970" lon="114.0637900">
    <ele>120.5</ele>
    <time>2025-09-21T23:54:46Z</time>
   </trkpt>
   <trkpt lat="22.3725980" lon="114.0637870">
    <ele>120.6</ele>
    <time>2025-09-21T23:54:47Z</time>
   </trkpt>
   <trkpt lat="22.3726010" lon="114.0637810">
    <ele>120.7</ele>
    <time>2025-09-21T23:54:48Z</time>
   </trkpt>
   <trkpt lat="22.3725980" lon="114.0637860">
    <ele>120.8</ele>
    <time>2025-09-21T23:54:49Z</time>
   </trkpt>
   <trkpt lat="22.3725990" lon="114.0637820">
    <ele>120.9</ele>
    <time>2025-09-21T23:54:50Z</time>
   </trkpt>
   <trkpt lat="22.3725990" lon="114.0637840">
    <ele>120.9</ele>
    <time>2025-09-21T23:54:51Z</time>
   </trkpt>
   <trkpt lat="22.3725990" lon="114.0637840">
    <ele>120.9</ele>
    <time>2025-09-21T23:54:52Z</time>
   </trkpt>
   <trkpt lat="22.3726000" lon="114.0637860">
    <ele>120.9</ele>
    <time>2025-09-21T23:54:53Z</time>
   </trkpt>
   <trkpt lat="22.3726020" lon="114.0637870">
    <ele>121.0</ele>
    <time>2025-09-21T23:54:54Z</time>
   </trkpt>
   <trkpt lat="22.3726090" lon="114.0637940">
    <ele>121.1</ele>
    <time>2025-09-21T23:54:55Z</time>
   </trkpt>
   <trkpt lat="22.3726210" lon="114.0638070">
    <ele>121.4</ele>
    <time>2025-09-21T23:54:56Z</time>
   </trkpt>
   <trkpt lat="22.3726280" lon="114.0638230">
    <ele>121.7</ele>
    <time>2025-09-21T23:54:57Z</time>
   </trkpt>
   <trkpt lat="22.3726310" lon="114.0638290">
    <ele>121.8</ele>
    <time>2025-09-21T23:54:58Z</time>
   </trkpt>
   <trkpt lat="22.3726340" lon="114.0638360">
    <ele>121.9</ele>
    <time>2025-09-21T23:54:59Z</time>
   </trkpt>
   <trkpt lat="22.3726370" lon="114.0638420">
    <ele>122.0</ele>
    <time>2025-09-21T23:55:00Z</time>
   </trkpt>
   <trkpt lat="22.3726670" lon="114.0638580">
    <ele>122.6</ele>
    <time>2025-09-21T23:55:01Z</time>
   </trkpt>
   <trkpt lat="22.3726810" lon="114.0638600">
    <ele>122.8</ele>
    <time>2025-09-21T23:55:02Z</time>
   </trkpt>
   <trkpt lat="22.3727160" lon="114.0638650">
    <ele>123.3</ele>
    <time>2025-09-21T23:55:03Z</time>
   </trkpt>
   <trkpt lat="22.3727460" lon="114.0638770">
    <ele>123.8</ele>
    <time>2025-09-21T23:55:04Z</time>
   </trkpt>
   <trkpt lat="22.3727530" lon="114.0638780">
    <ele>124.0</ele>
    <time>2025-09-21T23:55:05Z</time>
   </trkpt>
   <trkpt lat="22.3727940" lon="114.0638870">
    <ele>124.6</ele>
    <time>2025-09-21T23:55:06Z</time>
   </trkpt>
   <trkpt lat="22.3728140" lon="114.0638880">
    <ele>124.9</ele>
    <time>2025-09-21T23:55:07Z</time>
   </trkpt>
   <trkpt lat="22.3728250" lon="114.0638860">
    <ele>125.1</ele>
    <time>2025-09-21T23:55:08Z</time>
   </trkpt>
   <trkpt lat="22.3728410" lon="114.0638940">
    <ele>125.4</ele>
    <time>2025-09-21T23:55:09Z</time>
   </trkpt>
   <trkpt lat="22.3728370" lon="114.0639140">
    <ele>125.7</ele>
    <time>2025-09-21T23:55:10Z</time>
   </trkpt>
   <trkpt lat="22.3728420" lon="114.0639140">
    <ele>125.8</ele>
    <time>2025-09-21T23:55:11Z</time>
   </trkpt>
   <trkpt lat="22.3728430" lon="114.0639300">
    <ele>126.0</ele>
    <time>2025-09-21T23:55:12Z</time>
   </trkpt>
   <trkpt lat="22.3728430" lon="114.0639450">
    <ele>126.2</ele>
    <time>2025-09-21T23:55:13Z</time>
   </trkpt>
   <trkpt lat="22.3728450" lon="114.0639470">
    <ele>126.3</ele>
    <time>2025-09-21T23:55:14Z</time>
   </trkpt>
   <trkpt lat="22.3728470" lon="114.0639500">
    <ele>126.3</ele>
    <time>2025-09-21T23:55:15Z</time>
   </trkpt>
   <trkpt lat="22.3728490" lon="114.0639520">
    <ele>126.4</ele>
    <time>2025-09-21T23:55:16Z</time>
   </trkpt>
   <trkpt lat="22.3728510" lon="114.0639540">
    <ele>126.4</ele>
    <time>2025-09-21T23:55:17Z</time>
   </trkpt>
   <trkpt lat="22.3728540" lon="114.0639560">
    <ele>126.5</ele>
    <time>2025-09-21T23:55:18Z</time>
   </trkpt>
   <trkpt lat="22.3728560" lon="114.0639580">
    <ele>126.5</ele>
    <time>2025-09-21T23:55:19Z</time>
   </trkpt>
   <trkpt lat="22.3728580" lon="114.0639600">
    <ele>126.6</ele>
    <time>2025-09-21T23:55:20Z</time>
   </trkpt>
   <trkpt lat="22.3728600" lon="114.0639630">
    <ele>126.6</ele>
    <time>2025-09-21T23:55:21Z</time>
   </trkpt>
   <trkpt lat="22.3728620" lon="114.0639650">
    <ele>126.7</ele>
    <time>2025-09-21T23:55:22Z</time>
   </trkpt>
   <trkpt lat="22.3728640" lon="114.0639670">
    <ele>126.7</ele>
    <time>2025-09-21T23:55:23Z</time>
   </trkpt>
   <trkpt lat="22.3728580" lon="114.0639640">
    <ele>126.8</ele>
    <time>2025-09-21T23:55:24Z</time>
   </trkpt>
   <trkpt lat="22.3728530" lon="114.0639640">
    <ele>126.9</ele>
    <time>2025-09-21T23:55:25Z</time>
   </trkpt>
   <trkpt lat="22.3728500" lon="114.0639640">
    <ele>127.0</ele>
    <time>2025-09-21T23:55:26Z</time>
   </trkpt>
   <trkpt lat="22.3728510" lon="114.0639600">
    <ele>127.0</ele>
    <time>2025-09-21T23:55:27Z</time>
   </trkpt>
   <trkpt lat="22.3728490" lon="114.0639560">
    <ele>127.0</ele>
    <time>2025-09-21T23:55:28Z</time>
   </trkpt>
   <trkpt lat="22.3728540" lon="114.0639510">
    <ele>127.1</ele>
    <time>2025-09-21T23:55:29Z</time>
   </trkpt>
   <trkpt lat="22.3728530" lon="114.0639480">
    <ele>127.2</ele>
    <time>2025-09-21T23:55:30Z</time>
   </trkpt>
   <trkpt lat="22.3728520" lon="114.0639390">
    <ele>127.3</ele>
    <time>2025-09-21T23:55:31Z</time>
   </trkpt>
   <trkpt lat="22.3728530" lon="114.0639370">
    <ele>127.3</ele>
    <time>2025-09-21T23:55:32Z</time>
   </trkpt>
   <trkpt lat="22.3728510" lon="114.0639350">
    <ele>127.4</ele>
    <time>2025-09-21T23:55:33Z</time>
   </trkpt>
   <trkpt lat="22.3728490" lon="114.0639320">
    <ele>127.4</ele>
    <time>2025-09-21T23:55:34Z</time>
   </trkpt>
   <trkpt lat="22.3728490" lon="114.0639350">
    <ele>127.5</ele>
    <time>2025-09-21T23:55:35Z</time>
   </trkpt>
   <trkpt lat="22.3728490" lon="114.0639350">
    <ele>127.5</ele>
    <time>2025-09-21T23:55:36Z</time>
   </trkpt>
   <trkpt lat="22.3728490" lon="114.0639370">
    <ele>127.5</ele>
    <time>2025-09-21T23:55:37Z</time>
   </trkpt>
   <trkpt lat="22.3728480" lon="114.0639370">
    <ele>127.5</ele>
    <time>2025-09-21T23:55:38Z</time>
   </trkpt>
   <trkpt lat="22.3728490" lon="114.0639360">
    <ele>127.5</ele>
    <time>2025-09-21T23:55:39Z</time>
   </trkpt>
   <trkpt lat="22.3728520" lon="114.0639360">
    <ele>127.6</ele>
    <time>2025-09-21T23:55:40Z</time>
   </trkpt>
   <trkpt lat="22.3728510" lon="114.0639340">
    <ele>127.6</ele>
    <time>2025-09-21T23:55:41Z</time>
   </trkpt>
   <trkpt lat="22.3728510" lon="114.0639340">
    <ele>127.6</ele>
    <time>2025-09-21T23:55:42Z</time>
   </trkpt>
   <trkpt lat="22.3728510" lon="114.0639340">
    <ele>127.6</ele>
    <time>2025-09-21T23:55:43Z</time>
   </trkpt>
   <trkpt lat="22.3728510" lon="114.0639340">
    <ele>127.6</ele>
    <time>2025-09-21T23:55:44Z</time>
   </trkpt>
   <trkpt lat="22.3728580" lon="114.0639320">
    <ele>127.7</ele>
    <time>2025-09-21T23:55:45Z</time>
   </trkpt>
   <trkpt lat="22.3728590" lon="114.0639340">
    <ele>127.7</ele>
    <time>2025-09-21T23:55:46Z</time>
   </trkpt>
   <trkpt lat="22.3728590" lon="114.0639390">
    <ele>127.8</ele>
    <time>2025-09-21T23:55:47Z</time>
   </trkpt>
   <trkpt lat="22.3728600" lon="114.0639430">
    <ele>127.9</ele>
    <time>2025-09-21T23:55:48Z</time>
   </trkpt>
   <trkpt lat="22.3728630" lon="114.0639480">
    <ele>127.9</ele>
    <time>2025-09-21T23:55:49Z</time>
   </trkpt>
   <trkpt lat="22.3728600" lon="114.0639520">
    <ele>128.0</ele>
    <time>2025-09-21T23:55:50Z</time>
   </trkpt>
   <trkpt lat="22.3728560" lon="114.0639490">
    <ele>128.1</ele>
    <time>2025-09-21T23:55:51Z</time>
   </trkpt>
   <trkpt lat="22.3728570" lon="114.0639530">
    <ele>128.1</ele>
    <time>2025-09-21T23:55:52Z</time>
   </trkpt>
   <trkpt lat="22.3728570" lon="114.0639530">
    <ele>128.1</ele>
    <time>2025-09-21T23:55:53Z</time>
   </trkpt>
   <trkpt lat="22.3728570" lon="114.0639530">
    <ele>128.1</ele>
    <time>2025-09-21T23:55:54Z</time>
   </trkpt>
   <trkpt lat="22.3728570" lon="114.0639530">
    <ele>128.1</ele>
    <time>2025-09-21T23:55:55Z</time>
   </trkpt>
   <trkpt lat="22.3728580" lon="114.0639500">
    <ele>128.2</ele>
    <time>2025-09-21T23:55:56Z</time>
   </trkpt>
   <trkpt lat="22.3728590" lon="114.0639470">
    <ele>128.2</ele>
    <time>2025-09-21T23:55:57Z</time>
   </trkpt>
   <trkpt lat="22.3728550" lon="114.0639490">
    <ele>128.3</ele>
    <time>2025-09-21T23:55:58Z</time>
   </trkpt>
   <trkpt lat="22.3728570" lon="114.0639490">
    <ele>128.3</ele>
    <time>2025-09-21T23:55:59Z</time>
   </trkpt>
   <trkpt lat="22.3728570" lon="114.0639450">
    <ele>128.4</ele>
    <time>2025-09-21T23:56:00Z</time>
   </trkpt>
   <trkpt lat="22.3728610" lon="114.0639380">
    <ele>128.5</ele>
    <time>2025-09-21T23:56:01Z</time>
   </trkpt>
   <trkpt lat="22.3728630" lon="114.0639390">
    <ele>128.5</ele>
    <time>2025-09-21T23:56:02Z</time>
   </trkpt>
   <trkpt lat="22.3728610" lon="114.0639460">
    <ele>128.6</ele>
    <time>2025-09-21T23:56:03Z</time>
   </trkpt>
   <trkpt lat="22.3728640" lon="114.0639440">
    <ele>128.7</ele>
    <time>2025-09-21T23:56:04Z</time>
   </trkpt>
   <trkpt lat="22.3728630" lon="114.0639450">
    <ele>128.7</ele>
    <time>2025-09-21T23:56:05Z</time>
   </trkpt>
   <trkpt lat="22.3728620" lon="114.0639460">
    <ele>128.7</ele>
    <time>2025-09-21T23:56:06Z</time>
   </trkpt>
   <trkpt lat="22.3728610" lon="114.0639450">
    <ele>128.8</ele>
    <time>2025-09-21T23:56:07Z</time>
   </trkpt>
   <trkpt lat="22.3728560" lon="114.0639460">
    <ele>128.8</ele>
    <time>2025-09-21T23:56:08Z</time>
   </trkpt>
   <trkpt lat="22.3728540" lon="114.0639500">
    <ele>128.9</ele>
    <time>2025-09-21T23:56:09Z</time>
   </trkpt>
   <trkpt lat="22.3728530" lon="114.0639480">
    <ele>128.9</ele>
    <time>2025-09-21T23:56:10Z</time>
   </trkpt>
   <trkpt lat="22.3728530" lon="114.0639490">
    <ele>128.9</ele>
    <time>2025-09-21T23:56:11Z</time>
   </trkpt>
   <trkpt lat="22.3728530" lon="114.0639480">
    <ele>129.0</ele>
    <time>2025-09-21T23:56:12Z</time>
   </trkpt>
   <trkpt lat="22.3728530" lon="114.0639470">
    <ele>129.0</ele>
    <time>2025-09-21T23:56:13Z</time>
   </trkpt>
   <trkpt lat="22.3728530" lon="114.0639460">
    <ele>129.0</ele>
    <time>2025-09-21T23:56:14Z</time>
   </trkpt>
   <trkpt lat="22.3728530" lon="114.0639460">
    <ele>129.0</ele>
    <time>2025-09-21T23:56:15Z</time>
   </trkpt>
   <trkpt lat="22.3728530" lon="114.0639460">
    <ele>129.0</ele>
    <time>2025-09-21T23:56:16Z</time>
   </trkpt>
   <trkpt lat="22.3728530" lon="114.0639450">
    <ele>129.0</ele>
    <time>2025-09-21T23:56:17Z</time>
   </trkpt>
   <trkpt lat="22.3728510" lon="114.0639450">
    <ele>129.0</ele>
    <time>2025-09-21T23:56:18Z</time>
   </trkpt>
   <trkpt lat="22.3728510" lon="114.0639450">
    <ele>129.0</ele>
    <time>2025-09-21T23:56:19Z</time>
   </trkpt>
   <trkpt lat="22.3728510" lon="114.0639450">
    <ele>129.0</ele>
    <time>2025-09-21T23:56:20Z</time>
   </trkpt>
   <trkpt lat="22.3728510" lon="114.0639450">
    <ele>129.0</ele>
    <time>2025-09-21T23:56:21Z</time>
   </trkpt>
   <trkpt lat="22.3728510" lon="114.0639450">
    <ele>129.0</ele>
    <time>2025-09-21T23:56:22Z</time>
   </trkpt>
   <trkpt lat="22.3728510" lon="114.0639450">
    <ele>129.0</ele>
    <time>2025-09-21T23:56:23Z</time>
   </trkpt>
   <trkpt lat="22.3728510" lon="114.0639450">
    <ele>129.0</ele>
    <time>2025-09-21T23:56:24Z</time>
   </trkpt>
   <trkpt lat="22.3728510" lon="114.0639450">
    <ele>129.0</ele>
    <time>2025-09-21T23:56:25Z</time>
   </trkpt>
   <trkpt lat="22.3728510" lon="114.0639450">
    <ele>129.0</ele>
    <time>2025-09-21T23:56:26Z</time>
   </trkpt>
   <trkpt lat="22.3728510" lon="114.0639450">
    <ele>129.0</ele>
    <time>2025-09-21T23:56:27Z</time>
   </trkpt>
   <trkpt lat="22.3728510" lon="114.0639450">
    <ele>129.0</ele>
    <time>2025-09-21T23:56:28Z</time>
   </trkpt>
   <trkpt lat="22.3728510" lon="114.0639450">
    <ele>129.0</ele>
    <time>2025-09-21T23:56:29Z</time>
   </trkpt>
   <trkpt lat="22.3728510" lon="114.0639370">
    <ele>129.1</ele>
    <time>2025-09-21T23:56:30Z</time>
   </trkpt>
   <trkpt lat="22.3728510" lon="114.0639360">
    <ele>129.2</ele>
    <time>2025-09-21T23:56:31Z</time>
   </trkpt>
   <trkpt lat="22.3728510" lon="114.0639360">
    <ele>129.2</ele>
    <time>2025-09-21T23:56:32Z</time>
   </trkpt>
   <trkpt lat="22.3728510" lon="114.0639370">
    <ele>129.2</ele>
    <time>2025-09-21T23:56:33Z</time>
   </trkpt>
   <trkpt lat="22.3728530" lon="114.0639370">
    <ele>129.2</ele>
    <time>2025-09-21T23:56:34Z</time>
   </trkpt>
   <trkpt lat="22.3728550" lon="114.0639410">
    <ele>129.3</ele>
    <time>2025-09-21T23:56:35Z</time>
   </trkpt>
   <trkpt lat="22.3728560" lon="114.0639430">
    <ele>129.3</ele>
    <time>2025-09-21T23:56:36Z</time>
   </trkpt>
   <trkpt lat="22.3728560" lon="114.0639420">
    <ele>129.3</ele>
    <time>2025-09-21T23:56:37Z</time>
   </trkpt>
   <trkpt lat="22.3728520" lon="114.0639410">
    <ele>129.4</ele>
    <time>2025-09-21T23:56:38Z</time>
   </trkpt>
   <trkpt lat="22.3728550" lon="114.0639400">
    <ele>129.4</ele>
    <time>2025-09-21T23:56:39Z</time>
   </trkpt>
   <trkpt lat="22.3728550" lon="114.0639400">
    <ele>129.4</ele>
    <time>2025-09-21T23:56:40Z</time>
   </trkpt>
   <trkpt lat="22.3728530" lon="114.0639390">
    <ele>129.4</ele>
    <time>2025-09-21T23:56:41Z</time>
   </trkpt>
   <trkpt lat="22.3728540" lon="114.0639380">
    <ele>129.5</ele>
    <time>2025-09-21T23:56:42Z</time>
   </trkpt>
   <trkpt lat="22.3728550" lon="114.0639450">
    <ele>129.6</ele>
    <time>2025-09-21T23:56:43Z</time>
   </trkpt>
   <trkpt lat="22.3728530" lon="114.0639400">
    <ele>129.6</ele>
    <time>2025-09-21T23:56:44Z</time>
   </trkpt>
   <trkpt lat="22.3728530" lon="114.0639400">
    <ele>129.6</ele>
    <time>2025-09-21T23:56:45Z</time>
   </trkpt>
   <trkpt lat="22.3728530" lon="114.0639400">
    <ele>129.6</ele>
    <time>2025-09-21T23:56:46Z</time>
   </trkpt>
   <trkpt lat="22.3728530" lon="114.0639400">
    <ele>129.6</ele>
    <time>2025-09-21T23:56:47Z</time>
   </trkpt>
   <trkpt lat="22.3728530" lon="114.0639400">
    <ele>129.6</ele>
    <time>2025-09-21T23:56:48Z</time>
   </trkpt>
   <trkpt lat="22.3728530" lon="114.0639400">
    <ele>129.6</ele>
    <time>2025-09-21T23:56:49Z</time>
   </trkpt>
   <trkpt lat="22.3728530" lon="114.0639400">
    <ele>129.6</ele>
    <time>2025-09-21T23:56:50Z</time>
   </trkpt>
   <trkpt lat="22.3728530" lon="114.0639400">
    <ele>129.6</ele>
    <time>2025-09-21T23:56:51Z</time>
   </trkpt>
   <trkpt lat="22.3728530" lon="114.0639400">
    <ele>129.6</ele>
    <time>2025-09-21T23:56:52Z</time>
   </trkpt>
   <trkpt lat="22.3728530" lon="114.0639400">
    <ele>129.6</ele>
    <time>2025-09-21T23:56:53Z</time>
   </trkpt>
   <trkpt lat="22.3728530" lon="114.0639400">
    <ele>129.6</ele>
    <time>2025-09-21T23:56:54Z</time>
   </trkpt>
   <trkpt lat="22.3728530" lon="114.0639400">
    <ele>129.6</ele>
    <time>2025-09-21T23:56:55Z</time>
   </trkpt>
   <trkpt lat="22.3728530" lon="114.0639400">
    <ele>129.6</ele>
    <time>2025-09-21T23:56:56Z</time>
   </trkpt>
   <trkpt lat="22.3728530" lon="114.0639400">
    <ele>129.6</ele>
    <time>2025-09-21T23:56:57Z</time>
   </trkpt>
   <trkpt lat="22.3728490" lon="114.0639350">
    <ele>129.7</ele>
    <time>2025-09-21T23:56:58Z</time>
   </trkpt>
   <trkpt lat="22.3728520" lon="114.0639340">
    <ele>129.8</ele>
    <time>2025-09-21T23:56:59Z</time>
   </trkpt>
   <trkpt lat="22.3728510" lon="114.0639310">
    <ele>129.8</ele>
    <time>2025-09-21T23:57:00Z</time>
   </trkpt>
   <trkpt lat="22.3728510" lon="114.0639270">
    <ele>129.9</ele>
    <time>2025-09-21T23:57:01Z</time>
   </trkpt>
   <trkpt lat="22.3728480" lon="114.0639290">
    <ele>129.9</ele>
    <time>2025-09-21T23:57:02Z</time>
   </trkpt>
   <trkpt lat="22.3728480" lon="114.0639290">
    <ele>129.9</ele>
    <time>2025-09-21T23:57:03Z</time>
   </trkpt>
   <trkpt lat="22.3728470" lon="114.0639220">
    <ele>130.0</ele>
    <time>2025-09-21T23:57:04Z</time>
   </trkpt>
   <trkpt lat="22.3728480" lon="114.0639210">
    <ele>130.1</ele>
    <time>2025-09-21T23:57:05Z</time>
   </trkpt>
   <trkpt lat="22.3728490" lon="114.0639220">
    <ele>130.1</ele>
    <time>2025-09-21T23:57:06Z</time>
   </trkpt>
   <trkpt lat="22.3728500" lon="114.0639260">
    <ele>130.1</ele>
    <time>2025-09-21T23:57:07Z</time>
   </trkpt>
   <trkpt lat="22.3728510" lon="114.0639250">
    <ele>130.2</ele>
    <time>2025-09-21T23:57:08Z</time>
   </trkpt>
   <trkpt lat="22.3728550" lon="114.0639290">
    <ele>130.2</ele>
    <time>2025-09-21T23:57:09Z</time>
   </trkpt>
   <trkpt lat="22.3728570" lon="114.0639260">
    <ele>130.3</ele>
    <time>2025-09-21T23:57:10Z</time>
   </trkpt>
   <trkpt lat="22.3728570" lon="114.0639260">
    <ele>130.3</ele>
    <time>2025-09-21T23:57:11Z</time>
   </trkpt>
   <trkpt lat="22.3728570" lon="114.0639260">
    <ele>130.3</ele>
    <time>2025-09-21T23:57:12Z</time>
   </trkpt>
   <trkpt lat="22.3728570" lon="114.0639280">
    <ele>130.3</ele>
    <time>2025-09-21T23:57:13Z</time>
   </trkpt>
   <trkpt lat="22.3728580" lon="114.0639260">
    <ele>130.3</ele>
    <time>2025-09-21T23:57:14Z</time>
   </trkpt>
   <trkpt lat="22.3728560" lon="114.0639420">
    <ele>130.6</ele>
    <time>2025-09-21T23:57:15Z</time>
   </trkpt>
   <trkpt lat="22.3728530" lon="114.0639610">
    <ele>130.8</ele>
    <time>2025-09-21T23:57:16Z</time>
   </trkpt>
   <trkpt lat="22.3728510" lon="114.0639670">
    <ele>130.9</ele>
    <time>2025-09-21T23:57:17Z</time>
   </trkpt>
   <trkpt lat="22.3728480" lon="114.0639690">
    <ele>131.0</ele>
    <time>2025-09-21T23:57:18Z</time>
   </trkpt>
   <trkpt lat="22.3728490" lon="114.0639640">
    <ele>131.1</ele>
    <time>2025-09-21T23:57:19Z</time>
   </trkpt>
   <trkpt lat="22.3728490" lon="114.0639620">
    <ele>131.1</ele>
    <time>2025-09-21T23:57:20Z</time>
   </trkpt>
   <trkpt lat="22.3728490" lon="114.0639620">
    <ele>131.1</ele>
    <time>2025-09-21T23:57:21Z</time>
   </trkpt>
   <trkpt lat="22.3728490" lon="114.0639620">
    <ele>131.1</ele>
    <time>2025-09-21T23:57:22Z</time>
   </trkpt>
   <trkpt lat="22.3728490" lon="114.0639620">
    <ele>131.1</ele>
    <time>2025-09-21T23:57:23Z</time>
   </trkpt>
   <trkpt lat="22.3728490" lon="114.0639620">
    <ele>131.1</ele>
    <time>2025-09-21T23:57:24Z</time>
   </trkpt>
   <trkpt lat="22.3728490" lon="114.0639620">
    <ele>131.1</ele>
    <time>2025-09-21T23:57:25Z</time>
   </trkpt>
   <trkpt lat="22.3728490" lon="114.0639620">
    <ele>131.1</ele>
    <time>2025-09-21T23:57:26Z</time>
   </trkpt>
   <trkpt lat="22.3728510" lon="114.0639520">
    <ele>131.2</ele>
    <time>2025-09-21T23:57:27Z</time>
   </trkpt>
   <trkpt lat="22.3728490" lon="114.0639530">
    <ele>131.2</ele>
    <time>2025-09-21T23:57:28Z</time>
   </trkpt>
   <trkpt lat="22.3728460" lon="114.0639520">
    <ele>131.3</ele>
    <time>2025-09-21T23:57:29Z</time>
   </trkpt>
   <trkpt lat="22.3728450" lon="114.0639430">
    <ele>131.4</ele>
    <time>2025-09-21T23:57:30Z</time>
   </trkpt>
   <trkpt lat="22.3728460" lon="114.0639360">
    <ele>131.5</ele>
    <time>2025-09-21T23:57:31Z</time>
   </trkpt>
   <trkpt lat="22.3728470" lon="114.0639300">
    <ele>131.6</ele>
    <time>2025-09-21T23:57:32Z</time>
   </trkpt>
   <trkpt lat="22.3728480" lon="114.0639220">
    <ele>131.7</ele>
    <time>2025-09-21T23:57:33Z</time>
   </trkpt>
   <trkpt lat="22.3728500" lon="114.0639230">
    <ele>131.7</ele>
    <time>2025-09-21T23:57:34Z</time>
   </trkpt>
   <trkpt lat="22.3728510" lon="114.0639130">
    <ele>131.8</ele>
    <time>2025-09-21T23:57:35Z</time>
   </trkpt>
   <trkpt lat="22.3728590" lon="114.0639050">
    <ele>132.0</ele>
    <time>2025-09-21T23:57:36Z</time>
   </trkpt>
   <trkpt lat="22.3728650" lon="114.0638960">
    <ele>132.1</ele>
    <time>2025-09-21T23:57:37Z</time>
   </trkpt>
   <trkpt lat="22.3728700" lon="114.0638860">
    <ele>132.3</ele>
    <time>2025-09-21T23:57:38Z</time>
   </trkpt>
   <trkpt lat="22.3728780" lon="114.0638800">
    <ele>132.4</ele>
    <time>2025-09-21T23:57:39Z</time>
   </trkpt>
   <trkpt lat="22.3728840" lon="114.0638680">
    <ele>132.6</ele>
    <time>2025-09-21T23:57:40Z</time>
   </trkpt>
   <trkpt lat="22.3728900" lon="114.0638660">
    <ele>132.6</ele>
    <time>2025-09-21T23:57:41Z</time>
   </trkpt>
   <trkpt lat="22.3728960" lon="114.0638570">
    <ele>132.8</ele>
    <time>2025-09-21T23:57:42Z</time>
   </trkpt>
   <trkpt lat="22.3729030" lon="114.0638500">
    <ele>132.9</ele>
    <time>2025-09-21T23:57:43Z</time>
   </trkpt>
   <trkpt lat="22.3729020" lon="114.0638470">
    <ele>132.9</ele>
    <time>2025-09-21T23:57:44Z</time>
   </trkpt>
   <trkpt lat="22.3729080" lon="114.0638410">
    <ele>133.0</ele>
    <time>2025-09-21T23:57:45Z</time>
   </trkpt>
   <trkpt lat="22.3729150" lon="114.0638370">
    <ele>133.1</ele>
    <time>2025-09-21T23:57:46Z</time>
   </trkpt>
   <trkpt lat="22.3729230" lon="114.0638310">
    <ele>133.3</ele>
    <time>2025-09-21T23:57:47Z</time>
   </trkpt>
   <trkpt lat="22.3729260" lon="114.0638290">
    <ele>133.3</ele>
    <time>2025-09-21T23:57:48Z</time>
   </trkpt>
   <trkpt lat="22.3729240" lon="114.0638130">
    <ele>133.5</ele>
    <time>2025-09-21T23:57:49Z</time>
   </trkpt>
   <trkpt lat="22.3729290" lon="114.0638040">
    <ele>133.6</ele>
    <time>2025-09-21T23:57:50Z</time>
   </trkpt>
   <trkpt lat="22.3729340" lon="114.0638040">
    <ele>133.7</ele>
    <time>2025-09-21T23:57:51Z</time>
   </trkpt>
   <trkpt lat="22.3729390" lon="114.0637930">
    <ele>133.8</ele>
    <time>2025-09-21T23:57:52Z</time>
   </trkpt>
   <trkpt lat="22.3729490" lon="114.0637890">
    <ele>133.9</ele>
    <time>2025-09-21T23:57:53Z</time>
   </trkpt>
   <trkpt lat="22.3729540" lon="114.0637760">
    <ele>134.1</ele>
    <time>2025-09-21T23:57:54Z</time>
   </trkpt>
   <trkpt lat="22.3729550" lon="114.0637700">
    <ele>134.2</ele>
    <time>2025-09-21T23:57:55Z</time>
   </trkpt>
   <trkpt lat="22.3729590" lon="114.0637630">
    <ele>134.2</ele>
    <time>2025-09-21T23:57:56Z</time>
   </trkpt>
   <trkpt lat="22.3729630" lon="114.0637560">
    <ele>134.3</ele>
    <time>2025-09-21T23:57:57Z</time>
   </trkpt>
   <trkpt lat="22.3729690" lon="114.0637470">
    <ele>134.5</ele>
    <time>2025-09-21T23:57:58Z</time>
   </trkpt>
   <trkpt lat="22.3729650" lon="114.0637410">
    <ele>134.6</ele>
    <time>2025-09-21T23:57:59Z</time>
   </trkpt>
   <trkpt lat="22.3729640" lon="114.0637350">
    <ele>134.6</ele>
    <time>2025-09-21T23:58:00Z</time>
   </trkpt>
   <trkpt lat="22.3729660" lon="114.0637340">
    <ele>134.6</ele>
    <time>2025-09-21T23:58:01Z</time>
   </trkpt>
   <trkpt lat="22.3729690" lon="114.0637370">
    <ele>134.7</ele>
    <time>2025-09-21T23:58:02Z</time>
   </trkpt>
   <trkpt lat="22.3729710" lon="114.0637370">
    <ele>134.7</ele>
    <time>2025-09-21T23:58:03Z</time>
   </trkpt>
   <trkpt lat="22.3729760" lon="114.0637350">
    <ele>134.8</ele>
    <time>2025-09-21T23:58:04Z</time>
   </trkpt>
   <trkpt lat="22.3729820" lon="114.0637360">
    <ele>134.9</ele>
    <time>2025-09-21T23:58:05Z</time>
   </trkpt>
   <trkpt lat="22.3729810" lon="114.0637350">
    <ele>134.9</ele>
    <time>2025-09-21T23:58:06Z</time>
   </trkpt>
   <trkpt lat="22.3729760" lon="114.0637380">
    <ele>135.0</ele>
    <time>2025-09-21T23:58:07Z</time>
   </trkpt>
   <trkpt lat="22.3729770" lon="114.0637400">
    <ele>135.0</ele>
    <time>2025-09-21T23:58:08Z</time>
   </trkpt>
   <trkpt lat="22.3729770" lon="114.0637370">
    <ele>135.0</ele>
    <time>2025-09-21T23:58:09Z</time>
   </trkpt>
   <trkpt lat="22.3729770" lon="114.0637390">
    <ele>135.0</ele>
    <time>2025-09-21T23:58:10Z</time>
   </trkpt>
   <trkpt lat="22.3729790" lon="114.0637340">
    <ele>135.1</ele>
    <time>2025-09-21T23:58:11Z</time>
   </trkpt>
   <trkpt lat="22.3729810" lon="114.0637280">
    <ele>135.2</ele>
    <time>2025-09-21T23:58:12Z</time>
   </trkpt>
   <trkpt lat="22.3729850" lon="114.0637250">
    <ele>135.2</ele>
    <time>2025-09-21T23:58:13Z</time>
   </trkpt>
   <trkpt lat="22.3729930" lon="114.0637200">
    <ele>135.3</ele>
    <time>2025-09-21T23:58:14Z</time>
   </trkpt>
   <trkpt lat="22.3730100" lon="114.0637200">
    <ele>135.5</ele>
    <time>2025-09-21T23:58:15Z</time>
   </trkpt>
   <trkpt lat="22.3730160" lon="114.0637170">
    <ele>135.6</ele>
    <time>2025-09-21T23:58:16Z</time>
   </trkpt>
   <trkpt lat="22.3730220" lon="114.0637130">
    <ele>135.7</ele>
    <time>2025-09-21T23:58:17Z</time>
   </trkpt>
   <trkpt lat="22.3730280" lon="114.0637100">
    <ele>135.8</ele>
    <time>2025-09-21T23:58:18Z</time>
   </trkpt>
   <trkpt lat="22.3730390" lon="114.0637060">
    <ele>135.9</ele>
    <time>2025-09-21T23:58:19Z</time>
   </trkpt>
   <trkpt lat="22.3730480" lon="114.0637060">
    <ele>136.0</ele>
    <time>2025-09-21T23:58:20Z</time>
   </trkpt>
   <trkpt lat="22.3730520" lon="114.0636980">
    <ele>136.2</ele>
    <time>2025-09-21T23:58:21Z</time>
   </trkpt>
   <trkpt lat="22.3730560" lon="114.0636990">
    <ele>136.2</ele>
    <time>2025-09-21T23:58:22Z</time>
   </trkpt>
   <trkpt lat="22.3730620" lon="114.0636920">
    <ele>136.3</ele>
    <time>2025-09-21T23:58:23Z</time>
   </trkpt>
   <trkpt lat="22.3730670" lon="114.0636830">
    <ele>136.4</ele>
    <time>2025-09-21T23:58:24Z</time>
   </trkpt>
   <trkpt lat="22.3730760" lon="114.0636900">
    <ele>136.6</ele>
    <time>2025-09-21T23:58:25Z</time>
   </trkpt>
   <trkpt lat="22.3730850" lon="114.0636830">
    <ele>136.7</ele>
    <time>2025-09-21T23:58:26Z</time>
   </trkpt>
   <trkpt lat="22.3730940" lon="114.0636810">
    <ele>136.8</ele>
    <time>2025-09-21T23:58:27Z</time>
   </trkpt>
   <trkpt lat="22.3730990" lon="114.0636740">
    <ele>137.0</ele>
    <time>2025-09-21T23:58:28Z</time>
   </trkpt>
   <trkpt lat="22.3731010" lon="114.0636670">
    <ele>137.0</ele>
    <time>2025-09-21T23:58:29Z</time>
   </trkpt>
   <trkpt lat="22.3731110" lon="114.0636610">
    <ele>137.2</ele>
    <time>2025-09-21T23:58:30Z</time>
   </trkpt>
   <trkpt lat="22.3731150" lon="114.0636570">
    <ele>137.3</ele>
    <time>2025-09-21T23:58:31Z</time>
   </trkpt>
   <trkpt lat="22.3731270" lon="114.0636610">
    <ele>137.4</ele>
    <time>2025-09-21T23:58:32Z</time>
   </trkpt>
   <trkpt lat="22.3731330" lon="114.0636610">
    <ele>137.5</ele>
    <time>2025-09-21T23:58:33Z</time>
   </trkpt>
   <trkpt lat="22.3731380" lon="114.0636580">
    <ele>137.6</ele>
    <time>2025-09-21T23:58:34Z</time>
   </trkpt>
   <trkpt lat="22.3731570" lon="114.0636620">
    <ele>137.9</ele>
    <time>2025-09-21T23:58:35Z</time>
   </trkpt>
   <trkpt lat="22.3731700" lon="114.0636610">
    <ele>138.1</ele>
    <time>2025-09-21T23:58:36Z</time>
   </trkpt>
   <trkpt lat="22.3731800" lon="114.0636660">
    <ele>138.2</ele>
    <time>2025-09-21T23:58:37Z</time>
   </trkpt>
   <trkpt lat="22.3731830" lon="114.0636700">
    <ele>138.3</ele>
    <time>2025-09-21T23:58:38Z</time>
   </trkpt>
   <trkpt lat="22.3731850" lon="114.0636740">
    <ele>138.3</ele>
    <time>2025-09-21T23:58:39Z</time>
   </trkpt>
   <trkpt lat="22.3731880" lon="114.0636770">
    <ele>138.4</ele>
    <time>2025-09-21T23:58:40Z</time>
   </trkpt>
   <trkpt lat="22.3731900" lon="114.0636810">
    <ele>138.5</ele>
    <time>2025-09-21T23:58:41Z</time>
   </trkpt>
   <trkpt lat="22.3731930" lon="114.0636850">
    <ele>138.5</ele>
    <time>2025-09-21T23:58:42Z</time>
   </trkpt>
   <trkpt lat="22.3731950" lon="114.0636890">
    <ele>138.6</ele>
    <time>2025-09-21T23:58:43Z</time>
   </trkpt>
   <trkpt lat="22.3732050" lon="114.0636860">
    <ele>138.7</ele>
    <time>2025-09-21T23:58:44Z</time>
   </trkpt>
   <trkpt lat="22.3732190" lon="114.0636920">
    <ele>138.9</ele>
    <time>2025-09-21T23:58:45Z</time>
   </trkpt>
   <trkpt lat="22.3732260" lon="114.0637020">
    <ele>139.1</ele>
    <time>2025-09-21T23:58:46Z</time>
   </trkpt>
   <trkpt lat="22.3732300" lon="114.0636980">
    <ele>139.2</ele>
    <time>2025-09-21T23:58:47Z</time>
   </trkpt>
   <trkpt lat="22.3732370" lon="114.0637070">
    <ele>139.3</ele>
    <time>2025-09-21T23:58:48Z</time>
   </trkpt>
   <trkpt lat="22.3732400" lon="114.0637110">
    <ele>139.4</ele>
    <time>2025-09-21T23:58:49Z</time>
   </trkpt>
   <trkpt lat="22.3732440" lon="114.0637200">
    <ele>139.5</ele>
    <time>2025-09-21T23:58:50Z</time>
   </trkpt>
   <trkpt lat="22.3732510" lon="114.0637250">
    <ele>139.6</ele>
    <time>2025-09-21T23:58:51Z</time>
   </trkpt>
   <trkpt lat="22.3732560" lon="114.0637310">
    <ele>139.7</ele>
    <time>2025-09-21T23:58:52Z</time>
   </trkpt>
   <trkpt lat="22.3732680" lon="114.0637350">
    <ele>139.9</ele>
    <time>2025-09-21T23:58:53Z</time>
   </trkpt>
   <trkpt lat="22.3732740" lon="114.0637400">
    <ele>140.0</ele>
    <time>2025-09-21T23:58:54Z</time>
   </trkpt>
   <trkpt lat="22.3732810" lon="114.0637430">
    <ele>140.1</ele>
    <time>2025-09-21T23:58:55Z</time>
   </trkpt>
   <trkpt lat="22.3732800" lon="114.0637470">
    <ele>140.2</ele>
    <time>2025-09-21T23:58:56Z</time>
   </trkpt>
   <trkpt lat="22.3732790" lon="114.0637520">
    <ele>140.2</ele>
    <time>2025-09-21T23:58:57Z</time>
   </trkpt>
   <trkpt lat="22.3732800" lon="114.0637570">
    <ele>140.3</ele>
    <time>2025-09-21T23:58:58Z</time>
   </trkpt>
   <trkpt lat="22.3732830" lon="114.0637590">
    <ele>140.3</ele>
    <time>2025-09-21T23:58:59Z</time>
   </trkpt>
   <trkpt lat="22.3732880" lon="114.0637710">
    <ele>140.5</ele>
    <time>2025-09-21T23:59:00Z</time>
   </trkpt>
   <trkpt lat="22.3732870" lon="114.0637810">
    <ele>140.6</ele>
    <time>2025-09-21T23:59:01Z</time>
   </trkpt>
   <trkpt lat="22.3732860" lon="114.0637770">
    <ele>140.6</ele>
    <time>2025-09-21T23:59:02Z</time>
   </trkpt>
   <trkpt lat="22.3732940" lon="114.0637810">
    <ele>140.7</ele>
    <time>2025-09-21T23:59:03Z</time>
   </trkpt>
   <trkpt lat="22.3733040" lon="114.0637800">
    <ele>140.9</ele>
    <time>2025-09-21T23:59:04Z</time>
   </trkpt>
   <trkpt lat="22.3733210" lon="114.0637850">
    <ele>141.1</ele>
    <time>2025-09-21T23:59:05Z</time>
   </trkpt>
   <trkpt lat="22.3733260" lon="114.0637880">
    <ele>141.2</ele>
    <time>2025-09-21T23:59:06Z</time>
   </trkpt>
   <trkpt lat="22.3733400" lon="114.0637850">
    <ele>141.3</ele>
    <time>2025-09-21T23:59:07Z</time>
   </trkpt>
   <trkpt lat="22.3733500" lon="114.0637900">
    <ele>141.5</ele>
    <time>2025-09-21T23:59:08Z</time>
   </trkpt>
   <trkpt lat="22.3733640" lon="114.0637870">
    <ele>141.6</ele>
    <time>2025-09-21T23:59:09Z</time>
   </trkpt>
   <trkpt lat="22.3733700" lon="114.0637840">
    <ele>141.7</ele>
    <time>2025-09-21T23:59:10Z</time>
   </trkpt>
   <trkpt lat="22.3733750" lon="114.0637810">
    <ele>141.8</ele>
    <time>2025-09-21T23:59:11Z</time>
   </trkpt>
   <trkpt lat="22.3733800" lon="114.0637800">
    <ele>141.8</ele>
    <time>2025-09-21T23:59:12Z</time>
   </trkpt>
   <trkpt lat="22.3733930" lon="114.0637730">
    <ele>142.0</ele>
    <time>2025-09-21T23:59:13Z</time>
   </trkpt>
   <trkpt lat="22.3734000" lon="114.0637710">
    <ele>142.1</ele>
    <time>2025-09-21T23:59:14Z</time>
   </trkpt>
   <trkpt lat="22.3734090" lon="114.0637650">
    <ele>142.2</ele>
    <time>2025-09-21T23:59:15Z</time>
   </trkpt>
   <trkpt lat="22.3734100" lon="114.0637570">
    <ele>142.3</ele>
    <time>2025-09-21T23:59:16Z</time>
   </trkpt>
   <trkpt lat="22.3734120" lon="114.0637540">
    <ele>142.3</ele>
    <time>2025-09-21T23:59:17Z</time>
   </trkpt>
   <trkpt lat="22.3734130" lon="114.0637490">
    <ele>142.4</ele>
    <time>2025-09-21T23:59:18Z</time>
   </trkpt>
   <trkpt lat="22.3734150" lon="114.0637420">
    <ele>142.4</ele>
    <time>2025-09-21T23:59:19Z</time>
   </trkpt>
   <trkpt lat="22.3734220" lon="114.0637330">
    <ele>142.6</ele>
    <time>2025-09-21T23:59:20Z</time>
   </trkpt>
   <trkpt lat="22.3734230" lon="114.0637220">
    <ele>142.7</ele>
    <time>2025-09-21T23:59:21Z</time>
   </trkpt>
   <trkpt lat="22.3734240" lon="114.0637130">
    <ele>142.8</ele>
    <time>2025-09-21T23:59:22Z</time>
   </trkpt>
   <trkpt lat="22.3734270" lon="114.0637050">
    <ele>142.8</ele>
    <time>2025-09-21T23:59:23Z</time>
   </trkpt>
   <trkpt lat="22.3734300" lon="114.0636940">
    <ele>143.0</ele>
    <time>2025-09-21T23:59:24Z</time>
   </trkpt>
   <trkpt lat="22.3734350" lon="114.0636830">
    <ele>143.1</ele>
    <time>2025-09-21T23:59:25Z</time>
   </trkpt>
   <trkpt lat="22.3734380" lon="114.0636750">
    <ele>143.2</ele>
    <time>2025-09-21T23:59:26Z</time>
   </trkpt>
   <trkpt lat="22.3734380" lon="114.0636700">
    <ele>143.2</ele>
    <time>2025-09-21T23:59:27Z</time>
   </trkpt>
   <trkpt lat="22.3734410" lon="114.0636610">
    <ele>143.3</ele>
    <time>2025-09-21T23:59:28Z</time>
   </trkpt>
   <trkpt lat="22.3734420" lon="114.0636580">
    <ele>143.3</ele>
    <time>2025-09-21T23:59:29Z</time>
   </trkpt>
   <trkpt lat="22.3734460" lon="114.0636490">
    <ele>143.4</ele>
    <time>2025-09-21T23:59:30Z</time>
   </trkpt>
   <trkpt lat="22.3734430" lon="114.0636500">
    <ele>143.4</ele>
    <time>2025-09-21T23:59:31Z</time>
   </trkpt>
   <trkpt lat="22.3734450" lon="114.0636450">
    <ele>143.5</ele>
    <time>2025-09-21T23:59:32Z</time>
   </trkpt>
   <trkpt lat="22.3734500" lon="114.0636320">
    <ele>143.6</ele>
    <time>2025-09-21T23:59:33Z</time>
   </trkpt>
   <trkpt lat="22.3734520" lon="114.0636280">
    <ele>143.7</ele>
    <time>2025-09-21T23:59:34Z</time>
   </trkpt>
   <trkpt lat="22.3734550" lon="114.0636250">
    <ele>143.7</ele>
    <time>2025-09-21T23:59:35Z</time>
   </trkpt>
   <trkpt lat="22.3734570" lon="114.0636210">
    <ele>143.7</ele>
    <time>2025-09-21T23:59:36Z</time>
   </trkpt>
   <trkpt lat="22.3734600" lon="114.0636180">
    <ele>143.8</ele>
    <time>2025-09-21T23:59:37Z</time>
   </trkpt>
   <trkpt lat="22.3734620" lon="114.0636140">
    <ele>143.8</ele>
    <time>2025-09-21T23:59:38Z</time>
   </trkpt>
   <trkpt lat="22.3734650" lon="114.0636110">
    <ele>143.9</ele>
    <time>2025-09-21T23:59:39Z</time>
   </trkpt>
   <trkpt lat="22.3734690" lon="114.0635930">
    <ele>144.0</ele>
    <time>2025-09-21T23:59:40Z</time>
   </trkpt>
   <trkpt lat="22.3734770" lon="114.0635840">
    <ele>144.1</ele>
    <time>2025-09-21T23:59:41Z</time>
   </trkpt>
   <trkpt lat="22.3734890" lon="114.0635730">
    <ele>144.3</ele>
    <time>2025-09-21T23:59:42Z</time>
   </trkpt>
   <trkpt lat="22.3734990" lon="114.0635690">
    <ele>144.4</ele>
    <time>2025-09-21T23:59:43Z</time>
   </trkpt>
   <trkpt lat="22.3735080" lon="114.0635640">
    <ele>144.5</ele>
    <time>2025-09-21T23:59:44Z</time>
   </trkpt>
   <trkpt lat="22.3735170" lon="114.0635570">
    <ele>144.6</ele>
    <time>2025-09-21T23:59:45Z</time>
   </trkpt>
   <trkpt lat="22.3735280" lon="114.0635550">
    <ele>144.7</ele>
    <time>2025-09-21T23:59:46Z</time>
   </trkpt>
   <trkpt lat="22.3735370" lon="114.0635570">
    <ele>144.8</ele>
    <time>2025-09-21T23:59:47Z</time>
   </trkpt>
   <trkpt lat="22.3735490" lon="114.0635500">
    <ele>144.9</ele>
    <time>2025-09-21T23:59:48Z</time>
   </trkpt>
   <trkpt lat="22.3735620" lon="114.0635520">
    <ele>145.1</ele>
    <time>2025-09-21T23:59:49Z</time>
   </trkpt>
   <trkpt lat="22.3735700" lon="114.0635500">
    <ele>145.1</ele>
    <time>2025-09-21T23:59:50Z</time>
   </trkpt>
   <trkpt lat="22.3735760" lon="114.0635440">
    <ele>145.2</ele>
    <time>2025-09-21T23:59:51Z</time>
   </trkpt>
   <trkpt lat="22.3735830" lon="114.0635370">
    <ele>145.3</ele>
    <time>2025-09-21T23:59:52Z</time>
   </trkpt>
   <trkpt lat="22.3735920" lon="114.0635280">
    <ele>145.4</ele>
    <time>2025-09-21T23:59:53Z</time>
   </trkpt>
   <trkpt lat="22.3735930" lon="114.0635240">
    <ele>145.5</ele>
    <time>2025-09-21T23:59:54Z</time>
   </trkpt>
   <trkpt lat="22.3735930" lon="114.0635190">
    <ele>145.5</ele>
    <time>2025-09-21T23:59:55Z</time>
   </trkpt>
   <trkpt lat="22.3735910" lon="114.0635130">
    <ele>145.6</ele>
    <time>2025-09-21T23:59:56Z</time>
   </trkpt>
   <trkpt lat="22.3735920" lon="114.0635030">
    <ele>145.7</ele>
    <time>2025-09-21T23:59:57Z</time>
   </trkpt>
   <trkpt lat="22.3735920" lon="114.0634900">
    <ele>145.8</ele>
    <time>2025-09-21T23:59:58Z</time>
   </trkpt>
   <trkpt lat="22.3735950" lon="114.0634810">
    <ele>145.9</ele>
    <time>2025-09-21T23:59:59Z</time>
   </trkpt>
   <trkpt lat="22.3735990" lon="114.0634750">
    <ele>146.0</ele>
    <time>2025-09-22T00:00:00Z</time>
   </trkpt>
   <trkpt lat="22.3736040" lon="114.0634690">
    <ele>146.0</ele>
    <time>2025-09-22T00:00:01Z</time>
   </trkpt>
   <trkpt lat="22.3736080" lon="114.0634630">
    <ele>146.1</ele>
    <time>2025-09-22T00:00:02Z</time>
   </trkpt>
   <trkpt lat="22.3736130" lon="114.0634570">
    <ele>146.2</ele>
    <time>2025-09-22T00:00:03Z</time>
   </trkpt>
   <trkpt lat="22.3736190" lon="114.0634460">
    <ele>146.3</ele>
    <time>2025-09-22T00:00:04Z</time>
   </trkpt>
   <trkpt lat="22.3736250" lon="114.0634390">
    <ele>146.4</ele>
    <time>2025-09-22T00:00:05Z</time>
   </trkpt>
   <trkpt lat="22.3736240" lon="114.0634350">
    <ele>146.4</ele>
    <time>2025-09-22T00:00:06Z</time>
   </trkpt>
   <trkpt lat="22.3736280" lon="114.0634270">
    <ele>146.5</ele>
    <time>2025-09-22T00:00:07Z</time>
   </trkpt>
   <trkpt lat="22.3736570" lon="114.0634100">
    <ele>146.9</ele>
    <time>2025-09-22T00:00:08Z</time>
   </trkpt>
   <trkpt lat="22.3736630" lon="114.0634050">
    <ele>146.9</ele>
    <time>2025-09-22T00:00:09Z</time>
   </trkpt>
   <trkpt lat="22.3736630" lon="114.0634020">
    <ele>147.0</ele>
    <time>2025-09-22T00:00:10Z</time>
   </trkpt>
   <trkpt lat="22.3736660" lon="114.0634030">
    <ele>147.0</ele>
    <time>2025-09-22T00:00:11Z</time>
   </trkpt>
   <trkpt lat="22.3736750" lon="114.0633950">
    <ele>147.1</ele>
    <time>2025-09-22T00:00:12Z</time>
   </trkpt>
   <trkpt lat="22.3736820" lon="114.0633870">
    <ele>147.2</ele>
    <time>2025-09-22T00:00:13Z</time>
   </trkpt>
   <trkpt lat="22.3736850" lon="114.0633830">
    <ele>147.3</ele>
    <time>2025-09-22T00:00:14Z</time>
   </trkpt>
   <trkpt lat="22.3736890" lon="114.0633770">
    <ele>147.3</ele>
    <time>2025-09-22T00:00:15Z</time>
   </trkpt>
   <trkpt lat="22.3737010" lon="114.0633710">
    <ele>147.5</ele>
    <time>2025-09-22T00:00:16Z</time>
   </trkpt>
   <trkpt lat="22.3737120" lon="114.0633660">
    <ele>147.6</ele>
    <time>2025-09-22T00:00:17Z</time>
   </trkpt>
   <trkpt lat="22.3737150" lon="114.0633620">
    <ele>147.7</ele>
    <time>2025-09-22T00:00:18Z</time>
   </trkpt>
   <trkpt lat="22.3737230" lon="114.0633510">
    <ele>147.8</ele>
    <time>2025-09-22T00:00:19Z</time>
   </trkpt>
   <trkpt lat="22.3737330" lon="114.0633470">
    <ele>147.9</ele>
    <time>2025-09-22T00:00:20Z</time>
   </trkpt>
   <trkpt lat="22.3737350" lon="114.0633350">
    <ele>148.0</ele>
    <time>2025-09-22T00:00:21Z</time>
   </trkpt>
   <trkpt lat="22.3737380" lon="114.0633270">
    <ele>148.1</ele>
    <time>2025-09-22T00:00:22Z</time>
   </trkpt>
   <trkpt lat="22.3737460" lon="114.0633300">
    <ele>148.2</ele>
    <time>2025-09-22T00:00:23Z</time>
   </trkpt>
   <trkpt lat="22.3737540" lon="114.0633290">
    <ele>148.3</ele>
    <time>2025-09-22T00:00:24Z</time>
   </trkpt>
   <trkpt lat="22.3737650" lon="114.0633300">
    <ele>148.4</ele>
    <time>2025-09-22T00:00:25Z</time>
   </trkpt>
   <trkpt lat="22.3737740" lon="114.0633410">
    <ele>148.5</ele>
    <time>2025-09-22T00:00:26Z</time>
   </trkpt>
   <trkpt lat="22.3737780" lon="114.0633520">
    <ele>148.6</ele>
    <time>2025-09-22T00:00:27Z</time>
   </trkpt>
   <trkpt lat="22.3737760" lon="114.0633530">
    <ele>148.7</ele>
    <time>2025-09-22T00:00:28Z</time>
   </trkpt>
   <trkpt lat="22.3737810" lon="114.0633550">
    <ele>148.7</ele>
    <time>2025-09-22T00:00:29Z</time>
   </trkpt>
   <trkpt lat="22.3737960" lon="114.0633550">
    <ele>148.9</ele>
    <time>2025-09-22T00:00:30Z</time>
   </trkpt>
   <trkpt lat="22.3738060" lon="114.0633560">
    <ele>149.0</ele>
    <time>2025-09-22T00:00:31Z</time>
   </trkpt>
   <trkpt lat="22.3738230" lon="114.0633590">
    <ele>149.1</ele>
    <time>2025-09-22T00:00:32Z</time>
   </trkpt>
   <trkpt lat="22.3738290" lon="114.0633590">
    <ele>149.2</ele>
    <time>2025-09-22T00:00:33Z</time>
   </trkpt>
   <trkpt lat="22.3738340" lon="114.0633600">
    <ele>149.3</ele>
    <time>2025-09-22T00:00:34Z</time>
   </trkpt>
   <trkpt lat="22.3738400" lon="114.0633600">
    <ele>149.3</ele>
    <time>2025-09-22T00:00:35Z</time>
   </trkpt>
   <trkpt lat="22.3738460" lon="114.0633600">
    <ele>149.4</ele>
    <time>2025-09-22T00:00:36Z</time>
   </trkpt>
   <trkpt lat="22.3738540" lon="114.0633670">
    <ele>149.5</ele>
    <time>2025-09-22T00:00:37Z</time>
   </trkpt>
   <trkpt lat="22.3738630" lon="114.0633700">
    <ele>149.6</ele>
    <time>2025-09-22T00:00:38Z</time>
   </trkpt>
   <trkpt lat="22.3738730" lon="114.0633750">
    <ele>149.7</ele>
    <time>2025-09-22T00:00:39Z</time>
   </trkpt>
   <trkpt lat="22.3738860" lon="114.0633900">
    <ele>149.9</ele>
    <time>2025-09-22T00:00:40Z</time>
   </trkpt>
   <trkpt lat="22.3738930" lon="114.0633950">
    <ele>150.0</ele>
    <time>2025-09-22T00:00:41Z</time>
   </trkpt>
   <trkpt lat="22.3739010" lon="114.0634000">
    <ele>150.1</ele>
    <time>2025-09-22T00:00:42Z</time>
   </trkpt>
   <trkpt lat="22.3739050" lon="114.0634040">
    <ele>150.2</ele>
    <time>2025-09-22T00:00:43Z</time>
   </trkpt>
   <trkpt lat="22.3739070" lon="114.0634120">
    <ele>150.3</ele>
    <time>2025-09-22T00:00:44Z</time>
   </trkpt>
   <trkpt lat="22.3739130" lon="114.0634210">
    <ele>150.4</ele>
    <time>2025-09-22T00:00:45Z</time>
   </trkpt>
   <trkpt lat="22.3739170" lon="114.0634290">
    <ele>150.5</ele>
    <time>2025-09-22T00:00:46Z</time>
   </trkpt>
   <trkpt lat="22.3739250" lon="114.0634380">
    <ele>150.6</ele>
    <time>2025-09-22T00:00:47Z</time>
   </trkpt>
   <trkpt lat="22.3739340" lon="114.0634470">
    <ele>150.8</ele>
    <time>2025-09-22T00:00:48Z</time>
   </trkpt>
   <trkpt lat="22.3739390" lon="114.0634510">
    <ele>150.8</ele>
    <time>2025-09-22T00:00:49Z</time>
   </trkpt>
   <trkpt lat="22.3739430" lon="114.0634550">
    <ele>150.9</ele>
    <time>2025-09-22T00:00:50Z</time>
   </trkpt>
   <trkpt lat="22.3739410" lon="114.0634500">
    <ele>150.9</ele>
    <time>2025-09-22T00:00:51Z</time>
   </trkpt>
   <trkpt lat="22.3739410" lon="114.0634500">
    <ele>150.9</ele>
    <time>2025-09-22T00:00:52Z</time>
   </trkpt>
   <trkpt lat="22.3739410" lon="114.0634500">
    <ele>150.9</ele>
    <time>2025-09-22T00:00:53Z</time>
   </trkpt>
   <trkpt lat="22.3739380" lon="114.0634500">
    <ele>151.0</ele>
    <time>2025-09-22T00:00:54Z</time>
   </trkpt>
   <trkpt lat="22.3739420" lon="114.0634570">
    <ele>151.1</ele>
    <time>2025-09-22T00:00:55Z</time>
   </trkpt>
   <trkpt lat="22.3739490" lon="114.0634600">
    <ele>151.1</ele>
    <time>2025-09-22T00:00:56Z</time>
   </trkpt>
   <trkpt lat="22.3739550" lon="114.0634700">
    <ele>151.3</ele>
    <time>2025-09-22T00:00:57Z</time>
   </trkpt>
   <trkpt lat="22.3739540" lon="114.0634730">
    <ele>151.3</ele>
    <time>2025-09-22T00:00:58Z</time>
   </trkpt>
   <trkpt lat="22.3739550" lon="114.0634670">
    <ele>151.4</ele>
    <time>2025-09-22T00:00:59Z</time>
   </trkpt>
   <trkpt lat="22.3739640" lon="114.0634680">
    <ele>151.5</ele>
    <time>2025-09-22T00:01:00Z</time>
   </trkpt>
   <trkpt lat="22.3739710" lon="114.0634660">
    <ele>151.6</ele>
    <time>2025-09-22T00:01:01Z</time>
   </trkpt>
   <trkpt lat="22.3739800" lon="114.0634700">
    <ele>151.7</ele>
    <time>2025-09-22T00:01:02Z</time>
   </trkpt>
   <trkpt lat="22.3739810" lon="114.0634740">
    <ele>151.7</ele>
    <time>2025-09-22T00:01:03Z</time>
   </trkpt>
   <trkpt lat="22.3739810" lon="114.0634730">
    <ele>151.7</ele>
    <time>2025-09-22T00:01:04Z</time>
   </trkpt>
   <trkpt lat="22.3739840" lon="114.0634730">
    <ele>151.7</ele>
    <time>2025-09-22T00:01:05Z</time>
   </trkpt>
   <trkpt lat="22.3739980" lon="114.0634760">
    <ele>151.9</ele>
    <time>2025-09-22T00:01:06Z</time>
   </trkpt>
   <trkpt lat="22.3739990" lon="114.0634670">
    <ele>152.0</ele>
    <time>2025-09-22T00:01:07Z</time>
   </trkpt>
   <trkpt lat="22.3740130" lon="114.0634650">
    <ele>152.1</ele>
    <time>2025-09-22T00:01:08Z</time>
   </trkpt>
   <trkpt lat="22.3740180" lon="114.0634610">
    <ele>152.2</ele>
    <time>2025-09-22T00:01:09Z</time>
   </trkpt>
   <trkpt lat="22.3740220" lon="114.0634600">
    <ele>152.2</ele>
    <time>2025-09-22T00:01:10Z</time>
   </trkpt>
   <trkpt lat="22.3740240" lon="114.0634600">
    <ele>152.2</ele>
    <time>2025-09-22T00:01:11Z</time>
   </trkpt>
   <trkpt lat="22.3740330" lon="114.0634460">
    <ele>152.4</ele>
    <time>2025-09-22T00:01:12Z</time>
   </trkpt>
   <trkpt lat="22.3740340" lon="114.0634410">
    <ele>152.4</ele>
    <time>2025-09-22T00:01:13Z</time>
   </trkpt>
   <trkpt lat="22.3740400" lon="114.0634380">
    <ele>152.5</ele>
    <time>2025-09-22T00:01:14Z</time>
   </trkpt>
   <trkpt lat="22.3740430" lon="114.0634300">
    <ele>152.6</ele>
    <time>2025-09-22T00:01:15Z</time>
   </trkpt>
   <trkpt lat="22.3740500" lon="114.0634180">
    <ele>152.7</ele>
    <time>2025-09-22T00:01:16Z</time>
   </trkpt>
   <trkpt lat="22.3740530" lon="114.0634120">
    <ele>152.8</ele>
    <time>2025-09-22T00:01:17Z</time>
   </trkpt>
   <trkpt lat="22.3740550" lon="114.0634070">
    <ele>152.8</ele>
    <time>2025-09-22T00:01:18Z</time>
   </trkpt>
   <trkpt lat="22.3740570" lon="114.0634020">
    <ele>152.9</ele>
    <time>2025-09-22T00:01:19Z</time>
   </trkpt>
   <trkpt lat="22.3740600" lon="114.0633960">
    <ele>152.9</ele>
    <time>2025-09-22T00:01:20Z</time>
   </trkpt>
   <trkpt lat="22.3740620" lon="114.0633910">
    <ele>152.9</ele>
    <time>2025-09-22T00:01:21Z</time>
   </trkpt>
   <trkpt lat="22.3740740" lon="114.0633770">
    <ele>153.1</ele>
    <time>2025-09-22T00:01:22Z</time>
   </trkpt>
   <trkpt lat="22.3740730" lon="114.0633800">
    <ele>153.1</ele>
    <time>2025-09-22T00:01:23Z</time>
   </trkpt>
   <trkpt lat="22.3740820" lon="114.0633730">
    <ele>153.2</ele>
    <time>2025-09-22T00:01:24Z</time>
   </trkpt>
   <trkpt lat="22.3740850" lon="114.0633660">
    <ele>153.3</ele>
    <time>2025-09-22T00:01:25Z</time>
   </trkpt>
   <trkpt lat="22.3740890" lon="114.0633590">
    <ele>153.3</ele>
    <time>2025-09-22T00:01:26Z</time>
   </trkpt>
   <trkpt lat="22.3740940" lon="114.0633500">
    <ele>153.4</ele>
    <time>2025-09-22T00:01:27Z</time>
   </trkpt>
   <trkpt lat="22.3740970" lon="114.0633490">
    <ele>153.4</ele>
    <time>2025-09-22T00:01:28Z</time>
   </trkpt>
   <trkpt lat="22.3740970" lon="114.0633490">
    <ele>153.4</ele>
    <time>2025-09-22T00:01:29Z</time>
   </trkpt>
   <trkpt lat="22.3740970" lon="114.0633380">
    <ele>153.5</ele>
    <time>2025-09-22T00:01:30Z</time>
   </trkpt>
   <trkpt lat="22.3741050" lon="114.0633270">
    <ele>153.6</ele>
    <time>2025-09-22T00:01:31Z</time>
   </trkpt>
   <trkpt lat="22.3741110" lon="114.0633170">
    <ele>153.7</ele>
    <time>2025-09-22T00:01:32Z</time>
   </trkpt>
   <trkpt lat="22.3741200" lon="114.0633080">
    <ele>153.7</ele>
    <time>2025-09-22T00:01:33Z</time>
   </trkpt>
   <trkpt lat="22.3741270" lon="114.0632990">
    <ele>153.8</ele>
    <time>2025-09-22T00:01:34Z</time>
   </trkpt>
   <trkpt lat="22.3741290" lon="114.0632940">
    <ele>153.8</ele>
    <time>2025-09-22T00:01:35Z</time>
   </trkpt>
   <trkpt lat="22.3741320" lon="114.0632900">
    <ele>153.9</ele>
    <time>2025-09-22T00:01:36Z</time>
   </trkpt>
   <trkpt lat="22.3741340" lon="114.0632850">
    <ele>153.9</ele>
    <time>2025-09-22T00:01:37Z</time>
   </trkpt>
   <trkpt lat="22.3741370" lon="114.0632800">
    <ele>153.9</ele>
    <time>2025-09-22T00:01:38Z</time>
   </trkpt>
   <trkpt lat="22.3741390" lon="114.0632750">
    <ele>154.0</ele>
    <time>2025-09-22T00:01:39Z</time>
   </trkpt>
   <trkpt lat="22.3741450" lon="114.0632680">
    <ele>154.0</ele>
    <time>2025-09-22T00:01:40Z</time>
   </trkpt>
   <trkpt lat="22.3741500" lon="114.0632590">
    <ele>154.1</ele>
    <time>2025-09-22T00:01:41Z</time>
   </trkpt>
   <trkpt lat="22.3741540" lon="114.0632510">
    <ele>154.1</ele>
    <time>2025-09-22T00:01:42Z</time>
   </trkpt>
   <trkpt lat="22.3741600" lon="114.0632400">
    <ele>154.2</ele>
    <time>2025-09-22T00:01:43Z</time>
   </trkpt>
   <trkpt lat="22.3741600" lon="114.0632330">
    <ele>154.2</ele>
    <time>2025-09-22T00:01:44Z</time>
   </trkpt>
   <trkpt lat="22.3741610" lon="114.0632230">
    <ele>154.3</ele>
    <time>2025-09-22T00:01:45Z</time>
   </trkpt>
   <trkpt lat="22.3741620" lon="114.0632150">
    <ele>154.3</ele>
    <time>2025-09-22T00:01:46Z</time>
   </trkpt>
   <trkpt lat="22.3741660" lon="114.0632070">
    <ele>154.3</ele>
    <time>2025-09-22T00:01:47Z</time>
   </trkpt>
   <trkpt lat="22.3741690" lon="114.0631930">
    <ele>154.4</ele>
    <time>2025-09-22T00:01:48Z</time>
   </trkpt>
   <trkpt lat="22.3741650" lon="114.0631810">
    <ele>154.5</ele>
    <time>2025-09-22T00:01:49Z</time>
   </trkpt>
   <trkpt lat="22.3741690" lon="114.0631610">
    <ele>154.5</ele>
    <time>2025-09-22T00:01:50Z</time>
   </trkpt>
   <trkpt lat="22.3741700" lon="114.0631530">
    <ele>154.6</ele>
    <time>2025-09-22T00:01:51Z</time>
   </trkpt>
   <trkpt lat="22.3741720" lon="114.0631440">
    <ele>154.6</ele>
    <time>2025-09-22T00:01:52Z</time>
   </trkpt>
   <trkpt lat="22.3741730" lon="114.0631350">
    <ele>154.6</ele>
    <time>2025-09-22T00:01:53Z</time>
   </trkpt>
   <trkpt lat="22.3741700" lon="114.0631260">
    <ele>154.7</ele>
    <time>2025-09-22T00:01:54Z</time>
   </trkpt>
   <trkpt lat="22.3741680" lon="114.0631220">
    <ele>154.7</ele>
    <time>2025-09-22T00:01:55Z</time>
   </trkpt>
   <trkpt lat="22.3741640" lon="114.0631030">
    <ele>154.8</ele>
    <time>2025-09-22T00:01:56Z</time>
   </trkpt>
   <trkpt lat="22.3741640" lon="114.0630940">
    <ele>154.8</ele>
    <time>2025-09-22T00:01:57Z</time>
   </trkpt>
   <trkpt lat="22.3741650" lon="114.0630860">
    <ele>154.8</ele>
    <time>2025-09-22T00:01:58Z</time>
   </trkpt>
   <trkpt lat="22.3741670" lon="114.0630770">
    <ele>154.9</ele>
    <time>2025-09-22T00:01:59Z</time>
   </trkpt>
   <trkpt lat="22.3741680" lon="114.0630690">
    <ele>154.9</ele>
    <time>2025-09-22T00:02:00Z</time>
   </trkpt>
   <trkpt lat="22.3741690" lon="114.0630610">
    <ele>154.9</ele>
    <time>2025-09-22T00:02:01Z</time>
   </trkpt>
   <trkpt lat="22.3741660" lon="114.0630520">
    <ele>155.0</ele>
    <time>2025-09-22T00:02:02Z</time>
   </trkpt>
   <trkpt lat="22.3741730" lon="114.0630430">
    <ele>155.0</ele>
    <time>2025-09-22T00:02:03Z</time>
   </trkpt>
   <trkpt lat="22.3741800" lon="114.0630370">
    <ele>155.1</ele>
    <time>2025-09-22T00:02:04Z</time>
   </trkpt>
   <trkpt lat="22.3741930" lon="114.0630310">
    <ele>155.1</ele>
    <time>2025-09-22T00:02:05Z</time>
   </trkpt>
   <trkpt lat="22.3742060" lon="114.0630270">
    <ele>155.2</ele>
    <time>2025-09-22T00:02:06Z</time>
   </trkpt>
   <trkpt lat="22.3742120" lon="114.0630230">
    <ele>155.3</ele>
    <time>2025-09-22T00:02:07Z</time>
   </trkpt>
   <trkpt lat="22.3742160" lon="114.0630230">
    <ele>155.3</ele>
    <time>2025-09-22T00:02:08Z</time>
   </trkpt>
   <trkpt lat="22.3742180" lon="114.0630200">
    <ele>155.3</ele>
    <time>2025-09-22T00:02:09Z</time>
   </trkpt>
   <trkpt lat="22.3742210" lon="114.0630160">
    <ele>155.3</ele>
    <time>2025-09-22T00:02:10Z</time>
   </trkpt>
   <trkpt lat="22.3742230" lon="114.0630170">
    <ele>155.3</ele>
    <time>2025-09-22T00:02:11Z</time>
   </trkpt>
   <trkpt lat="22.3742290" lon="114.0630140">
    <ele>155.4</ele>
    <time>2025-09-22T00:02:12Z</time>
   </trkpt>
   <trkpt lat="22.3742370" lon="114.0630110">
    <ele>155.4</ele>
    <time>2025-09-22T00:02:13Z</time>
   </trkpt>
   <trkpt lat="22.3742450" lon="114.0630110">
    <ele>155.5</ele>
    <time>2025-09-22T00:02:14Z</time>
   </trkpt>
   <trkpt lat="22.3742570" lon="114.0630000">
    <ele>155.6</ele>
    <time>2025-09-22T00:02:15Z</time>
   </trkpt>
   <trkpt lat="22.3742560" lon="114.0629950">
    <ele>155.6</ele>
    <time>2025-09-22T00:02:16Z</time>
   </trkpt>
   <trkpt lat="22.3742610" lon="114.0629880">
    <ele>155.7</ele>
    <time>2025-09-22T00:02:17Z</time>
   </trkpt>
   <trkpt lat="22.3742650" lon="114.0629750">
    <ele>155.7</ele>
    <time>2025-09-22T00:02:18Z</time>
   </trkpt>
   <trkpt lat="22.3742710" lon="114.0629670">
    <ele>155.8</ele>
    <time>2025-09-22T00:02:19Z</time>
   </trkpt>
   <trkpt lat="22.3742750" lon="114.0629590">
    <ele>155.9</ele>
    <time>2025-09-22T00:02:20Z</time>
   </trkpt>
   <trkpt lat="22.3742770" lon="114.0629550">
    <ele>155.9</ele>
    <time>2025-09-22T00:02:21Z</time>
   </trkpt>
   <trkpt lat="22.3742840" lon="114.0629520">
    <ele>156.0</ele>
    <time>2025-09-22T00:02:22Z</time>
   </trkpt>
   <trkpt lat="22.3742920" lon="114.0629430">
    <ele>156.0</ele>
    <time>2025-09-22T00:02:23Z</time>
   </trkpt>
   <trkpt lat="22.3743010" lon="114.0629370">
    <ele>156.1</ele>
    <time>2025-09-22T00:02:24Z</time>
   </trkpt>
   <trkpt lat="22.3743080" lon="114.0629260">
    <ele>156.2</ele>
    <time>2025-09-22T00:02:25Z</time>
   </trkpt>
   <trkpt lat="22.3743160" lon="114.0629210">
    <ele>156.3</ele>
    <time>2025-09-22T00:02:26Z</time>
   </trkpt>
   <trkpt lat="22.3743310" lon="114.0629230">
    <ele>156.4</ele>
    <time>2025-09-22T00:02:27Z</time>
   </trkpt>
   <trkpt lat="22.3743430" lon="114.0629300">
    <ele>156.5</ele>
    <time>2025-09-22T00:02:28Z</time>
   </trkpt>
   <trkpt lat="22.3743520" lon="114.0629340">
    <ele>156.6</ele>
    <time>2025-09-22T00:02:29Z</time>
   </trkpt>
   <trkpt lat="22.3743620" lon="114.0629320">
    <ele>156.7</ele>
    <time>2025-09-22T00:02:30Z</time>
   </trkpt>
   <trkpt lat="22.3743700" lon="114.0629300">
    <ele>156.7</ele>
    <time>2025-09-22T00:02:31Z</time>
   </trkpt>
   <trkpt lat="22.3743840" lon="114.0629310">
    <ele>156.8</ele>
    <time>2025-09-22T00:02:32Z</time>
   </trkpt>
   <trkpt lat="22.3743920" lon="114.0629290">
    <ele>156.9</ele>
    <time>2025-09-22T00:02:33Z</time>
   </trkpt>
   <trkpt lat="22.3744100" lon="114.0629320">
    <ele>157.0</ele>
    <time>2025-09-22T00:02:34Z</time>
   </trkpt>
   <trkpt lat="22.3744150" lon="114.0629300">
    <ele>157.1</ele>
    <time>2025-09-22T00:02:35Z</time>
   </trkpt>
   <trkpt lat="22.3744190" lon="114.0629290">
    <ele>157.1</ele>
    <time>2025-09-22T00:02:36Z</time>
   </trkpt>
   <trkpt lat="22.3744240" lon="114.0629270">
    <ele>157.1</ele>
    <time>2025-09-22T00:02:37Z</time>
   </trkpt>
   <trkpt lat="22.3744290" lon="114.0629260">
    <ele>157.2</ele>
    <time>2025-09-22T00:02:38Z</time>
   </trkpt>
   <trkpt lat="22.3744390" lon="114.0629250">
    <ele>157.2</ele>
    <time>2025-09-22T00:02:39Z</time>
   </trkpt>
   <trkpt lat="22.3744520" lon="114.0629200">
    <ele>157.3</ele>
    <time>2025-09-22T00:02:40Z</time>
   </trkpt>
   <trkpt lat="22.3744630" lon="114.0629170">
    <ele>157.4</ele>
    <time>2025-09-22T00:02:41Z</time>
   </trkpt>
   <trkpt lat="22.3744720" lon="114.0629200">
    <ele>157.5</ele>
    <time>2025-09-22T00:02:42Z</time>
   </trkpt>
   <trkpt lat="22.3744750" lon="114.0629250">
    <ele>157.5</ele>
    <time>2025-09-22T00:02:43Z</time>
   </trkpt>
   <trkpt lat="22.3744810" lon="114.0629330">
    <ele>157.6</ele>
    <time>2025-09-22T00:02:44Z</time>
   </trkpt>
   <trkpt lat="22.3744870" lon="114.0629470">
    <ele>157.7</ele>
    <time>2025-09-22T00:02:45Z</time>
   </trkpt>
   <trkpt lat="22.3744810" lon="114.0629680">
    <ele>157.8</ele>
    <time>2025-09-22T00:02:46Z</time>
   </trkpt>
   <trkpt lat="22.3744790" lon="114.0629760">
    <ele>157.8</ele>
    <time>2025-09-22T00:02:47Z</time>
   </trkpt>
   <trkpt lat="22.3744770" lon="114.0629850">
    <ele>157.9</ele>
    <time>2025-09-22T00:02:48Z</time>
   </trkpt>
   <trkpt lat="22.3744770" lon="114.0629970">
    <ele>158.0</ele>
    <time>2025-09-22T00:02:49Z</time>
   </trkpt>
   <trkpt lat="22.3744770" lon="114.0630100">
    <ele>158.1</ele>
    <time>2025-09-22T00:02:50Z</time>
   </trkpt>
   <trkpt lat="22.3744700" lon="114.0630190">
    <ele>158.1</ele>
    <time>2025-09-22T00:02:51Z</time>
   </trkpt>
   <trkpt lat="22.3744710" lon="114.0630310">
    <ele>158.2</ele>
    <time>2025-09-22T00:02:52Z</time>
   </trkpt>
   <trkpt lat="22.3744780" lon="114.0630420">
    <ele>158.3</ele>
    <time>2025-09-22T00:02:53Z</time>
   </trkpt>
   <trkpt lat="22.3744870" lon="114.0630480">
    <ele>158.4</ele>
    <time>2025-09-22T00:02:54Z</time>
   </trkpt>
   <trkpt lat="22.3744880" lon="114.0630600">
    <ele>158.4</ele>
    <time>2025-09-22T00:02:55Z</time>
   </trkpt>
   <trkpt lat="22.3744930" lon="114.0630720">
    <ele>158.5</ele>
    <time>2025-09-22T00:02:56Z</time>
   </trkpt>
   <trkpt lat="22.3744950" lon="114.0630800">
    <ele>158.6</ele>
    <time>2025-09-22T00:02:57Z</time>
   </trkpt>
   <trkpt lat="22.3745040" lon="114.0630970">
    <ele>158.7</ele>
    <time>2025-09-22T00:02:58Z</time>
   </trkpt>
   <trkpt lat="22.3745070" lon="114.0631060">
    <ele>158.8</ele>
    <time>2025-09-22T00:02:59Z</time>
   </trkpt>
   <trkpt lat="22.3745070" lon="114.0631110">
    <ele>158.8</ele>
    <time>2025-09-22T00:03:00Z</time>
   </trkpt>
   <trkpt lat="22.3745180" lon="114.0631180">
    <ele>158.9</ele>
    <time>2025-09-22T00:03:01Z</time>
   </trkpt>
   <trkpt lat="22.3745260" lon="114.0631320">
    <ele>159.0</ele>
    <time>2025-09-22T00:03:02Z</time>
   </trkpt>
   <trkpt lat="22.3745380" lon="114.0631380">
    <ele>159.1</ele>
    <time>2025-09-22T00:03:03Z</time>
   </trkpt>
   <trkpt lat="22.3745440" lon="114.0631430">
    <ele>159.1</ele>
    <time>2025-09-22T00:03:04Z</time>
   </trkpt>
   <trkpt lat="22.3745520" lon="114.0631480">
    <ele>159.2</ele>
    <time>2025-09-22T00:03:05Z</time>
   </trkpt>
   <trkpt lat="22.3745510" lon="114.0631540">
    <ele>159.3</ele>
    <time>2025-09-22T00:03:06Z</time>
   </trkpt>
   <trkpt lat="22.3745520" lon="114.0631560">
    <ele>159.3</ele>
    <time>2025-09-22T00:03:07Z</time>
   </trkpt>
   <trkpt lat="22.3745480" lon="114.0631530">
    <ele>159.3</ele>
    <time>2025-09-22T00:03:08Z</time>
   </trkpt>
   <trkpt lat="22.3745460" lon="114.0631510">
    <ele>159.3</ele>
    <time>2025-09-22T00:03:09Z</time>
   </trkpt>
   <trkpt lat="22.3745470" lon="114.0631520">
    <ele>159.4</ele>
    <time>2025-09-22T00:03:10Z</time>
   </trkpt>
   <trkpt lat="22.3745470" lon="114.0631520">
    <ele>159.4</ele>
    <time>2025-09-22T00:03:11Z</time>
   </trkpt>
   <trkpt lat="22.3745440" lon="114.0631530">
    <ele>159.4</ele>
    <time>2025-09-22T00:03:12Z</time>
   </trkpt>
   <trkpt lat="22.3745440" lon="114.0631520">
    <ele>159.4</ele>
    <time>2025-09-22T00:03:13Z</time>
   </trkpt>
   <trkpt lat="22.3745440" lon="114.0631520">
    <ele>159.4</ele>
    <time>2025-09-22T00:03:14Z</time>
   </trkpt>
   <trkpt lat="22.3745500" lon="114.0631650">
    <ele>159.5</ele>
    <time>2025-09-22T00:03:15Z</time>
   </trkpt>
   <trkpt lat="22.3745580" lon="114.0631690">
    <ele>159.6</ele>
    <time>2025-09-22T00:03:16Z</time>
   </trkpt>
   <trkpt lat="22.3745590" lon="114.0631640">
    <ele>159.6</ele>
    <time>2025-09-22T00:03:17Z</time>
   </trkpt>
   <trkpt lat="22.3745550" lon="114.0631620">
    <ele>159.6</ele>
    <time>2025-09-22T00:03:18Z</time>
   </trkpt>
   <trkpt lat="22.3745580" lon="114.0631590">
    <ele>159.7</ele>
    <time>2025-09-22T00:03:19Z</time>
   </trkpt>
   <trkpt lat="22.3745660" lon="114.0631620">
    <ele>159.7</ele>
    <time>2025-09-22T00:03:20Z</time>
   </trkpt>
   <trkpt lat="22.3745760" lon="114.0631660">
    <ele>159.8</ele>
    <time>2025-09-22T00:03:21Z</time>
   </trkpt>
   <trkpt lat="22.3745810" lon="114.0631660">
    <ele>159.9</ele>
    <time>2025-09-22T00:03:22Z</time>
   </trkpt>
   <trkpt lat="22.3745890" lon="114.0631650">
    <ele>160.0</ele>
    <time>2025-09-22T00:03:23Z</time>
   </trkpt>
   <trkpt lat="22.3746050" lon="114.0631750">
    <ele>160.1</ele>
    <time>2025-09-22T00:03:24Z</time>
   </trkpt>
   <trkpt lat="22.3746110" lon="114.0631810">
    <ele>160.2</ele>
    <time>2025-09-22T00:03:25Z</time>
   </trkpt>
   <trkpt lat="22.3746230" lon="114.0631860">
    <ele>160.3</ele>
    <time>2025-09-22T00:03:26Z</time>
   </trkpt>
   <trkpt lat="22.3746280" lon="114.0631930">
    <ele>160.4</ele>
    <time>2025-09-22T00:03:27Z</time>
   </trkpt>
   <trkpt lat="22.3746300" lon="114.0632010">
    <ele>160.5</ele>
    <time>2025-09-22T00:03:28Z</time>
   </trkpt>
   <trkpt lat="22.3746450" lon="114.0632110">
    <ele>160.7</ele>
    <time>2025-09-22T00:03:29Z</time>
   </trkpt>
   <trkpt lat="22.3746520" lon="114.0632110">
    <ele>160.8</ele>
    <time>2025-09-22T00:03:30Z</time>
   </trkpt>
   <trkpt lat="22.3746620" lon="114.0632270">
    <ele>161.0</ele>
    <time>2025-09-22T00:03:31Z</time>
   </trkpt>
   <trkpt lat="22.3746650" lon="114.0632330">
    <ele>161.0</ele>
    <time>2025-09-22T00:03:32Z</time>
   </trkpt>
   <trkpt lat="22.3746660" lon="114.0632410">
    <ele>161.1</ele>
    <time>2025-09-22T00:03:33Z</time>
   </trkpt>
   <trkpt lat="22.3746730" lon="114.0632450">
    <ele>161.2</ele>
    <time>2025-09-22T00:03:34Z</time>
   </trkpt>
   <trkpt lat="22.3746790" lon="114.0632460">
    <ele>161.3</ele>
    <time>2025-09-22T00:03:35Z</time>
   </trkpt>
   <trkpt lat="22.3746930" lon="114.0632610">
    <ele>161.5</ele>
    <time>2025-09-22T00:03:36Z</time>
   </trkpt>
   <trkpt lat="22.3746960" lon="114.0632710">
    <ele>161.6</ele>
    <time>2025-09-22T00:03:37Z</time>
   </trkpt>
   <trkpt lat="22.3746920" lon="114.0632760">
    <ele>161.7</ele>
    <time>2025-09-22T00:03:38Z</time>
   </trkpt>
   <trkpt lat="22.3747020" lon="114.0632860">
    <ele>161.9</ele>
    <time>2025-09-22T00:03:39Z</time>
   </trkpt>
   <trkpt lat="22.3747110" lon="114.0632890">
    <ele>162.0</ele>
    <time>2025-09-22T00:03:40Z</time>
   </trkpt>
   <trkpt lat="22.3747250" lon="114.0632960">
    <ele>162.2</ele>
    <time>2025-09-22T00:03:41Z</time>
   </trkpt>
   <trkpt lat="22.3747330" lon="114.0632990">
    <ele>162.4</ele>
    <time>2025-09-22T00:03:42Z</time>
   </trkpt>
   <trkpt lat="22.3747430" lon="114.0632970">
    <ele>162.5</ele>
    <time>2025-09-22T00:03:43Z</time>
   </trkpt>
   <trkpt lat="22.3747610" lon="114.0632930">
    <ele>162.8</ele>
    <time>2025-09-22T00:03:44Z</time>
   </trkpt>
   <trkpt lat="22.3747760" lon="114.0632890">
    <ele>163.0</ele>
    <time>2025-09-22T00:03:45Z</time>
   </trkpt>
   <trkpt lat="22.3747930" lon="114.0632850">
    <ele>163.2</ele>
    <time>2025-09-22T00:03:46Z</time>
   </trkpt>
   <trkpt lat="22.3747960" lon="114.0632790">
    <ele>163.3</ele>
    <time>2025-09-22T00:03:47Z</time>
   </trkpt>
   <trkpt lat="22.3748040" lon="114.0632730">
    <ele>163.5</ele>
    <time>2025-09-22T00:03:48Z</time>
   </trkpt>
   <trkpt lat="22.3748060" lon="114.0632710">
    <ele>163.5</ele>
    <time>2025-09-22T00:03:49Z</time>
   </trkpt>
   <trkpt lat="22.3748080" lon="114.0632680">
    <ele>163.5</ele>
    <time>2025-09-22T00:03:50Z</time>
   </trkpt>
   <trkpt lat="22.3748130" lon="114.0632650">
    <ele>163.6</ele>
    <time>2025-09-22T00:03:51Z</time>
   </trkpt>
   <trkpt lat="22.3748220" lon="114.0632520">
    <ele>163.8</ele>
    <time>2025-09-22T00:03:52Z</time>
   </trkpt>
   <trkpt lat="22.3748240" lon="114.0632500">
    <ele>163.8</ele>
    <time>2025-09-22T00:03:53Z</time>
   </trkpt>
   <trkpt lat="22.3748330" lon="114.0632370">
    <ele>164.0</ele>
    <time>2025-09-22T00:03:54Z</time>
   </trkpt>
   <trkpt lat="22.3748290" lon="114.0632290">
    <ele>164.1</ele>
    <time>2025-09-22T00:03:55Z</time>
   </trkpt>
   <trkpt lat="22.3748280" lon="114.0632210">
    <ele>164.2</ele>
    <time>2025-09-22T00:03:56Z</time>
   </trkpt>
   <trkpt lat="22.3748300" lon="114.0632110">
    <ele>164.3</ele>
    <time>2025-09-22T00:03:57Z</time>
   </trkpt>
   <trkpt lat="22.3748310" lon="114.0632030">
    <ele>164.4</ele>
    <time>2025-09-22T00:03:58Z</time>
   </trkpt>
   <trkpt lat="22.3748300" lon="114.0631900">
    <ele>164.6</ele>
    <time>2025-09-22T00:03:59Z</time>
   </trkpt>
   <trkpt lat="22.3748310" lon="114.0631770">
    <ele>164.7</ele>
    <time>2025-09-22T00:04:00Z</time>
   </trkpt>
   <trkpt lat="22.3748330" lon="114.0631630">
    <ele>164.9</ele>
    <time>2025-09-22T00:04:01Z</time>
   </trkpt>
   <trkpt lat="22.3748320" lon="114.0631550">
    <ele>164.9</ele>
    <time>2025-09-22T00:04:02Z</time>
   </trkpt>
   <trkpt lat="22.3748350" lon="114.0631390">
    <ele>165.1</ele>
    <time>2025-09-22T00:04:03Z</time>
   </trkpt>
   <trkpt lat="22.3748330" lon="114.0631310">
    <ele>165.2</ele>
    <time>2025-09-22T00:04:04Z</time>
   </trkpt>
   <trkpt lat="22.3748310" lon="114.0631210">
    <ele>165.3</ele>
    <time>2025-09-22T00:04:05Z</time>
   </trkpt>
   <trkpt lat="22.3748320" lon="114.0631140">
    <ele>165.3</ele>
    <time>2025-09-22T00:04:06Z</time>
   </trkpt>
   <trkpt lat="22.3748320" lon="114.0631050">
    <ele>165.4</ele>
    <time>2025-09-22T00:04:07Z</time>
   </trkpt>
   <trkpt lat="22.3748300" lon="114.0630930">
    <ele>165.5</ele>
    <time>2025-09-22T00:04:08Z</time>
   </trkpt>
   <trkpt lat="22.3748230" lon="114.0630840">
    <ele>165.6</ele>
    <time>2025-09-22T00:04:09Z</time>
   </trkpt>
   <trkpt lat="22.3748180" lon="114.0630720">
    <ele>165.7</ele>
    <time>2025-09-22T00:04:10Z</time>
   </trkpt>
   <trkpt lat="22.3748160" lon="114.0630620">
    <ele>165.8</ele>
    <time>2025-09-22T00:04:11Z</time>
   </trkpt>
   <trkpt lat="22.3748170" lon="114.0630580">
    <ele>165.9</ele>
    <time>2025-09-22T00:04:12Z</time>
   </trkpt>
   <trkpt lat="22.3748140" lon="114.0630530">
    <ele>165.9</ele>
    <time>2025-09-22T00:04:13Z</time>
   </trkpt>
   <trkpt lat="22.3748110" lon="114.0630500">
    <ele>166.0</ele>
    <time>2025-09-22T00:04:14Z</time>
   </trkpt>
   <trkpt lat="22.3748140" lon="114.0630490">
    <ele>166.0</ele>
    <time>2025-09-22T00:04:15Z</time>
   </trkpt>
   <trkpt lat="22.3748190" lon="114.0630490">
    <ele>166.0</ele>
    <time>2025-09-22T00:04:16Z</time>
   </trkpt>
   <trkpt lat="22.3748190" lon="114.0630490">
    <ele>166.0</ele>
    <time>2025-09-22T00:04:17Z</time>
   </trkpt>
   <trkpt lat="22.3748190" lon="114.0630490">
    <ele>166.0</ele>
    <time>2025-09-22T00:04:18Z</time>
   </trkpt>
   <trkpt lat="22.3748210" lon="114.0630510">
    <ele>166.1</ele>
    <time>2025-09-22T00:04:19Z</time>
   </trkpt>
   <trkpt lat="22.3748210" lon="114.0630500">
    <ele>166.1</ele>
    <time>2025-09-22T00:04:20Z</time>
   </trkpt>
   <trkpt lat="22.3748190" lon="114.0630500">
    <ele>166.1</ele>
    <time>2025-09-22T00:04:21Z</time>
   </trkpt>
   <trkpt lat="22.3748190" lon="114.0630490">
    <ele>166.1</ele>
    <time>2025-09-22T00:04:22Z</time>
   </trkpt>
   <trkpt lat="22.3748160" lon="114.0630320">
    <ele>166.2</ele>
    <time>2025-09-22T00:04:23Z</time>
   </trkpt>
   <trkpt lat="22.3748180" lon="114.0630300">
    <ele>166.3</ele>
    <time>2025-09-22T00:04:24Z</time>
   </trkpt>
   <trkpt lat="22.3748180" lon="114.0630290">
    <ele>166.3</ele>
    <time>2025-09-22T00:04:25Z</time>
   </trkpt>
   <trkpt lat="22.3748090" lon="114.0630210">
    <ele>166.4</ele>
    <time>2025-09-22T00:04:26Z</time>
   </trkpt>
   <trkpt lat="22.3748050" lon="114.0630100">
    <ele>166.4</ele>
    <time>2025-09-22T00:04:27Z</time>
   </trkpt>
   <trkpt lat="22.3748050" lon="114.0630020">
    <ele>166.5</ele>
    <time>2025-09-22T00:04:28Z</time>
   </trkpt>
   <trkpt lat="22.3747980" lon="114.0629920">
    <ele>166.6</ele>
    <time>2025-09-22T00:04:29Z</time>
   </trkpt>
   <trkpt lat="22.3747970" lon="114.0629830">
    <ele>166.7</ele>
    <time>2025-09-22T00:04:30Z</time>
   </trkpt>
   <trkpt lat="22.3747930" lon="114.0629690">
    <ele>166.8</ele>
    <time>2025-09-22T00:04:31Z</time>
   </trkpt>
   <trkpt lat="22.3747930" lon="114.0629610">
    <ele>166.8</ele>
    <time>2025-09-22T00:04:32Z</time>
   </trkpt>
   <trkpt lat="22.3747920" lon="114.0629450">
    <ele>167.0</ele>
    <time>2025-09-22T00:04:33Z</time>
   </trkpt>
   <trkpt lat="22.3747930" lon="114.0629380">
    <ele>167.0</ele>
    <time>2025-09-22T00:04:34Z</time>
   </trkpt>
   <trkpt lat="22.3747930" lon="114.0629300">
    <ele>167.1</ele>
    <time>2025-09-22T00:04:35Z</time>
   </trkpt>
   <trkpt lat="22.3747930" lon="114.0629220">
    <ele>167.1</ele>
    <time>2025-09-22T00:04:36Z</time>
   </trkpt>
   <trkpt lat="22.3747950" lon="114.0629090">
    <ele>167.2</ele>
    <time>2025-09-22T00:04:37Z</time>
   </trkpt>
   <trkpt lat="22.3747980" lon="114.0628990">
    <ele>167.3</ele>
    <time>2025-09-22T00:04:38Z</time>
   </trkpt>
   <trkpt lat="22.3748020" lon="114.0628910">
    <ele>167.4</ele>
    <time>2025-09-22T00:04:39Z</time>
   </trkpt>
   <trkpt lat="22.3748080" lon="114.0628720">
    <ele>167.5</ele>
    <time>2025-09-22T00:04:40Z</time>
   </trkpt>
   <trkpt lat="22.3748090" lon="114.0628620">
    <ele>167.6</ele>
    <time>2025-09-22T00:04:41Z</time>
   </trkpt>
   <trkpt lat="22.3748110" lon="114.0628530">
    <ele>167.7</ele>
    <time>2025-09-22T00:04:42Z</time>
   </trkpt>
   <trkpt lat="22.3748170" lon="114.0628430">
    <ele>167.8</ele>
    <time>2025-09-22T00:04:43Z</time>
   </trkpt>
   <trkpt lat="22.3748210" lon="114.0628370">
    <ele>167.8</ele>
    <time>2025-09-22T00:04:44Z</time>
   </trkpt>
   <trkpt lat="22.3748240" lon="114.0628320">
    <ele>167.9</ele>
    <time>2025-09-22T00:04:45Z</time>
   </trkpt>
   <trkpt lat="22.3748280" lon="114.0628260">
    <ele>167.9</ele>
    <time>2025-09-22T00:04:46Z</time>
   </trkpt>
   <trkpt lat="22.3748310" lon="114.0628200">
    <ele>168.0</ele>
    <time>2025-09-22T00:04:47Z</time>
   </trkpt>
   <trkpt lat="22.3748370" lon="114.0628070">
    <ele>168.1</ele>
    <time>2025-09-22T00:04:48Z</time>
   </trkpt>
   <trkpt lat="22.3748400" lon="114.0628000">
    <ele>168.1</ele>
    <time>2025-09-22T00:04:49Z</time>
   </trkpt>
   <trkpt lat="22.3748440" lon="114.0627940">
    <ele>168.2</ele>
    <time>2025-09-22T00:04:50Z</time>
   </trkpt>
   <trkpt lat="22.3748470" lon="114.0627870">
    <ele>168.3</ele>
    <time>2025-09-22T00:04:51Z</time>
   </trkpt>
   <trkpt lat="22.3748510" lon="114.0627810">
    <ele>168.3</ele>
    <time>2025-09-22T00:04:52Z</time>
   </trkpt>
   <trkpt lat="22.3748620" lon="114.0627770">
    <ele>168.4</ele>
    <time>2025-09-22T00:04:53Z</time>
   </trkpt>
   <trkpt lat="22.3748770" lon="114.0627700">
    <ele>168.6</ele>
    <time>2025-09-22T00:04:54Z</time>
   </trkpt>
   <trkpt lat="22.3748810" lon="114.0627670">
    <ele>168.6</ele>
    <time>2025-09-22T00:04:55Z</time>
   </trkpt>
   <trkpt lat="22.3748980" lon="114.0627540">
    <ele>168.8</ele>
    <time>2025-09-22T00:04:56Z</time>
   </trkpt>
   <trkpt lat="22.3748970" lon="114.0627500">
    <ele>168.8</ele>
    <time>2025-09-22T00:04:57Z</time>
   </trkpt>
   <trkpt lat="22.3748990" lon="114.0627460">
    <ele>168.9</ele>
    <time>2025-09-22T00:04:58Z</time>
   </trkpt>
   <trkpt lat="22.3749150" lon="114.0627330">
    <ele>169.0</ele>
    <time>2025-09-22T00:04:59Z</time>
   </trkpt>
   <trkpt lat="22.3749200" lon="114.0627220">
    <ele>169.1</ele>
    <time>2025-09-22T00:05:00Z</time>
   </trkpt>
   <trkpt lat="22.3749200" lon="114.0627130">
    <ele>169.2</ele>
    <time>2025-09-22T00:05:01Z</time>
   </trkpt>
   <trkpt lat="22.3749250" lon="114.0627020">
    <ele>169.3</ele>
    <time>2025-09-22T00:05:02Z</time>
   </trkpt>
   <trkpt lat="22.3749300" lon="114.0626900">
    <ele>169.4</ele>
    <time>2025-09-22T00:05:03Z</time>
   </trkpt>
   <trkpt lat="22.3749290" lon="114.0626780">
    <ele>169.5</ele>
    <time>2025-09-22T00:05:04Z</time>
   </trkpt>
   <trkpt lat="22.3749330" lon="114.0626720">
    <ele>169.6</ele>
    <time>2025-09-22T00:05:05Z</time>
   </trkpt>
   <trkpt lat="22.3749360" lon="114.0626710">
    <ele>169.6</ele>
    <time>2025-09-22T00:05:06Z</time>
   </trkpt>
   <trkpt lat="22.3749380" lon="114.0626660">
    <ele>169.6</ele>
    <time>2025-09-22T00:05:07Z</time>
   </trkpt>
   <trkpt lat="22.3749410" lon="114.0626580">
    <ele>169.7</ele>
    <time>2025-09-22T00:05:08Z</time>
   </trkpt>
   <trkpt lat="22.3749460" lon="114.0626490">
    <ele>169.8</ele>
    <time>2025-09-22T00:05:09Z</time>
   </trkpt>
   <trkpt lat="22.3749570" lon="114.0626450">
    <ele>169.9</ele>
    <time>2025-09-22T00:05:10Z</time>
   </trkpt>
   <trkpt lat="22.3749660" lon="114.0626370">
    <ele>170.0</ele>
    <time>2025-09-22T00:05:11Z</time>
   </trkpt>
   <trkpt lat="22.3749740" lon="114.0626260">
    <ele>170.1</ele>
    <time>2025-09-22T00:05:12Z</time>
   </trkpt>
   <trkpt lat="22.3749780" lon="114.0626240">
    <ele>170.2</ele>
    <time>2025-09-22T00:05:13Z</time>
   </trkpt>
   <trkpt lat="22.3749830" lon="114.0626130">
    <ele>170.3</ele>
    <time>2025-09-22T00:05:14Z</time>
   </trkpt>
   <trkpt lat="22.3749900" lon="114.0626040">
    <ele>170.4</ele>
    <time>2025-09-22T00:05:15Z</time>
   </trkpt>
   <trkpt lat="22.3750000" lon="114.0626010">
    <ele>170.5</ele>
    <time>2025-09-22T00:05:16Z</time>
   </trkpt>
   <trkpt lat="22.3750120" lon="114.0626000">
    <ele>170.6</ele>
    <time>2025-09-22T00:05:17Z</time>
   </trkpt>
   <trkpt lat="22.3750280" lon="114.0625970">
    <ele>170.7</ele>
    <time>2025-09-22T00:05:18Z</time>
   </trkpt>
   <trkpt lat="22.3750350" lon="114.0625900">
    <ele>170.8</ele>
    <time>2025-09-22T00:05:19Z</time>
   </trkpt>
   <trkpt lat="22.3750430" lon="114.0625840">
    <ele>170.9</ele>
    <time>2025-09-22T00:05:20Z</time>
   </trkpt>
   <trkpt lat="22.3750510" lon="114.0625820">
    <ele>171.0</ele>
    <time>2025-09-22T00:05:21Z</time>
   </trkpt>
   <trkpt lat="22.3750660" lon="114.0625780">
    <ele>171.1</ele>
    <time>2025-09-22T00:05:22Z</time>
   </trkpt>
   <trkpt lat="22.3750720" lon="114.0625780">
    <ele>171.1</ele>
    <time>2025-09-22T00:05:23Z</time>
   </trkpt>
   <trkpt lat="22.3750900" lon="114.0625720">
    <ele>171.3</ele>
    <time>2025-09-22T00:05:24Z</time>
   </trkpt>
   <trkpt lat="22.3750930" lon="114.0625680">
    <ele>171.4</ele>
    <time>2025-09-22T00:05:25Z</time>
   </trkpt>
   <trkpt lat="22.3750990" lon="114.0625620">
    <ele>171.4</ele>
    <time>2025-09-22T00:05:26Z</time>
   </trkpt>
   <trkpt lat="22.3751140" lon="114.0625530">
    <ele>171.6</ele>
    <time>2025-09-22T00:05:27Z</time>
   </trkpt>
   <trkpt lat="22.3751200" lon="114.0625490">
    <ele>171.7</ele>
    <time>2025-09-22T00:05:28Z</time>
   </trkpt>
   <trkpt lat="22.3751250" lon="114.0625460">
    <ele>171.7</ele>
    <time>2025-09-22T00:05:29Z</time>
   </trkpt>
   <trkpt lat="22.3751310" lon="114.0625420">
    <ele>171.8</ele>
    <time>2025-09-22T00:05:30Z</time>
   </trkpt>
   <trkpt lat="22.3751370" lon="114.0625340">
    <ele>171.9</ele>
    <time>2025-09-22T00:05:31Z</time>
   </trkpt>
   <trkpt lat="22.3751430" lon="114.0625240">
    <ele>172.0</ele>
    <time>2025-09-22T00:05:32Z</time>
   </trkpt>
   <trkpt lat="22.3751480" lon="114.0625190">
    <ele>172.0</ele>
    <time>2025-09-22T00:05:33Z</time>
   </trkpt>
   <trkpt lat="22.3751530" lon="114.0625100">
    <ele>172.1</ele>
    <time>2025-09-22T00:05:34Z</time>
   </trkpt>
   <trkpt lat="22.3751600" lon="114.0625030">
    <ele>172.2</ele>
    <time>2025-09-22T00:05:35Z</time>
   </trkpt>
   <trkpt lat="22.3751660" lon="114.0624870">
    <ele>172.4</ele>
    <time>2025-09-22T00:05:36Z</time>
   </trkpt>
   <trkpt lat="22.3751630" lon="114.0624760">
    <ele>172.5</ele>
    <time>2025-09-22T00:05:37Z</time>
   </trkpt>
   <trkpt lat="22.3751640" lon="114.0624650">
    <ele>172.6</ele>
    <time>2025-09-22T00:05:38Z</time>
   </trkpt>
   <trkpt lat="22.3751610" lon="114.0624630">
    <ele>172.6</ele>
    <time>2025-09-22T00:05:39Z</time>
   </trkpt>
   <trkpt lat="22.3751560" lon="114.0624520">
    <ele>172.7</ele>
    <time>2025-09-22T00:05:40Z</time>
   </trkpt>
   <trkpt lat="22.3751520" lon="114.0624480">
    <ele>172.8</ele>
    <time>2025-09-22T00:05:41Z</time>
   </trkpt>
   <trkpt lat="22.3751520" lon="114.0624420">
    <ele>172.8</ele>
    <time>2025-09-22T00:05:42Z</time>
   </trkpt>
   <trkpt lat="22.3751530" lon="114.0624340">
    <ele>172.9</ele>
    <time>2025-09-22T00:05:43Z</time>
   </trkpt>
   <trkpt lat="22.3751560" lon="114.0624380">
    <ele>172.9</ele>
    <time>2025-09-22T00:05:44Z</time>
   </trkpt>
   <trkpt lat="22.3751630" lon="114.0624450">
    <ele>173.0</ele>
    <time>2025-09-22T00:05:45Z</time>
   </trkpt>
   <trkpt lat="22.3751650" lon="114.0624470">
    <ele>173.1</ele>
    <time>2025-09-22T00:05:46Z</time>
   </trkpt>
   <trkpt lat="22.3751650" lon="114.0624470">
    <ele>173.1</ele>
    <time>2025-09-22T00:05:47Z</time>
   </trkpt>
   <trkpt lat="22.3751650" lon="114.0624470">
    <ele>173.1</ele>
    <time>2025-09-22T00:05:48Z</time>
   </trkpt>
   <trkpt lat="22.3751650" lon="114.0624470">
    <ele>173.1</ele>
    <time>2025-09-22T00:05:49Z</time>
   </trkpt>
   <trkpt lat="22.3751650" lon="114.0624470">
    <ele>173.1</ele>
    <time>2025-09-22T00:05:50Z</time>
   </trkpt>
   <trkpt lat="22.3751650" lon="114.0624470">
    <ele>173.1</ele>
    <time>2025-09-22T00:05:51Z</time>
   </trkpt>
   <trkpt lat="22.3751650" lon="114.0624470">
    <ele>173.1</ele>
    <time>2025-09-22T00:05:52Z</time>
   </trkpt>
   <trkpt lat="22.3751650" lon="114.0624470">
    <ele>173.1</ele>
    <time>2025-09-22T00:05:53Z</time>
   </trkpt>
   <trkpt lat="22.3751650" lon="114.0624470">
    <ele>173.1</ele>
    <time>2025-09-22T00:05:54Z</time>
   </trkpt>
   <trkpt lat="22.3751650" lon="114.0624470">
    <ele>173.1</ele>
    <time>2025-09-22T00:05:55Z</time>
   </trkpt>
   <trkpt lat="22.3751650" lon="114.0624470">
    <ele>173.1</ele>
    <time>2025-09-22T00:05:56Z</time>
   </trkpt>
   <trkpt lat="22.3751640" lon="114.0624670">
    <ele>173.2</ele>
    <time>2025-09-22T00:05:57Z</time>
   </trkpt>
   <trkpt lat="22.3751600" lon="114.0624580">
    <ele>173.3</ele>
    <time>2025-09-22T00:05:58Z</time>
   </trkpt>
   <trkpt lat="22.3751550" lon="114.0624490">
    <ele>173.4</ele>
    <time>2025-09-22T00:05:59Z</time>
   </trkpt>
   <trkpt lat="22.3751520" lon="114.0624400">
    <ele>173.5</ele>
    <time>2025-09-22T00:06:00Z</time>
   </trkpt>
   <trkpt lat="22.3751470" lon="114.0624350">
    <ele>173.6</ele>
    <time>2025-09-22T00:06:01Z</time>
   </trkpt>
   <trkpt lat="22.3751430" lon="114.0624260">
    <ele>173.7</ele>
    <time>2025-09-22T00:06:02Z</time>
   </trkpt>
   <trkpt lat="22.3751410" lon="114.0624190">
    <ele>173.7</ele>
    <time>2025-09-22T00:06:03Z</time>
   </trkpt>
   <trkpt lat="22.3751430" lon="114.0624110">
    <ele>173.8</ele>
    <time>2025-09-22T00:06:04Z</time>
   </trkpt>
   <trkpt lat="22.3751410" lon="114.0624040">
    <ele>173.9</ele>
    <time>2025-09-22T00:06:05Z</time>
   </trkpt>
   <trkpt lat="22.3751390" lon="114.0624000">
    <ele>173.9</ele>
    <time>2025-09-22T00:06:06Z</time>
   </trkpt>
   <trkpt lat="22.3751400" lon="114.0623870">
    <ele>174.0</ele>
    <time>2025-09-22T00:06:07Z</time>
   </trkpt>
   <trkpt lat="22.3751430" lon="114.0623720">
    <ele>174.2</ele>
    <time>2025-09-22T00:06:08Z</time>
   </trkpt>
   <trkpt lat="22.3751490" lon="114.0623720">
    <ele>174.2</ele>
    <time>2025-09-22T00:06:09Z</time>
   </trkpt>
   <trkpt lat="22.3751530" lon="114.0623650">
    <ele>174.3</ele>
    <time>2025-09-22T00:06:10Z</time>
   </trkpt>
   <trkpt lat="22.3751530" lon="114.0623560">
    <ele>174.4</ele>
    <time>2025-09-22T00:06:11Z</time>
   </trkpt>
   <trkpt lat="22.3751550" lon="114.0623490">
    <ele>174.5</ele>
    <time>2025-09-22T00:06:12Z</time>
   </trkpt>
   <trkpt lat="22.3751570" lon="114.0623420">
    <ele>174.6</ele>
    <time>2025-09-22T00:06:13Z</time>
   </trkpt>
   <trkpt lat="22.3751590" lon="114.0623360">
    <ele>174.6</ele>
    <time>2025-09-22T00:06:14Z</time>
   </trkpt>
   <trkpt lat="22.3751610" lon="114.0623300">
    <ele>174.7</ele>
    <time>2025-09-22T00:06:15Z</time>
   </trkpt>
   <trkpt lat="22.3751630" lon="114.0623230">
    <ele>174.7</ele>
    <time>2025-09-22T00:06:16Z</time>
   </trkpt>
   <trkpt lat="22.3751650" lon="114.0623170">
    <ele>174.8</ele>
    <time>2025-09-22T00:06:17Z</time>
   </trkpt>
   <trkpt lat="22.3751830" lon="114.0623130">
    <ele>175.0</ele>
    <time>2025-09-22T00:06:18Z</time>
   </trkpt>
   <trkpt lat="22.3751930" lon="114.0623120">
    <ele>175.1</ele>
    <time>2025-09-22T00:06:19Z</time>
   </trkpt>
   <trkpt lat="22.3752020" lon="114.0623100">
    <ele>175.2</ele>
    <time>2025-09-22T00:06:20Z</time>
   </trkpt>
   <trkpt lat="22.3752100" lon="114.0623130">
    <ele>175.3</ele>
    <time>2025-09-22T00:06:21Z</time>
   </trkpt>
   <trkpt lat="22.3752190" lon="114.0623150">
    <ele>175.4</ele>
    <time>2025-09-22T00:06:22Z</time>
   </trkpt>
   <trkpt lat="22.3752350" lon="114.0623220">
    <ele>175.6</ele>
    <time>2025-09-22T00:06:23Z</time>
   </trkpt>
   <trkpt lat="22.3752480" lon="114.0623240">
    <ele>175.8</ele>
    <time>2025-09-22T00:06:24Z</time>
   </trkpt>
   <trkpt lat="22.3752540" lon="114.0623320">
    <ele>175.9</ele>
    <time>2025-09-22T00:06:25Z</time>
   </trkpt>
   <trkpt lat="22.3752700" lon="114.0623290">
    <ele>176.0</ele>
    <time>2025-09-22T00:06:26Z</time>
   </trkpt>
   <trkpt lat="22.3752710" lon="114.0623300">
    <ele>176.1</ele>
    <time>2025-09-22T00:06:27Z</time>
   </trkpt>
   <trkpt lat="22.3752770" lon="114.0623250">
    <ele>176.1</ele>
    <time>2025-09-22T00:06:28Z</time>
   </trkpt>
   <trkpt lat="22.3752850" lon="114.0623230">
    <ele>176.2</ele>
    <time>2025-09-22T00:06:29Z</time>
   </trkpt>
   <trkpt lat="22.3752960" lon="114.0623180">
    <ele>176.4</ele>
    <time>2025-09-22T00:06:30Z</time>
   </trkpt>
   <trkpt lat="22.3753020" lon="114.0623170">
    <ele>176.4</ele>
    <time>2025-09-22T00:06:31Z</time>
   </trkpt>
   <trkpt lat="22.3753060" lon="114.0623080">
    <ele>176.5</ele>
    <time>2025-09-22T00:06:32Z</time>
   </trkpt>
   <trkpt lat="22.3753100" lon="114.0623000">
    <ele>176.6</ele>
    <time>2025-09-22T00:06:33Z</time>
   </trkpt>
   <trkpt lat="22.3753110" lon="114.0622840">
    <ele>176.8</ele>
    <time>2025-09-22T00:06:34Z</time>
   </trkpt>
   <trkpt lat="22.3753130" lon="114.0622770">
    <ele>176.9</ele>
    <time>2025-09-22T00:06:35Z</time>
   </trkpt>
   <trkpt lat="22.3753110" lon="114.0622660">
    <ele>177.0</ele>
    <time>2025-09-22T00:06:36Z</time>
   </trkpt>
   <trkpt lat="22.3753140" lon="114.0622540">
    <ele>177.1</ele>
    <time>2025-09-22T00:06:37Z</time>
   </trkpt>
   <trkpt lat="22.3753150" lon="114.0622440">
    <ele>177.2</ele>
    <time>2025-09-22T00:06:38Z</time>
   </trkpt>
   <trkpt lat="22.3753170" lon="114.0622330">
    <ele>177.3</ele>
    <time>2025-09-22T00:06:39Z</time>
   </trkpt>
   <trkpt lat="22.3753180" lon="114.0622240">
    <ele>177.4</ele>
    <time>2025-09-22T00:06:40Z</time>
   </trkpt>
   <trkpt lat="22.3753190" lon="114.0622080">
    <ele>177.6</ele>
    <time>2025-09-22T00:06:41Z</time>
   </trkpt>
   <trkpt lat="22.3753160" lon="114.0621960">
    <ele>177.7</ele>
    <time>2025-09-22T00:06:42Z</time>
   </trkpt>
   <trkpt lat="22.3753150" lon="114.0621890">
    <ele>177.8</ele>
    <time>2025-09-22T00:06:43Z</time>
   </trkpt>
   <trkpt lat="22.3753170" lon="114.0621720">
    <ele>178.0</ele>
    <time>2025-09-22T00:06:44Z</time>
   </trkpt>
   <trkpt lat="22.3753210" lon="114.0621600">
    <ele>178.1</ele>
    <time>2025-09-22T00:06:45Z</time>
   </trkpt>
   <trkpt lat="22.3753260" lon="114.0621470">
    <ele>178.2</ele>
    <time>2025-09-22T00:06:46Z</time>
   </trkpt>
   <trkpt lat="22.3753260" lon="114.0621390">
    <ele>178.3</ele>
    <time>2025-09-22T00:06:47Z</time>
   </trkpt>
   <trkpt lat="22.3753310" lon="114.0621260">
    <ele>178.5</ele>
    <time>2025-09-22T00:06:48Z</time>
   </trkpt>
   <trkpt lat="22.3753580" lon="114.0621160">
    <ele>178.8</ele>
    <time>2025-09-22T00:06:49Z</time>
   </trkpt>
   <trkpt lat="22.3753660" lon="114.0621130">
    <ele>178.8</ele>
    <time>2025-09-22T00:06:50Z</time>
   </trkpt>
   <trkpt lat="22.3753740" lon="114.0621090">
    <ele>178.9</ele>
    <time>2025-09-22T00:06:51Z</time>
   </trkpt>
   <trkpt lat="22.3753850" lon="114.0621160">
    <ele>179.1</ele>
    <time>2025-09-22T00:06:52Z</time>
   </trkpt>
   <trkpt lat="22.3753790" lon="114.0621190">
    <ele>179.1</ele>
    <time>2025-09-22T00:06:53Z</time>
   </trkpt>
   <trkpt lat="22.3753730" lon="114.0621230">
    <ele>179.2</ele>
    <time>2025-09-22T00:06:54Z</time>
   </trkpt>
   <trkpt lat="22.3753750" lon="114.0621230">
    <ele>179.2</ele>
    <time>2025-09-22T00:06:55Z</time>
   </trkpt>
   <trkpt lat="22.3753840" lon="114.0621190">
    <ele>179.3</ele>
    <time>2025-09-22T00:06:56Z</time>
   </trkpt>
   <trkpt lat="22.3753890" lon="114.0621170">
    <ele>179.4</ele>
    <time>2025-09-22T00:06:57Z</time>
   </trkpt>
   <trkpt lat="22.3754010" lon="114.0621170">
    <ele>179.5</ele>
    <time>2025-09-22T00:06:58Z</time>
   </trkpt>
   <trkpt lat="22.3754130" lon="114.0621260">
    <ele>179.7</ele>
    <time>2025-09-22T00:06:59Z</time>
   </trkpt>
   <trkpt lat="22.3754190" lon="114.0621260">
    <ele>179.7</ele>
    <time>2025-09-22T00:07:00Z</time>
   </trkpt>
   <trkpt lat="22.3754200" lon="114.0621200">
    <ele>179.8</ele>
    <time>2025-09-22T00:07:01Z</time>
   </trkpt>
   <trkpt lat="22.3754330" lon="114.0621200">
    <ele>179.9</ele>
    <time>2025-09-22T00:07:02Z</time>
   </trkpt>
   <trkpt lat="22.3754370" lon="114.0621170">
    <ele>180.0</ele>
    <time>2025-09-22T00:07:03Z</time>
   </trkpt>
   <trkpt lat="22.3754440" lon="114.0621120">
    <ele>180.1</ele>
    <time>2025-09-22T00:07:04Z</time>
   </trkpt>
   <trkpt lat="22.3754520" lon="114.0621030">
    <ele>180.2</ele>
    <time>2025-09-22T00:07:05Z</time>
   </trkpt>
   <trkpt lat="22.3754550" lon="114.0620980">
    <ele>180.2</ele>
    <time>2025-09-22T00:07:06Z</time>
   </trkpt>
   <trkpt lat="22.3754590" lon="114.0620960">
    <ele>180.3</ele>
    <time>2025-09-22T00:07:07Z</time>
   </trkpt>
   <trkpt lat="22.3754630" lon="114.0620880">
    <ele>180.4</ele>
    <time>2025-09-22T00:07:08Z</time>
   </trkpt>
   <trkpt lat="22.3754660" lon="114.0620790">
    <ele>180.5</ele>
    <time>2025-09-22T00:07:09Z</time>
   </trkpt>
   <trkpt lat="22.3754720" lon="114.0620760">
    <ele>180.5</ele>
    <time>2025-09-22T00:07:10Z</time>
   </trkpt>
   <trkpt lat="22.3754730" lon="114.0620680">
    <ele>180.6</ele>
    <time>2025-09-22T00:07:11Z</time>
   </trkpt>
   <trkpt lat="22.3754740" lon="114.0620590">
    <ele>180.7</ele>
    <time>2025-09-22T00:07:12Z</time>
   </trkpt>
   <trkpt lat="22.3754770" lon="114.0620540">
    <ele>180.8</ele>
    <time>2025-09-22T00:07:13Z</time>
   </trkpt>
   <trkpt lat="22.3754820" lon="114.0620430">
    <ele>180.9</ele>
    <time>2025-09-22T00:07:14Z</time>
   </trkpt>
   <trkpt lat="22.3754840" lon="114.0620410">
    <ele>180.9</ele>
    <time>2025-09-22T00:07:15Z</time>
   </trkpt>
   <trkpt lat="22.3754850" lon="114.0620380">
    <ele>181.0</ele>
    <time>2025-09-22T00:07:16Z</time>
   </trkpt>
   <trkpt lat="22.3754890" lon="114.0620350">
    <ele>181.0</ele>
    <time>2025-09-22T00:07:17Z</time>
   </trkpt>
   <trkpt lat="22.3754970" lon="114.0620280">
    <ele>181.1</ele>
    <time>2025-09-22T00:07:18Z</time>
   </trkpt>
   <trkpt lat="22.3754980" lon="114.0620230">
    <ele>181.2</ele>
    <time>2025-09-22T00:07:19Z</time>
   </trkpt>
   <trkpt lat="22.3755010" lon="114.0620170">
    <ele>181.3</ele>
    <time>2025-09-22T00:07:20Z</time>
   </trkpt>
   <trkpt lat="22.3755020" lon="114.0620130">
    <ele>181.3</ele>
    <time>2025-09-22T00:07:21Z</time>
   </trkpt>
   <trkpt lat="22.3755030" lon="114.0620100">
    <ele>181.3</ele>
    <time>2025-09-22T00:07:22Z</time>
   </trkpt>
   <trkpt lat="22.3755110" lon="114.0620040">
    <ele>181.4</ele>
    <time>2025-09-22T00:07:23Z</time>
   </trkpt>
   <trkpt lat="22.3755190" lon="114.0619980">
    <ele>181.6</ele>
    <time>2025-09-22T00:07:24Z</time>
   </trkpt>
   <trkpt lat="22.3755270" lon="114.0619930">
    <ele>181.7</ele>
    <time>2025-09-22T00:07:25Z</time>
   </trkpt>
   <trkpt lat="22.3755360" lon="114.0619860">
    <ele>181.8</ele>
    <time>2025-09-22T00:07:26Z</time>
   </trkpt>
   <trkpt lat="22.3755460" lon="114.0619760">
    <ele>182.0</ele>
    <time>2025-09-22T00:07:27Z</time>
   </trkpt>
   <trkpt lat="22.3755530" lon="114.0619700">
    <ele>182.1</ele>
    <time>2025-09-22T00:07:28Z</time>
   </trkpt>
   <trkpt lat="22.3755640" lon="114.0619580">
    <ele>182.2</ele>
    <time>2025-09-22T00:07:29Z</time>
   </trkpt>
   <trkpt lat="22.3755660" lon="114.0619510">
    <ele>182.3</ele>
    <time>2025-09-22T00:07:30Z</time>
   </trkpt>
   <trkpt lat="22.3755680" lon="114.0619430">
    <ele>182.4</ele>
    <time>2025-09-22T00:07:31Z</time>
   </trkpt>
   <trkpt lat="22.3755700" lon="114.0619350">
    <ele>182.5</ele>
    <time>2025-09-22T00:07:32Z</time>
   </trkpt>
   <trkpt lat="22.3755750" lon="114.0619230">
    <ele>182.7</ele>
    <time>2025-09-22T00:07:33Z</time>
   </trkpt>
   <trkpt lat="22.3755780" lon="114.0619120">
    <ele>182.8</ele>
    <time>2025-09-22T00:07:34Z</time>
   </trkpt>
   <trkpt lat="22.3755780" lon="114.0619050">
    <ele>182.9</ele>
    <time>2025-09-22T00:07:35Z</time>
   </trkpt>
   <trkpt lat="22.3755820" lon="114.0618950">
    <ele>183.0</ele>
    <time>2025-09-22T00:07:36Z</time>
   </trkpt>
   <trkpt lat="22.3755860" lon="114.0618910">
    <ele>183.0</ele>
    <time>2025-09-22T00:07:37Z</time>
   </trkpt>
   <trkpt lat="22.3755890" lon="114.0618860">
    <ele>183.1</ele>
    <time>2025-09-22T00:07:38Z</time>
   </trkpt>
   <trkpt lat="22.3755920" lon="114.0618810">
    <ele>183.2</ele>
    <time>2025-09-22T00:07:39Z</time>
   </trkpt>
   <trkpt lat="22.3755960" lon="114.0618770">
    <ele>183.2</ele>
    <time>2025-09-22T00:07:40Z</time>
   </trkpt>
   <trkpt lat="22.3755990" lon="114.0618720">
    <ele>183.3</ele>
    <time>2025-09-22T00:07:41Z</time>
   </trkpt>
   <trkpt lat="22.3756060" lon="114.0618670">
    <ele>183.4</ele>
    <time>2025-09-22T00:07:42Z</time>
   </trkpt>
   <trkpt lat="22.3756180" lon="114.0618670">
    <ele>183.5</ele>
    <time>2025-09-22T00:07:43Z</time>
   </trkpt>
   <trkpt lat="22.3756290" lon="114.0618700">
    <ele>183.7</ele>
    <time>2025-09-22T00:07:44Z</time>
   </trkpt>
   <trkpt lat="22.3756400" lon="114.0618740">
    <ele>183.8</ele>
    <time>2025-09-22T00:07:45Z</time>
   </trkpt>
   <trkpt lat="22.3756540" lon="114.0618750">
    <ele>184.0</ele>
    <time>2025-09-22T00:07:46Z</time>
   </trkpt>
   <trkpt lat="22.3756630" lon="114.0618760">
    <ele>184.1</ele>
    <time>2025-09-22T00:07:47Z</time>
   </trkpt>
   <trkpt lat="22.3756660" lon="114.0618770">
    <ele>184.2</ele>
    <time>2025-09-22T00:07:48Z</time>
   </trkpt>
   <trkpt lat="22.3756650" lon="114.0618770">
    <ele>184.2</ele>
    <time>2025-09-22T00:07:49Z</time>
   </trkpt>
   <trkpt lat="22.3756630" lon="114.0618770">
    <ele>184.2</ele>
    <time>2025-09-22T00:07:50Z</time>
   </trkpt>
   <trkpt lat="22.3756610" lon="114.0618770">
    <ele>184.2</ele>
    <time>2025-09-22T00:07:51Z</time>
   </trkpt>
   <trkpt lat="22.3756590" lon="114.0618770">
    <ele>184.2</ele>
    <time>2025-09-22T00:07:52Z</time>
   </trkpt>
   <trkpt lat="22.3756580" lon="114.0618780">
    <ele>184.3</ele>
    <time>2025-09-22T00:07:53Z</time>
   </trkpt>
   <trkpt lat="22.3756560" lon="114.0618780">
    <ele>184.3</ele>
    <time>2025-09-22T00:07:54Z</time>
   </trkpt>
   <trkpt lat="22.3756540" lon="114.0618780">
    <ele>184.3</ele>
    <time>2025-09-22T00:07:55Z</time>
   </trkpt>
   <trkpt lat="22.3756530" lon="114.0618780">
    <ele>184.3</ele>
    <time>2025-09-22T00:07:56Z</time>
   </trkpt>
   <trkpt lat="22.3756510" lon="114.0618780">
    <ele>184.3</ele>
    <time>2025-09-22T00:07:57Z</time>
   </trkpt>
   <trkpt lat="22.3756490" lon="114.0618780">
    <ele>184.4</ele>
    <time>2025-09-22T00:07:58Z</time>
   </trkpt>
   <trkpt lat="22.3756480" lon="114.0618780">
    <ele>184.4</ele>
    <time>2025-09-22T00:07:59Z</time>
   </trkpt>
   <trkpt lat="22.3756460" lon="114.0618780">
    <ele>184.4</ele>
    <time>2025-09-22T00:08:00Z</time>
   </trkpt>
   <trkpt lat="22.3756440" lon="114.0618780">
    <ele>184.4</ele>
    <time>2025-09-22T00:08:01Z</time>
   </trkpt>
   <trkpt lat="22.3756420" lon="114.0618780">
    <ele>184.5</ele>
    <time>2025-09-22T00:08:02Z</time>
   </trkpt>
   <trkpt lat="22.3756410" lon="114.0618780">
    <ele>184.5</ele>
    <time>2025-09-22T00:08:03Z</time>
   </trkpt>
   <trkpt lat="22.3756390" lon="114.0618790">
    <ele>184.5</ele>
    <time>2025-09-22T00:08:04Z</time>
   </trkpt>
   <trkpt lat="22.3756370" lon="114.0618790">
    <ele>184.5</ele>
    <time>2025-09-22T00:08:05Z</time>
   </trkpt>
   <trkpt lat="22.3756360" lon="114.0618790">
    <ele>184.5</ele>
    <time>2025-09-22T00:08:06Z</time>
   </trkpt>
   <trkpt lat="22.3756340" lon="114.0618790">
    <ele>184.6</ele>
    <time>2025-09-22T00:08:07Z</time>
   </trkpt>
   <trkpt lat="22.3756320" lon="114.0618790">
    <ele>184.6</ele>
    <time>2025-09-22T00:08:08Z</time>
   </trkpt>
   <trkpt lat="22.3756300" lon="114.0618790">
    <ele>184.6</ele>
    <time>2025-09-22T00:08:09Z</time>
   </trkpt>
   <trkpt lat="22.3756290" lon="114.0618790">
    <ele>184.6</ele>
    <time>2025-09-22T00:08:10Z</time>
   </trkpt>
   <trkpt lat="22.3756270" lon="114.0618790">
    <ele>184.6</ele>
    <time>2025-09-22T00:08:11Z</time>
   </trkpt>
   <trkpt lat="22.3756250" lon="114.0618790">
    <ele>184.7</ele>
    <time>2025-09-22T00:08:12Z</time>
   </trkpt>
   <trkpt lat="22.3756240" lon="114.0618790">
    <ele>184.7</ele>
    <time>2025-09-22T00:08:13Z</time>
   </trkpt>
   <trkpt lat="22.3756220" lon="114.0618790">
    <ele>184.7</ele>
    <time>2025-09-22T00:08:14Z</time>
   </trkpt>
   <trkpt lat="22.3756200" lon="114.0618790">
    <ele>184.7</ele>
    <time>2025-09-22T00:08:15Z</time>
   </trkpt>
   <trkpt lat="22.3756190" lon="114.0618800">
    <ele>184.7</ele>
    <time>2025-09-22T00:08:16Z</time>
   </trkpt>
   <trkpt lat="22.3756170" lon="114.0618800">
    <ele>184.8</ele>
    <time>2025-09-22T00:08:17Z</time>
   </trkpt>
   <trkpt lat="22.3756150" lon="114.0618800">
    <ele>184.8</ele>
    <time>2025-09-22T00:08:18Z</time>
   </trkpt>
   <trkpt lat="22.3756130" lon="114.0618800">
    <ele>184.8</ele>
    <time>2025-09-22T00:08:19Z</time>
   </trkpt>
   <trkpt lat="22.3756120" lon="114.0618800">
    <ele>184.8</ele>
    <time>2025-09-22T00:08:20Z</time>
   </trkpt>
   <trkpt lat="22.3756100" lon="114.0618800">
    <ele>184.9</ele>
    <time>2025-09-22T00:08:21Z</time>
   </trkpt>
   <trkpt lat="22.3756100" lon="114.0618800">
    <ele>184.9</ele>
    <time>2025-09-22T00:08:22Z</time>
   </trkpt>
   <trkpt lat="22.3756100" lon="114.0618800">
    <ele>184.9</ele>
    <time>2025-09-22T00:08:23Z</time>
   </trkpt>
   <trkpt lat="22.3756100" lon="114.0618800">
    <ele>184.9</ele>
    <time>2025-09-22T00:08:24Z</time>
   </trkpt>
   <trkpt lat="22.3756100" lon="114.0618800">
    <ele>184.9</ele>
    <time>2025-09-22T00:08:25Z</time>
   </trkpt>
   <trkpt lat="22.3756100" lon="114.0618800">
    <ele>184.9</ele>
    <time>2025-09-22T00:08:26Z</time>
   </trkpt>
   <trkpt lat="22.3756100" lon="114.0618800">
    <ele>184.9</ele>
    <time>2025-09-22T00:08:27Z</time>
   </trkpt>
   <trkpt lat="22.3756100" lon="114.0618800">
    <ele>184.9</ele>
    <time>2025-09-22T00:08:28Z</time>
   </trkpt>
   <trkpt lat="22.3756100" lon="114.0618800">
    <ele>184.9</ele>
    <time>2025-09-22T00:08:29Z</time>
   </trkpt>
   <trkpt lat="22.3756100" lon="114.0618800">
    <ele>184.9</ele>
    <time>2025-09-22T00:08:30Z</time>
   </trkpt>
   <trkpt lat="22.3756100" lon="114.0618800">
    <ele>184.9</ele>
    <time>2025-09-22T00:08:31Z</time>
   </trkpt>
   <trkpt lat="22.3756100" lon="114.0618800">
    <ele>184.9</ele>
    <time>2025-09-22T00:08:32Z</time>
   </trkpt>
   <trkpt lat="22.3755960" lon="114.0618670">
    <ele>185.1</ele>
    <time>2025-09-22T00:08:33Z</time>
   </trkpt>
   <trkpt lat="22.3755950" lon="114.0618660">
    <ele>185.1</ele>
    <time>2025-09-22T00:08:34Z</time>
   </trkpt>
   <trkpt lat="22.3755930" lon="114.0618670">
    <ele>185.1</ele>
    <time>2025-09-22T00:08:35Z</time>
   </trkpt>
   <trkpt lat="22.3755930" lon="114.0618670">
    <ele>185.1</ele>
    <time>2025-09-22T00:08:36Z</time>
   </trkpt>
   <trkpt lat="22.3755950" lon="114.0618640">
    <ele>185.2</ele>
    <time>2025-09-22T00:08:37Z</time>
   </trkpt>
   <trkpt lat="22.3755950" lon="114.0618640">
    <ele>185.2</ele>
    <time>2025-09-22T00:08:38Z</time>
   </trkpt>
   <trkpt lat="22.3755950" lon="114.0618640">
    <ele>185.2</ele>
    <time>2025-09-22T00:08:39Z</time>
   </trkpt>
   <trkpt lat="22.3755950" lon="114.0618640">
    <ele>185.2</ele>
    <time>2025-09-22T00:08:40Z</time>
   </trkpt>
   <trkpt lat="22.3756030" lon="114.0618670">
    <ele>185.3</ele>
    <time>2025-09-22T00:08:41Z</time>
   </trkpt>
   <trkpt lat="22.3756010" lon="114.0618700">
    <ele>185.3</ele>
    <time>2025-09-22T00:08:42Z</time>
   </trkpt>
   <trkpt lat="22.3756010" lon="114.0618700">
    <ele>185.3</ele>
    <time>2025-09-22T00:08:43Z</time>
   </trkpt>
   <trkpt lat="22.3756010" lon="114.0618700">
    <ele>185.3</ele>
    <time>2025-09-22T00:08:44Z</time>
   </trkpt>
   <trkpt lat="22.3756010" lon="114.0618700">
    <ele>185.3</ele>
    <time>2025-09-22T00:08:45Z</time>
   </trkpt>
   <trkpt lat="22.3756010" lon="114.0618700">
    <ele>185.3</ele>
    <time>2025-09-22T00:08:46Z</time>
   </trkpt>
   <trkpt lat="22.3756010" lon="114.0618700">
    <ele>185.3</ele>
    <time>2025-09-22T00:08:47Z</time>
   </trkpt>
   <trkpt lat="22.3756010" lon="114.0618700">
    <ele>185.3</ele>
    <time>2025-09-22T00:08:48Z</time>
   </trkpt>
   <trkpt lat="22.3756010" lon="114.0618700">
    <ele>185.3</ele>
    <time>2025-09-22T00:08:49Z</time>
   </trkpt>
   <trkpt lat="22.3756010" lon="114.0618700">
    <ele>185.3</ele>
    <time>2025-09-22T00:08:50Z</time>
   </trkpt>
   <trkpt lat="22.3756010" lon="114.0618700">
    <ele>185.3</ele>
    <time>2025-09-22T00:08:51Z</time>
   </trkpt>
   <trkpt lat="22.3756200" lon="114.0618600">
    <ele>185.6</ele>
    <time>2025-09-22T00:08:52Z</time>
   </trkpt>
   <trkpt lat="22.3756200" lon="114.0618600">
    <ele>185.6</ele>
    <time>2025-09-22T00:08:53Z</time>
   </trkpt>
   <trkpt lat="22.3756260" lon="114.0618610">
    <ele>185.7</ele>
    <time>2025-09-22T00:08:54Z</time>
   </trkpt>
   <trkpt lat="22.3756250" lon="114.0618610">
    <ele>185.7</ele>
    <time>2025-09-22T00:08:55Z</time>
   </trkpt>
   <trkpt lat="22.3756250" lon="114.0618610">
    <ele>185.7</ele>
    <time>2025-09-22T00:08:56Z</time>
   </trkpt>
   <trkpt lat="22.3756250" lon="114.0618610">
    <ele>185.7</ele>
    <time>2025-09-22T00:08:57Z</time>
   </trkpt>
   <trkpt lat="22.3756250" lon="114.0618610">
    <ele>185.7</ele>
    <time>2025-09-22T00:08:58Z</time>
   </trkpt>
   <trkpt lat="22.3756250" lon="114.0618610">
    <ele>185.7</ele>
    <time>2025-09-22T00:08:59Z</time>
   </trkpt>
   <trkpt lat="22.3756250" lon="114.0618610">
    <ele>185.7</ele>
    <time>2025-09-22T00:09:00Z</time>
   </trkpt>
   <trkpt lat="22.3756250" lon="114.0618610">
    <ele>185.7</ele>
    <time>2025-09-22T00:09:01Z</time>
   </trkpt>
   <trkpt lat="22.3756250" lon="114.0618610">
    <ele>185.7</ele>
    <time>2025-09-22T00:09:02Z</time>
   </trkpt>
   <trkpt lat="22.3756250" lon="114.0618610">
    <ele>185.7</ele>
    <time>2025-09-22T00:09:03Z</time>
   </trkpt>
   <trkpt lat="22.3756270" lon="114.0618510">
    <ele>185.8</ele>
    <time>2025-09-22T00:09:04Z</time>
   </trkpt>
   <trkpt lat="22.3756280" lon="114.0618510">
    <ele>185.8</ele>
    <time>2025-09-22T00:09:05Z</time>
   </trkpt>
   <trkpt lat="22.3756280" lon="114.0618510">
    <ele>185.8</ele>
    <time>2025-09-22T00:09:06Z</time>
   </trkpt>
   <trkpt lat="22.3756280" lon="114.0618510">
    <ele>185.8</ele>
    <time>2025-09-22T00:09:07Z</time>
   </trkpt>
   <trkpt lat="22.3756280" lon="114.0618510">
    <ele>185.8</ele>
    <time>2025-09-22T00:09:08Z</time>
   </trkpt>
   <trkpt lat="22.3756280" lon="114.0618510">
    <ele>185.8</ele>
    <time>2025-09-22T00:09:09Z</time>
   </trkpt>
   <trkpt lat="22.3756280" lon="114.0618510">
    <ele>185.8</ele>
    <time>2025-09-22T00:09:10Z</time>
   </trkpt>
   <trkpt lat="22.3756280" lon="114.0618510">
    <ele>185.8</ele>
    <time>2025-09-22T00:09:11Z</time>
   </trkpt>
   <trkpt lat="22.3756280" lon="114.0618510">
    <ele>185.8</ele>
    <time>2025-09-22T00:09:12Z</time>
   </trkpt>
   <trkpt lat="22.3756280" lon="114.0618590">
    <ele>185.9</ele>
    <time>2025-09-22T00:09:13Z</time>
   </trkpt>
   <trkpt lat="22.3756270" lon="114.0618600">
    <ele>185.9</ele>
    <time>2025-09-22T00:09:14Z</time>
   </trkpt>
   <trkpt lat="22.3756270" lon="114.0618600">
    <ele>185.9</ele>
    <time>2025-09-22T00:09:15Z</time>
   </trkpt>
   <trkpt lat="22.3756420" lon="114.0618630">
    <ele>186.1</ele>
    <time>2025-09-22T00:09:16Z</time>
   </trkpt>
   <trkpt lat="22.3756490" lon="114.0618630">
    <ele>186.2</ele>
    <time>2025-09-22T00:09:17Z</time>
   </trkpt>
   <trkpt lat="22.3756590" lon="114.0618680">
    <ele>186.4</ele>
    <time>2025-09-22T00:09:18Z</time>
   </trkpt>
   <trkpt lat="22.3756590" lon="114.0618640">
    <ele>186.4</ele>
    <time>2025-09-22T00:09:19Z</time>
   </trkpt>
   <trkpt lat="22.3756620" lon="114.0618610">
    <ele>186.5</ele>
    <time>2025-09-22T00:09:20Z</time>
   </trkpt>
   <trkpt lat="22.3756670" lon="114.0618570">
    <ele>186.6</ele>
    <time>2025-09-22T00:09:21Z</time>
   </trkpt>
   <trkpt lat="22.3756760" lon="114.0618540">
    <ele>186.7</ele>
    <time>2025-09-22T00:09:22Z</time>
   </trkpt>
   <trkpt lat="22.3756780" lon="114.0618570">
    <ele>186.7</ele>
    <time>2025-09-22T00:09:23Z</time>
   </trkpt>
   <trkpt lat="22.3756850" lon="114.0618510">
    <ele>186.9</ele>
    <time>2025-09-22T00:09:24Z</time>
   </trkpt>
   <trkpt lat="22.3756960" lon="114.0618560">
    <ele>187.0</ele>
    <time>2025-09-22T00:09:25Z</time>
   </trkpt>
   <trkpt lat="22.3757060" lon="114.0618540">
    <ele>187.2</ele>
    <time>2025-09-22T00:09:26Z</time>
   </trkpt>
   <trkpt lat="22.3757100" lon="114.0618540">
    <ele>187.2</ele>
    <time>2025-09-22T00:09:27Z</time>
   </trkpt>
   <trkpt lat="22.3757170" lon="114.0618490">
    <ele>187.3</ele>
    <time>2025-09-22T00:09:28Z</time>
   </trkpt>
   <trkpt lat="22.3757310" lon="114.0618480">
    <ele>187.5</ele>
    <time>2025-09-22T00:09:29Z</time>
   </trkpt>
   <trkpt lat="22.3757390" lon="114.0618460">
    <ele>187.6</ele>
    <time>2025-09-22T00:09:30Z</time>
   </trkpt>
   <trkpt lat="22.3757370" lon="114.0618460">
    <ele>187.6</ele>
    <time>2025-09-22T00:09:31Z</time>
   </trkpt>
   <trkpt lat="22.3757410" lon="114.0618390">
    <ele>187.8</ele>
    <time>2025-09-22T00:09:32Z</time>
   </trkpt>
   <trkpt lat="22.3757500" lon="114.0618480">
    <ele>187.9</ele>
    <time>2025-09-22T00:09:33Z</time>
   </trkpt>
   <trkpt lat="22.3757600" lon="114.0618520">
    <ele>188.1</ele>
    <time>2025-09-22T00:09:34Z</time>
   </trkpt>
   <trkpt lat="22.3757690" lon="114.0618520">
    <ele>188.2</ele>
    <time>2025-09-22T00:09:35Z</time>
   </trkpt>
   <trkpt lat="22.3757760" lon="114.0618540">
    <ele>188.3</ele>
    <time>2025-09-22T00:09:36Z</time>
   </trkpt>
   <trkpt lat="22.3757810" lon="114.0618540">
    <ele>188.4</ele>
    <time>2025-09-22T00:09:37Z</time>
   </trkpt>
   <trkpt lat="22.3757910" lon="114.0618540">
    <ele>188.6</ele>
    <time>2025-09-22T00:09:38Z</time>
   </trkpt>
   <trkpt lat="22.3757980" lon="114.0618580">
    <ele>188.7</ele>
    <time>2025-09-22T00:09:39Z</time>
   </trkpt>
   <trkpt lat="22.3758060" lon="114.0618620">
    <ele>188.8</ele>
    <time>2025-09-22T00:09:40Z</time>
   </trkpt>
   <trkpt lat="22.3758160" lon="114.0618590">
    <ele>189.0</ele>
    <time>2025-09-22T00:09:41Z</time>
   </trkpt>
   <trkpt lat="22.3758370" lon="114.0618580">
    <ele>189.3</ele>
    <time>2025-09-22T00:09:42Z</time>
   </trkpt>
   <trkpt lat="22.3758460" lon="114.0618600">
    <ele>189.4</ele>
    <time>2025-09-22T00:09:43Z</time>
   </trkpt>
   <trkpt lat="22.3758550" lon="114.0618610">
    <ele>189.5</ele>
    <time>2025-09-22T00:09:44Z</time>
   </trkpt>
   <trkpt lat="22.3758620" lon="114.0618550">
    <ele>189.7</ele>
    <time>2025-09-22T00:09:45Z</time>
   </trkpt>
   <trkpt lat="22.3758690" lon="114.0618490">
    <ele>189.8</ele>
    <time>2025-09-22T00:09:46Z</time>
   </trkpt>
   <trkpt lat="22.3758800" lon="114.0618520">
    <ele>190.0</ele>
    <time>2025-09-22T00:09:47Z</time>
   </trkpt>
   <trkpt lat="22.3758830" lon="114.0618510">
    <ele>190.0</ele>
    <time>2025-09-22T00:09:48Z</time>
   </trkpt>
   <trkpt lat="22.3758920" lon="114.0618450">
    <ele>190.2</ele>
    <time>2025-09-22T00:09:49Z</time>
   </trkpt>
   <trkpt lat="22.3759010" lon="114.0618380">
    <ele>190.4</ele>
    <time>2025-09-22T00:09:50Z</time>
   </trkpt>
   <trkpt lat="22.3759100" lon="114.0618280">
    <ele>190.6</ele>
    <time>2025-09-22T00:09:51Z</time>
   </trkpt>
   <trkpt lat="22.3759190" lon="114.0618200">
    <ele>190.8</ele>
    <time>2025-09-22T00:09:52Z</time>
   </trkpt>
   <trkpt lat="22.3759280" lon="114.0618160">
    <ele>190.9</ele>
    <time>2025-09-22T00:09:53Z</time>
   </trkpt>
   <trkpt lat="22.3759320" lon="114.0618080">
    <ele>191.0</ele>
    <time>2025-09-22T00:09:54Z</time>
   </trkpt>
   <trkpt lat="22.3759270" lon="114.0618040">
    <ele>191.1</ele>
    <time>2025-09-22T00:09:55Z</time>
   </trkpt>
   <trkpt lat="22.3759280" lon="114.0617990">
    <ele>191.2</ele>
    <time>2025-09-22T00:09:56Z</time>
   </trkpt>
   <trkpt lat="22.3759320" lon="114.0617940">
    <ele>191.3</ele>
    <time>2025-09-22T00:09:57Z</time>
   </trkpt>
   <trkpt lat="22.3759350" lon="114.0617930">
    <ele>191.4</ele>
    <time>2025-09-22T00:09:58Z</time>
   </trkpt>
   <trkpt lat="22.3759370" lon="114.0617870">
    <ele>191.5</ele>
    <time>2025-09-22T00:09:59Z</time>
   </trkpt>
   <trkpt lat="22.3759440" lon="114.0617760">
    <ele>191.6</ele>
    <time>2025-09-22T00:10:00Z</time>
   </trkpt>
   <trkpt lat="22.3759500" lon="114.0617610">
    <ele>191.9</ele>
    <time>2025-09-22T00:10:01Z</time>
   </trkpt>
   <trkpt lat="22.3759540" lon="114.0617550">
    <ele>192.0</ele>
    <time>2025-09-22T00:10:02Z</time>
   </trkpt>
   <trkpt lat="22.3759560" lon="114.0617480">
    <ele>192.1</ele>
    <time>2025-09-22T00:10:03Z</time>
   </trkpt>
   <trkpt lat="22.3759640" lon="114.0617350">
    <ele>192.3</ele>
    <time>2025-09-22T00:10:04Z</time>
   </trkpt>
   <trkpt lat="22.3759720" lon="114.0617270">
    <ele>192.4</ele>
    <time>2025-09-22T00:10:05Z</time>
   </trkpt>
   <trkpt lat="22.3759740" lon="114.0617180">
    <ele>192.6</ele>
    <time>2025-09-22T00:10:06Z</time>
   </trkpt>
   <trkpt lat="22.3759810" lon="114.0617140">
    <ele>192.7</ele>
    <time>2025-09-22T00:10:07Z</time>
   </trkpt>
   <trkpt lat="22.3759900" lon="114.0617050">
    <ele>192.9</ele>
    <time>2025-09-22T00:10:08Z</time>
   </trkpt>
   <trkpt lat="22.3759960" lon="114.0616970">
    <ele>193.0</ele>
    <time>2025-09-22T00:10:09Z</time>
   </trkpt>
   <trkpt lat="22.3759940" lon="114.0616930">
    <ele>193.1</ele>
    <time>2025-09-22T00:10:10Z</time>
   </trkpt>
   <trkpt lat="22.3760010" lon="114.0616790">
    <ele>193.3</ele>
    <time>2025-09-22T00:10:11Z</time>
   </trkpt>
   <trkpt lat="22.3760100" lon="114.0616710">
    <ele>193.4</ele>
    <time>2025-09-22T00:10:12Z</time>
   </trkpt>
   <trkpt lat="22.3760160" lon="114.0616650">
    <ele>193.6</ele>
    <time>2025-09-22T00:10:13Z</time>
   </trkpt>
   <trkpt lat="22.3760190" lon="114.0616610">
    <ele>193.6</ele>
    <time>2025-09-22T00:10:14Z</time>
   </trkpt>
   <trkpt lat="22.3760280" lon="114.0616600">
    <ele>193.8</ele>
    <time>2025-09-22T00:10:15Z</time>
   </trkpt>
   <trkpt lat="22.3760370" lon="114.0616470">
    <ele>194.0</ele>
    <time>2025-09-22T00:10:16Z</time>
   </trkpt>
   <trkpt lat="22.3760400" lon="114.0616400">
    <ele>194.1</ele>
    <time>2025-09-22T00:10:17Z</time>
   </trkpt>
   <trkpt lat="22.3760520" lon="114.0616360">
    <ele>194.3</ele>
    <time>2025-09-22T00:10:18Z</time>
   </trkpt>
   <trkpt lat="22.3760610" lon="114.0616350">
    <ele>194.4</ele>
    <time>2025-09-22T00:10:19Z</time>
   </trkpt>
   <trkpt lat="22.3760690" lon="114.0616320">
    <ele>194.5</ele>
    <time>2025-09-22T00:10:20Z</time>
   </trkpt>
   <trkpt lat="22.3760820" lon="114.0616300">
    <ele>194.7</ele>
    <time>2025-09-22T00:10:21Z</time>
   </trkpt>
   <trkpt lat="22.3760880" lon="114.0616270">
    <ele>194.8</ele>
    <time>2025-09-22T00:10:22Z</time>
   </trkpt>
   <trkpt lat="22.3760930" lon="114.0616200">
    <ele>194.9</ele>
    <time>2025-09-22T00:10:23Z</time>
   </trkpt>
   <trkpt lat="22.3761000" lon="114.0616190">
    <ele>195.0</ele>
    <time>2025-09-22T00:10:24Z</time>
   </trkpt>
   <trkpt lat="22.3761090" lon="114.0616170">
    <ele>195.2</ele>
    <time>2025-09-22T00:10:25Z</time>
   </trkpt>
   <trkpt lat="22.3761100" lon="114.0616170">
    <ele>195.2</ele>
    <time>2025-09-22T00:10:26Z</time>
   </trkpt>
   <trkpt lat="22.3761210" lon="114.0616150">
    <ele>195.4</ele>
    <time>2025-09-22T00:10:27Z</time>
   </trkpt>
   <trkpt lat="22.3761290" lon="114.0616100">
    <ele>195.5</ele>
    <time>2025-09-22T00:10:28Z</time>
   </trkpt>
   <trkpt lat="22.3761400" lon="114.0616080">
    <ele>195.7</ele>
    <time>2025-09-22T00:10:29Z</time>
   </trkpt>
   <trkpt lat="22.3761380" lon="114.0616030">
    <ele>195.8</ele>
    <time>2025-09-22T00:10:30Z</time>
   </trkpt>
   <trkpt lat="22.3761470" lon="114.0616040">
    <ele>195.9</ele>
    <time>2025-09-22T00:10:31Z</time>
   </trkpt>
   <trkpt lat="22.3761520" lon="114.0615990">
    <ele>196.0</ele>
    <time>2025-09-22T00:10:32Z</time>
   </trkpt>
   <trkpt lat="22.3761540" lon="114.0615980">
    <ele>196.1</ele>
    <time>2025-09-22T00:10:33Z</time>
   </trkpt>
   <trkpt lat="22.3761610" lon="114.0615940">
    <ele>196.2</ele>
    <time>2025-09-22T00:10:34Z</time>
   </trkpt>
   <trkpt lat="22.3761620" lon="114.0615890">
    <ele>196.3</ele>
    <time>2025-09-22T00:10:35Z</time>
   </trkpt>
   <trkpt lat="22.3761660" lon="114.0615920">
    <ele>196.3</ele>
    <time>2025-09-22T00:10:36Z</time>
   </trkpt>
   <trkpt lat="22.3761710" lon="114.0615930">
    <ele>196.4</ele>
    <time>2025-09-22T00:10:37Z</time>
   </trkpt>
   <trkpt lat="22.3761710" lon="114.0615890">
    <ele>196.5</ele>
    <time>2025-09-22T00:10:38Z</time>
   </trkpt>
   <trkpt lat="22.3761760" lon="114.0615870">
    <ele>196.6</ele>
    <time>2025-09-22T00:10:39Z</time>
   </trkpt>
   <trkpt lat="22.3761850" lon="114.0615780">
    <ele>196.8</ele>
    <time>2025-09-22T00:10:40Z</time>
   </trkpt>
   <trkpt lat="22.3761890" lon="114.0615760">
    <ele>196.8</ele>
    <time>2025-09-22T00:10:41Z</time>
   </trkpt>
   <trkpt lat="22.3761930" lon="114.0615740">
    <ele>196.9</ele>
    <time>2025-09-22T00:10:42Z</time>
   </trkpt>
   <trkpt lat="22.3761930" lon="114.0615720">
    <ele>196.9</ele>
    <time>2025-09-22T00:10:43Z</time>
   </trkpt>
   <trkpt lat="22.3761970" lon="114.0615740">
    <ele>197.0</ele>
    <time>2025-09-22T00:10:44Z</time>
   </trkpt>
   <trkpt lat="22.3761970" lon="114.0615740">
    <ele>197.0</ele>
    <time>2025-09-22T00:10:45Z</time>
   </trkpt>
   <trkpt lat="22.3761970" lon="114.0615740">
    <ele>197.0</ele>
    <time>2025-09-22T00:10:46Z</time>
   </trkpt>
   <trkpt lat="22.3762080" lon="114.0615710">
    <ele>197.2</ele>
    <time>2025-09-22T00:10:47Z</time>
   </trkpt>
   <trkpt lat="22.3762160" lon="114.0615660">
    <ele>197.3</ele>
    <time>2025-09-22T00:10:48Z</time>
   </trkpt>
   <trkpt lat="22.3762210" lon="114.0615630">
    <ele>197.4</ele>
    <time>2025-09-22T00:10:49Z</time>
   </trkpt>
   <trkpt lat="22.3762260" lon="114.0615590">
    <ele>197.5</ele>
    <time>2025-09-22T00:10:50Z</time>
   </trkpt>
   <trkpt lat="22.3762330" lon="114.0615580">
    <ele>197.6</ele>
    <time>2025-09-22T00:10:51Z</time>
   </trkpt>
   <trkpt lat="22.3762380" lon="114.0615560">
    <ele>197.6</ele>
    <time>2025-09-22T00:10:52Z</time>
   </trkpt>
   <trkpt lat="22.3762450" lon="114.0615520">
    <ele>197.6</ele>
    <time>2025-09-22T00:10:53Z</time>
   </trkpt>
   <trkpt lat="22.3762500" lon="114.0615470">
    <ele>197.6</ele>
    <time>2025-09-22T00:10:54Z</time>
   </trkpt>
   <trkpt lat="22.3762560" lon="114.0615410">
    <ele>197.7</ele>
    <time>2025-09-22T00:10:55Z</time>
   </trkpt>
   <trkpt lat="22.3762640" lon="114.0615360">
    <ele>197.7</ele>
    <time>2025-09-22T00:10:56Z</time>
   </trkpt>
   <trkpt lat="22.3762650" lon="114.0615300">
    <ele>197.7</ele>
    <time>2025-09-22T00:10:57Z</time>
   </trkpt>
   <trkpt lat="22.3762670" lon="114.0615210">
    <ele>197.8</ele>
    <time>2025-09-22T00:10:58Z</time>
   </trkpt>
   <trkpt lat="22.3762660" lon="114.0615120">
    <ele>197.9</ele>
    <time>2025-09-22T00:10:59Z</time>
   </trkpt>
   <trkpt lat="22.3762650" lon="114.0615050">
    <ele>197.9</ele>
    <time>2025-09-22T00:11:00Z</time>
   </trkpt>
   <trkpt lat="22.3762690" lon="114.0614900">
    <ele>198.0</ele>
    <time>2025-09-22T00:11:01Z</time>
   </trkpt>
   <trkpt lat="22.3762640" lon="114.0614870">
    <ele>198.0</ele>
    <time>2025-09-22T00:11:02Z</time>
   </trkpt>
   <trkpt lat="22.3762690" lon="114.0614670">
    <ele>198.2</ele>
    <time>2025-09-22T00:11:03Z</time>
   </trkpt>
   <trkpt lat="22.3762720" lon="114.0614540">
    <ele>198.2</ele>
    <time>2025-09-22T00:11:04Z</time>
   </trkpt>
   <trkpt lat="22.3762750" lon="114.0614410">
    <ele>198.3</ele>
    <time>2025-09-22T00:11:05Z</time>
   </trkpt>
   <trkpt lat="22.3762810" lon="114.0614310">
    <ele>198.4</ele>
    <time>2025-09-22T00:11:06Z</time>
   </trkpt>
   <trkpt lat="22.3762840" lon="114.0614190">
    <ele>198.4</ele>
    <time>2025-09-22T00:11:07Z</time>
   </trkpt>
   <trkpt lat="22.3762900" lon="114.0614090">
    <ele>198.5</ele>
    <time>2025-09-22T00:11:08Z</time>
   </trkpt>
   <trkpt lat="22.3762970" lon="114.0614010">
    <ele>198.5</ele>
    <time>2025-09-22T00:11:09Z</time>
   </trkpt>
   <trkpt lat="22.3763080" lon="114.0613960">
    <ele>198.6</ele>
    <time>2025-09-22T00:11:10Z</time>
   </trkpt>
   <trkpt lat="22.3763160" lon="114.0613850">
    <ele>198.7</ele>
    <time>2025-09-22T00:11:11Z</time>
   </trkpt>
   <trkpt lat="22.3763260" lon="114.0613790">
    <ele>198.7</ele>
    <time>2025-09-22T00:11:12Z</time>
   </trkpt>
   <trkpt lat="22.3763320" lon="114.0613780">
    <ele>198.7</ele>
    <time>2025-09-22T00:11:13Z</time>
   </trkpt>
   <trkpt lat="22.3763360" lon="114.0613690">
    <ele>198.8</ele>
    <time>2025-09-22T00:11:14Z</time>
   </trkpt>
   <trkpt lat="22.3763430" lon="114.0613670">
    <ele>198.8</ele>
    <time>2025-09-22T00:11:15Z</time>
   </trkpt>
   <trkpt lat="22.3763490" lon="114.0613590">
    <ele>198.8</ele>
    <time>2025-09-22T00:11:16Z</time>
   </trkpt>
   <trkpt lat="22.3763580" lon="114.0613520">
    <ele>198.9</ele>
    <time>2025-09-22T00:11:17Z</time>
   </trkpt>
   <trkpt lat="22.3763710" lon="114.0613430">
    <ele>198.9</ele>
    <time>2025-09-22T00:11:18Z</time>
   </trkpt>
   <trkpt lat="22.3763770" lon="114.0613400">
    <ele>199.0</ele>
    <time>2025-09-22T00:11:19Z</time>
   </trkpt>
   <trkpt lat="22.3763850" lon="114.0613360">
    <ele>199.0</ele>
    <time>2025-09-22T00:11:20Z</time>
   </trkpt>
   <trkpt lat="22.3763960" lon="114.0613350">
    <ele>199.0</ele>
    <time>2025-09-22T00:11:21Z</time>
   </trkpt>
   <trkpt lat="22.3764050" lon="114.0613370">
    <ele>199.1</ele>
    <time>2025-09-22T00:11:22Z</time>
   </trkpt>
   <trkpt lat="22.3764140" lon="114.0613350">
    <ele>199.1</ele>
    <time>2025-09-22T00:11:23Z</time>
   </trkpt>
   <trkpt lat="22.3764180" lon="114.0613360">
    <ele>199.1</ele>
    <time>2025-09-22T00:11:24Z</time>
   </trkpt>
   <trkpt lat="22.3764210" lon="114.0613340">
    <ele>199.1</ele>
    <time>2025-09-22T00:11:25Z</time>
   </trkpt>
   <trkpt lat="22.3764300" lon="114.0613350">
    <ele>199.2</ele>
    <time>2025-09-22T00:11:26Z</time>
   </trkpt>
   <trkpt lat="22.3764430" lon="114.0613350">
    <ele>199.2</ele>
    <time>2025-09-22T00:11:27Z</time>
   </trkpt>
   <trkpt lat="22.3764500" lon="114.0613300">
    <ele>199.3</ele>
    <time>2025-09-22T00:11:28Z</time>
   </trkpt>
   <trkpt lat="22.3764630" lon="114.0613320">
    <ele>199.3</ele>
    <time>2025-09-22T00:11:29Z</time>
   </trkpt>
   <trkpt lat="22.3764750" lon="114.0613320">
    <ele>199.4</ele>
    <time>2025-09-22T00:11:30Z</time>
   </trkpt>
   <trkpt lat="22.3764780" lon="114.0613370">
    <ele>199.4</ele>
    <time>2025-09-22T00:11:31Z</time>
   </trkpt>
   <trkpt lat="22.3764880" lon="114.0613430">
    <ele>199.4</ele>
    <time>2025-09-22T00:11:32Z</time>
   </trkpt>
   <trkpt lat="22.3764990" lon="114.0613450">
    <ele>199.5</ele>
    <time>2025-09-22T00:11:33Z</time>
   </trkpt>
   <trkpt lat="22.3765130" lon="114.0613590">
    <ele>199.5</ele>
    <time>2025-09-22T00:11:34Z</time>
   </trkpt>
   <trkpt lat="22.3765190" lon="114.0613660">
    <ele>199.6</ele>
    <time>2025-09-22T00:11:35Z</time>
   </trkpt>
   <trkpt lat="22.3765250" lon="114.0613740">
    <ele>199.6</ele>
    <time>2025-09-22T00:11:36Z</time>
   </trkpt>
   <trkpt lat="22.3765300" lon="114.0613890">
    <ele>199.7</ele>
    <time>2025-09-22T00:11:37Z</time>
   </trkpt>
   <trkpt lat="22.3765290" lon="114.0613950">
    <ele>199.7</ele>
    <time>2025-09-22T00:11:38Z</time>
   </trkpt>
   <trkpt lat="22.3765290" lon="114.0614020">
    <ele>199.7</ele>
    <time>2025-09-22T00:11:39Z</time>
   </trkpt>
   <trkpt lat="22.3765280" lon="114.0614080">
    <ele>199.7</ele>
    <time>2025-09-22T00:11:40Z</time>
   </trkpt>
   <trkpt lat="22.3765280" lon="114.0614140">
    <ele>199.7</ele>
    <time>2025-09-22T00:11:41Z</time>
   </trkpt>
   <trkpt lat="22.3765290" lon="114.0614230">
    <ele>199.8</ele>
    <time>2025-09-22T00:11:42Z</time>
   </trkpt>
   <trkpt lat="22.3765360" lon="114.0614340">
    <ele>199.8</ele>
    <time>2025-09-22T00:11:43Z</time>
   </trkpt>
   <trkpt lat="22.3765340" lon="114.0614410">
    <ele>199.8</ele>
    <time>2025-09-22T00:11:44Z</time>
   </trkpt>
   <trkpt lat="22.3765380" lon="114.0614460">
    <ele>199.9</ele>
    <time>2025-09-22T00:11:45Z</time>
   </trkpt>
   <trkpt lat="22.3765410" lon="114.0614600">
    <ele>199.9</ele>
    <time>2025-09-22T00:11:46Z</time>
   </trkpt>
   <trkpt lat="22.3765480" lon="114.0614670">
    <ele>199.9</ele>
    <time>2025-09-22T00:11:47Z</time>
   </trkpt>
   <trkpt lat="22.3765520" lon="114.0614780">
    <ele>200.0</ele>
    <time>2025-09-22T00:11:48Z</time>
   </trkpt>
   <trkpt lat="22.3765520" lon="114.0614750">
    <ele>200.0</ele>
    <time>2025-09-22T00:11:49Z</time>
   </trkpt>
   <trkpt lat="22.3765660" lon="114.0614720">
    <ele>200.0</ele>
    <time>2025-09-22T00:11:50Z</time>
   </trkpt>
   <trkpt lat="22.3765730" lon="114.0614680">
    <ele>200.0</ele>
    <time>2025-09-22T00:11:51Z</time>
   </trkpt>
   <trkpt lat="22.3765830" lon="114.0614670">
    <ele>200.1</ele>
    <time>2025-09-22T00:11:52Z</time>
   </trkpt>
   <trkpt lat="22.3766100" lon="114.0614680">
    <ele>200.1</ele>
    <time>2025-09-22T00:11:53Z</time>
   </trkpt>
   <trkpt lat="22.3766140" lon="114.0614640">
    <ele>200.2</ele>
    <time>2025-09-22T00:11:54Z</time>
   </trkpt>
   <trkpt lat="22.3766190" lon="114.0614600">
    <ele>200.2</ele>
    <time>2025-09-22T00:11:55Z</time>
   </trkpt>
   <trkpt lat="22.3766290" lon="114.0614660">
    <ele>200.2</ele>
    <time>2025-09-22T00:11:56Z</time>
   </trkpt>
   <trkpt lat="22.3766530" lon="114.0614640">
    <ele>200.3</ele>
    <time>2025-09-22T00:11:57Z</time>
   </trkpt>
   <trkpt lat="22.3766730" lon="114.0614790">
    <ele>200.3</ele>
    <time>2025-09-22T00:11:58Z</time>
   </trkpt>
   <trkpt lat="22.3766810" lon="114.0614840">
    <ele>200.4</ele>
    <time>2025-09-22T00:11:59Z</time>
   </trkpt>
   <trkpt lat="22.3766900" lon="114.0614890">
    <ele>200.4</ele>
    <time>2025-09-22T00:12:00Z</time>
   </trkpt>
   <trkpt lat="22.3767070" lon="114.0615030">
    <ele>200.4</ele>
    <time>2025-09-22T00:12:01Z</time>
   </trkpt>
   <trkpt lat="22.3767130" lon="114.0615090">
    <ele>200.4</ele>
    <time>2025-09-22T00:12:02Z</time>
   </trkpt>
   <trkpt lat="22.3767200" lon="114.0615140">
    <ele>200.5</ele>
    <time>2025-09-22T00:12:03Z</time>
   </trkpt>
   <trkpt lat="22.3767310" lon="114.0615230">
    <ele>200.5</ele>
    <time>2025-09-22T00:12:04Z</time>
   </trkpt>
   <trkpt lat="22.3767350" lon="114.0615280">
    <ele>200.5</ele>
    <time>2025-09-22T00:12:05Z</time>
   </trkpt>
   <trkpt lat="22.3767400" lon="114.0615330">
    <ele>200.5</ele>
    <time>2025-09-22T00:12:06Z</time>
   </trkpt>
   <trkpt lat="22.3767440" lon="114.0615380">
    <ele>200.5</ele>
    <time>2025-09-22T00:12:07Z</time>
   </trkpt>
   <trkpt lat="22.3767480" lon="114.0615430">
    <ele>200.5</ele>
    <time>2025-09-22T00:12:08Z</time>
   </trkpt>
   <trkpt lat="22.3767540" lon="114.0615510">
    <ele>200.6</ele>
    <time>2025-09-22T00:12:09Z</time>
   </trkpt>
   <trkpt lat="22.3767630" lon="114.0615660">
    <ele>200.6</ele>
    <time>2025-09-22T00:12:10Z</time>
   </trkpt>
   <trkpt lat="22.3767720" lon="114.0615700">
    <ele>200.6</ele>
    <time>2025-09-22T00:12:11Z</time>
   </trkpt>
   <trkpt lat="22.3767840" lon="114.0615750">
    <ele>200.6</ele>
    <time>2025-09-22T00:12:12Z</time>
   </trkpt>
   <trkpt lat="22.3767940" lon="114.0615790">
    <ele>200.7</ele>
    <time>2025-09-22T00:12:13Z</time>
   </trkpt>
   <trkpt lat="22.3768040" lon="114.0615760">
    <ele>200.7</ele>
    <time>2025-09-22T00:12:14Z</time>
   </trkpt>
   <trkpt lat="22.3768080" lon="114.0615790">
    <ele>200.7</ele>
    <time>2025-09-22T00:12:15Z</time>
   </trkpt>
   <trkpt lat="22.3768140" lon="114.0615840">
    <ele>200.7</ele>
    <time>2025-09-22T00:12:16Z</time>
   </trkpt>
   <trkpt lat="22.3768220" lon="114.0615910">
    <ele>200.7</ele>
    <time>2025-09-22T00:12:17Z</time>
   </trkpt>
   <trkpt lat="22.3768330" lon="114.0615930">
    <ele>200.7</ele>
    <time>2025-09-22T00:12:18Z</time>
   </trkpt>
   <trkpt lat="22.3768510" lon="114.0615990">
    <ele>200.8</ele>
    <time>2025-09-22T00:12:19Z</time>
   </trkpt>
   <trkpt lat="22.3768600" lon="114.0616050">
    <ele>200.8</ele>
    <time>2025-09-22T00:12:20Z</time>
   </trkpt>
   <trkpt lat="22.3768680" lon="114.0616130">
    <ele>200.8</ele>
    <time>2025-09-22T00:12:21Z</time>
   </trkpt>
   <trkpt lat="22.3768780" lon="114.0616130">
    <ele>200.8</ele>
    <time>2025-09-22T00:12:22Z</time>
   </trkpt>
   <trkpt lat="22.3768920" lon="114.0616160">
    <ele>200.8</ele>
    <time>2025-09-22T00:12:23Z</time>
   </trkpt>
   <trkpt lat="22.3769040" lon="114.0616130">
    <ele>200.9</ele>
    <time>2025-09-22T00:12:24Z</time>
   </trkpt>
   <trkpt lat="22.3769130" lon="114.0616140">
    <ele>200.9</ele>
    <time>2025-09-22T00:12:25Z</time>
   </trkpt>
   <trkpt lat="22.3769230" lon="114.0616120">
    <ele>200.9</ele>
    <time>2025-09-22T00:12:26Z</time>
   </trkpt>
   <trkpt lat="22.3769300" lon="114.0616190">
    <ele>200.9</ele>
    <time>2025-09-22T00:12:27Z</time>
   </trkpt>
   <trkpt lat="22.3769390" lon="114.0616210">
    <ele>200.9</ele>
    <time>2025-09-22T00:12:28Z</time>
   </trkpt>
   <trkpt lat="22.3769520" lon="114.0616230">
    <ele>201.0</ele>
    <time>2025-09-22T00:12:29Z</time>
   </trkpt>
   <trkpt lat="22.3769640" lon="114.0616250">
    <ele>201.0</ele>
    <time>2025-09-22T00:12:30Z</time>
   </trkpt>
   <trkpt lat="22.3769760" lon="114.0616300">
    <ele>201.0</ele>
    <time>2025-09-22T00:12:31Z</time>
   </trkpt>
   <trkpt lat="22.3769870" lon="114.0616310">
    <ele>201.1</ele>
    <time>2025-09-22T00:12:32Z</time>
   </trkpt>
   <trkpt lat="22.3769980" lon="114.0616310">
    <ele>201.1</ele>
    <time>2025-09-22T00:12:33Z</time>
   </trkpt>
   <trkpt lat="22.3770040" lon="114.0616440">
    <ele>201.1</ele>
    <time>2025-09-22T00:12:34Z</time>
   </trkpt>
   <trkpt lat="22.3770120" lon="114.0616480">
    <ele>201.2</ele>
    <time>2025-09-22T00:12:35Z</time>
   </trkpt>
   <trkpt lat="22.3770310" lon="114.0616490">
    <ele>201.3</ele>
    <time>2025-09-22T00:12:36Z</time>
   </trkpt>
   <trkpt lat="22.3770380" lon="114.0616500">
    <ele>201.3</ele>
    <time>2025-09-22T00:12:37Z</time>
   </trkpt>
   <trkpt lat="22.3770460" lon="114.0616520">
    <ele>201.3</ele>
    <time>2025-09-22T00:12:38Z</time>
   </trkpt>
   <trkpt lat="22.3770530" lon="114.0616540">
    <ele>201.3</ele>
    <time>2025-09-22T00:12:39Z</time>
   </trkpt>
   <trkpt lat="22.3770610" lon="114.0616580">
    <ele>201.4</ele>
    <time>2025-09-22T00:12:40Z</time>
   </trkpt>
   <trkpt lat="22.3770710" lon="114.0616580">
    <ele>201.4</ele>
    <time>2025-09-22T00:12:41Z</time>
   </trkpt>
   <trkpt lat="22.3770820" lon="114.0616600">
    <ele>201.5</ele>
    <time>2025-09-22T00:12:42Z</time>
   </trkpt>
   <trkpt lat="22.3770950" lon="114.0616550">
    <ele>201.6</ele>
    <time>2025-09-22T00:12:43Z</time>
   </trkpt>
   <trkpt lat="22.3771030" lon="114.0616510">
    <ele>201.6</ele>
    <time>2025-09-22T00:12:44Z</time>
   </trkpt>
   <trkpt lat="22.3771100" lon="114.0616470">
    <ele>201.7</ele>
    <time>2025-09-22T00:12:45Z</time>
   </trkpt>
   <trkpt lat="22.3771170" lon="114.0616430">
    <ele>201.7</ele>
    <time>2025-09-22T00:12:46Z</time>
   </trkpt>
   <trkpt lat="22.3771250" lon="114.0616260">
    <ele>201.8</ele>
    <time>2025-09-22T00:12:47Z</time>
   </trkpt>
   <trkpt lat="22.3771300" lon="114.0616240">
    <ele>201.8</ele>
    <time>2025-09-22T00:12:48Z</time>
   </trkpt>
   <trkpt lat="22.3771370" lon="114.0616170">
    <ele>201.9</ele>
    <time>2025-09-22T00:12:49Z</time>
   </trkpt>
   <trkpt lat="22.3771390" lon="114.0616140">
    <ele>201.9</ele>
    <time>2025-09-22T00:12:50Z</time>
   </trkpt>
   <trkpt lat="22.3771410" lon="114.0616090">
    <ele>201.9</ele>
    <time>2025-09-22T00:12:51Z</time>
   </trkpt>
   <trkpt lat="22.3771430" lon="114.0616050">
    <ele>202.0</ele>
    <time>2025-09-22T00:12:52Z</time>
   </trkpt>
   <trkpt lat="22.3771490" lon="114.0615980">
    <ele>202.0</ele>
    <time>2025-09-22T00:12:53Z</time>
   </trkpt>
   <trkpt lat="22.3771550" lon="114.0615890">
    <ele>202.1</ele>
    <time>2025-09-22T00:12:54Z</time>
   </trkpt>
   <trkpt lat="22.3771610" lon="114.0615840">
    <ele>202.1</ele>
    <time>2025-09-22T00:12:55Z</time>
   </trkpt>
   <trkpt lat="22.3771650" lon="114.0615820">
    <ele>202.2</ele>
    <time>2025-09-22T00:12:56Z</time>
   </trkpt>
   <trkpt lat="22.3771690" lon="114.0615790">
    <ele>202.2</ele>
    <time>2025-09-22T00:12:57Z</time>
   </trkpt>
   <trkpt lat="22.3771690" lon="114.0615770">
    <ele>202.2</ele>
    <time>2025-09-22T00:12:58Z</time>
   </trkpt>
   <trkpt lat="22.3771720" lon="114.0615650">
    <ele>202.3</ele>
    <time>2025-09-22T00:12:59Z</time>
   </trkpt>
   <trkpt lat="22.3771750" lon="114.0615610">
    <ele>202.3</ele>
    <time>2025-09-22T00:13:00Z</time>
   </trkpt>
   <trkpt lat="22.3771780" lon="114.0615530">
    <ele>202.3</ele>
    <time>2025-09-22T00:13:01Z</time>
   </trkpt>
   <trkpt lat="22.3771760" lon="114.0615320">
    <ele>202.4</ele>
    <time>2025-09-22T00:13:02Z</time>
   </trkpt>
   <trkpt lat="22.3771800" lon="114.0615190">
    <ele>202.5</ele>
    <time>2025-09-22T00:13:03Z</time>
   </trkpt>
   <trkpt lat="22.3771870" lon="114.0615060">
    <ele>202.6</ele>
    <time>2025-09-22T00:13:04Z</time>
   </trkpt>
   <trkpt lat="22.3771930" lon="114.0614930">
    <ele>202.6</ele>
    <time>2025-09-22T00:13:05Z</time>
   </trkpt>
   <trkpt lat="22.3771950" lon="114.0614780">
    <ele>202.7</ele>
    <time>2025-09-22T00:13:06Z</time>
   </trkpt>
   <trkpt lat="22.3771980" lon="114.0614700">
    <ele>202.7</ele>
    <time>2025-09-22T00:13:07Z</time>
   </trkpt>
   <trkpt lat="22.3771990" lon="114.0614670">
    <ele>202.7</ele>
    <time>2025-09-22T00:13:08Z</time>
   </trkpt>
   <trkpt lat="22.3772010" lon="114.0614620">
    <ele>202.7</ele>
    <time>2025-09-22T00:13:09Z</time>
   </trkpt>
   <trkpt lat="22.3772040" lon="114.0614580">
    <ele>202.7</ele>
    <time>2025-09-22T00:13:10Z</time>
   </trkpt>
   <trkpt lat="22.3772060" lon="114.0614480">
    <ele>202.8</ele>
    <time>2025-09-22T00:13:11Z</time>
   </trkpt>
   <trkpt lat="22.3772120" lon="114.0614330">
    <ele>202.8</ele>
    <time>2025-09-22T00:13:12Z</time>
   </trkpt>
   <trkpt lat="22.3772180" lon="114.0614200">
    <ele>202.9</ele>
    <time>2025-09-22T00:13:13Z</time>
   </trkpt>
   <trkpt lat="22.3772240" lon="114.0614010">
    <ele>202.9</ele>
    <time>2025-09-22T00:13:14Z</time>
   </trkpt>
   <trkpt lat="22.3772280" lon="114.0613950">
    <ele>202.9</ele>
    <time>2025-09-22T00:13:15Z</time>
   </trkpt>
   <trkpt lat="22.3772310" lon="114.0613880">
    <ele>203.0</ele>
    <time>2025-09-22T00:13:16Z</time>
   </trkpt>
   <trkpt lat="22.3772350" lon="114.0613820">
    <ele>203.0</ele>
    <time>2025-09-22T00:13:17Z</time>
   </trkpt>
   <trkpt lat="22.3772440" lon="114.0613610">
    <ele>203.0</ele>
    <time>2025-09-22T00:13:18Z</time>
   </trkpt>
   <trkpt lat="22.3772480" lon="114.0613540">
    <ele>203.1</ele>
    <time>2025-09-22T00:13:19Z</time>
   </trkpt>
   <trkpt lat="22.3772520" lon="114.0613460">
    <ele>203.1</ele>
    <time>2025-09-22T00:13:20Z</time>
   </trkpt>
   <trkpt lat="22.3772560" lon="114.0613430">
    <ele>203.1</ele>
    <time>2025-09-22T00:13:21Z</time>
   </trkpt>
   <trkpt lat="22.3772610" lon="114.0613370">
    <ele>203.1</ele>
    <time>2025-09-22T00:13:22Z</time>
   </trkpt>
   <trkpt lat="22.3772660" lon="114.0613350">
    <ele>203.1</ele>
    <time>2025-09-22T00:13:23Z</time>
   </trkpt>
   <trkpt lat="22.3772700" lon="114.0613210">
    <ele>203.2</ele>
    <time>2025-09-22T00:13:24Z</time>
   </trkpt>
   <trkpt lat="22.3772770" lon="114.0613070">
    <ele>203.2</ele>
    <time>2025-09-22T00:13:25Z</time>
   </trkpt>
   <trkpt lat="22.3772830" lon="114.0613000">
    <ele>203.3</ele>
    <time>2025-09-22T00:13:26Z</time>
   </trkpt>
   <trkpt lat="22.3772940" lon="114.0612920">
    <ele>203.3</ele>
    <time>2025-09-22T00:13:27Z</time>
   </trkpt>
   <trkpt lat="22.3773050" lon="114.0612780">
    <ele>203.4</ele>
    <time>2025-09-22T00:13:28Z</time>
   </trkpt>
   <trkpt lat="22.3773110" lon="114.0612740">
    <ele>203.4</ele>
    <time>2025-09-22T00:13:29Z</time>
   </trkpt>
   <trkpt lat="22.3773170" lon="114.0612710">
    <ele>203.4</ele>
    <time>2025-09-22T00:13:30Z</time>
   </trkpt>
   <trkpt lat="22.3773230" lon="114.0612670">
    <ele>203.4</ele>
    <time>2025-09-22T00:13:31Z</time>
   </trkpt>
   <trkpt lat="22.3773340" lon="114.0612650">
    <ele>203.5</ele>
    <time>2025-09-22T00:13:32Z</time>
   </trkpt>
   <trkpt lat="22.3773440" lon="114.0612620">
    <ele>203.5</ele>
    <time>2025-09-22T00:13:33Z</time>
   </trkpt>
   <trkpt lat="22.3773530" lon="114.0612650">
    <ele>203.5</ele>
    <time>2025-09-22T00:13:34Z</time>
   </trkpt>
   <trkpt lat="22.3773620" lon="114.0612630">
    <ele>203.6</ele>
    <time>2025-09-22T00:13:35Z</time>
   </trkpt>
   <trkpt lat="22.3773690" lon="114.0612690">
    <ele>203.6</ele>
    <time>2025-09-22T00:13:36Z</time>
   </trkpt>
   <trkpt lat="22.3773800" lon="114.0612750">
    <ele>203.6</ele>
    <time>2025-09-22T00:13:37Z</time>
   </trkpt>
   <trkpt lat="22.3773860" lon="114.0612790">
    <ele>203.7</ele>
    <time>2025-09-22T00:13:38Z</time>
   </trkpt>
   <trkpt lat="22.3773940" lon="114.0612760">
    <ele>203.7</ele>
    <time>2025-09-22T00:13:39Z</time>
   </trkpt>
   <trkpt lat="22.3773980" lon="114.0612800">
    <ele>203.7</ele>
    <time>2025-09-22T00:13:40Z</time>
   </trkpt>
   <trkpt lat="22.3774000" lon="114.0612810">
    <ele>203.7</ele>
    <time>2025-09-22T00:13:41Z</time>
   </trkpt>
   <trkpt lat="22.3773990" lon="114.0612790">
    <ele>203.7</ele>
    <time>2025-09-22T00:13:42Z</time>
   </trkpt>
   <trkpt lat="22.3774070" lon="114.0612850">
    <ele>203.7</ele>
    <time>2025-09-22T00:13:43Z</time>
   </trkpt>
   <trkpt lat="22.3774170" lon="114.0612910">
    <ele>203.8</ele>
    <time>2025-09-22T00:13:44Z</time>
   </trkpt>
   <trkpt lat="22.3774250" lon="114.0612950">
    <ele>203.8</ele>
    <time>2025-09-22T00:13:45Z</time>
   </trkpt>
   <trkpt lat="22.3774280" lon="114.0612990">
    <ele>203.8</ele>
    <time>2025-09-22T00:13:46Z</time>
   </trkpt>
   <trkpt lat="22.3774330" lon="114.0613030">
    <ele>203.9</ele>
    <time>2025-09-22T00:13:47Z</time>
   </trkpt>
   <trkpt lat="22.3774480" lon="114.0613080">
    <ele>203.9</ele>
    <time>2025-09-22T00:13:48Z</time>
   </trkpt>
   <trkpt lat="22.3774550" lon="114.0613100">
    <ele>203.9</ele>
    <time>2025-09-22T00:13:49Z</time>
   </trkpt>
   <trkpt lat="22.3774610" lon="114.0613130">
    <ele>204.0</ele>
    <time>2025-09-22T00:13:50Z</time>
   </trkpt>
   <trkpt lat="22.3774670" lon="114.0613150">
    <ele>204.0</ele>
    <time>2025-09-22T00:13:51Z</time>
   </trkpt>
   <trkpt lat="22.3774690" lon="114.0613200">
    <ele>204.0</ele>
    <time>2025-09-22T00:13:52Z</time>
   </trkpt>
   <trkpt lat="22.3774740" lon="114.0613200">
    <ele>204.0</ele>
    <time>2025-09-22T00:13:53Z</time>
   </trkpt>
   <trkpt lat="22.3774780" lon="114.0613190">
    <ele>204.0</ele>
    <time>2025-09-22T00:13:54Z</time>
   </trkpt>
   <trkpt lat="22.3774920" lon="114.0613250">
    <ele>204.1</ele>
    <time>2025-09-22T00:13:55Z</time>
   </trkpt>
   <trkpt lat="22.3774960" lon="114.0613280">
    <ele>204.1</ele>
    <time>2025-09-22T00:13:56Z</time>
   </trkpt>
   <trkpt lat="22.3775070" lon="114.0613300">
    <ele>204.1</ele>
    <time>2025-09-22T00:13:57Z</time>
   </trkpt>
   <trkpt lat="22.3775180" lon="114.0613330">
    <ele>204.1</ele>
    <time>2025-09-22T00:13:58Z</time>
   </trkpt>
   <trkpt lat="22.3775260" lon="114.0613390">
    <ele>204.2</ele>
    <time>2025-09-22T00:13:59Z</time>
   </trkpt>
   <trkpt lat="22.3775400" lon="114.0613540">
    <ele>204.2</ele>
    <time>2025-09-22T00:14:00Z</time>
   </trkpt>
   <trkpt lat="22.3775450" lon="114.0613590">
    <ele>204.2</ele>
    <time>2025-09-22T00:14:01Z</time>
   </trkpt>
   <trkpt lat="22.3775490" lon="114.0613640">
    <ele>204.2</ele>
    <time>2025-09-22T00:14:02Z</time>
   </trkpt>
   <trkpt lat="22.3775540" lon="114.0613690">
    <ele>204.2</ele>
    <time>2025-09-22T00:14:03Z</time>
   </trkpt>
   <trkpt lat="22.3775530" lon="114.0613680">
    <ele>204.2</ele>
    <time>2025-09-22T00:14:04Z</time>
   </trkpt>
   <trkpt lat="22.3775610" lon="114.0613640">
    <ele>204.2</ele>
    <time>2025-09-22T00:14:05Z</time>
   </trkpt>
   <trkpt lat="22.3775780" lon="114.0613690">
    <ele>204.3</ele>
    <time>2025-09-22T00:14:06Z</time>
   </trkpt>
   <trkpt lat="22.3775880" lon="114.0613760">
    <ele>204.3</ele>
    <time>2025-09-22T00:14:07Z</time>
   </trkpt>
   <trkpt lat="22.3775990" lon="114.0613930">
    <ele>204.3</ele>
    <time>2025-09-22T00:14:08Z</time>
   </trkpt>
   <trkpt lat="22.3776030" lon="114.0614010">
    <ele>204.3</ele>
    <time>2025-09-22T00:14:09Z</time>
   </trkpt>
   <trkpt lat="22.3776150" lon="114.0614180">
    <ele>204.4</ele>
    <time>2025-09-22T00:14:10Z</time>
   </trkpt>
   <trkpt lat="22.3776180" lon="114.0614230">
    <ele>204.4</ele>
    <time>2025-09-22T00:14:11Z</time>
   </trkpt>
   <trkpt lat="22.3776210" lon="114.0614280">
    <ele>204.4</ele>
    <time>2025-09-22T00:14:12Z</time>
   </trkpt>
   <trkpt lat="22.3776240" lon="114.0614330">
    <ele>204.4</ele>
    <time>2025-09-22T00:14:13Z</time>
   </trkpt>
   <trkpt lat="22.3776300" lon="114.0614390">
    <ele>204.4</ele>
    <time>2025-09-22T00:14:14Z</time>
   </trkpt>
   <trkpt lat="22.3776370" lon="114.0614430">
    <ele>204.4</ele>
    <time>2025-09-22T00:14:15Z</time>
   </trkpt>
   <trkpt lat="22.3776440" lon="114.0614560">
    <ele>204.4</ele>
    <time>2025-09-22T00:14:16Z</time>
   </trkpt>
   <trkpt lat="22.3776640" lon="114.0614640">
    <ele>204.4</ele>
    <time>2025-09-22T00:14:17Z</time>
   </trkpt>
   <trkpt lat="22.3776740" lon="114.0614690">
    <ele>204.4</ele>
    <time>2025-09-22T00:14:18Z</time>
   </trkpt>
   <trkpt lat="22.3776850" lon="114.0614750">
    <ele>204.4</ele>
    <time>2025-09-22T00:14:19Z</time>
   </trkpt>
   <trkpt lat="22.3776900" lon="114.0614760">
    <ele>204.4</ele>
    <time>2025-09-22T00:14:20Z</time>
   </trkpt>
   <trkpt lat="22.3776950" lon="114.0614780">
    <ele>204.5</ele>
    <time>2025-09-22T00:14:21Z</time>
   </trkpt>
   <trkpt lat="22.3777010" lon="114.0614790">
    <ele>204.5</ele>
    <time>2025-09-22T00:14:22Z</time>
   </trkpt>
   <trkpt lat="22.3777130" lon="114.0614840">
    <ele>204.5</ele>
    <time>2025-09-22T00:14:23Z</time>
   </trkpt>
   <trkpt lat="22.3777390" lon="114.0614840">
    <ele>204.5</ele>
    <time>2025-09-22T00:14:24Z</time>
   </trkpt>
   <trkpt lat="22.3777510" lon="114.0614830">
    <ele>204.5</ele>
    <time>2025-09-22T00:14:25Z</time>
   </trkpt>
   <trkpt lat="22.3777610" lon="114.0614820">
    <ele>204.5</ele>
    <time>2025-09-22T00:14:26Z</time>
   </trkpt>
   <trkpt lat="22.3777740" lon="114.0614840">
    <ele>204.5</ele>
    <time>2025-09-22T00:14:27Z</time>
   </trkpt>
   <trkpt lat="22.3777800" lon="114.0614820">
    <ele>204.5</ele>
    <time>2025-09-22T00:14:28Z</time>
   </trkpt>
   <trkpt lat="22.3777890" lon="114.0614850">
    <ele>204.5</ele>
    <time>2025-09-22T00:14:29Z</time>
   </trkpt>
   <trkpt lat="22.3778040" lon="114.0614870">
    <ele>204.5</ele>
    <time>2025-09-22T00:14:30Z</time>
   </trkpt>
   <trkpt lat="22.3778140" lon="114.0614860">
    <ele>204.5</ele>
    <time>2025-09-22T00:14:31Z</time>
   </trkpt>
   <trkpt lat="22.3778270" lon="114.0614860">
    <ele>204.6</ele>
    <time>2025-09-22T00:14:32Z</time>
   </trkpt>
   <trkpt lat="22.3778410" lon="114.0614820">
    <ele>204.6</ele>
    <time>2025-09-22T00:14:33Z</time>
   </trkpt>
   <trkpt lat="22.3778570" lon="114.0614800">
    <ele>204.6</ele>
    <time>2025-09-22T00:14:34Z</time>
   </trkpt>
   <trkpt lat="22.3778680" lon="114.0614750">
    <ele>204.6</ele>
    <time>2025-09-22T00:14:35Z</time>
   </trkpt>
   <trkpt lat="22.3778800" lon="114.0614730">
    <ele>204.6</ele>
    <time>2025-09-22T00:14:36Z</time>
   </trkpt>
   <trkpt lat="22.3778950" lon="114.0614770">
    <ele>204.6</ele>
    <time>2025-09-22T00:14:37Z</time>
   </trkpt>
   <trkpt lat="22.3779050" lon="114.0614810">
    <ele>204.6</ele>
    <time>2025-09-22T00:14:38Z</time>
   </trkpt>
   <trkpt lat="22.3779120" lon="114.0614860">
    <ele>204.6</ele>
    <time>2025-09-22T00:14:39Z</time>
   </trkpt>
   <trkpt lat="22.3779200" lon="114.0614920">
    <ele>204.6</ele>
    <time>2025-09-22T00:14:40Z</time>
   </trkpt>
   <trkpt lat="22.3779270" lon="114.0614970">
    <ele>204.6</ele>
    <time>2025-09-22T00:14:41Z</time>
   </trkpt>
   <trkpt lat="22.3779420" lon="114.0614980">
    <ele>204.7</ele>
    <time>2025-09-22T00:14:42Z</time>
   </trkpt>
   <trkpt lat="22.3779500" lon="114.0615030">
    <ele>204.7</ele>
    <time>2025-09-22T00:14:43Z</time>
   </trkpt>
   <trkpt lat="22.3779580" lon="114.0615090">
    <ele>204.7</ele>
    <time>2025-09-22T00:14:44Z</time>
   </trkpt>
   <trkpt lat="22.3779700" lon="114.0615130">
    <ele>204.7</ele>
    <time>2025-09-22T00:14:45Z</time>
   </trkpt>
   <trkpt lat="22.3779730" lon="114.0615170">
    <ele>204.7</ele>
    <time>2025-09-22T00:14:46Z</time>
   </trkpt>
   <trkpt lat="22.3779750" lon="114.0615180">
    <ele>204.7</ele>
    <time>2025-09-22T00:14:47Z</time>
   </trkpt>
   <trkpt lat="22.3779760" lon="114.0615220">
    <ele>204.7</ele>
    <time>2025-09-22T00:14:48Z</time>
   </trkpt>
   <trkpt lat="22.3779770" lon="114.0615220">
    <ele>204.7</ele>
    <time>2025-09-22T00:14:49Z</time>
   </trkpt>
   <trkpt lat="22.3779860" lon="114.0615240">
    <ele>204.7</ele>
    <time>2025-09-22T00:14:50Z</time>
   </trkpt>
   <trkpt lat="22.3779960" lon="114.0615220">
    <ele>204.8</ele>
    <time>2025-09-22T00:14:51Z</time>
   </trkpt>
   <trkpt lat="22.3780060" lon="114.0615250">
    <ele>204.8</ele>
    <time>2025-09-22T00:14:52Z</time>
   </trkpt>
   <trkpt lat="22.3780150" lon="114.0615270">
    <ele>204.8</ele>
    <time>2025-09-22T00:14:53Z</time>
   </trkpt>
   <trkpt lat="22.3780360" lon="114.0615270">
    <ele>204.8</ele>
    <time>2025-09-22T00:14:54Z</time>
   </trkpt>
   <trkpt lat="22.3780420" lon="114.0615310">
    <ele>204.8</ele>
    <time>2025-09-22T00:14:55Z</time>
   </trkpt>
   <trkpt lat="22.3780490" lon="114.0615350">
    <ele>204.8</ele>
    <time>2025-09-22T00:14:56Z</time>
   </trkpt>
   <trkpt lat="22.3780550" lon="114.0615390">
    <ele>204.9</ele>
    <time>2025-09-22T00:14:57Z</time>
   </trkpt>
   <trkpt lat="22.3780690" lon="114.0615390">
    <ele>204.9</ele>
    <time>2025-09-22T00:14:58Z</time>
   </trkpt>
   <trkpt lat="22.3780680" lon="114.0615340">
    <ele>204.9</ele>
    <time>2025-09-22T00:14:59Z</time>
   </trkpt>
   <trkpt lat="22.3780800" lon="114.0615390">
    <ele>204.9</ele>
    <time>2025-09-22T00:15:00Z</time>
   </trkpt>
   <trkpt lat="22.3780860" lon="114.0615460">
    <ele>204.9</ele>
    <time>2025-09-22T00:15:01Z</time>
   </trkpt>
   <trkpt lat="22.3780900" lon="114.0615480">
    <ele>204.9</ele>
    <time>2025-09-22T00:15:02Z</time>
   </trkpt>
   <trkpt lat="22.3780990" lon="114.0615540">
    <ele>204.9</ele>
    <time>2025-09-22T00:15:03Z</time>
   </trkpt>
   <trkpt lat="22.3781020" lon="114.0615560">
    <ele>204.9</ele>
    <time>2025-09-22T00:15:04Z</time>
   </trkpt>
   <trkpt lat="22.3781140" lon="114.0615610">
    <ele>204.9</ele>
    <time>2025-09-22T00:15:05Z</time>
   </trkpt>
   <trkpt lat="22.3781350" lon="114.0615690">
    <ele>205.0</ele>
    <time>2025-09-22T00:15:06Z</time>
   </trkpt>
   <trkpt lat="22.3781410" lon="114.0615720">
    <ele>205.0</ele>
    <time>2025-09-22T00:15:07Z</time>
   </trkpt>
   <trkpt lat="22.3781460" lon="114.0615760">
    <ele>205.0</ele>
    <time>2025-09-22T00:15:08Z</time>
   </trkpt>
   <trkpt lat="22.3781510" lon="114.0615790">
    <ele>205.0</ele>
    <time>2025-09-22T00:15:09Z</time>
   </trkpt>
   <trkpt lat="22.3781540" lon="114.0615790">
    <ele>205.0</ele>
    <time>2025-09-22T00:15:10Z</time>
   </trkpt>
   <trkpt lat="22.3781580" lon="114.0615780">
    <ele>205.0</ele>
    <time>2025-09-22T00:15:11Z</time>
   </trkpt>
   <trkpt lat="22.3781710" lon="114.0615840">
    <ele>205.0</ele>
    <time>2025-09-22T00:15:12Z</time>
   </trkpt>
   <trkpt lat="22.3781780" lon="114.0615830">
    <ele>205.0</ele>
    <time>2025-09-22T00:15:13Z</time>
   </trkpt>
   <trkpt lat="22.3781830" lon="114.0615840">
    <ele>205.0</ele>
    <time>2025-09-22T00:15:14Z</time>
   </trkpt>
   <trkpt lat="22.3781960" lon="114.0615830">
    <ele>205.0</ele>
    <time>2025-09-22T00:15:15Z</time>
   </trkpt>
   <trkpt lat="22.3782100" lon="114.0615880">
    <ele>205.0</ele>
    <time>2025-09-22T00:15:16Z</time>
   </trkpt>
   <trkpt lat="22.3782250" lon="114.0615970">
    <ele>205.0</ele>
    <time>2025-09-22T00:15:17Z</time>
   </trkpt>
   <trkpt lat="22.3782330" lon="114.0616010">
    <ele>205.0</ele>
    <time>2025-09-22T00:15:18Z</time>
   </trkpt>
   <trkpt lat="22.3782420" lon="114.0616050">
    <ele>205.0</ele>
    <time>2025-09-22T00:15:19Z</time>
   </trkpt>
   <trkpt lat="22.3782500" lon="114.0616090">
    <ele>205.0</ele>
    <time>2025-09-22T00:15:20Z</time>
   </trkpt>
   <trkpt lat="22.3782540" lon="114.0616060">
    <ele>205.0</ele>
    <time>2025-09-22T00:15:21Z</time>
   </trkpt>
   <trkpt lat="22.3782610" lon="114.0616180">
    <ele>205.0</ele>
    <time>2025-09-22T00:15:22Z</time>
   </trkpt>
   <trkpt lat="22.3782680" lon="114.0616330">
    <ele>205.0</ele>
    <time>2025-09-22T00:15:23Z</time>
   </trkpt>
   <trkpt lat="22.3782770" lon="114.0616430">
    <ele>205.1</ele>
    <time>2025-09-22T00:15:24Z</time>
   </trkpt>
   <trkpt lat="22.3782810" lon="114.0616440">
    <ele>205.1</ele>
    <time>2025-09-22T00:15:25Z</time>
   </trkpt>
   <trkpt lat="22.3782860" lon="114.0616460">
    <ele>205.1</ele>
    <time>2025-09-22T00:15:26Z</time>
   </trkpt>
   <trkpt lat="22.3782930" lon="114.0616480">
    <ele>205.1</ele>
    <time>2025-09-22T00:15:27Z</time>
   </trkpt>
   <trkpt lat="22.3783130" lon="114.0616550">
    <ele>205.1</ele>
    <time>2025-09-22T00:15:28Z</time>
   </trkpt>
   <trkpt lat="22.3783170" lon="114.0616520">
    <ele>205.1</ele>
    <time>2025-09-22T00:15:29Z</time>
   </trkpt>
   <trkpt lat="22.3783280" lon="114.0616590">
    <ele>205.1</ele>
    <time>2025-09-22T00:15:30Z</time>
   </trkpt>
   <trkpt lat="22.3783370" lon="114.0616660">
    <ele>205.1</ele>
    <time>2025-09-22T00:15:31Z</time>
   </trkpt>
   <trkpt lat="22.3783470" lon="114.0616710">
    <ele>205.1</ele>
    <time>2025-09-22T00:15:32Z</time>
   </trkpt>
   <trkpt lat="22.3783540" lon="114.0616740">
    <ele>205.1</ele>
    <time>2025-09-22T00:15:33Z</time>
   </trkpt>
   <trkpt lat="22.3783600" lon="114.0616770">
    <ele>205.1</ele>
    <time>2025-09-22T00:15:34Z</time>
   </trkpt>
   <trkpt lat="22.3783680" lon="114.0616780">
    <ele>205.1</ele>
    <time>2025-09-22T00:15:35Z</time>
   </trkpt>
   <trkpt lat="22.3783690" lon="114.0616810">
    <ele>205.1</ele>
    <time>2025-09-22T00:15:36Z</time>
   </trkpt>
   <trkpt lat="22.3783770" lon="114.0616930">
    <ele>205.1</ele>
    <time>2025-09-22T00:15:37Z</time>
   </trkpt>
   <trkpt lat="22.3783810" lon="114.0617020">
    <ele>205.1</ele>
    <time>2025-09-22T00:15:38Z</time>
   </trkpt>
   <trkpt lat="22.3783880" lon="114.0617110">
    <ele>205.1</ele>
    <time>2025-09-22T00:15:39Z</time>
   </trkpt>
   <trkpt lat="22.3783950" lon="114.0617240">
    <ele>205.1</ele>
    <time>2025-09-22T00:15:40Z</time>
   </trkpt>
   <trkpt lat="22.3783980" lon="114.0617420">
    <ele>205.1</ele>
    <time>2025-09-22T00:15:41Z</time>
   </trkpt>
   <trkpt lat="22.3784040" lon="114.0617480">
    <ele>205.1</ele>
    <time>2025-09-22T00:15:42Z</time>
   </trkpt>
   <trkpt lat="22.3784090" lon="114.0617550">
    <ele>205.1</ele>
    <time>2025-09-22T00:15:43Z</time>
   </trkpt>
   <trkpt lat="22.3784140" lon="114.0617610">
    <ele>205.2</ele>
    <time>2025-09-22T00:15:44Z</time>
   </trkpt>
   <trkpt lat="22.3784240" lon="114.0617710">
    <ele>205.2</ele>
    <time>2025-09-22T00:15:45Z</time>
   </trkpt>
   <trkpt lat="22.3784290" lon="114.0617920">
    <ele>205.2</ele>
    <time>2025-09-22T00:15:46Z</time>
   </trkpt>
   <trkpt lat="22.3784370" lon="114.0617940">
    <ele>205.2</ele>
    <time>2025-09-22T00:15:47Z</time>
   </trkpt>
   <trkpt lat="22.3784460" lon="114.0618060">
    <ele>205.2</ele>
    <time>2025-09-22T00:15:48Z</time>
   </trkpt>
   <trkpt lat="22.3784550" lon="114.0618110">
    <ele>205.2</ele>
    <time>2025-09-22T00:15:49Z</time>
   </trkpt>
   <trkpt lat="22.3784660" lon="114.0618270">
    <ele>205.2</ele>
    <time>2025-09-22T00:15:50Z</time>
   </trkpt>
   <trkpt lat="22.3784760" lon="114.0618350">
    <ele>205.2</ele>
    <time>2025-09-22T00:15:51Z</time>
   </trkpt>
   <trkpt lat="22.3784810" lon="114.0618480">
    <ele>205.2</ele>
    <time>2025-09-22T00:15:52Z</time>
   </trkpt>
   <trkpt lat="22.3784870" lon="114.0618520">
    <ele>205.2</ele>
    <time>2025-09-22T00:15:53Z</time>
   </trkpt>
   <trkpt lat="22.3784930" lon="114.0618580">
    <ele>205.2</ele>
    <time>2025-09-22T00:15:54Z</time>
   </trkpt>
   <trkpt lat="22.3785110" lon="114.0618670">
    <ele>205.2</ele>
    <time>2025-09-22T00:15:55Z</time>
   </trkpt>
   <trkpt lat="22.3785210" lon="114.0618730">
    <ele>205.2</ele>
    <time>2025-09-22T00:15:56Z</time>
   </trkpt>
   <trkpt lat="22.3785310" lon="114.0618790">
    <ele>205.2</ele>
    <time>2025-09-22T00:15:57Z</time>
   </trkpt>
   <trkpt lat="22.3785580" lon="114.0618860">
    <ele>205.2</ele>
    <time>2025-09-22T00:15:58Z</time>
   </trkpt>
   <trkpt lat="22.3785720" lon="114.0618960">
    <ele>205.2</ele>
    <time>2025-09-22T00:15:59Z</time>
   </trkpt>
   <trkpt lat="22.3785730" lon="114.0618850">
    <ele>205.2</ele>
    <time>2025-09-22T00:16:00Z</time>
   </trkpt>
   <trkpt lat="22.3785860" lon="114.0618760">
    <ele>205.2</ele>
    <time>2025-09-22T00:16:01Z</time>
   </trkpt>
   <trkpt lat="22.3785930" lon="114.0618690">
    <ele>205.2</ele>
    <time>2025-09-22T00:16:02Z</time>
   </trkpt>
   <trkpt lat="22.3786000" lon="114.0618680">
    <ele>205.2</ele>
    <time>2025-09-22T00:16:03Z</time>
   </trkpt>
   <trkpt lat="22.3786060" lon="114.0618660">
    <ele>205.2</ele>
    <time>2025-09-22T00:16:04Z</time>
   </trkpt>
   <trkpt lat="22.3786110" lon="114.0618600">
    <ele>205.1</ele>
    <time>2025-09-22T00:16:05Z</time>
   </trkpt>
   <trkpt lat="22.3786130" lon="114.0618520">
    <ele>205.1</ele>
    <time>2025-09-22T00:16:06Z</time>
   </trkpt>
   <trkpt lat="22.3786130" lon="114.0618480">
    <ele>205.1</ele>
    <time>2025-09-22T00:16:07Z</time>
   </trkpt>
   <trkpt lat="22.3786030" lon="114.0618480">
    <ele>205.1</ele>
    <time>2025-09-22T00:16:08Z</time>
   </trkpt>
   <trkpt lat="22.3785960" lon="114.0618440">
    <ele>205.1</ele>
    <time>2025-09-22T00:16:09Z</time>
   </trkpt>
   <trkpt lat="22.3785870" lon="114.0618370">
    <ele>205.1</ele>
    <time>2025-09-22T00:16:10Z</time>
   </trkpt>
   <trkpt lat="22.3785850" lon="114.0618230">
    <ele>205.1</ele>
    <time>2025-09-22T00:16:11Z</time>
   </trkpt>
   <trkpt lat="22.3785790" lon="114.0618240">
    <ele>205.1</ele>
    <time>2025-09-22T00:16:12Z</time>
   </trkpt>
   <trkpt lat="22.3785730" lon="114.0618110">
    <ele>205.1</ele>
    <time>2025-09-22T00:16:13Z</time>
   </trkpt>
   <trkpt lat="22.3785660" lon="114.0618050">
    <ele>205.1</ele>
    <time>2025-09-22T00:16:14Z</time>
   </trkpt>
   <trkpt lat="22.3785640" lon="114.0617970">
    <ele>205.1</ele>
    <time>2025-09-22T00:16:15Z</time>
   </trkpt>
   <trkpt lat="22.3785670" lon="114.0617880">
    <ele>205.1</ele>
    <time>2025-09-22T00:16:16Z</time>
   </trkpt>
   <trkpt lat="22.3785680" lon="114.0617740">
    <ele>205.1</ele>
    <time>2025-09-22T00:16:17Z</time>
   </trkpt>
   <trkpt lat="22.3785570" lon="114.0617620">
    <ele>205.1</ele>
    <time>2025-09-22T00:16:18Z</time>
   </trkpt>
   <trkpt lat="22.3785600" lon="114.0617490">
    <ele>205.1</ele>
    <time>2025-09-22T00:16:19Z</time>
   </trkpt>
   <trkpt lat="22.3785550" lon="114.0617390">
    <ele>205.1</ele>
    <time>2025-09-22T00:16:20Z</time>
   </trkpt>
   <trkpt lat="22.3785440" lon="114.0617380">
    <ele>205.1</ele>
    <time>2025-09-22T00:16:21Z</time>
   </trkpt>
   <trkpt lat="22.3785410" lon="114.0617360">
    <ele>205.1</ele>
    <time>2025-09-22T00:16:22Z</time>
   </trkpt>
   <trkpt lat="22.3785340" lon="114.0617290">
    <ele>205.1</ele>
    <time>2025-09-22T00:16:23Z</time>
   </trkpt>
   <trkpt lat="22.3785330" lon="114.0617150">
    <ele>205.1</ele>
    <time>2025-09-22T00:16:24Z</time>
   </trkpt>
   <trkpt lat="22.3785310" lon="114.0617060">
    <ele>205.1</ele>
    <time>2025-09-22T00:16:25Z</time>
   </trkpt>
   <trkpt lat="22.3785220" lon="114.0616990">
    <ele>205.2</ele>
    <time>2025-09-22T00:16:26Z</time>
   </trkpt>
   <trkpt lat="22.3785170" lon="114.0616900">
    <ele>205.2</ele>
    <time>2025-09-22T00:16:27Z</time>
   </trkpt>
   <trkpt lat="22.3784990" lon="114.0616730">
    <ele>205.2</ele>
    <time>2025-09-22T00:16:28Z</time>
   </trkpt>
   <trkpt lat="22.3784910" lon="114.0616680">
    <ele>205.2</ele>
    <time>2025-09-22T00:16:29Z</time>
   </trkpt>
   <trkpt lat="22.3784840" lon="114.0616620">
    <ele>205.2</ele>
    <time>2025-09-22T00:16:30Z</time>
   </trkpt>
   <trkpt lat="22.3784790" lon="114.0616500">
    <ele>205.2</ele>
    <time>2025-09-22T00:16:31Z</time>
   </trkpt>
   <trkpt lat="22.3784770" lon="114.0616390">
    <ele>205.2</ele>
    <time>2025-09-22T00:16:32Z</time>
   </trkpt>
   <trkpt lat="22.3784710" lon="114.0616300">
    <ele>205.2</ele>
    <time>2025-09-22T00:16:33Z</time>
   </trkpt>
   <trkpt lat="22.3784670" lon="114.0616160">
    <ele>205.2</ele>
    <time>2025-09-22T00:16:34Z</time>
   </trkpt>
   <trkpt lat="22.3784620" lon="114.0616150">
    <ele>205.3</ele>
    <time>2025-09-22T00:16:35Z</time>
   </trkpt>
   <trkpt lat="22.3784550" lon="114.0616020">
    <ele>205.3</ele>
    <time>2025-09-22T00:16:36Z</time>
   </trkpt>
   <trkpt lat="22.3784470" lon="114.0615910">
    <ele>205.3</ele>
    <time>2025-09-22T00:16:37Z</time>
   </trkpt>
   <trkpt lat="22.3784480" lon="114.0615800">
    <ele>205.3</ele>
    <time>2025-09-22T00:16:38Z</time>
   </trkpt>
   <trkpt lat="22.3784500" lon="114.0615730">
    <ele>205.3</ele>
    <time>2025-09-22T00:16:39Z</time>
   </trkpt>
   <trkpt lat="22.3784470" lon="114.0615660">
    <ele>205.3</ele>
    <time>2025-09-22T00:16:40Z</time>
   </trkpt>
   <trkpt lat="22.3784460" lon="114.0615550">
    <ele>205.3</ele>
    <time>2025-09-22T00:16:41Z</time>
   </trkpt>
   <trkpt lat="22.3784400" lon="114.0615350">
    <ele>205.3</ele>
    <time>2025-09-22T00:16:42Z</time>
   </trkpt>
   <trkpt lat="22.3784390" lon="114.0615210">
    <ele>205.3</ele>
    <time>2025-09-22T00:16:43Z</time>
   </trkpt>
   <trkpt lat="22.3784360" lon="114.0615030">
    <ele>205.4</ele>
    <time>2025-09-22T00:16:44Z</time>
   </trkpt>
   <trkpt lat="22.3784300" lon="114.0614880">
    <ele>205.4</ele>
    <time>2025-09-22T00:16:45Z</time>
   </trkpt>
   <trkpt lat="22.3784270" lon="114.0614830">
    <ele>205.4</ele>
    <time>2025-09-22T00:16:46Z</time>
   </trkpt>
   <trkpt lat="22.3784270" lon="114.0614720">
    <ele>205.4</ele>
    <time>2025-09-22T00:16:47Z</time>
   </trkpt>
   <trkpt lat="22.3784290" lon="114.0614570">
    <ele>205.4</ele>
    <time>2025-09-22T00:16:48Z</time>
   </trkpt>
   <trkpt lat="22.3784330" lon="114.0614490">
    <ele>205.4</ele>
    <time>2025-09-22T00:16:49Z</time>
   </trkpt>
   <trkpt lat="22.3784370" lon="114.0614400">
    <ele>205.4</ele>
    <time>2025-09-22T00:16:50Z</time>
   </trkpt>
   <trkpt lat="22.3784410" lon="114.0614310">
    <ele>205.4</ele>
    <time>2025-09-22T00:16:51Z</time>
   </trkpt>
   <trkpt lat="22.3784520" lon="114.0614160">
    <ele>205.5</ele>
    <time>2025-09-22T00:16:52Z</time>
   </trkpt>
   <trkpt lat="22.3784580" lon="114.0614120">
    <ele>205.5</ele>
    <time>2025-09-22T00:16:53Z</time>
   </trkpt>
   <trkpt lat="22.3784630" lon="114.0614070">
    <ele>205.5</ele>
    <time>2025-09-22T00:16:54Z</time>
   </trkpt>
   <trkpt lat="22.3784680" lon="114.0614030">
    <ele>205.5</ele>
    <time>2025-09-22T00:16:55Z</time>
   </trkpt>
   <trkpt lat="22.3784760" lon="114.0613900">
    <ele>205.6</ele>
    <time>2025-09-22T00:16:56Z</time>
   </trkpt>
   <trkpt lat="22.3784820" lon="114.0613860">
    <ele>205.6</ele>
    <time>2025-09-22T00:16:57Z</time>
   </trkpt>
   <trkpt lat="22.3784810" lon="114.0613770">
    <ele>205.6</ele>
    <time>2025-09-22T00:16:58Z</time>
   </trkpt>
   <trkpt lat="22.3784910" lon="114.0613650">
    <ele>205.6</ele>
    <time>2025-09-22T00:16:59Z</time>
   </trkpt>
   <trkpt lat="22.3784980" lon="114.0613570">
    <ele>205.7</ele>
    <time>2025-09-22T00:17:00Z</time>
   </trkpt>
   <trkpt lat="22.3785040" lon="114.0613490">
    <ele>205.7</ele>
    <time>2025-09-22T00:17:01Z</time>
   </trkpt>
   <trkpt lat="22.3785100" lon="114.0613410">
    <ele>205.7</ele>
    <time>2025-09-22T00:17:02Z</time>
   </trkpt>
   <trkpt lat="22.3785270" lon="114.0613280">
    <ele>205.8</ele>
    <time>2025-09-22T00:17:03Z</time>
   </trkpt>
   <trkpt lat="22.3785290" lon="114.0613250">
    <ele>205.8</ele>
    <time>2025-09-22T00:17:04Z</time>
   </trkpt>
   <trkpt lat="22.3785320" lon="114.0613210">
    <ele>205.8</ele>
    <time>2025-09-22T00:17:05Z</time>
   </trkpt>
   <trkpt lat="22.3785340" lon="114.0613180">
    <ele>205.8</ele>
    <time>2025-09-22T00:17:06Z</time>
   </trkpt>
   <trkpt lat="22.3785370" lon="114.0613140">
    <ele>205.9</ele>
    <time>2025-09-22T00:17:07Z</time>
   </trkpt>
   <trkpt lat="22.3785340" lon="114.0613240">
    <ele>205.9</ele>
    <time>2025-09-22T00:17:08Z</time>
   </trkpt>
   <trkpt lat="22.3785270" lon="114.0613380">
    <ele>205.9</ele>
    <time>2025-09-22T00:17:09Z</time>
   </trkpt>
   <trkpt lat="22.3785440" lon="114.0613500">
    <ele>206.0</ele>
    <time>2025-09-22T00:17:10Z</time>
   </trkpt>
   <trkpt lat="22.3785730" lon="114.0613640">
    <ele>206.2</ele>
    <time>2025-09-22T00:17:11Z</time>
   </trkpt>
   <trkpt lat="22.3785820" lon="114.0613720">
    <ele>206.2</ele>
    <time>2025-09-22T00:17:12Z</time>
   </trkpt>
   <trkpt lat="22.3785810" lon="114.0613840">
    <ele>206.3</ele>
    <time>2025-09-22T00:17:13Z</time>
   </trkpt>
   <trkpt lat="22.3785840" lon="114.0614010">
    <ele>206.3</ele>
    <time>2025-09-22T00:17:14Z</time>
   </trkpt>
   <trkpt lat="22.3785790" lon="114.0614130">
    <ele>206.4</ele>
    <time>2025-09-22T00:17:15Z</time>
   </trkpt>
   <trkpt lat="22.3785810" lon="114.0614070">
    <ele>206.4</ele>
    <time>2025-09-22T00:17:16Z</time>
   </trkpt>
   <trkpt lat="22.3785750" lon="114.0614100">
    <ele>206.4</ele>
    <time>2025-09-22T00:17:17Z</time>
   </trkpt>
   <trkpt lat="22.3785750" lon="114.0614060">
    <ele>206.5</ele>
    <time>2025-09-22T00:17:18Z</time>
   </trkpt>
   <trkpt lat="22.3785750" lon="114.0614060">
    <ele>206.5</ele>
    <time>2025-09-22T00:17:19Z</time>
   </trkpt>
   <trkpt lat="22.3785800" lon="114.0614100">
    <ele>206.5</ele>
    <time>2025-09-22T00:17:20Z</time>
   </trkpt>
   <trkpt lat="22.3785810" lon="114.0614120">
    <ele>206.5</ele>
    <time>2025-09-22T00:17:21Z</time>
   </trkpt>
   <trkpt lat="22.3785810" lon="114.0614120">
    <ele>206.5</ele>
    <time>2025-09-22T00:17:22Z</time>
   </trkpt>
   <trkpt lat="22.3785820" lon="114.0614110">
    <ele>206.5</ele>
    <time>2025-09-22T00:17:23Z</time>
   </trkpt>
   <trkpt lat="22.3785790" lon="114.0614110">
    <ele>206.5</ele>
    <time>2025-09-22T00:17:24Z</time>
   </trkpt>
   <trkpt lat="22.3785750" lon="114.0614060">
    <ele>206.5</ele>
    <time>2025-09-22T00:17:25Z</time>
   </trkpt>
   <trkpt lat="22.3785760" lon="114.0614000">
    <ele>206.6</ele>
    <time>2025-09-22T00:17:26Z</time>
   </trkpt>
   <trkpt lat="22.3785740" lon="114.0613950">
    <ele>206.6</ele>
    <time>2025-09-22T00:17:27Z</time>
   </trkpt>
   <trkpt lat="22.3785700" lon="114.0613900">
    <ele>206.6</ele>
    <time>2025-09-22T00:17:28Z</time>
   </trkpt>
   <trkpt lat="22.3785700" lon="114.0613870">
    <ele>206.6</ele>
    <time>2025-09-22T00:17:29Z</time>
   </trkpt>
   <trkpt lat="22.3785720" lon="114.0613900">
    <ele>206.6</ele>
    <time>2025-09-22T00:17:30Z</time>
   </trkpt>
   <trkpt lat="22.3785710" lon="114.0613860">
    <ele>206.7</ele>
    <time>2025-09-22T00:17:31Z</time>
   </trkpt>
   <trkpt lat="22.3785690" lon="114.0613890">
    <ele>206.7</ele>
    <time>2025-09-22T00:17:32Z</time>
   </trkpt>
   <trkpt lat="22.3785670" lon="114.0613990">
    <ele>206.7</ele>
    <time>2025-09-22T00:17:33Z</time>
   </trkpt>
   <trkpt lat="22.3785630" lon="114.0613900">
    <ele>206.7</ele>
    <time>2025-09-22T00:17:34Z</time>
   </trkpt>
   <trkpt lat="22.3785600" lon="114.0613850">
    <ele>206.8</ele>
    <time>2025-09-22T00:17:35Z</time>
   </trkpt>
   <trkpt lat="22.3785580" lon="114.0613830">
    <ele>206.8</ele>
    <time>2025-09-22T00:17:36Z</time>
   </trkpt>
   <trkpt lat="22.3785560" lon="114.0613810">
    <ele>206.8</ele>
    <time>2025-09-22T00:17:37Z</time>
   </trkpt>
   <trkpt lat="22.3785530" lon="114.0613790">
    <ele>206.8</ele>
    <time>2025-09-22T00:17:38Z</time>
   </trkpt>
   <trkpt lat="22.3785500" lon="114.0613760">
    <ele>206.8</ele>
    <time>2025-09-22T00:17:39Z</time>
   </trkpt>
   <trkpt lat="22.3785460" lon="114.0613740">
    <ele>206.8</ele>
    <time>2025-09-22T00:17:40Z</time>
   </trkpt>
   <trkpt lat="22.3785420" lon="114.0613680">
    <ele>206.9</ele>
    <time>2025-09-22T00:17:41Z</time>
   </trkpt>
   <trkpt lat="22.3785410" lon="114.0613600">
    <ele>206.9</ele>
    <time>2025-09-22T00:17:42Z</time>
   </trkpt>
   <trkpt lat="22.3785350" lon="114.0613670">
    <ele>206.9</ele>
    <time>2025-09-22T00:17:43Z</time>
   </trkpt>
   <trkpt lat="22.3785350" lon="114.0613630">
    <ele>207.0</ele>
    <time>2025-09-22T00:17:44Z</time>
   </trkpt>
   <trkpt lat="22.3785340" lon="114.0613590">
    <ele>207.0</ele>
    <time>2025-09-22T00:17:45Z</time>
   </trkpt>
   <trkpt lat="22.3785350" lon="114.0613570">
    <ele>207.0</ele>
    <time>2025-09-22T00:17:46Z</time>
   </trkpt>
   <trkpt lat="22.3785350" lon="114.0613570">
    <ele>207.0</ele>
    <time>2025-09-22T00:17:47Z</time>
   </trkpt>
   <trkpt lat="22.3785350" lon="114.0613570">
    <ele>207.0</ele>
    <time>2025-09-22T00:17:48Z</time>
   </trkpt>
   <trkpt lat="22.3785350" lon="114.0613570">
    <ele>207.0</ele>
    <time>2025-09-22T00:17:49Z</time>
   </trkpt>
   <trkpt lat="22.3785340" lon="114.0613560">
    <ele>207.0</ele>
    <time>2025-09-22T00:17:50Z</time>
   </trkpt>
   <trkpt lat="22.3785330" lon="114.0613540">
    <ele>207.0</ele>
    <time>2025-09-22T00:17:51Z</time>
   </trkpt>
   <trkpt lat="22.3785330" lon="114.0613540">
    <ele>207.0</ele>
    <time>2025-09-22T00:17:52Z</time>
   </trkpt>
   <trkpt lat="22.3785330" lon="114.0613540">
    <ele>207.0</ele>
    <time>2025-09-22T00:17:53Z</time>
   </trkpt>
   <trkpt lat="22.3785330" lon="114.0613540">
    <ele>207.0</ele>
    <time>2025-09-22T00:17:54Z</time>
   </trkpt>
   <trkpt lat="22.3785330" lon="114.0613540">
    <ele>207.0</ele>
    <time>2025-09-22T00:17:55Z</time>
   </trkpt>
   <trkpt lat="22.3785330" lon="114.0613540">
    <ele>207.0</ele>
    <time>2025-09-22T00:17:56Z</time>
   </trkpt>
   <trkpt lat="22.3785280" lon="114.0613520">
    <ele>207.0</ele>
    <time>2025-09-22T00:17:57Z</time>
   </trkpt>
   <trkpt lat="22.3785280" lon="114.0613500">
    <ele>207.0</ele>
    <time>2025-09-22T00:17:58Z</time>
   </trkpt>
   <trkpt lat="22.3785280" lon="114.0613460">
    <ele>207.0</ele>
    <time>2025-09-22T00:17:59Z</time>
   </trkpt>
   <trkpt lat="22.3785280" lon="114.0613410">
    <ele>207.1</ele>
    <time>2025-09-22T00:18:00Z</time>
   </trkpt>
   <trkpt lat="22.3785280" lon="114.0613350">
    <ele>207.1</ele>
    <time>2025-09-22T00:18:01Z</time>
   </trkpt>
   <trkpt lat="22.3785320" lon="114.0613300">
    <ele>207.1</ele>
    <time>2025-09-22T00:18:02Z</time>
   </trkpt>
   <trkpt lat="22.3785340" lon="114.0613280">
    <ele>207.1</ele>
    <time>2025-09-22T00:18:03Z</time>
   </trkpt>
   <trkpt lat="22.3785370" lon="114.0613200">
    <ele>207.2</ele>
    <time>2025-09-22T00:18:04Z</time>
   </trkpt>
   <trkpt lat="22.3785460" lon="114.0613140">
    <ele>207.2</ele>
    <time>2025-09-22T00:18:05Z</time>
   </trkpt>
   <trkpt lat="22.3785540" lon="114.0613130">
    <ele>207.2</ele>
    <time>2025-09-22T00:18:06Z</time>
   </trkpt>
   <trkpt lat="22.3785690" lon="114.0613120">
    <ele>207.3</ele>
    <time>2025-09-22T00:18:07Z</time>
   </trkpt>
   <trkpt lat="22.3785790" lon="114.0613150">
    <ele>207.4</ele>
    <time>2025-09-22T00:18:08Z</time>
   </trkpt>
   <trkpt lat="22.3785860" lon="114.0613130">
    <ele>207.4</ele>
    <time>2025-09-22T00:18:09Z</time>
   </trkpt>
   <trkpt lat="22.3785950" lon="114.0613100">
    <ele>207.4</ele>
    <time>2025-09-22T00:18:10Z</time>
   </trkpt>
   <trkpt lat="22.3786060" lon="114.0613140">
    <ele>207.5</ele>
    <time>2025-09-22T00:18:11Z</time>
   </trkpt>
   <trkpt lat="22.3786200" lon="114.0613150">
    <ele>207.5</ele>
    <time>2025-09-22T00:18:12Z</time>
   </trkpt>
   <trkpt lat="22.3786310" lon="114.0613210">
    <ele>207.6</ele>
    <time>2025-09-22T00:18:13Z</time>
   </trkpt>
   <trkpt lat="22.3786400" lon="114.0613210">
    <ele>207.6</ele>
    <time>2025-09-22T00:18:14Z</time>
   </trkpt>
   <trkpt lat="22.3786510" lon="114.0613220">
    <ele>207.7</ele>
    <time>2025-09-22T00:18:15Z</time>
   </trkpt>
   <trkpt lat="22.3786620" lon="114.0613260">
    <ele>207.7</ele>
    <time>2025-09-22T00:18:16Z</time>
   </trkpt>
   <trkpt lat="22.3786710" lon="114.0613290">
    <ele>207.8</ele>
    <time>2025-09-22T00:18:17Z</time>
   </trkpt>
   <trkpt lat="22.3786820" lon="114.0613320">
    <ele>207.8</ele>
    <time>2025-09-22T00:18:18Z</time>
   </trkpt>
   <trkpt lat="22.3786910" lon="114.0613320">
    <ele>207.8</ele>
    <time>2025-09-22T00:18:19Z</time>
   </trkpt>
   <trkpt lat="22.3786990" lon="114.0613340">
    <ele>207.9</ele>
    <time>2025-09-22T00:18:20Z</time>
   </trkpt>
   <trkpt lat="22.3787050" lon="114.0613390">
    <ele>207.9</ele>
    <time>2025-09-22T00:18:21Z</time>
   </trkpt>
   <trkpt lat="22.3787140" lon="114.0613440">
    <ele>208.0</ele>
    <time>2025-09-22T00:18:22Z</time>
   </trkpt>
   <trkpt lat="22.3787210" lon="114.0613490">
    <ele>208.0</ele>
    <time>2025-09-22T00:18:23Z</time>
   </trkpt>
   <trkpt lat="22.3787300" lon="114.0613550">
    <ele>208.0</ele>
    <time>2025-09-22T00:18:24Z</time>
   </trkpt>
   <trkpt lat="22.3787400" lon="114.0613600">
    <ele>208.1</ele>
    <time>2025-09-22T00:18:25Z</time>
   </trkpt>
   <trkpt lat="22.3787480" lon="114.0613630">
    <ele>208.1</ele>
    <time>2025-09-22T00:18:26Z</time>
   </trkpt>
   <trkpt lat="22.3787560" lon="114.0613680">
    <ele>208.2</ele>
    <time>2025-09-22T00:18:27Z</time>
   </trkpt>
   <trkpt lat="22.3787630" lon="114.0613660">
    <ele>208.2</ele>
    <time>2025-09-22T00:18:28Z</time>
   </trkpt>
   <trkpt lat="22.3787700" lon="114.0613720">
    <ele>208.2</ele>
    <time>2025-09-22T00:18:29Z</time>
   </trkpt>
   <trkpt lat="22.3787760" lon="114.0613720">
    <ele>208.3</ele>
    <time>2025-09-22T00:18:30Z</time>
   </trkpt>
   <trkpt lat="22.3787800" lon="114.0613730">
    <ele>208.3</ele>
    <time>2025-09-22T00:18:31Z</time>
   </trkpt>
   <trkpt lat="22.3787870" lon="114.0613760">
    <ele>208.3</ele>
    <time>2025-09-22T00:18:32Z</time>
   </trkpt>
   <trkpt lat="22.3787900" lon="114.0613840">
    <ele>208.3</ele>
    <time>2025-09-22T00:18:33Z</time>
   </trkpt>
   <trkpt lat="22.3787970" lon="114.0613880">
    <ele>208.4</ele>
    <time>2025-09-22T00:18:34Z</time>
   </trkpt>
   <trkpt lat="22.3788060" lon="114.0613900">
    <ele>208.4</ele>
    <time>2025-09-22T00:18:35Z</time>
   </trkpt>
   <trkpt lat="22.3788140" lon="114.0613910">
    <ele>208.4</ele>
    <time>2025-09-22T00:18:36Z</time>
   </trkpt>
   <trkpt lat="22.3788250" lon="114.0613960">
    <ele>208.5</ele>
    <time>2025-09-22T00:18:37Z</time>
   </trkpt>
   <trkpt lat="22.3788370" lon="114.0614060">
    <ele>208.5</ele>
    <time>2025-09-22T00:18:38Z</time>
   </trkpt>
   <trkpt lat="22.3788440" lon="114.0614120">
    <ele>208.6</ele>
    <time>2025-09-22T00:18:39Z</time>
   </trkpt>
   <trkpt lat="22.3788510" lon="114.0614170">
    <ele>208.6</ele>
    <time>2025-09-22T00:18:40Z</time>
   </trkpt>
   <trkpt lat="22.3788580" lon="114.0614230">
    <ele>208.7</ele>
    <time>2025-09-22T00:18:41Z</time>
   </trkpt>
   <trkpt lat="22.3788720" lon="114.0614240">
    <ele>208.7</ele>
    <time>2025-09-22T00:18:42Z</time>
   </trkpt>
   <trkpt lat="22.3788830" lon="114.0614280">
    <ele>208.8</ele>
    <time>2025-09-22T00:18:43Z</time>
   </trkpt>
   <trkpt lat="22.3788900" lon="114.0614290">
    <ele>208.8</ele>
    <time>2025-09-22T00:18:44Z</time>
   </trkpt>
   <trkpt lat="22.3788960" lon="114.0614280">
    <ele>208.8</ele>
    <time>2025-09-22T00:18:45Z</time>
   </trkpt>
   <trkpt lat="22.3789020" lon="114.0614270">
    <ele>208.8</ele>
    <time>2025-09-22T00:18:46Z</time>
   </trkpt>
   <trkpt lat="22.3789030" lon="114.0614270">
    <ele>208.8</ele>
    <time>2025-09-22T00:18:47Z</time>
   </trkpt>
   <trkpt lat="22.3789030" lon="114.0614260">
    <ele>208.8</ele>
    <time>2025-09-22T00:18:48Z</time>
   </trkpt>
   <trkpt lat="22.3789050" lon="114.0614260">
    <ele>208.8</ele>
    <time>2025-09-22T00:18:49Z</time>
   </trkpt>
   <trkpt lat="22.3789050" lon="114.0614260">
    <ele>208.8</ele>
    <time>2025-09-22T00:18:50Z</time>
   </trkpt>
   <trkpt lat="22.3789060" lon="114.0614270">
    <ele>208.9</ele>
    <time>2025-09-22T00:18:51Z</time>
   </trkpt>
   <trkpt lat="22.3789060" lon="114.0614270">
    <ele>208.9</ele>
    <time>2025-09-22T00:18:52Z</time>
   </trkpt>
   <trkpt lat="22.3789060" lon="114.0614270">
    <ele>208.9</ele>
    <time>2025-09-22T00:18:53Z</time>
   </trkpt>
   <trkpt lat="22.3789060" lon="114.0614270">
    <ele>208.9</ele>
    <time>2025-09-22T00:18:54Z</time>
   </trkpt>
   <trkpt lat="22.3789060" lon="114.0614270">
    <ele>208.9</ele>
    <time>2025-09-22T00:18:55Z</time>
   </trkpt>
   <trkpt lat="22.3789060" lon="114.0614270">
    <ele>208.9</ele>
    <time>2025-09-22T00:18:56Z</time>
   </trkpt>
   <trkpt lat="22.3789060" lon="114.0614270">
    <ele>208.9</ele>
    <time>2025-09-22T00:18:57Z</time>
   </trkpt>
   <trkpt lat="22.3789060" lon="114.0614270">
    <ele>208.9</ele>
    <time>2025-09-22T00:18:58Z</time>
   </trkpt>
   <trkpt lat="22.3789060" lon="114.0614270">
    <ele>208.9</ele>
    <time>2025-09-22T00:18:59Z</time>
   </trkpt>
   <trkpt lat="22.3789060" lon="114.0614270">
    <ele>208.9</ele>
    <time>2025-09-22T00:19:00Z</time>
   </trkpt>
   <trkpt lat="22.3789080" lon="114.0614270">
    <ele>208.9</ele>
    <time>2025-09-22T00:19:01Z</time>
   </trkpt>
   <trkpt lat="22.3789080" lon="114.0614300">
    <ele>208.9</ele>
    <time>2025-09-22T00:19:02Z</time>
   </trkpt>
   <trkpt lat="22.3789120" lon="114.0614340">
    <ele>208.9</ele>
    <time>2025-09-22T00:19:03Z</time>
   </trkpt>
   <trkpt lat="22.3789170" lon="114.0614380">
    <ele>208.9</ele>
    <time>2025-09-22T00:19:04Z</time>
   </trkpt>
   <trkpt lat="22.3789190" lon="114.0614360">
    <ele>208.9</ele>
    <time>2025-09-22T00:19:05Z</time>
   </trkpt>
   <trkpt lat="22.3789190" lon="114.0614390">
    <ele>208.9</ele>
    <time>2025-09-22T00:19:06Z</time>
   </trkpt>
   <trkpt lat="22.3789190" lon="114.0614390">
    <ele>208.9</ele>
    <time>2025-09-22T00:19:07Z</time>
   </trkpt>
   <trkpt lat="22.3789180" lon="114.0614330">
    <ele>209.0</ele>
    <time>2025-09-22T00:19:08Z</time>
   </trkpt>
   <trkpt lat="22.3789160" lon="114.0614330">
    <ele>209.0</ele>
    <time>2025-09-22T00:19:09Z</time>
   </trkpt>
   <trkpt lat="22.3789150" lon="114.0614330">
    <ele>209.0</ele>
    <time>2025-09-22T00:19:10Z</time>
   </trkpt>
   <trkpt lat="22.3789150" lon="114.0614330">
    <ele>209.0</ele>
    <time>2025-09-22T00:19:11Z</time>
   </trkpt>
   <trkpt lat="22.3789150" lon="114.0614330">
    <ele>209.0</ele>
    <time>2025-09-22T00:19:12Z</time>
   </trkpt>
   <trkpt lat="22.3789150" lon="114.0614330">
    <ele>209.0</ele>
    <time>2025-09-22T00:19:13Z</time>
   </trkpt>
   <trkpt lat="22.3789150" lon="114.0614330">
    <ele>209.0</ele>
    <time>2025-09-22T00:19:14Z</time>
   </trkpt>
   <trkpt lat="22.3789170" lon="114.0614260">
    <ele>209.0</ele>
    <time>2025-09-22T00:19:15Z</time>
   </trkpt>
   <trkpt lat="22.3789170" lon="114.0614260">
    <ele>209.0</ele>
    <time>2025-09-22T00:19:16Z</time>
   </trkpt>
   <trkpt lat="22.3789170" lon="114.0614260">
    <ele>209.0</ele>
    <time>2025-09-22T00:19:17Z</time>
   </trkpt>
   <trkpt lat="22.3789170" lon="114.0614260">
    <ele>209.0</ele>
    <time>2025-09-22T00:19:18Z</time>
   </trkpt>
   <trkpt lat="22.3789140" lon="114.0614270">
    <ele>209.0</ele>
    <time>2025-09-22T00:19:19Z</time>
   </trkpt>
   <trkpt lat="22.3789130" lon="114.0614280">
    <ele>209.0</ele>
    <time>2025-09-22T00:19:20Z</time>
   </trkpt>
   <trkpt lat="22.3789110" lon="114.0614270">
    <ele>209.0</ele>
    <time>2025-09-22T00:19:21Z</time>
   </trkpt>
   <trkpt lat="22.3789110" lon="114.0614270">
    <ele>209.0</ele>
    <time>2025-09-22T00:19:22Z</time>
   </trkpt>
   <trkpt lat="22.3789130" lon="114.0614210">
    <ele>209.1</ele>
    <time>2025-09-22T00:19:23Z</time>
   </trkpt>
   <trkpt lat="22.3789130" lon="114.0614260">
    <ele>209.1</ele>
    <time>2025-09-22T00:19:24Z</time>
   </trkpt>
   <trkpt lat="22.3789130" lon="114.0614260">
    <ele>209.1</ele>
    <time>2025-09-22T00:19:25Z</time>
   </trkpt>
   <trkpt lat="22.3789130" lon="114.0614260">
    <ele>209.1</ele>
    <time>2025-09-22T00:19:26Z</time>
   </trkpt>
   <trkpt lat="22.3789130" lon="114.0614260">
    <ele>209.1</ele>
    <time>2025-09-22T00:19:27Z</time>
   </trkpt>
   <trkpt lat="22.3789130" lon="114.0614260">
    <ele>209.1</ele>
    <time>2025-09-22T00:19:28Z</time>
   </trkpt>
   <trkpt lat="22.3789130" lon="114.0614260">
    <ele>209.1</ele>
    <time>2025-09-22T00:19:29Z</time>
   </trkpt>
   <trkpt lat="22.3789130" lon="114.0614260">
    <ele>209.1</ele>
    <time>2025-09-22T00:19:30Z</time>
   </trkpt>
   <trkpt lat="22.3789130" lon="114.0614260">
    <ele>209.1</ele>
    <time>2025-09-22T00:19:31Z</time>
   </trkpt>
   <trkpt lat="22.3789120" lon="114.0614260">
    <ele>209.1</ele>
    <time>2025-09-22T00:19:32Z</time>
   </trkpt>
   <trkpt lat="22.3789120" lon="114.0614260">
    <ele>209.1</ele>
    <time>2025-09-22T00:19:33Z</time>
   </trkpt>
   <trkpt lat="22.3789120" lon="114.0614260">
    <ele>209.1</ele>
    <time>2025-09-22T00:19:34Z</time>
   </trkpt>
   <trkpt lat="22.3789110" lon="114.0614240">
    <ele>209.1</ele>
    <time>2025-09-22T00:19:35Z</time>
   </trkpt>
   <trkpt lat="22.3789170" lon="114.0614270">
    <ele>209.1</ele>
    <time>2025-09-22T00:19:36Z</time>
   </trkpt>
   <trkpt lat="22.3789190" lon="114.0614350">
    <ele>209.1</ele>
    <time>2025-09-22T00:19:37Z</time>
   </trkpt>
   <trkpt lat="22.3789300" lon="114.0614340">
    <ele>209.2</ele>
    <time>2025-09-22T00:19:38Z</time>
   </trkpt>
   <trkpt lat="22.3789360" lon="114.0614390">
    <ele>209.2</ele>
    <time>2025-09-22T00:19:39Z</time>
   </trkpt>
   <trkpt lat="22.3789390" lon="114.0614430">
    <ele>209.2</ele>
    <time>2025-09-22T00:19:40Z</time>
   </trkpt>
   <trkpt lat="22.3789520" lon="114.0614490">
    <ele>209.3</ele>
    <time>2025-09-22T00:19:41Z</time>
   </trkpt>
   <trkpt lat="22.3789600" lon="114.0614570">
    <ele>209.3</ele>
    <time>2025-09-22T00:19:42Z</time>
   </trkpt>
   <trkpt lat="22.3789660" lon="114.0614620">
    <ele>209.4</ele>
    <time>2025-09-22T00:19:43Z</time>
   </trkpt>
   <trkpt lat="22.3789720" lon="114.0614710">
    <ele>209.4</ele>
    <time>2025-09-22T00:19:44Z</time>
   </trkpt>
   <trkpt lat="22.3789840" lon="114.0614890">
    <ele>209.5</ele>
    <time>2025-09-22T00:19:45Z</time>
   </trkpt>
   <trkpt lat="22.3789880" lon="114.0614980">
    <ele>209.5</ele>
    <time>2025-09-22T00:19:46Z</time>
   </trkpt>
   <trkpt lat="22.3789920" lon="114.0615080">
    <ele>209.5</ele>
    <time>2025-09-22T00:19:47Z</time>
   </trkpt>
   <trkpt lat="22.3789940" lon="114.0615150">
    <ele>209.6</ele>
    <time>2025-09-22T00:19:48Z</time>
   </trkpt>
   <trkpt lat="22.3789960" lon="114.0615250">
    <ele>209.6</ele>
    <time>2025-09-22T00:19:49Z</time>
   </trkpt>
   <trkpt lat="22.3790010" lon="114.0615300">
    <ele>209.6</ele>
    <time>2025-09-22T00:19:50Z</time>
   </trkpt>
   <trkpt lat="22.3790030" lon="114.0615420">
    <ele>209.6</ele>
    <time>2025-09-22T00:19:51Z</time>
   </trkpt>
   <trkpt lat="22.3790040" lon="114.0615490">
    <ele>209.7</ele>
    <time>2025-09-22T00:19:52Z</time>
   </trkpt>
   <trkpt lat="22.3790080" lon="114.0615530">
    <ele>209.7</ele>
    <time>2025-09-22T00:19:53Z</time>
   </trkpt>
   <trkpt lat="22.3790110" lon="114.0615630">
    <ele>209.7</ele>
    <time>2025-09-22T00:19:54Z</time>
   </trkpt>
   <trkpt lat="22.3790130" lon="114.0615700">
    <ele>209.7</ele>
    <time>2025-09-22T00:19:55Z</time>
   </trkpt>
   <trkpt lat="22.3790190" lon="114.0615860">
    <ele>209.7</ele>
    <time>2025-09-22T00:19:56Z</time>
   </trkpt>
   <trkpt lat="22.3790240" lon="114.0615920">
    <ele>209.8</ele>
    <time>2025-09-22T00:19:57Z</time>
   </trkpt>
   <trkpt lat="22.3790300" lon="114.0615970">
    <ele>209.8</ele>
    <time>2025-09-22T00:19:58Z</time>
   </trkpt>
   <trkpt lat="22.3790350" lon="114.0616030">
    <ele>209.8</ele>
    <time>2025-09-22T00:19:59Z</time>
   </trkpt>
   <trkpt lat="22.3790390" lon="114.0616100">
    <ele>209.8</ele>
    <time>2025-09-22T00:20:00Z</time>
   </trkpt>
   <trkpt lat="22.3790440" lon="114.0616150">
    <ele>209.8</ele>
    <time>2025-09-22T00:20:01Z</time>
   </trkpt>
   <trkpt lat="22.3790450" lon="114.0616240">
    <ele>209.8</ele>
    <time>2025-09-22T00:20:02Z</time>
   </trkpt>
   <trkpt lat="22.3790490" lon="114.0616310">
    <ele>209.8</ele>
    <time>2025-09-22T00:20:03Z</time>
   </trkpt>
   <trkpt lat="22.3790590" lon="114.0616440">
    <ele>209.9</ele>
    <time>2025-09-22T00:20:04Z</time>
   </trkpt>
   <trkpt lat="22.3790680" lon="114.0616480">
    <ele>209.9</ele>
    <time>2025-09-22T00:20:05Z</time>
   </trkpt>
   <trkpt lat="22.3790740" lon="114.0616530">
    <ele>209.9</ele>
    <time>2025-09-22T00:20:06Z</time>
   </trkpt>
   <trkpt lat="22.3790830" lon="114.0616620">
    <ele>209.9</ele>
    <time>2025-09-22T00:20:07Z</time>
   </trkpt>
   <trkpt lat="22.3790890" lon="114.0616690">
    <ele>209.9</ele>
    <time>2025-09-22T00:20:08Z</time>
   </trkpt>
   <trkpt lat="22.3790940" lon="114.0616770">
    <ele>209.9</ele>
    <time>2025-09-22T00:20:09Z</time>
   </trkpt>
   <trkpt lat="22.3790990" lon="114.0616840">
    <ele>209.9</ele>
    <time>2025-09-22T00:20:10Z</time>
   </trkpt>
   <trkpt lat="22.3791070" lon="114.0616950">
    <ele>209.9</ele>
    <time>2025-09-22T00:20:11Z</time>
   </trkpt>
   <trkpt lat="22.3791120" lon="114.0616990">
    <ele>210.0</ele>
    <time>2025-09-22T00:20:12Z</time>
   </trkpt>
   <trkpt lat="22.3791180" lon="114.0617010">
    <ele>210.0</ele>
    <time>2025-09-22T00:20:13Z</time>
   </trkpt>
   <trkpt lat="22.3791240" lon="114.0617050">
    <ele>210.0</ele>
    <time>2025-09-22T00:20:14Z</time>
   </trkpt>
   <trkpt lat="22.3791280" lon="114.0617080">
    <ele>210.0</ele>
    <time>2025-09-22T00:20:15Z</time>
   </trkpt>
   <trkpt lat="22.3791340" lon="114.0617100">
    <ele>210.0</ele>
    <time>2025-09-22T00:20:16Z</time>
   </trkpt>
   <trkpt lat="22.3791390" lon="114.0617110">
    <ele>210.0</ele>
    <time>2025-09-22T00:20:17Z</time>
   </trkpt>
   <trkpt lat="22.3791440" lon="114.0617130">
    <ele>210.0</ele>
    <time>2025-09-22T00:20:18Z</time>
   </trkpt>
   <trkpt lat="22.3791490" lon="114.0617140">
    <ele>210.0</ele>
    <time>2025-09-22T00:20:19Z</time>
   </trkpt>
   <trkpt lat="22.3791550" lon="114.0617160">
    <ele>210.0</ele>
    <time>2025-09-22T00:20:20Z</time>
   </trkpt>
   <trkpt lat="22.3791600" lon="114.0617170">
    <ele>210.0</ele>
    <time>2025-09-22T00:20:21Z</time>
   </trkpt>
   <trkpt lat="22.3791720" lon="114.0617240">
    <ele>210.0</ele>
    <time>2025-09-22T00:20:22Z</time>
   </trkpt>
   <trkpt lat="22.3791690" lon="114.0617240">
    <ele>210.0</ele>
    <time>2025-09-22T00:20:23Z</time>
   </trkpt>
   <trkpt lat="22.3791680" lon="114.0617180">
    <ele>210.0</ele>
    <time>2025-09-22T00:20:24Z</time>
   </trkpt>
   <trkpt lat="22.3791790" lon="114.0617100">
    <ele>210.1</ele>
    <time>2025-09-22T00:20:25Z</time>
   </trkpt>
   <trkpt lat="22.3791930" lon="114.0617110">
    <ele>210.1</ele>
    <time>2025-09-22T00:20:26Z</time>
   </trkpt>
   <trkpt lat="22.3791940" lon="114.0616980">
    <ele>210.1</ele>
    <time>2025-09-22T00:20:27Z</time>
   </trkpt>
   <trkpt lat="22.3791960" lon="114.0616870">
    <ele>210.1</ele>
    <time>2025-09-22T00:20:28Z</time>
   </trkpt>
   <trkpt lat="22.3791990" lon="114.0616780">
    <ele>210.2</ele>
    <time>2025-09-22T00:20:29Z</time>
   </trkpt>
   <trkpt lat="22.3792190" lon="114.0616790">
    <ele>210.2</ele>
    <time>2025-09-22T00:20:30Z</time>
   </trkpt>
   <trkpt lat="22.3792290" lon="114.0616810">
    <ele>210.2</ele>
    <time>2025-09-22T00:20:31Z</time>
   </trkpt>
   <trkpt lat="22.3792390" lon="114.0616830">
    <ele>210.2</ele>
    <time>2025-09-22T00:20:32Z</time>
   </trkpt>
   <trkpt lat="22.3792470" lon="114.0616870">
    <ele>210.3</ele>
    <time>2025-09-22T00:20:33Z</time>
   </trkpt>
   <trkpt lat="22.3792530" lon="114.0616910">
    <ele>210.3</ele>
    <time>2025-09-22T00:20:34Z</time>
   </trkpt>
   <trkpt lat="22.3792600" lon="114.0616960">
    <ele>210.3</ele>
    <time>2025-09-22T00:20:35Z</time>
   </trkpt>
   <trkpt lat="22.3792660" lon="114.0617000">
    <ele>210.4</ele>
    <time>2025-09-22T00:20:36Z</time>
   </trkpt>
   <trkpt lat="22.3792720" lon="114.0617040">
    <ele>210.4</ele>
    <time>2025-09-22T00:20:37Z</time>
   </trkpt>
   <trkpt lat="22.3792790" lon="114.0617100">
    <ele>210.4</ele>
    <time>2025-09-22T00:20:38Z</time>
   </trkpt>
   <trkpt lat="22.3792800" lon="114.0617090">
    <ele>210.4</ele>
    <time>2025-09-22T00:20:39Z</time>
   </trkpt>
   <trkpt lat="22.3792900" lon="114.0617150">
    <ele>210.5</ele>
    <time>2025-09-22T00:20:40Z</time>
   </trkpt>
   <trkpt lat="22.3792940" lon="114.0617100">
    <ele>210.5</ele>
    <time>2025-09-22T00:20:41Z</time>
   </trkpt>
   <trkpt lat="22.3792930" lon="114.0617130">
    <ele>210.5</ele>
    <time>2025-09-22T00:20:42Z</time>
   </trkpt>
   <trkpt lat="22.3793040" lon="114.0617200">
    <ele>210.6</ele>
    <time>2025-09-22T00:20:43Z</time>
   </trkpt>
   <trkpt lat="22.3793140" lon="114.0617240">
    <ele>210.6</ele>
    <time>2025-09-22T00:20:44Z</time>
   </trkpt>
   <trkpt lat="22.3793210" lon="114.0617290">
    <ele>210.6</ele>
    <time>2025-09-22T00:20:45Z</time>
   </trkpt>
   <trkpt lat="22.3793310" lon="114.0617300">
    <ele>210.7</ele>
    <time>2025-09-22T00:20:46Z</time>
   </trkpt>
   <trkpt lat="22.3793430" lon="114.0617300">
    <ele>210.8</ele>
    <time>2025-09-22T00:20:47Z</time>
   </trkpt>
   <trkpt lat="22.3793490" lon="114.0617330">
    <ele>210.8</ele>
    <time>2025-09-22T00:20:48Z</time>
   </trkpt>
   <trkpt lat="22.3793600" lon="114.0617350">
    <ele>210.9</ele>
    <time>2025-09-22T00:20:49Z</time>
   </trkpt>
   <trkpt lat="22.3793710" lon="114.0617330">
    <ele>210.9</ele>
    <time>2025-09-22T00:20:50Z</time>
   </trkpt>
   <trkpt lat="22.3793810" lon="114.0617330">
    <ele>211.0</ele>
    <time>2025-09-22T00:20:51Z</time>
   </trkpt>
   <trkpt lat="22.3793910" lon="114.0617280">
    <ele>211.0</ele>
    <time>2025-09-22T00:20:52Z</time>
   </trkpt>
   <trkpt lat="22.3793960" lon="114.0617280">
    <ele>211.1</ele>
    <time>2025-09-22T00:20:53Z</time>
   </trkpt>
   <trkpt lat="22.3793980" lon="114.0617330">
    <ele>211.1</ele>
    <time>2025-09-22T00:20:54Z</time>
   </trkpt>
   <trkpt lat="22.3794050" lon="114.0617320">
    <ele>211.2</ele>
    <time>2025-09-22T00:20:55Z</time>
   </trkpt>
   <trkpt lat="22.3794120" lon="114.0617310">
    <ele>211.2</ele>
    <time>2025-09-22T00:20:56Z</time>
   </trkpt>
   <trkpt lat="22.3794230" lon="114.0617340">
    <ele>211.3</ele>
    <time>2025-09-22T00:20:57Z</time>
   </trkpt>
   <trkpt lat="22.3794320" lon="114.0617340">
    <ele>211.3</ele>
    <time>2025-09-22T00:20:58Z</time>
   </trkpt>
   <trkpt lat="22.3794430" lon="114.0617310">
    <ele>211.4</ele>
    <time>2025-09-22T00:20:59Z</time>
   </trkpt>
   <trkpt lat="22.3794550" lon="114.0617270">
    <ele>211.5</ele>
    <time>2025-09-22T00:21:00Z</time>
   </trkpt>
   <trkpt lat="22.3794660" lon="114.0617230">
    <ele>211.6</ele>
    <time>2025-09-22T00:21:01Z</time>
   </trkpt>
   <trkpt lat="22.3794780" lon="114.0617230">
    <ele>211.7</ele>
    <time>2025-09-22T00:21:02Z</time>
   </trkpt>
   <trkpt lat="22.3794860" lon="114.0617270">
    <ele>211.8</ele>
    <time>2025-09-22T00:21:03Z</time>
   </trkpt>
   <trkpt lat="22.3794990" lon="114.0617240">
    <ele>211.9</ele>
    <time>2025-09-22T00:21:04Z</time>
   </trkpt>
   <trkpt lat="22.3795060" lon="114.0617250">
    <ele>211.9</ele>
    <time>2025-09-22T00:21:05Z</time>
   </trkpt>
   <trkpt lat="22.3795050" lon="114.0617250">
    <ele>211.9</ele>
    <time>2025-09-22T00:21:06Z</time>
   </trkpt>
   <trkpt lat="22.3795040" lon="114.0617310">
    <ele>212.0</ele>
    <time>2025-09-22T00:21:07Z</time>
   </trkpt>
   <trkpt lat="22.3795130" lon="114.0617350">
    <ele>212.0</ele>
    <time>2025-09-22T00:21:08Z</time>
   </trkpt>
   <trkpt lat="22.3795120" lon="114.0617400">
    <ele>212.1</ele>
    <time>2025-09-22T00:21:09Z</time>
   </trkpt>
   <trkpt lat="22.3795180" lon="114.0617520">
    <ele>212.2</ele>
    <time>2025-09-22T00:21:10Z</time>
   </trkpt>
   <trkpt lat="22.3795260" lon="114.0617550">
    <ele>212.2</ele>
    <time>2025-09-22T00:21:11Z</time>
   </trkpt>
   <trkpt lat="22.3795290" lon="114.0617570">
    <ele>212.3</ele>
    <time>2025-09-22T00:21:12Z</time>
   </trkpt>
   <trkpt lat="22.3795330" lon="114.0617640">
    <ele>212.3</ele>
    <time>2025-09-22T00:21:13Z</time>
   </trkpt>
   <trkpt lat="22.3795440" lon="114.0617630">
    <ele>212.4</ele>
    <time>2025-09-22T00:21:14Z</time>
   </trkpt>
   <trkpt lat="22.3795480" lon="114.0617660">
    <ele>212.4</ele>
    <time>2025-09-22T00:21:15Z</time>
   </trkpt>
   <trkpt lat="22.3795520" lon="114.0617700">
    <ele>212.5</ele>
    <time>2025-09-22T00:21:16Z</time>
   </trkpt>
   <trkpt lat="22.3795560" lon="114.0617760">
    <ele>212.5</ele>
    <time>2025-09-22T00:21:17Z</time>
   </trkpt>
   <trkpt lat="22.3795560" lon="114.0617800">
    <ele>212.5</ele>
    <time>2025-09-22T00:21:18Z</time>
   </trkpt>
   <trkpt lat="22.3795660" lon="114.0617880">
    <ele>212.6</ele>
    <time>2025-09-22T00:21:19Z</time>
   </trkpt>
   <trkpt lat="22.3795780" lon="114.0617850">
    <ele>212.7</ele>
    <time>2025-09-22T00:21:20Z</time>
   </trkpt>
   <trkpt lat="22.3795830" lon="114.0617970">
    <ele>212.8</ele>
    <time>2025-09-22T00:21:21Z</time>
   </trkpt>
   <trkpt lat="22.3795850" lon="114.0618080">
    <ele>212.9</ele>
    <time>2025-09-22T00:21:22Z</time>
   </trkpt>
   <trkpt lat="22.3795780" lon="114.0618180">
    <ele>213.0</ele>
    <time>2025-09-22T00:21:23Z</time>
   </trkpt>
   <trkpt lat="22.3795830" lon="114.0618350">
    <ele>213.1</ele>
    <time>2025-09-22T00:21:24Z</time>
   </trkpt>
   <trkpt lat="22.3795890" lon="114.0618420">
    <ele>213.1</ele>
    <time>2025-09-22T00:21:25Z</time>
   </trkpt>
   <trkpt lat="22.3795960" lon="114.0618500">
    <ele>213.2</ele>
    <time>2025-09-22T00:21:26Z</time>
   </trkpt>
   <trkpt lat="22.3796020" lon="114.0618570">
    <ele>213.2</ele>
    <time>2025-09-22T00:21:27Z</time>
   </trkpt>
   <trkpt lat="22.3796080" lon="114.0618650">
    <ele>213.3</ele>
    <time>2025-09-22T00:21:28Z</time>
   </trkpt>
   <trkpt lat="22.3796180" lon="114.0618730">
    <ele>213.4</ele>
    <time>2025-09-22T00:21:29Z</time>
   </trkpt>
   <trkpt lat="22.3796220" lon="114.0618810">
    <ele>213.4</ele>
    <time>2025-09-22T00:21:30Z</time>
   </trkpt>
   <trkpt lat="22.3796220" lon="114.0618790">
    <ele>213.4</ele>
    <time>2025-09-22T00:21:31Z</time>
   </trkpt>
   <trkpt lat="22.3796390" lon="114.0618780">
    <ele>213.5</ele>
    <time>2025-09-22T00:21:32Z</time>
   </trkpt>
   <trkpt lat="22.3796450" lon="114.0618820">
    <ele>213.6</ele>
    <time>2025-09-22T00:21:33Z</time>
   </trkpt>
   <trkpt lat="22.3796560" lon="114.0618880">
    <ele>213.6</ele>
    <time>2025-09-22T00:21:34Z</time>
   </trkpt>
   <trkpt lat="22.3796540" lon="114.0618870">
    <ele>213.6</ele>
    <time>2025-09-22T00:21:35Z</time>
   </trkpt>
   <trkpt lat="22.3796640" lon="114.0618840">
    <ele>213.7</ele>
    <time>2025-09-22T00:21:36Z</time>
   </trkpt>
   <trkpt lat="22.3796700" lon="114.0618940">
    <ele>213.7</ele>
    <time>2025-09-22T00:21:37Z</time>
   </trkpt>
   <trkpt lat="22.3796760" lon="114.0619030">
    <ele>213.8</ele>
    <time>2025-09-22T00:21:38Z</time>
   </trkpt>
   <trkpt lat="22.3796800" lon="114.0618970">
    <ele>213.8</ele>
    <time>2025-09-22T00:21:39Z</time>
   </trkpt>
   <trkpt lat="22.3796810" lon="114.0618960">
    <ele>213.8</ele>
    <time>2025-09-22T00:21:40Z</time>
   </trkpt>
   <trkpt lat="22.3796860" lon="114.0618970">
    <ele>213.8</ele>
    <time>2025-09-22T00:21:41Z</time>
   </trkpt>
   <trkpt lat="22.3796980" lon="114.0618920">
    <ele>213.9</ele>
    <time>2025-09-22T00:21:42Z</time>
   </trkpt>
   <trkpt lat="22.3797020" lon="114.0618860">
    <ele>213.9</ele>
    <time>2025-09-22T00:21:43Z</time>
   </trkpt>
   <trkpt lat="22.3797100" lon="114.0618860">
    <ele>213.9</ele>
    <time>2025-09-22T00:21:44Z</time>
   </trkpt>
   <trkpt lat="22.3797180" lon="114.0618820">
    <ele>214.0</ele>
    <time>2025-09-22T00:21:45Z</time>
   </trkpt>
   <trkpt lat="22.3797320" lon="114.0618870">
    <ele>214.0</ele>
    <time>2025-09-22T00:21:46Z</time>
   </trkpt>
   <trkpt lat="22.3797360" lon="114.0618810">
    <ele>214.1</ele>
    <time>2025-09-22T00:21:47Z</time>
   </trkpt>
   <trkpt lat="22.3797490" lon="114.0618760">
    <ele>214.1</ele>
    <time>2025-09-22T00:21:48Z</time>
   </trkpt>
   <trkpt lat="22.3797590" lon="114.0618760">
    <ele>214.2</ele>
    <time>2025-09-22T00:21:49Z</time>
   </trkpt>
   <trkpt lat="22.3797720" lon="114.0618770">
    <ele>214.2</ele>
    <time>2025-09-22T00:21:50Z</time>
   </trkpt>
   <trkpt lat="22.3797710" lon="114.0618770">
    <ele>214.2</ele>
    <time>2025-09-22T00:21:51Z</time>
   </trkpt>
   <trkpt lat="22.3797760" lon="114.0618790">
    <ele>214.2</ele>
    <time>2025-09-22T00:21:52Z</time>
   </trkpt>
   <trkpt lat="22.3797860" lon="114.0618790">
    <ele>214.3</ele>
    <time>2025-09-22T00:21:53Z</time>
   </trkpt>
   <trkpt lat="22.3797980" lon="114.0618680">
    <ele>214.3</ele>
    <time>2025-09-22T00:21:54Z</time>
   </trkpt>
   <trkpt lat="22.3798050" lon="114.0618650">
    <ele>214.4</ele>
    <time>2025-09-22T00:21:55Z</time>
   </trkpt>
   <trkpt lat="22.3798120" lon="114.0618610">
    <ele>214.4</ele>
    <time>2025-09-22T00:21:56Z</time>
   </trkpt>
   <trkpt lat="22.3798190" lon="114.0618580">
    <ele>214.4</ele>
    <time>2025-09-22T00:21:57Z</time>
   </trkpt>
   <trkpt lat="22.3798200" lon="114.0618510">
    <ele>214.4</ele>
    <time>2025-09-22T00:21:58Z</time>
   </trkpt>
   <trkpt lat="22.3798370" lon="114.0618490">
    <ele>214.5</ele>
    <time>2025-09-22T00:21:59Z</time>
   </trkpt>
   <trkpt lat="22.3798540" lon="114.0618670">
    <ele>214.6</ele>
    <time>2025-09-22T00:22:00Z</time>
   </trkpt>
   <trkpt lat="22.3798720" lon="114.0618770">
    <ele>214.7</ele>
    <time>2025-09-22T00:22:01Z</time>
   </trkpt>
   <trkpt lat="22.3798800" lon="114.0618810">
    <ele>214.8</ele>
    <time>2025-09-22T00:22:02Z</time>
   </trkpt>
   <trkpt lat="22.3798870" lon="114.0618860">
    <ele>214.8</ele>
    <time>2025-09-22T00:22:03Z</time>
   </trkpt>
   <trkpt lat="22.3798970" lon="114.0618850">
    <ele>214.9</ele>
    <time>2025-09-22T00:22:04Z</time>
   </trkpt>
   <trkpt lat="22.3798980" lon="114.0618830">
    <ele>214.9</ele>
    <time>2025-09-22T00:22:05Z</time>
   </trkpt>
   <trkpt lat="22.3799070" lon="114.0618850">
    <ele>214.9</ele>
    <time>2025-09-22T00:22:06Z</time>
   </trkpt>
   <trkpt lat="22.3799090" lon="114.0618880">
    <ele>215.0</ele>
    <time>2025-09-22T00:22:07Z</time>
   </trkpt>
   <trkpt lat="22.3799140" lon="114.0618930">
    <ele>215.0</ele>
    <time>2025-09-22T00:22:08Z</time>
   </trkpt>
   <trkpt lat="22.3799120" lon="114.0618900">
    <ele>215.0</ele>
    <time>2025-09-22T00:22:09Z</time>
   </trkpt>
   <trkpt lat="22.3799150" lon="114.0618870">
    <ele>215.0</ele>
    <time>2025-09-22T00:22:10Z</time>
   </trkpt>
   <trkpt lat="22.3799370" lon="114.0618950">
    <ele>215.2</ele>
    <time>2025-09-22T00:22:11Z</time>
   </trkpt>
   <trkpt lat="22.3799470" lon="114.0618990">
    <ele>215.2</ele>
    <time>2025-09-22T00:22:12Z</time>
   </trkpt>
   <trkpt lat="22.3799580" lon="114.0618950">
    <ele>215.3</ele>
    <time>2025-09-22T00:22:13Z</time>
   </trkpt>
   <trkpt lat="22.3799640" lon="114.0618880">
    <ele>215.4</ele>
    <time>2025-09-22T00:22:14Z</time>
   </trkpt>
   <trkpt lat="22.3799670" lon="114.0618850">
    <ele>215.4</ele>
    <time>2025-09-22T00:22:15Z</time>
   </trkpt>
   <trkpt lat="22.3799700" lon="114.0618850">
    <ele>215.4</ele>
    <time>2025-09-22T00:22:16Z</time>
   </trkpt>
   <trkpt lat="22.3799830" lon="114.0618950">
    <ele>215.5</ele>
    <time>2025-09-22T00:22:17Z</time>
   </trkpt>
   <trkpt lat="22.3799890" lon="114.0618940">
    <ele>215.5</ele>
    <time>2025-09-22T00:22:18Z</time>
   </trkpt>
   <trkpt lat="22.3800040" lon="114.0618880">
    <ele>215.6</ele>
    <time>2025-09-22T00:22:19Z</time>
   </trkpt>
   <trkpt lat="22.3800130" lon="114.0618860">
    <ele>215.6</ele>
    <time>2025-09-22T00:22:20Z</time>
   </trkpt>
   <trkpt lat="22.3800200" lon="114.0618790">
    <ele>215.7</ele>
    <time>2025-09-22T00:22:21Z</time>
   </trkpt>
   <trkpt lat="22.3800250" lon="114.0618790">
    <ele>215.7</ele>
    <time>2025-09-22T00:22:22Z</time>
   </trkpt>
   <trkpt lat="22.3800410" lon="114.0618730">
    <ele>215.7</ele>
    <time>2025-09-22T00:22:23Z</time>
   </trkpt>
   <trkpt lat="22.3800410" lon="114.0618650">
    <ele>215.8</ele>
    <time>2025-09-22T00:22:24Z</time>
   </trkpt>
   <trkpt lat="22.3800460" lon="114.0618640">
    <ele>215.8</ele>
    <time>2025-09-22T00:22:25Z</time>
   </trkpt>
   <trkpt lat="22.3800450" lon="114.0618610">
    <ele>215.8</ele>
    <time>2025-09-22T00:22:26Z</time>
   </trkpt>
   <trkpt lat="22.3800510" lon="114.0618570">
    <ele>215.8</ele>
    <time>2025-09-22T00:22:27Z</time>
   </trkpt>
   <trkpt lat="22.3800570" lon="114.0618500">
    <ele>215.8</ele>
    <time>2025-09-22T00:22:28Z</time>
   </trkpt>
   <trkpt lat="22.3800550" lon="114.0618430">
    <ele>215.9</ele>
    <time>2025-09-22T00:22:29Z</time>
   </trkpt>
   <trkpt lat="22.3800650" lon="114.0618440">
    <ele>215.9</ele>
    <time>2025-09-22T00:22:30Z</time>
   </trkpt>
   <trkpt lat="22.3800700" lon="114.0618460">
    <ele>215.9</ele>
    <time>2025-09-22T00:22:31Z</time>
   </trkpt>
   <trkpt lat="22.3800720" lon="114.0618470">
    <ele>215.9</ele>
    <time>2025-09-22T00:22:32Z</time>
   </trkpt>
   <trkpt lat="22.3800720" lon="114.0618530">
    <ele>215.9</ele>
    <time>2025-09-22T00:22:33Z</time>
   </trkpt>
   <trkpt lat="22.3800720" lon="114.0618530">
    <ele>215.9</ele>
    <time>2025-09-22T00:22:34Z</time>
   </trkpt>
   <trkpt lat="22.3800720" lon="114.0618530">
    <ele>215.9</ele>
    <time>2025-09-22T00:22:35Z</time>
   </trkpt>
   <trkpt lat="22.3800720" lon="114.0618530">
    <ele>215.9</ele>
    <time>2025-09-22T00:22:36Z</time>
   </trkpt>
   <trkpt lat="22.3800720" lon="114.0618530">
    <ele>215.9</ele>
    <time>2025-09-22T00:22:37Z</time>
   </trkpt>
   <trkpt lat="22.3800660" lon="114.0618560">
    <ele>215.9</ele>
    <time>2025-09-22T00:22:38Z</time>
   </trkpt>
   <trkpt lat="22.3800660" lon="114.0618560">
    <ele>215.9</ele>
    <time>2025-09-22T00:22:39Z</time>
   </trkpt>
   <trkpt lat="22.3800660" lon="114.0618560">
    <ele>215.9</ele>
    <time>2025-09-22T00:22:40Z</time>
   </trkpt>
   <trkpt lat="22.3800710" lon="114.0618510">
    <ele>215.9</ele>
    <time>2025-09-22T00:22:41Z</time>
   </trkpt>
   <trkpt lat="22.3800720" lon="114.0618530">
    <ele>215.9</ele>
    <time>2025-09-22T00:22:42Z</time>
   </trkpt>
   <trkpt lat="22.3800790" lon="114.0618520">
    <ele>215.9</ele>
    <time>2025-09-22T00:22:43Z</time>
   </trkpt>
   <trkpt lat="22.3800750" lon="114.0618570">
    <ele>215.9</ele>
    <time>2025-09-22T00:22:44Z</time>
   </trkpt>
   <trkpt lat="22.3800830" lon="114.0618580">
    <ele>215.9</ele>
    <time>2025-09-22T00:22:45Z</time>
   </trkpt>
   <trkpt lat="22.3800830" lon="114.0618580">
    <ele>215.9</ele>
    <time>2025-09-22T00:22:46Z</time>
   </trkpt>
   <trkpt lat="22.3800830" lon="114.0618600">
    <ele>215.9</ele>
    <time>2025-09-22T00:22:47Z</time>
   </trkpt>
   <trkpt lat="22.3800840" lon="114.0618600">
    <ele>215.9</ele>
    <time>2025-09-22T00:22:48Z</time>
   </trkpt>
   <trkpt lat="22.3800840" lon="114.0618600">
    <ele>215.9</ele>
    <time>2025-09-22T00:22:49Z</time>
   </trkpt>
   <trkpt lat="22.3800840" lon="114.0618600">
    <ele>215.9</ele>
    <time>2025-09-22T00:22:50Z</time>
   </trkpt>
   <trkpt lat="22.3800840" lon="114.0618600">
    <ele>215.9</ele>
    <time>2025-09-22T00:22:51Z</time>
   </trkpt>
   <trkpt lat="22.3800840" lon="114.0618600">
    <ele>215.9</ele>
    <time>2025-09-22T00:22:52Z</time>
   </trkpt>
   <trkpt lat="22.3800840" lon="114.0618600">
    <ele>215.9</ele>
    <time>2025-09-22T00:22:53Z</time>
   </trkpt>
   <trkpt lat="22.3800840" lon="114.0618600">
    <ele>215.9</ele>
    <time>2025-09-22T00:22:54Z</time>
   </trkpt>
   <trkpt lat="22.3800840" lon="114.0618600">
    <ele>215.9</ele>
    <time>2025-09-22T00:22:55Z</time>
   </trkpt>
   <trkpt lat="22.3800840" lon="114.0618600">
    <ele>215.9</ele>
    <time>2025-09-22T00:22:56Z</time>
   </trkpt>
   <trkpt lat="22.3800840" lon="114.0618600">
    <ele>215.9</ele>
    <time>2025-09-22T00:22:57Z</time>
   </trkpt>
   <trkpt lat="22.3800840" lon="114.0618600">
    <ele>215.9</ele>
    <time>2025-09-22T00:22:58Z</time>
   </trkpt>
   <trkpt lat="22.3800840" lon="114.0618600">
    <ele>215.9</ele>
    <time>2025-09-22T00:22:59Z</time>
   </trkpt>
   <trkpt lat="22.3800840" lon="114.0618600">
    <ele>215.9</ele>
    <time>2025-09-22T00:23:00Z</time>
   </trkpt>
   <trkpt lat="22.3800840" lon="114.0618600">
    <ele>215.9</ele>
    <time>2025-09-22T00:23:01Z</time>
   </trkpt>
   <trkpt lat="22.3800840" lon="114.0618600">
    <ele>215.9</ele>
    <time>2025-09-22T00:23:02Z</time>
   </trkpt>
   <trkpt lat="22.3800840" lon="114.0618600">
    <ele>215.9</ele>
    <time>2025-09-22T00:23:03Z</time>
   </trkpt>
   <trkpt lat="22.3800840" lon="114.0618600">
    <ele>215.9</ele>
    <time>2025-09-22T00:23:04Z</time>
   </trkpt>
   <trkpt lat="22.3800840" lon="114.0618600">
    <ele>215.9</ele>
    <time>2025-09-22T00:23:05Z</time>
   </trkpt>
   <trkpt lat="22.3800840" lon="114.0618600">
    <ele>215.9</ele>
    <time>2025-09-22T00:23:06Z</time>
   </trkpt>
   <trkpt lat="22.3800840" lon="114.0618600">
    <ele>215.9</ele>
    <time>2025-09-22T00:23:07Z</time>
   </trkpt>
   <trkpt lat="22.3800840" lon="114.0618600">
    <ele>215.9</ele>
    <time>2025-09-22T00:23:08Z</time>
   </trkpt>
   <trkpt lat="22.3800790" lon="114.0618890">
    <ele>215.9</ele>
    <time>2025-09-22T00:23:09Z</time>
   </trkpt>
   <trkpt lat="22.3800840" lon="114.0618890">
    <ele>215.9</ele>
    <time>2025-09-22T00:23:10Z</time>
   </trkpt>
   <trkpt lat="22.3800880" lon="114.0618880">
    <ele>215.9</ele>
    <time>2025-09-22T00:23:11Z</time>
   </trkpt>
   <trkpt lat="22.3800900" lon="114.0618850">
    <ele>215.9</ele>
    <time>2025-09-22T00:23:12Z</time>
   </trkpt>
   <trkpt lat="22.3800860" lon="114.0618870">
    <ele>215.9</ele>
    <time>2025-09-22T00:23:13Z</time>
   </trkpt>
   <trkpt lat="22.3800860" lon="114.0618870">
    <ele>215.9</ele>
    <time>2025-09-22T00:23:14Z</time>
   </trkpt>
   <trkpt lat="22.3800860" lon="114.0618870">
    <ele>215.9</ele>
    <time>2025-09-22T00:23:15Z</time>
   </trkpt>
   <trkpt lat="22.3800860" lon="114.0618870">
    <ele>215.9</ele>
    <time>2025-09-22T00:23:16Z</time>
   </trkpt>
   <trkpt lat="22.3800860" lon="114.0618870">
    <ele>215.9</ele>
    <time>2025-09-22T00:23:17Z</time>
   </trkpt>
   <trkpt lat="22.3800860" lon="114.0618870">
    <ele>215.9</ele>
    <time>2025-09-22T00:23:18Z</time>
   </trkpt>
   <trkpt lat="22.3800860" lon="114.0618870">
    <ele>215.9</ele>
    <time>2025-09-22T00:23:19Z</time>
   </trkpt>
   <trkpt lat="22.3800860" lon="114.0618870">
    <ele>215.9</ele>
    <time>2025-09-22T00:23:20Z</time>
   </trkpt>
   <trkpt lat="22.3800860" lon="114.0618870">
    <ele>215.9</ele>
    <time>2025-09-22T00:23:21Z</time>
   </trkpt>
   <trkpt lat="22.3800860" lon="114.0618870">
    <ele>215.9</ele>
    <time>2025-09-22T00:23:22Z</time>
   </trkpt>
   <trkpt lat="22.3800860" lon="114.0618870">
    <ele>215.9</ele>
    <time>2025-09-22T00:23:23Z</time>
   </trkpt>
   <trkpt lat="22.3800860" lon="114.0618870">
    <ele>215.9</ele>
    <time>2025-09-22T00:23:24Z</time>
   </trkpt>
   <trkpt lat="22.3800860" lon="114.0618870">
    <ele>215.9</ele>
    <time>2025-09-22T00:23:25Z</time>
   </trkpt>
   <trkpt lat="22.3801000" lon="114.0618670">
    <ele>215.8</ele>
    <time>2025-09-22T00:23:26Z</time>
   </trkpt>
   <trkpt lat="22.3801030" lon="114.0618670">
    <ele>215.8</ele>
    <time>2025-09-22T00:23:27Z</time>
   </trkpt>
   <trkpt lat="22.3801020" lon="114.0618710">
    <ele>215.8</ele>
    <time>2025-09-22T00:23:28Z</time>
   </trkpt>
   <trkpt lat="22.3800960" lon="114.0618720">
    <ele>215.8</ele>
    <time>2025-09-22T00:23:29Z</time>
   </trkpt>
   <trkpt lat="22.3800960" lon="114.0618680">
    <ele>215.8</ele>
    <time>2025-09-22T00:23:30Z</time>
   </trkpt>
   <trkpt lat="22.3800930" lon="114.0618660">
    <ele>215.8</ele>
    <time>2025-09-22T00:23:31Z</time>
   </trkpt>
   <trkpt lat="22.3800930" lon="114.0618660">
    <ele>215.8</ele>
    <time>2025-09-22T00:23:32Z</time>
   </trkpt>
   <trkpt lat="22.3800930" lon="114.0618660">
    <ele>215.8</ele>
    <time>2025-09-22T00:23:33Z</time>
   </trkpt>
   <trkpt lat="22.3800930" lon="114.0618660">
    <ele>215.8</ele>
    <time>2025-09-22T00:23:34Z</time>
   </trkpt>
   <trkpt lat="22.3800930" lon="114.0618660">
    <ele>215.8</ele>
    <time>2025-09-22T00:23:35Z</time>
   </trkpt>
   <trkpt lat="22.3800930" lon="114.0618660">
    <ele>215.8</ele>
    <time>2025-09-22T00:23:36Z</time>
   </trkpt>
   <trkpt lat="22.3800930" lon="114.0618660">
    <ele>215.8</ele>
    <time>2025-09-22T00:23:37Z</time>
   </trkpt>
   <trkpt lat="22.3800930" lon="114.0618660">
    <ele>215.8</ele>
    <time>2025-09-22T00:23:38Z</time>
   </trkpt>
   <trkpt lat="22.3800930" lon="114.0618660">
    <ele>215.8</ele>
    <time>2025-09-22T00:23:39Z</time>
   </trkpt>
   <trkpt lat="22.3800930" lon="114.0618660">
    <ele>215.8</ele>
    <time>2025-09-22T00:23:40Z</time>
   </trkpt>
   <trkpt lat="22.3800930" lon="114.0618660">
    <ele>215.8</ele>
    <time>2025-09-22T00:23:41Z</time>
   </trkpt>
   <trkpt lat="22.3800930" lon="114.0618660">
    <ele>215.8</ele>
    <time>2025-09-22T00:23:42Z</time>
   </trkpt>
   <trkpt lat="22.3800930" lon="114.0618660">
    <ele>215.8</ele>
    <time>2025-09-22T00:23:43Z</time>
   </trkpt>
   <trkpt lat="22.3800930" lon="114.0618660">
    <ele>215.8</ele>
    <time>2025-09-22T00:23:44Z</time>
   </trkpt>
   <trkpt lat="22.3800920" lon="114.0618530">
    <ele>215.7</ele>
    <time>2025-09-22T00:23:45Z</time>
   </trkpt>
   <trkpt lat="22.3800920" lon="114.0618500">
    <ele>215.7</ele>
    <time>2025-09-22T00:23:46Z</time>
   </trkpt>
   <trkpt lat="22.3800890" lon="114.0618500">
    <ele>215.7</ele>
    <time>2025-09-22T00:23:47Z</time>
   </trkpt>
   <trkpt lat="22.3800940" lon="114.0618570">
    <ele>215.7</ele>
    <time>2025-09-22T00:23:48Z</time>
   </trkpt>
   <trkpt lat="22.3800980" lon="114.0618580">
    <ele>215.6</ele>
    <time>2025-09-22T00:23:49Z</time>
   </trkpt>
   <trkpt lat="22.3801000" lon="114.0618630">
    <ele>215.6</ele>
    <time>2025-09-22T00:23:50Z</time>
   </trkpt>
   <trkpt lat="22.3801060" lon="114.0618640">
    <ele>215.6</ele>
    <time>2025-09-22T00:23:51Z</time>
   </trkpt>
   <trkpt lat="22.3801090" lon="114.0618710">
    <ele>215.6</ele>
    <time>2025-09-22T00:23:52Z</time>
   </trkpt>
   <trkpt lat="22.3801160" lon="114.0618770">
    <ele>215.5</ele>
    <time>2025-09-22T00:23:53Z</time>
   </trkpt>
   <trkpt lat="22.3801150" lon="114.0618860">
    <ele>215.4</ele>
    <time>2025-09-22T00:23:54Z</time>
   </trkpt>
   <trkpt lat="22.3801180" lon="114.0618890">
    <ele>215.4</ele>
    <time>2025-09-22T00:23:55Z</time>
   </trkpt>
   <trkpt lat="22.3801170" lon="114.0618970">
    <ele>215.2</ele>
    <time>2025-09-22T00:23:56Z</time>
   </trkpt>
   <trkpt lat="22.3801150" lon="114.0619080">
    <ele>215.1</ele>
    <time>2025-09-22T00:23:57Z</time>
   </trkpt>
   <trkpt lat="22.3801210" lon="114.0619120">
    <ele>215.0</ele>
    <time>2025-09-22T00:23:58Z</time>
   </trkpt>
   <trkpt lat="22.3801280" lon="114.0619130">
    <ele>214.9</ele>
    <time>2025-09-22T00:23:59Z</time>
   </trkpt>
   <trkpt lat="22.3801410" lon="114.0619120">
    <ele>214.7</ele>
    <time>2025-09-22T00:24:00Z</time>
   </trkpt>
   <trkpt lat="22.3801550" lon="114.0619190">
    <ele>214.4</ele>
    <time>2025-09-22T00:24:01Z</time>
   </trkpt>
   <trkpt lat="22.3801610" lon="114.0619290">
    <ele>214.2</ele>
    <time>2025-09-22T00:24:02Z</time>
   </trkpt>
   <trkpt lat="22.3801660" lon="114.0619370">
    <ele>214.1</ele>
    <time>2025-09-22T00:24:03Z</time>
   </trkpt>
   <trkpt lat="22.3801770" lon="114.0619470">
    <ele>213.9</ele>
    <time>2025-09-22T00:24:04Z</time>
   </trkpt>
   <trkpt lat="22.3801820" lon="114.0619520">
    <ele>213.8</ele>
    <time>2025-09-22T00:24:05Z</time>
   </trkpt>
   <trkpt lat="22.3801870" lon="114.0619560">
    <ele>213.7</ele>
    <time>2025-09-22T00:24:06Z</time>
   </trkpt>
   <trkpt lat="22.3801920" lon="114.0619610">
    <ele>213.6</ele>
    <time>2025-09-22T00:24:07Z</time>
   </trkpt>
   <trkpt lat="22.3801970" lon="114.0619660">
    <ele>213.5</ele>
    <time>2025-09-22T00:24:08Z</time>
   </trkpt>
   <trkpt lat="22.3802030" lon="114.0619710">
    <ele>213.4</ele>
    <time>2025-09-22T00:24:09Z</time>
   </trkpt>
   <trkpt lat="22.3802090" lon="114.0619790">
    <ele>213.3</ele>
    <time>2025-09-22T00:24:10Z</time>
   </trkpt>
   <trkpt lat="22.3802150" lon="114.0619830">
    <ele>213.2</ele>
    <time>2025-09-22T00:24:11Z</time>
   </trkpt>
   <trkpt lat="22.3802260" lon="114.0619830">
    <ele>213.1</ele>
    <time>2025-09-22T00:24:12Z</time>
   </trkpt>
   <trkpt lat="22.3802280" lon="114.0619860">
    <ele>213.0</ele>
    <time>2025-09-22T00:24:13Z</time>
   </trkpt>
   <trkpt lat="22.3802340" lon="114.0619970">
    <ele>212.9</ele>
    <time>2025-09-22T00:24:14Z</time>
   </trkpt>
   <trkpt lat="22.3802450" lon="114.0620050">
    <ele>212.7</ele>
    <time>2025-09-22T00:24:15Z</time>
   </trkpt>
   <trkpt lat="22.3802730" lon="114.0620190">
    <ele>212.4</ele>
    <time>2025-09-22T00:24:16Z</time>
   </trkpt>
   <trkpt lat="22.3802780" lon="114.0620220">
    <ele>212.3</ele>
    <time>2025-09-22T00:24:17Z</time>
   </trkpt>
   <trkpt lat="22.3802890" lon="114.0620200">
    <ele>212.2</ele>
    <time>2025-09-22T00:24:18Z</time>
   </trkpt>
   <trkpt lat="22.3802940" lon="114.0620150">
    <ele>212.2</ele>
    <time>2025-09-22T00:24:19Z</time>
   </trkpt>
   <trkpt lat="22.3803010" lon="114.0620160">
    <ele>212.1</ele>
    <time>2025-09-22T00:24:20Z</time>
   </trkpt>
   <trkpt lat="22.3803090" lon="114.0620260">
    <ele>212.0</ele>
    <time>2025-09-22T00:24:21Z</time>
   </trkpt>
   <trkpt lat="22.3803210" lon="114.0620320">
    <ele>211.9</ele>
    <time>2025-09-22T00:24:22Z</time>
   </trkpt>
   <trkpt lat="22.3803320" lon="114.0620380">
    <ele>211.7</ele>
    <time>2025-09-22T00:24:23Z</time>
   </trkpt>
   <trkpt lat="22.3803390" lon="114.0620410">
    <ele>211.7</ele>
    <time>2025-09-22T00:24:24Z</time>
   </trkpt>
   <trkpt lat="22.3803520" lon="114.0620500">
    <ele>211.6</ele>
    <time>2025-09-22T00:24:25Z</time>
   </trkpt>
   <trkpt lat="22.3803630" lon="114.0620550">
    <ele>211.5</ele>
    <time>2025-09-22T00:24:26Z</time>
   </trkpt>
   <trkpt lat="22.3803770" lon="114.0620520">
    <ele>211.4</ele>
    <time>2025-09-22T00:24:27Z</time>
   </trkpt>
   <trkpt lat="22.3803850" lon="114.0620510">
    <ele>211.3</ele>
    <time>2025-09-22T00:24:28Z</time>
   </trkpt>
   <trkpt lat="22.3803930" lon="114.0620490">
    <ele>211.2</ele>
    <time>2025-09-22T00:24:29Z</time>
   </trkpt>
   <trkpt lat="22.3804010" lon="114.0620480">
    <ele>211.2</ele>
    <time>2025-09-22T00:24:30Z</time>
   </trkpt>
   <trkpt lat="22.3804040" lon="114.0620500">
    <ele>211.2</ele>
    <time>2025-09-22T00:24:31Z</time>
   </trkpt>
   <trkpt lat="22.3804110" lon="114.0620500">
    <ele>211.1</ele>
    <time>2025-09-22T00:24:32Z</time>
   </trkpt>
   <trkpt lat="22.3804220" lon="114.0620510">
    <ele>211.0</ele>
    <time>2025-09-22T00:24:33Z</time>
   </trkpt>
   <trkpt lat="22.3804280" lon="114.0620470">
    <ele>211.0</ele>
    <time>2025-09-22T00:24:34Z</time>
   </trkpt>
   <trkpt lat="22.3804520" lon="114.0620480">
    <ele>210.8</ele>
    <time>2025-09-22T00:24:35Z</time>
   </trkpt>
   <trkpt lat="22.3804680" lon="114.0620440">
    <ele>210.7</ele>
    <time>2025-09-22T00:24:36Z</time>
   </trkpt>
   <trkpt lat="22.3804900" lon="114.0620410">
    <ele>210.5</ele>
    <time>2025-09-22T00:24:37Z</time>
   </trkpt>
   <trkpt lat="22.3804950" lon="114.0620430">
    <ele>210.4</ele>
    <time>2025-09-22T00:24:38Z</time>
   </trkpt>
   <trkpt lat="22.3805020" lon="114.0620370">
    <ele>210.4</ele>
    <time>2025-09-22T00:24:39Z</time>
   </trkpt>
   <trkpt lat="22.3805110" lon="114.0620380">
    <ele>210.3</ele>
    <time>2025-09-22T00:24:40Z</time>
   </trkpt>
   <trkpt lat="22.3805220" lon="114.0620350">
    <ele>210.2</ele>
    <time>2025-09-22T00:24:41Z</time>
   </trkpt>
   <trkpt lat="22.3805290" lon="114.0620350">
    <ele>210.1</ele>
    <time>2025-09-22T00:24:42Z</time>
   </trkpt>
   <trkpt lat="22.3805390" lon="114.0620340">
    <ele>210.0</ele>
    <time>2025-09-22T00:24:43Z</time>
   </trkpt>
   <trkpt lat="22.3805460" lon="114.0620310">
    <ele>210.0</ele>
    <time>2025-09-22T00:24:44Z</time>
   </trkpt>
   <trkpt lat="22.3805540" lon="114.0620330">
    <ele>209.9</ele>
    <time>2025-09-22T00:24:45Z</time>
   </trkpt>
   <trkpt lat="22.3805780" lon="114.0620340">
    <ele>209.7</ele>
    <time>2025-09-22T00:24:46Z</time>
   </trkpt>
   <trkpt lat="22.3805830" lon="114.0620310">
    <ele>209.6</ele>
    <time>2025-09-22T00:24:47Z</time>
   </trkpt>
   <trkpt lat="22.3805960" lon="114.0620300">
    <ele>209.5</ele>
    <time>2025-09-22T00:24:48Z</time>
   </trkpt>
   <trkpt lat="22.3806130" lon="114.0620320">
    <ele>209.4</ele>
    <time>2025-09-22T00:24:49Z</time>
   </trkpt>
   <trkpt lat="22.3806110" lon="114.0620250">
    <ele>209.3</ele>
    <time>2025-09-22T00:24:50Z</time>
   </trkpt>
   <trkpt lat="22.3806230" lon="114.0620240">
    <ele>209.2</ele>
    <time>2025-09-22T00:24:51Z</time>
   </trkpt>
   <trkpt lat="22.3806370" lon="114.0620260">
    <ele>209.1</ele>
    <time>2025-09-22T00:24:52Z</time>
   </trkpt>
   <trkpt lat="22.3806470" lon="114.0620290">
    <ele>209.0</ele>
    <time>2025-09-22T00:24:53Z</time>
   </trkpt>
   <trkpt lat="22.3806530" lon="114.0620290">
    <ele>208.9</ele>
    <time>2025-09-22T00:24:54Z</time>
   </trkpt>
   <trkpt lat="22.3806600" lon="114.0620280">
    <ele>208.9</ele>
    <time>2025-09-22T00:24:55Z</time>
   </trkpt>
   <trkpt lat="22.3806700" lon="114.0620310">
    <ele>208.8</ele>
    <time>2025-09-22T00:24:56Z</time>
   </trkpt>
   <trkpt lat="22.3806790" lon="114.0620320">
    <ele>208.7</ele>
    <time>2025-09-22T00:24:57Z</time>
   </trkpt>
   <trkpt lat="22.3806870" lon="114.0620320">
    <ele>208.6</ele>
    <time>2025-09-22T00:24:58Z</time>
   </trkpt>
   <trkpt lat="22.3807130" lon="114.0620270">
    <ele>208.4</ele>
    <time>2025-09-22T00:24:59Z</time>
   </trkpt>
   <trkpt lat="22.3807210" lon="114.0620320">
    <ele>208.4</ele>
    <time>2025-09-22T00:25:00Z</time>
   </trkpt>
   <trkpt lat="22.3807280" lon="114.0620210">
    <ele>208.3</ele>
    <time>2025-09-22T00:25:01Z</time>
   </trkpt>
   <trkpt lat="22.3807330" lon="114.0620200">
    <ele>208.3</ele>
    <time>2025-09-22T00:25:02Z</time>
   </trkpt>
   <trkpt lat="22.3807420" lon="114.0620200">
    <ele>208.2</ele>
    <time>2025-09-22T00:25:03Z</time>
   </trkpt>
   <trkpt lat="22.3807530" lon="114.0620270">
    <ele>208.1</ele>
    <time>2025-09-22T00:25:04Z</time>
   </trkpt>
   <trkpt lat="22.3807680" lon="114.0620220">
    <ele>208.0</ele>
    <time>2025-09-22T00:25:05Z</time>
   </trkpt>
   <trkpt lat="22.3807760" lon="114.0620180">
    <ele>208.0</ele>
    <time>2025-09-22T00:25:06Z</time>
   </trkpt>
   <trkpt lat="22.3807830" lon="114.0620120">
    <ele>207.9</ele>
    <time>2025-09-22T00:25:07Z</time>
   </trkpt>
   <trkpt lat="22.3807900" lon="114.0620070">
    <ele>207.9</ele>
    <time>2025-09-22T00:25:08Z</time>
   </trkpt>
   <trkpt lat="22.3808020" lon="114.0620030">
    <ele>207.8</ele>
    <time>2025-09-22T00:25:09Z</time>
   </trkpt>
   <trkpt lat="22.3808120" lon="114.0619980">
    <ele>207.8</ele>
    <time>2025-09-22T00:25:10Z</time>
   </trkpt>
   <trkpt lat="22.3808240" lon="114.0619920">
    <ele>207.7</ele>
    <time>2025-09-22T00:25:11Z</time>
   </trkpt>
   <trkpt lat="22.3808370" lon="114.0619940">
    <ele>207.8</ele>
    <time>2025-09-22T00:25:12Z</time>
   </trkpt>
   <trkpt lat="22.3808540" lon="114.0619920">
    <ele>207.8</ele>
    <time>2025-09-22T00:25:13Z</time>
   </trkpt>
   <trkpt lat="22.3808570" lon="114.0619920">
    <ele>207.8</ele>
    <time>2025-09-22T00:25:14Z</time>
   </trkpt>
   <trkpt lat="22.3808710" lon="114.0619860">
    <ele>207.8</ele>
    <time>2025-09-22T00:25:15Z</time>
   </trkpt>
   <trkpt lat="22.3808900" lon="114.0619880">
    <ele>207.8</ele>
    <time>2025-09-22T00:25:16Z</time>
   </trkpt>
   <trkpt lat="22.3808940" lon="114.0619860">
    <ele>207.8</ele>
    <time>2025-09-22T00:25:17Z</time>
   </trkpt>
   <trkpt lat="22.3809030" lon="114.0619820">
    <ele>207.8</ele>
    <time>2025-09-22T00:25:18Z</time>
   </trkpt>
   <trkpt lat="22.3809230" lon="114.0619820">
    <ele>207.8</ele>
    <time>2025-09-22T00:25:19Z</time>
   </trkpt>
   <trkpt lat="22.3809370" lon="114.0619780">
    <ele>207.9</ele>
    <time>2025-09-22T00:25:20Z</time>
   </trkpt>
   <trkpt lat="22.3809470" lon="114.0619750">
    <ele>207.9</ele>
    <time>2025-09-22T00:25:21Z</time>
   </trkpt>
   <trkpt lat="22.3809610" lon="114.0619720">
    <ele>207.9</ele>
    <time>2025-09-22T00:25:22Z</time>
   </trkpt>
   <trkpt lat="22.3809690" lon="114.0619670">
    <ele>207.9</ele>
    <time>2025-09-22T00:25:23Z</time>
   </trkpt>
   <trkpt lat="22.3809770" lon="114.0619650">
    <ele>207.9</ele>
    <time>2025-09-22T00:25:24Z</time>
   </trkpt>
   <trkpt lat="22.3809850" lon="114.0619660">
    <ele>207.9</ele>
    <time>2025-09-22T00:25:25Z</time>
   </trkpt>
   <trkpt lat="22.3809920" lon="114.0619600">
    <ele>208.0</ele>
    <time>2025-09-22T00:25:26Z</time>
   </trkpt>
   <trkpt lat="22.3809990" lon="114.0619660">
    <ele>208.0</ele>
    <time>2025-09-22T00:25:27Z</time>
   </trkpt>
   <trkpt lat="22.3810130" lon="114.0619700">
    <ele>208.0</ele>
    <time>2025-09-22T00:25:28Z</time>
   </trkpt>
   <trkpt lat="22.3810180" lon="114.0619750">
    <ele>208.0</ele>
    <time>2025-09-22T00:25:29Z</time>
   </trkpt>
   <trkpt lat="22.3810220" lon="114.0619820">
    <ele>208.0</ele>
    <time>2025-09-22T00:25:30Z</time>
   </trkpt>
   <trkpt lat="22.3810220" lon="114.0619870">
    <ele>208.0</ele>
    <time>2025-09-22T00:25:31Z</time>
   </trkpt>
   <trkpt lat="22.3810220" lon="114.0619870">
    <ele>208.0</ele>
    <time>2025-09-22T00:25:32Z</time>
   </trkpt>
   <trkpt lat="22.3810220" lon="114.0619870">
    <ele>208.0</ele>
    <time>2025-09-22T00:25:33Z</time>
   </trkpt>
   <trkpt lat="22.3810180" lon="114.0619890">
    <ele>208.0</ele>
    <time>2025-09-22T00:25:34Z</time>
   </trkpt>
   <trkpt lat="22.3810190" lon="114.0619930">
    <ele>208.1</ele>
    <time>2025-09-22T00:25:35Z</time>
   </trkpt>
   <trkpt lat="22.3810190" lon="114.0619940">
    <ele>208.1</ele>
    <time>2025-09-22T00:25:36Z</time>
   </trkpt>
   <trkpt lat="22.3810190" lon="114.0619940">
    <ele>208.1</ele>
    <time>2025-09-22T00:25:37Z</time>
   </trkpt>
   <trkpt lat="22.3810190" lon="114.0619940">
    <ele>208.1</ele>
    <time>2025-09-22T00:25:38Z</time>
   </trkpt>
   <trkpt lat="22.3810190" lon="114.0619940">
    <ele>208.1</ele>
    <time>2025-09-22T00:25:39Z</time>
   </trkpt>
   <trkpt lat="22.3810190" lon="114.0619940">
    <ele>208.1</ele>
    <time>2025-09-22T00:25:40Z</time>
   </trkpt>
   <trkpt lat="22.3810230" lon="114.0619950">
    <ele>208.1</ele>
    <time>2025-09-22T00:25:41Z</time>
   </trkpt>
   <trkpt lat="22.3810260" lon="114.0619960">
    <ele>208.1</ele>
    <time>2025-09-22T00:25:42Z</time>
   </trkpt>
   <trkpt lat="22.3810270" lon="114.0619930">
    <ele>208.1</ele>
    <time>2025-09-22T00:25:43Z</time>
   </trkpt>
   <trkpt lat="22.3810400" lon="114.0619900">
    <ele>208.1</ele>
    <time>2025-09-22T00:25:44Z</time>
   </trkpt>
   <trkpt lat="22.3810500" lon="114.0619840">
    <ele>208.1</ele>
    <time>2025-09-22T00:25:45Z</time>
   </trkpt>
   <trkpt lat="22.3810710" lon="114.0619870">
    <ele>208.2</ele>
    <time>2025-09-22T00:25:46Z</time>
   </trkpt>
   <trkpt lat="22.3810760" lon="114.0619900">
    <ele>208.2</ele>
    <time>2025-09-22T00:25:47Z</time>
   </trkpt>
   <trkpt lat="22.3810810" lon="114.0619920">
    <ele>208.2</ele>
    <time>2025-09-22T00:25:48Z</time>
   </trkpt>
   <trkpt lat="22.3810860" lon="114.0619950">
    <ele>208.2</ele>
    <time>2025-09-22T00:25:49Z</time>
   </trkpt>
   <trkpt lat="22.3810960" lon="114.0620000">
    <ele>208.2</ele>
    <time>2025-09-22T00:25:50Z</time>
   </trkpt>
   <trkpt lat="22.3810980" lon="114.0620020">
    <ele>208.2</ele>
    <time>2025-09-22T00:25:51Z</time>
   </trkpt>
   <trkpt lat="22.3811000" lon="114.0620050">
    <ele>208.2</ele>
    <time>2025-09-22T00:25:52Z</time>
   </trkpt>
   <trkpt lat="22.3811020" lon="114.0620070">
    <ele>208.3</ele>
    <time>2025-09-22T00:25:53Z</time>
   </trkpt>
   <trkpt lat="22.3811040" lon="114.0620100">
    <ele>208.3</ele>
    <time>2025-09-22T00:25:54Z</time>
   </trkpt>
   <trkpt lat="22.3811060" lon="114.0620130">
    <ele>208.3</ele>
    <time>2025-09-22T00:25:55Z</time>
   </trkpt>
   <trkpt lat="22.3811080" lon="114.0620150">
    <ele>208.3</ele>
    <time>2025-09-22T00:25:56Z</time>
   </trkpt>
   <trkpt lat="22.3811100" lon="114.0620180">
    <ele>208.3</ele>
    <time>2025-09-22T00:25:57Z</time>
   </trkpt>
   <trkpt lat="22.3811120" lon="114.0620200">
    <ele>208.3</ele>
    <time>2025-09-22T00:25:58Z</time>
   </trkpt>
   <trkpt lat="22.3811140" lon="114.0620230">
    <ele>208.3</ele>
    <time>2025-09-22T00:25:59Z</time>
   </trkpt>
   <trkpt lat="22.3811240" lon="114.0620210">
    <ele>208.3</ele>
    <time>2025-09-22T00:26:00Z</time>
   </trkpt>
   <trkpt lat="22.3811370" lon="114.0620230">
    <ele>208.4</ele>
    <time>2025-09-22T00:26:01Z</time>
   </trkpt>
   <trkpt lat="22.3811420" lon="114.0620210">
    <ele>208.4</ele>
    <time>2025-09-22T00:26:02Z</time>
   </trkpt>
   <trkpt lat="22.3811400" lon="114.0620210">
    <ele>208.4</ele>
    <time>2025-09-22T00:26:03Z</time>
   </trkpt>
   <trkpt lat="22.3811450" lon="114.0620220">
    <ele>208.4</ele>
    <time>2025-09-22T00:26:04Z</time>
   </trkpt>
   <trkpt lat="22.3811540" lon="114.0620230">
    <ele>208.4</ele>
    <time>2025-09-22T00:26:05Z</time>
   </trkpt>
   <trkpt lat="22.3811630" lon="114.0620240">
    <ele>208.4</ele>
    <time>2025-09-22T00:26:06Z</time>
   </trkpt>
   <trkpt lat="22.3811730" lon="114.0620260">
    <ele>208.5</ele>
    <time>2025-09-22T00:26:07Z</time>
   </trkpt>
   <trkpt lat="22.3811830" lon="114.0620290">
    <ele>208.5</ele>
    <time>2025-09-22T00:26:08Z</time>
   </trkpt>
   <trkpt lat="22.3811900" lon="114.0620250">
    <ele>208.5</ele>
    <time>2025-09-22T00:26:09Z</time>
   </trkpt>
   <trkpt lat="22.3812050" lon="114.0620220">
    <ele>208.6</ele>
    <time>2025-09-22T00:26:10Z</time>
   </trkpt>
   <trkpt lat="22.3812110" lon="114.0620170">
    <ele>208.6</ele>
    <time>2025-09-22T00:26:11Z</time>
   </trkpt>
   <trkpt lat="22.3812220" lon="114.0620120">
    <ele>208.6</ele>
    <time>2025-09-22T00:26:12Z</time>
   </trkpt>
   <trkpt lat="22.3812180" lon="114.0620100">
    <ele>208.6</ele>
    <time>2025-09-22T00:26:13Z</time>
   </trkpt>
   <trkpt lat="22.3812190" lon="114.0620090">
    <ele>208.6</ele>
    <time>2025-09-22T00:26:14Z</time>
   </trkpt>
   <trkpt lat="22.3812190" lon="114.0620090">
    <ele>208.6</ele>
    <time>2025-09-22T00:26:15Z</time>
   </trkpt>
   <trkpt lat="22.3812190" lon="114.0620090">
    <ele>208.6</ele>
    <time>2025-09-22T00:26:16Z</time>
   </trkpt>
   <trkpt lat="22.3812190" lon="114.0620090">
    <ele>208.6</ele>
    <time>2025-09-22T00:26:17Z</time>
   </trkpt>
   <trkpt lat="22.3812190" lon="114.0620090">
    <ele>208.6</ele>
    <time>2025-09-22T00:26:18Z</time>
   </trkpt>
   <trkpt lat="22.3812190" lon="114.0620090">
    <ele>208.6</ele>
    <time>2025-09-22T00:26:19Z</time>
   </trkpt>
   <trkpt lat="22.3812190" lon="114.0620090">
    <ele>208.6</ele>
    <time>2025-09-22T00:26:20Z</time>
   </trkpt>
   <trkpt lat="22.3812190" lon="114.0620090">
    <ele>208.6</ele>
    <time>2025-09-22T00:26:21Z</time>
   </trkpt>
   <trkpt lat="22.3812190" lon="114.0620090">
    <ele>208.6</ele>
    <time>2025-09-22T00:26:22Z</time>
   </trkpt>
   <trkpt lat="22.3812190" lon="114.0620090">
    <ele>208.6</ele>
    <time>2025-09-22T00:26:23Z</time>
   </trkpt>
   <trkpt lat="22.3812190" lon="114.0620090">
    <ele>208.6</ele>
    <time>2025-09-22T00:26:24Z</time>
   </trkpt>
   <trkpt lat="22.3812190" lon="114.0620090">
    <ele>208.6</ele>
    <time>2025-09-22T00:26:25Z</time>
   </trkpt>
   <trkpt lat="22.3812190" lon="114.0620090">
    <ele>208.6</ele>
    <time>2025-09-22T00:26:26Z</time>
   </trkpt>
   <trkpt lat="22.3812190" lon="114.0620090">
    <ele>208.6</ele>
    <time>2025-09-22T00:26:27Z</time>
   </trkpt>
   <trkpt lat="22.3812190" lon="114.0620090">
    <ele>208.6</ele>
    <time>2025-09-22T00:26:28Z</time>
   </trkpt>
   <trkpt lat="22.3812190" lon="114.0620090">
    <ele>208.6</ele>
    <time>2025-09-22T00:26:29Z</time>
   </trkpt>
   <trkpt lat="22.3812190" lon="114.0620090">
    <ele>208.6</ele>
    <time>2025-09-22T00:26:30Z</time>
   </trkpt>
   <trkpt lat="22.3812190" lon="114.0620090">
    <ele>208.6</ele>
    <time>2025-09-22T00:26:31Z</time>
   </trkpt>
   <trkpt lat="22.3812190" lon="114.0620090">
    <ele>208.6</ele>
    <time>2025-09-22T00:26:32Z</time>
   </trkpt>
   <trkpt lat="22.3812190" lon="114.0620090">
    <ele>208.6</ele>
    <time>2025-09-22T00:26:33Z</time>
   </trkpt>
   <trkpt lat="22.3812190" lon="114.0620090">
    <ele>208.6</ele>
    <time>2025-09-22T00:26:34Z</time>
   </trkpt>
   <trkpt lat="22.3812190" lon="114.0620090">
    <ele>208.6</ele>
    <time>2025-09-22T00:26:35Z</time>
   </trkpt>
   <trkpt lat="22.3812190" lon="114.0620090">
    <ele>208.6</ele>
    <time>2025-09-22T00:26:36Z</time>
   </trkpt>
   <trkpt lat="22.3812190" lon="114.0620090">
    <ele>208.6</ele>
    <time>2025-09-22T00:26:37Z</time>
   </trkpt>
   <trkpt lat="22.3812190" lon="114.0620090">
    <ele>208.6</ele>
    <time>2025-09-22T00:26:38Z</time>
   </trkpt>
   <trkpt lat="22.3812190" lon="114.0620090">
    <ele>208.6</ele>
    <time>2025-09-22T00:26:39Z</time>
   </trkpt>
   <trkpt lat="22.3812190" lon="114.0620090">
    <ele>208.6</ele>
    <time>2025-09-22T00:26:40Z</time>
   </trkpt>
   <trkpt lat="22.3812190" lon="114.0620090">
    <ele>208.6</ele>
    <time>2025-09-22T00:26:41Z</time>
   </trkpt>
   <trkpt lat="22.3812190" lon="114.0620090">
    <ele>208.6</ele>
    <time>2025-09-22T00:26:42Z</time>
   </trkpt>
   <trkpt lat="22.3812190" lon="114.0620090">
    <ele>208.6</ele>
    <time>2025-09-22T00:26:43Z</time>
   </trkpt>
   <trkpt lat="22.3812190" lon="114.0620090">
    <ele>208.6</ele>
    <time>2025-09-22T00:26:44Z</time>
   </trkpt>
   <trkpt lat="22.3812190" lon="114.0620090">
    <ele>208.6</ele>
    <time>2025-09-22T00:26:45Z</time>
   </trkpt>
   <trkpt lat="22.3812190" lon="114.0620090">
    <ele>208.6</ele>
    <time>2025-09-22T00:26:46Z</time>
   </trkpt>
   <trkpt lat="22.3812190" lon="114.0620090">
    <ele>208.6</ele>
    <time>2025-09-22T00:26:47Z</time>
   </trkpt>
   <trkpt lat="22.3812190" lon="114.0620090">
    <ele>208.6</ele>
    <time>2025-09-22T00:26:48Z</time>
   </trkpt>
   <trkpt lat="22.3812190" lon="114.0620090">
    <ele>208.6</ele>
    <time>2025-09-22T00:26:49Z</time>
   </trkpt>
   <trkpt lat="22.3812190" lon="114.0620090">
    <ele>208.6</ele>
    <time>2025-09-22T00:26:50Z</time>
   </trkpt>
   <trkpt lat="22.3812190" lon="114.0620090">
    <ele>208.6</ele>
    <time>2025-09-22T00:26:51Z</time>
   </trkpt>
   <trkpt lat="22.3812190" lon="114.0620090">
    <ele>208.6</ele>
    <time>2025-09-22T00:26:52Z</time>
   </trkpt>
   <trkpt lat="22.3812190" lon="114.0620090">
    <ele>208.6</ele>
    <time>2025-09-22T00:26:53Z</time>
   </trkpt>
   <trkpt lat="22.3812190" lon="114.0620090">
    <ele>208.6</ele>
    <time>2025-09-22T00:26:54Z</time>
   </trkpt>
   <trkpt lat="22.3812190" lon="114.0620090">
    <ele>208.6</ele>
    <time>2025-09-22T00:26:55Z</time>
   </trkpt>
   <trkpt lat="22.3812190" lon="114.0620090">
    <ele>208.6</ele>
    <time>2025-09-22T00:26:56Z</time>
   </trkpt>
   <trkpt lat="22.3812190" lon="114.0620090">
    <ele>208.6</ele>
    <time>2025-09-22T00:26:57Z</time>
   </trkpt>
   <trkpt lat="22.3812190" lon="114.0620090">
    <ele>208.6</ele>
    <time>2025-09-22T00:26:58Z</time>
   </trkpt>
   <trkpt lat="22.3812190" lon="114.0620090">
    <ele>208.6</ele>
    <time>2025-09-22T00:26:59Z</time>
   </trkpt>
   <trkpt lat="22.3812190" lon="114.0620090">
    <ele>208.6</ele>
    <time>2025-09-22T00:27:00Z</time>
   </trkpt>
   <trkpt lat="22.3812190" lon="114.0620090">
    <ele>208.6</ele>
    <time>2025-09-22T00:27:01Z</time>
   </trkpt>
   <trkpt lat="22.3812190" lon="114.0620090">
    <ele>208.6</ele>
    <time>2025-09-22T00:27:02Z</time>
   </trkpt>
   <trkpt lat="22.3812190" lon="114.0620090">
    <ele>208.6</ele>
    <time>2025-09-22T00:27:03Z</time>
   </trkpt>
   <trkpt lat="22.3812300" lon="114.0620130">
    <ele>208.7</ele>
    <time>2025-09-22T00:27:04Z</time>
   </trkpt>
   <trkpt lat="22.3812290" lon="114.0620100">
    <ele>208.7</ele>
    <time>2025-09-22T00:27:05Z</time>
   </trkpt>
   <trkpt lat="22.3812280" lon="114.0620100">
    <ele>208.7</ele>
    <time>2025-09-22T00:27:06Z</time>
   </trkpt>
   <trkpt lat="22.3812280" lon="114.0620100">
    <ele>208.7</ele>
    <time>2025-09-22T00:27:07Z</time>
   </trkpt>
   <trkpt lat="22.3812280" lon="114.0620100">
    <ele>208.7</ele>
    <time>2025-09-22T00:27:08Z</time>
   </trkpt>
   <trkpt lat="22.3812280" lon="114.0620100">
    <ele>208.7</ele>
    <time>2025-09-22T00:27:09Z</time>
   </trkpt>
   <trkpt lat="22.3812280" lon="114.0620100">
    <ele>208.7</ele>
    <time>2025-09-22T00:27:10Z</time>
   </trkpt>
   <trkpt lat="22.3812280" lon="114.0620100">
    <ele>208.7</ele>
    <time>2025-09-22T00:27:11Z</time>
   </trkpt>
   <trkpt lat="22.3812280" lon="114.0620100">
    <ele>208.7</ele>
    <time>2025-09-22T00:27:12Z</time>
   </trkpt>
   <trkpt lat="22.3812280" lon="114.0620100">
    <ele>208.7</ele>
    <time>2025-09-22T00:27:13Z</time>
   </trkpt>
   <trkpt lat="22.3812280" lon="114.0620100">
    <ele>208.7</ele>
    <time>2025-09-22T00:27:14Z</time>
   </trkpt>
   <trkpt lat="22.3812280" lon="114.0620100">
    <ele>208.7</ele>
    <time>2025-09-22T00:27:15Z</time>
   </trkpt>
   <trkpt lat="22.3812280" lon="114.0620100">
    <ele>208.7</ele>
    <time>2025-09-22T00:27:16Z</time>
   </trkpt>
   <trkpt lat="22.3812280" lon="114.0620100">
    <ele>208.7</ele>
    <time>2025-09-22T00:27:17Z</time>
   </trkpt>
   <trkpt lat="22.3812220" lon="114.0620230">
    <ele>208.7</ele>
    <time>2025-09-22T00:27:18Z</time>
   </trkpt>
   <trkpt lat="22.3812220" lon="114.0620230">
    <ele>208.7</ele>
    <time>2025-09-22T00:27:19Z</time>
   </trkpt>
   <trkpt lat="22.3812220" lon="114.0620250">
    <ele>208.7</ele>
    <time>2025-09-22T00:27:20Z</time>
   </trkpt>
   <trkpt lat="22.3812190" lon="114.0620230">
    <ele>208.8</ele>
    <time>2025-09-22T00:27:21Z</time>
   </trkpt>
   <trkpt lat="22.3812190" lon="114.0620230">
    <ele>208.8</ele>
    <time>2025-09-22T00:27:22Z</time>
   </trkpt>
   <trkpt lat="22.3812190" lon="114.0620230">
    <ele>208.8</ele>
    <time>2025-09-22T00:27:23Z</time>
   </trkpt>
   <trkpt lat="22.3812190" lon="114.0620230">
    <ele>208.8</ele>
    <time>2025-09-22T00:27:24Z</time>
   </trkpt>
   <trkpt lat="22.3812190" lon="114.0620230">
    <ele>208.8</ele>
    <time>2025-09-22T00:27:25Z</time>
   </trkpt>
   <trkpt lat="22.3812190" lon="114.0620230">
    <ele>208.8</ele>
    <time>2025-09-22T00:27:26Z</time>
   </trkpt>
   <trkpt lat="22.3812190" lon="114.0620230">
    <ele>208.8</ele>
    <time>2025-09-22T00:27:27Z</time>
   </trkpt>
   <trkpt lat="22.3812190" lon="114.0620230">
    <ele>208.8</ele>
    <time>2025-09-22T00:27:28Z</time>
   </trkpt>
   <trkpt lat="22.3812190" lon="114.0620230">
    <ele>208.8</ele>
    <time>2025-09-22T00:27:29Z</time>
   </trkpt>
   <trkpt lat="22.3812190" lon="114.0620230">
    <ele>208.8</ele>
    <time>2025-09-22T00:27:30Z</time>
   </trkpt>
   <trkpt lat="22.3812190" lon="114.0620230">
    <ele>208.8</ele>
    <time>2025-09-22T00:27:31Z</time>
   </trkpt>
   <trkpt lat="22.3812190" lon="114.0620230">
    <ele>208.8</ele>
    <time>2025-09-22T00:27:32Z</time>
   </trkpt>
   <trkpt lat="22.3812190" lon="114.0620230">
    <ele>208.8</ele>
    <time>2025-09-22T00:27:33Z</time>
   </trkpt>
   <trkpt lat="22.3812190" lon="114.0620230">
    <ele>208.8</ele>
    <time>2025-09-22T00:27:34Z</time>
   </trkpt>
   <trkpt lat="22.3812190" lon="114.0620230">
    <ele>208.8</ele>
    <time>2025-09-22T00:27:35Z</time>
   </trkpt>
   <trkpt lat="22.3812190" lon="114.0620230">
    <ele>208.8</ele>
    <time>2025-09-22T00:27:36Z</time>
   </trkpt>
   <trkpt lat="22.3812190" lon="114.0620230">
    <ele>208.8</ele>
    <time>2025-09-22T00:27:37Z</time>
   </trkpt>
   <trkpt lat="22.3812190" lon="114.0620230">
    <ele>208.8</ele>
    <time>2025-09-22T00:27:38Z</time>
   </trkpt>
   <trkpt lat="22.3812190" lon="114.0620230">
    <ele>208.8</ele>
    <time>2025-09-22T00:27:39Z</time>
   </trkpt>
   <trkpt lat="22.3812190" lon="114.0620230">
    <ele>208.8</ele>
    <time>2025-09-22T00:27:40Z</time>
   </trkpt>
   <trkpt lat="22.3812190" lon="114.0620230">
    <ele>208.8</ele>
    <time>2025-09-22T00:27:41Z</time>
   </trkpt>
   <trkpt lat="22.3812190" lon="114.0620230">
    <ele>208.8</ele>
    <time>2025-09-22T00:27:42Z</time>
   </trkpt>
   <trkpt lat="22.3812190" lon="114.0620230">
    <ele>208.8</ele>
    <time>2025-09-22T00:27:43Z</time>
   </trkpt>
   <trkpt lat="22.3812190" lon="114.0620230">
    <ele>208.8</ele>
    <time>2025-09-22T00:27:44Z</time>
   </trkpt>
   <trkpt lat="22.3812190" lon="114.0620230">
    <ele>208.8</ele>
    <time>2025-09-22T00:27:45Z</time>
   </trkpt>
   <trkpt lat="22.3812190" lon="114.0620230">
    <ele>208.8</ele>
    <time>2025-09-22T00:27:46Z</time>
   </trkpt>
   <trkpt lat="22.3812190" lon="114.0620230">
    <ele>208.8</ele>
    <time>2025-09-22T00:27:47Z</time>
   </trkpt>
   <trkpt lat="22.3812190" lon="114.0620230">
    <ele>208.8</ele>
    <time>2025-09-22T00:27:48Z</time>
   </trkpt>
   <trkpt lat="22.3812190" lon="114.0620230">
    <ele>208.8</ele>
    <time>2025-09-22T00:27:49Z</time>
   </trkpt>
   <trkpt lat="22.3812190" lon="114.0620230">
    <ele>208.8</ele>
    <time>2025-09-22T00:27:50Z</time>
   </trkpt>
   <trkpt lat="22.3812190" lon="114.0620230">
    <ele>208.8</ele>
    <time>2025-09-22T00:27:51Z</time>
   </trkpt>
   <trkpt lat="22.3812190" lon="114.0620230">
    <ele>208.8</ele>
    <time>2025-09-22T00:27:52Z</time>
   </trkpt>
   <trkpt lat="22.3812200" lon="114.0620310">
    <ele>208.8</ele>
    <time>2025-09-22T00:27:53Z</time>
   </trkpt>
   <trkpt lat="22.3812210" lon="114.0620270">
    <ele>208.8</ele>
    <time>2025-09-22T00:27:54Z</time>
   </trkpt>
   <trkpt lat="22.3812220" lon="114.0620210">
    <ele>208.8</ele>
    <time>2025-09-22T00:27:55Z</time>
   </trkpt>
   <trkpt lat="22.3812220" lon="114.0620170">
    <ele>208.8</ele>
    <time>2025-09-22T00:27:56Z</time>
   </trkpt>
   <trkpt lat="22.3812230" lon="114.0620160">
    <ele>208.8</ele>
    <time>2025-09-22T00:27:57Z</time>
   </trkpt>
   <trkpt lat="22.3812230" lon="114.0620150">
    <ele>208.8</ele>
    <time>2025-09-22T00:27:58Z</time>
   </trkpt>
   <trkpt lat="22.3812230" lon="114.0620150">
    <ele>208.8</ele>
    <time>2025-09-22T00:27:59Z</time>
   </trkpt>
   <trkpt lat="22.3812230" lon="114.0620150">
    <ele>208.8</ele>
    <time>2025-09-22T00:28:00Z</time>
   </trkpt>
   <trkpt lat="22.3812230" lon="114.0620150">
    <ele>208.8</ele>
    <time>2025-09-22T00:28:01Z</time>
   </trkpt>
   <trkpt lat="22.3812230" lon="114.0620150">
    <ele>208.8</ele>
    <time>2025-09-22T00:28:02Z</time>
   </trkpt>
   <trkpt lat="22.3812230" lon="114.0620150">
    <ele>208.8</ele>
    <time>2025-09-22T00:28:03Z</time>
   </trkpt>
   <trkpt lat="22.3812230" lon="114.0620150">
    <ele>208.8</ele>
    <time>2025-09-22T00:28:04Z</time>
   </trkpt>
   <trkpt lat="22.3812230" lon="114.0620150">
    <ele>208.8</ele>
    <time>2025-09-22T00:28:05Z</time>
   </trkpt>
   <trkpt lat="22.3812230" lon="114.0620150">
    <ele>208.8</ele>
    <time>2025-09-22T00:28:06Z</time>
   </trkpt>
   <trkpt lat="22.3812230" lon="114.0620150">
    <ele>208.8</ele>
    <time>2025-09-22T00:28:07Z</time>
   </trkpt>
   <trkpt lat="22.3812230" lon="114.0620150">
    <ele>208.8</ele>
    <time>2025-09-22T00:28:08Z</time>
   </trkpt>
   <trkpt lat="22.3812230" lon="114.0620150">
    <ele>208.8</ele>
    <time>2025-09-22T00:28:09Z</time>
   </trkpt>
   <trkpt lat="22.3812230" lon="114.0620150">
    <ele>208.8</ele>
    <time>2025-09-22T00:28:10Z</time>
   </trkpt>
   <trkpt lat="22.3812230" lon="114.0620150">
    <ele>208.8</ele>
    <time>2025-09-22T00:28:11Z</time>
   </trkpt>
   <trkpt lat="22.3812230" lon="114.0620150">
    <ele>208.8</ele>
    <time>2025-09-22T00:28:12Z</time>
   </trkpt>
   <trkpt lat="22.3812170" lon="114.0619920">
    <ele>208.9</ele>
    <time>2025-09-22T00:28:13Z</time>
   </trkpt>
   <trkpt lat="22.3812170" lon="114.0619920">
    <ele>208.9</ele>
    <time>2025-09-22T00:28:14Z</time>
   </trkpt>
   <trkpt lat="22.3812170" lon="114.0619920">
    <ele>208.9</ele>
    <time>2025-09-22T00:28:15Z</time>
   </trkpt>
   <trkpt lat="22.3812170" lon="114.0619920">
    <ele>208.9</ele>
    <time>2025-09-22T00:28:16Z</time>
   </trkpt>
   <trkpt lat="22.3812170" lon="114.0619920">
    <ele>208.9</ele>
    <time>2025-09-22T00:28:17Z</time>
   </trkpt>
   <trkpt lat="22.3812170" lon="114.0619920">
    <ele>208.9</ele>
    <time>2025-09-22T00:28:18Z</time>
   </trkpt>
   <trkpt lat="22.3812220" lon="114.0619830">
    <ele>208.9</ele>
    <time>2025-09-22T00:28:19Z</time>
   </trkpt>
   <trkpt lat="22.3812210" lon="114.0619830">
    <ele>208.9</ele>
    <time>2025-09-22T00:28:20Z</time>
   </trkpt>
   <trkpt lat="22.3812210" lon="114.0619830">
    <ele>208.9</ele>
    <time>2025-09-22T00:28:21Z</time>
   </trkpt>
   <trkpt lat="22.3812210" lon="114.0619830">
    <ele>208.9</ele>
    <time>2025-09-22T00:28:22Z</time>
   </trkpt>
   <trkpt lat="22.3812210" lon="114.0619830">
    <ele>208.9</ele>
    <time>2025-09-22T00:28:23Z</time>
   </trkpt>
   <trkpt lat="22.3812210" lon="114.0619830">
    <ele>208.9</ele>
    <time>2025-09-22T00:28:24Z</time>
   </trkpt>
   <trkpt lat="22.3812210" lon="114.0619830">
    <ele>208.9</ele>
    <time>2025-09-22T00:28:25Z</time>
   </trkpt>
   <trkpt lat="22.3812210" lon="114.0619830">
    <ele>208.9</ele>
    <time>2025-09-22T00:28:26Z</time>
   </trkpt>
   <trkpt lat="22.3812210" lon="114.0619830">
    <ele>208.9</ele>
    <time>2025-09-22T00:28:27Z</time>
   </trkpt>
   <trkpt lat="22.3812210" lon="114.0619830">
    <ele>208.9</ele>
    <time>2025-09-22T00:28:28Z</time>
   </trkpt>
   <trkpt lat="22.3812300" lon="114.0619720">
    <ele>209.0</ele>
    <time>2025-09-22T00:28:29Z</time>
   </trkpt>
   <trkpt lat="22.3812370" lon="114.0619710">
    <ele>209.0</ele>
    <time>2025-09-22T00:28:30Z</time>
   </trkpt>
   <trkpt lat="22.3812350" lon="114.0619710">
    <ele>209.0</ele>
    <time>2025-09-22T00:28:31Z</time>
   </trkpt>
   <trkpt lat="22.3812350" lon="114.0619700">
    <ele>209.0</ele>
    <time>2025-09-22T00:28:32Z</time>
   </trkpt>
   <trkpt lat="22.3812350" lon="114.0619700">
    <ele>209.0</ele>
    <time>2025-09-22T00:28:33Z</time>
   </trkpt>
   <trkpt lat="22.3812350" lon="114.0619700">
    <ele>209.0</ele>
    <time>2025-09-22T00:28:34Z</time>
   </trkpt>
   <trkpt lat="22.3812350" lon="114.0619700">
    <ele>209.0</ele>
    <time>2025-09-22T00:28:35Z</time>
   </trkpt>
   <trkpt lat="22.3812350" lon="114.0619700">
    <ele>209.0</ele>
    <time>2025-09-22T00:28:36Z</time>
   </trkpt>
   <trkpt lat="22.3812350" lon="114.0619700">
    <ele>209.0</ele>
    <time>2025-09-22T00:28:37Z</time>
   </trkpt>
   <trkpt lat="22.3812350" lon="114.0619700">
    <ele>209.0</ele>
    <time>2025-09-22T00:28:38Z</time>
   </trkpt>
   <trkpt lat="22.3812350" lon="114.0619700">
    <ele>209.0</ele>
    <time>2025-09-22T00:28:39Z</time>
   </trkpt>
   <trkpt lat="22.3812350" lon="114.0619700">
    <ele>209.0</ele>
    <time>2025-09-22T00:28:40Z</time>
   </trkpt>
   <trkpt lat="22.3812350" lon="114.0619700">
    <ele>209.0</ele>
    <time>2025-09-22T00:28:41Z</time>
   </trkpt>
   <trkpt lat="22.3812350" lon="114.0619700">
    <ele>209.0</ele>
    <time>2025-09-22T00:28:42Z</time>
   </trkpt>
   <trkpt lat="22.3812350" lon="114.0619700">
    <ele>209.0</ele>
    <time>2025-09-22T00:28:43Z</time>
   </trkpt>
   <trkpt lat="22.3812350" lon="114.0619700">
    <ele>209.0</ele>
    <time>2025-09-22T00:28:44Z</time>
   </trkpt>
   <trkpt lat="22.3812350" lon="114.0619700">
    <ele>209.0</ele>
    <time>2025-09-22T00:28:45Z</time>
   </trkpt>
   <trkpt lat="22.3812350" lon="114.0619700">
    <ele>209.0</ele>
    <time>2025-09-22T00:28:46Z</time>
   </trkpt>
   <trkpt lat="22.3812350" lon="114.0619700">
    <ele>209.0</ele>
    <time>2025-09-22T00:28:47Z</time>
   </trkpt>
   <trkpt lat="22.3812350" lon="114.0619700">
    <ele>209.0</ele>
    <time>2025-09-22T00:28:48Z</time>
   </trkpt>
   <trkpt lat="22.3812420" lon="114.0619820">
    <ele>209.0</ele>
    <time>2025-09-22T00:28:49Z</time>
   </trkpt>
   <trkpt lat="22.3812500" lon="114.0619800">
    <ele>209.1</ele>
    <time>2025-09-22T00:28:50Z</time>
   </trkpt>
   <trkpt lat="22.3812530" lon="114.0619820">
    <ele>209.1</ele>
    <time>2025-09-22T00:28:51Z</time>
   </trkpt>
   <trkpt lat="22.3812580" lon="114.0619750">
    <ele>209.1</ele>
    <time>2025-09-22T00:28:52Z</time>
   </trkpt>
   <trkpt lat="22.3812620" lon="114.0619690">
    <ele>209.1</ele>
    <time>2025-09-22T00:28:53Z</time>
   </trkpt>
   <trkpt lat="22.3812710" lon="114.0619570">
    <ele>209.2</ele>
    <time>2025-09-22T00:28:54Z</time>
   </trkpt>
   <trkpt lat="22.3812830" lon="114.0619450">
    <ele>209.2</ele>
    <time>2025-09-22T00:28:55Z</time>
   </trkpt>
   <trkpt lat="22.3812860" lon="114.0619380">
    <ele>209.3</ele>
    <time>2025-09-22T00:28:56Z</time>
   </trkpt>
   <trkpt lat="22.3812900" lon="114.0619310">
    <ele>209.3</ele>
    <time>2025-09-22T00:28:57Z</time>
   </trkpt>
   <trkpt lat="22.3812930" lon="114.0619240">
    <ele>209.3</ele>
    <time>2025-09-22T00:28:58Z</time>
   </trkpt>
   <trkpt lat="22.3813050" lon="114.0619170">
    <ele>209.3</ele>
    <time>2025-09-22T00:28:59Z</time>
   </trkpt>
   <trkpt lat="22.3813110" lon="114.0619140">
    <ele>209.4</ele>
    <time>2025-09-22T00:29:00Z</time>
   </trkpt>
   <trkpt lat="22.3813160" lon="114.0619120">
    <ele>209.4</ele>
    <time>2025-09-22T00:29:01Z</time>
   </trkpt>
   <trkpt lat="22.3813220" lon="114.0619090">
    <ele>209.4</ele>
    <time>2025-09-22T00:29:02Z</time>
   </trkpt>
   <trkpt lat="22.3813270" lon="114.0619070">
    <ele>209.4</ele>
    <time>2025-09-22T00:29:03Z</time>
   </trkpt>
   <trkpt lat="22.3813370" lon="114.0618990">
    <ele>209.5</ele>
    <time>2025-09-22T00:29:04Z</time>
   </trkpt>
   <trkpt lat="22.3813420" lon="114.0619030">
    <ele>209.5</ele>
    <time>2025-09-22T00:29:05Z</time>
   </trkpt>
   <trkpt lat="22.3813510" lon="114.0619070">
    <ele>209.5</ele>
    <time>2025-09-22T00:29:06Z</time>
   </trkpt>
   <trkpt lat="22.3813570" lon="114.0619100">
    <ele>209.5</ele>
    <time>2025-09-22T00:29:07Z</time>
   </trkpt>
   <trkpt lat="22.3813650" lon="114.0619080">
    <ele>209.6</ele>
    <time>2025-09-22T00:29:08Z</time>
   </trkpt>
   <trkpt lat="22.3813750" lon="114.0619110">
    <ele>209.6</ele>
    <time>2025-09-22T00:29:09Z</time>
   </trkpt>
   <trkpt lat="22.3813880" lon="114.0619190">
    <ele>209.6</ele>
    <time>2025-09-22T00:29:10Z</time>
   </trkpt>
   <trkpt lat="22.3814070" lon="114.0619250">
    <ele>209.7</ele>
    <time>2025-09-22T00:29:11Z</time>
   </trkpt>
   <trkpt lat="22.3814150" lon="114.0619280">
    <ele>209.7</ele>
    <time>2025-09-22T00:29:12Z</time>
   </trkpt>
   <trkpt lat="22.3814230" lon="114.0619310">
    <ele>209.8</ele>
    <time>2025-09-22T00:29:13Z</time>
   </trkpt>
   <trkpt lat="22.3814300" lon="114.0619330">
    <ele>209.8</ele>
    <time>2025-09-22T00:29:14Z</time>
   </trkpt>
   <trkpt lat="22.3814350" lon="114.0619400">
    <ele>209.8</ele>
    <time>2025-09-22T00:29:15Z</time>
   </trkpt>
   <trkpt lat="22.3814440" lon="114.0619470">
    <ele>209.9</ele>
    <time>2025-09-22T00:29:16Z</time>
   </trkpt>
   <trkpt lat="22.3814480" lon="114.0619460">
    <ele>209.9</ele>
    <time>2025-09-22T00:29:17Z</time>
   </trkpt>
   <trkpt lat="22.3814540" lon="114.0619470">
    <ele>209.9</ele>
    <time>2025-09-22T00:29:18Z</time>
   </trkpt>
   <trkpt lat="22.3814580" lon="114.0619460">
    <ele>209.9</ele>
    <time>2025-09-22T00:29:19Z</time>
   </trkpt>
   <trkpt lat="22.3814640" lon="114.0619460">
    <ele>210.0</ele>
    <time>2025-09-22T00:29:20Z</time>
   </trkpt>
   <trkpt lat="22.3814760" lon="114.0619500">
    <ele>210.0</ele>
    <time>2025-09-22T00:29:21Z</time>
   </trkpt>
   <trkpt lat="22.3814880" lon="114.0619450">
    <ele>210.1</ele>
    <time>2025-09-22T00:29:22Z</time>
   </trkpt>
   <trkpt lat="22.3814940" lon="114.0619380">
    <ele>210.1</ele>
    <time>2025-09-22T00:29:23Z</time>
   </trkpt>
   <trkpt lat="22.3815050" lon="114.0619380">
    <ele>210.1</ele>
    <time>2025-09-22T00:29:24Z</time>
   </trkpt>
   <trkpt lat="22.3815140" lon="114.0619320">
    <ele>210.2</ele>
    <time>2025-09-22T00:29:25Z</time>
   </trkpt>
   <trkpt lat="22.3815250" lon="114.0619290">
    <ele>210.2</ele>
    <time>2025-09-22T00:29:26Z</time>
   </trkpt>
   <trkpt lat="22.3815360" lon="114.0619240">
    <ele>210.3</ele>
    <time>2025-09-22T00:29:27Z</time>
   </trkpt>
   <trkpt lat="22.3815490" lon="114.0619250">
    <ele>210.3</ele>
    <time>2025-09-22T00:29:28Z</time>
   </trkpt>
   <trkpt lat="22.3815590" lon="114.0619220">
    <ele>210.3</ele>
    <time>2025-09-22T00:29:29Z</time>
   </trkpt>
   <trkpt lat="22.3815700" lon="114.0619210">
    <ele>210.4</ele>
    <time>2025-09-22T00:29:30Z</time>
   </trkpt>
   <trkpt lat="22.3815830" lon="114.0619160">
    <ele>210.4</ele>
    <time>2025-09-22T00:29:31Z</time>
   </trkpt>
   <trkpt lat="22.3815900" lon="114.0619140">
    <ele>210.5</ele>
    <time>2025-09-22T00:29:32Z</time>
   </trkpt>
   <trkpt lat="22.3815930" lon="114.0619130">
    <ele>210.5</ele>
    <time>2025-09-22T00:29:33Z</time>
   </trkpt>
   <trkpt lat="22.3815990" lon="114.0619160">
    <ele>210.5</ele>
    <time>2025-09-22T00:29:34Z</time>
   </trkpt>
   <trkpt lat="22.3816030" lon="114.0619120">
    <ele>210.5</ele>
    <time>2025-09-22T00:29:35Z</time>
   </trkpt>
   <trkpt lat="22.3816040" lon="114.0619120">
    <ele>210.5</ele>
    <time>2025-09-22T00:29:36Z</time>
   </trkpt>
   <trkpt lat="22.3816090" lon="114.0619070">
    <ele>210.6</ele>
    <time>2025-09-22T00:29:37Z</time>
   </trkpt>
   <trkpt lat="22.3816050" lon="114.0619080">
    <ele>210.6</ele>
    <time>2025-09-22T00:29:38Z</time>
   </trkpt>
   <trkpt lat="22.3816060" lon="114.0619080">
    <ele>210.6</ele>
    <time>2025-09-22T00:29:39Z</time>
   </trkpt>
   <trkpt lat="22.3816070" lon="114.0619070">
    <ele>210.6</ele>
    <time>2025-09-22T00:29:40Z</time>
   </trkpt>
   <trkpt lat="22.3816090" lon="114.0619100">
    <ele>210.6</ele>
    <time>2025-09-22T00:29:41Z</time>
   </trkpt>
   <trkpt lat="22.3816110" lon="114.0619080">
    <ele>210.6</ele>
    <time>2025-09-22T00:29:42Z</time>
   </trkpt>
   <trkpt lat="22.3816110" lon="114.0619080">
    <ele>210.6</ele>
    <time>2025-09-22T00:29:43Z</time>
   </trkpt>
   <trkpt lat="22.3816170" lon="114.0619040">
    <ele>210.6</ele>
    <time>2025-09-22T00:29:44Z</time>
   </trkpt>
   <trkpt lat="22.3816270" lon="114.0619060">
    <ele>210.7</ele>
    <time>2025-09-22T00:29:45Z</time>
   </trkpt>
   <trkpt lat="22.3816410" lon="114.0619050">
    <ele>210.7</ele>
    <time>2025-09-22T00:29:46Z</time>
   </trkpt>
   <trkpt lat="22.3816500" lon="114.0619040">
    <ele>210.8</ele>
    <time>2025-09-22T00:29:47Z</time>
   </trkpt>
   <trkpt lat="22.3816580" lon="114.0619020">
    <ele>210.8</ele>
    <time>2025-09-22T00:29:48Z</time>
   </trkpt>
   <trkpt lat="22.3816670" lon="114.0619000">
    <ele>210.8</ele>
    <time>2025-09-22T00:29:49Z</time>
   </trkpt>
   <trkpt lat="22.3816700" lon="114.0618960">
    <ele>210.9</ele>
    <time>2025-09-22T00:29:50Z</time>
   </trkpt>
   <trkpt lat="22.3816760" lon="114.0618920">
    <ele>210.9</ele>
    <time>2025-09-22T00:29:51Z</time>
   </trkpt>
   <trkpt lat="22.3816860" lon="114.0618880">
    <ele>210.9</ele>
    <time>2025-09-22T00:29:52Z</time>
   </trkpt>
   <trkpt lat="22.3816930" lon="114.0618830">
    <ele>211.0</ele>
    <time>2025-09-22T00:29:53Z</time>
   </trkpt>
   <trkpt lat="22.3816960" lon="114.0618740">
    <ele>211.0</ele>
    <time>2025-09-22T00:29:54Z</time>
   </trkpt>
   <trkpt lat="22.3817110" lon="114.0618700">
    <ele>211.0</ele>
    <time>2025-09-22T00:29:55Z</time>
   </trkpt>
   <trkpt lat="22.3817230" lon="114.0618630">
    <ele>211.1</ele>
    <time>2025-09-22T00:29:56Z</time>
   </trkpt>
   <trkpt lat="22.3817400" lon="114.0618690">
    <ele>211.1</ele>
    <time>2025-09-22T00:29:57Z</time>
   </trkpt>
   <trkpt lat="22.3817530" lon="114.0618650">
    <ele>211.2</ele>
    <time>2025-09-22T00:29:58Z</time>
   </trkpt>
   <trkpt lat="22.3817730" lon="114.0618650">
    <ele>211.2</ele>
    <time>2025-09-22T00:29:59Z</time>
   </trkpt>
   <trkpt lat="22.3817770" lon="114.0618640">
    <ele>211.3</ele>
    <time>2025-09-22T00:30:00Z</time>
   </trkpt>
   <trkpt lat="22.3817820" lon="114.0618620">
    <ele>211.3</ele>
    <time>2025-09-22T00:30:01Z</time>
   </trkpt>
   <trkpt lat="22.3817840" lon="114.0618710">
    <ele>211.3</ele>
    <time>2025-09-22T00:30:02Z</time>
   </trkpt>
   <trkpt lat="22.3817930" lon="114.0618760">
    <ele>211.3</ele>
    <time>2025-09-22T00:30:03Z</time>
   </trkpt>
   <trkpt lat="22.3818020" lon="114.0618800">
    <ele>211.3</ele>
    <time>2025-09-22T00:30:04Z</time>
   </trkpt>
   <trkpt lat="22.3818110" lon="114.0618850">
    <ele>211.4</ele>
    <time>2025-09-22T00:30:05Z</time>
   </trkpt>
   <trkpt lat="22.3818240" lon="114.0618840">
    <ele>211.4</ele>
    <time>2025-09-22T00:30:06Z</time>
   </trkpt>
   <trkpt lat="22.3818360" lon="114.0618800">
    <ele>211.4</ele>
    <time>2025-09-22T00:30:07Z</time>
   </trkpt>
   <trkpt lat="22.3818470" lon="114.0618770">
    <ele>211.4</ele>
    <time>2025-09-22T00:30:08Z</time>
   </trkpt>
   <trkpt lat="22.3818700" lon="114.0618690">
    <ele>211.5</ele>
    <time>2025-09-22T00:30:09Z</time>
   </trkpt>
   <trkpt lat="22.3818780" lon="114.0618650">
    <ele>211.5</ele>
    <time>2025-09-22T00:30:10Z</time>
   </trkpt>
   <trkpt lat="22.3818860" lon="114.0618600">
    <ele>211.5</ele>
    <time>2025-09-22T00:30:11Z</time>
   </trkpt>
   <trkpt lat="22.3818990" lon="114.0618480">
    <ele>211.5</ele>
    <time>2025-09-22T00:30:12Z</time>
   </trkpt>
   <trkpt lat="22.3819170" lon="114.0618450">
    <ele>211.5</ele>
    <time>2025-09-22T00:30:13Z</time>
   </trkpt>
   <trkpt lat="22.3819220" lon="114.0618510">
    <ele>211.5</ele>
    <time>2025-09-22T00:30:14Z</time>
   </trkpt>
   <trkpt lat="22.3819250" lon="114.0618560">
    <ele>211.5</ele>
    <time>2025-09-22T00:30:15Z</time>
   </trkpt>
   <trkpt lat="22.3819340" lon="114.0618610">
    <ele>211.5</ele>
    <time>2025-09-22T00:30:16Z</time>
   </trkpt>
   <trkpt lat="22.3819510" lon="114.0618530">
    <ele>211.5</ele>
    <time>2025-09-22T00:30:17Z</time>
   </trkpt>
   <trkpt lat="22.3819640" lon="114.0618480">
    <ele>211.5</ele>
    <time>2025-09-22T00:30:18Z</time>
   </trkpt>
   <trkpt lat="22.3819830" lon="114.0618490">
    <ele>211.5</ele>
    <time>2025-09-22T00:30:19Z</time>
   </trkpt>
   <trkpt lat="22.3819990" lon="114.0618460">
    <ele>211.5</ele>
    <time>2025-09-22T00:30:20Z</time>
   </trkpt>
   <trkpt lat="22.3820110" lon="114.0618450">
    <ele>211.5</ele>
    <time>2025-09-22T00:30:21Z</time>
   </trkpt>
   <trkpt lat="22.3820220" lon="114.0618430">
    <ele>211.5</ele>
    <time>2025-09-22T00:30:22Z</time>
   </trkpt>
   <trkpt lat="22.3820360" lon="114.0618380">
    <ele>211.4</ele>
    <time>2025-09-22T00:30:23Z</time>
   </trkpt>
   <trkpt lat="22.3820490" lon="114.0618340">
    <ele>211.4</ele>
    <time>2025-09-22T00:30:24Z</time>
   </trkpt>
   <trkpt lat="22.3820630" lon="114.0618300">
    <ele>211.4</ele>
    <time>2025-09-22T00:30:25Z</time>
   </trkpt>
   <trkpt lat="22.3820750" lon="114.0618270">
    <ele>211.4</ele>
    <time>2025-09-22T00:30:26Z</time>
   </trkpt>
   <trkpt lat="22.3820840" lon="114.0618230">
    <ele>211.3</ele>
    <time>2025-09-22T00:30:27Z</time>
   </trkpt>
   <trkpt lat="22.3820960" lon="114.0618180">
    <ele>211.3</ele>
    <time>2025-09-22T00:30:28Z</time>
   </trkpt>
   <trkpt lat="22.3821140" lon="114.0618170">
    <ele>211.3</ele>
    <time>2025-09-22T00:30:29Z</time>
   </trkpt>
   <trkpt lat="22.3821320" lon="114.0618120">
    <ele>211.2</ele>
    <time>2025-09-22T00:30:30Z</time>
   </trkpt>
   <trkpt lat="22.3821420" lon="114.0618120">
    <ele>211.2</ele>
    <time>2025-09-22T00:30:31Z</time>
   </trkpt>
   <trkpt lat="22.3821520" lon="114.0618130">
    <ele>211.2</ele>
    <time>2025-09-22T00:30:32Z</time>
   </trkpt>
   <trkpt lat="22.3821610" lon="114.0618130">
    <ele>211.1</ele>
    <time>2025-09-22T00:30:33Z</time>
   </trkpt>
   <trkpt lat="22.3821680" lon="114.0618070">
    <ele>211.1</ele>
    <time>2025-09-22T00:30:34Z</time>
   </trkpt>
   <trkpt lat="22.3821770" lon="114.0618020">
    <ele>211.1</ele>
    <time>2025-09-22T00:30:35Z</time>
   </trkpt>
   <trkpt lat="22.3821780" lon="114.0617980">
    <ele>211.1</ele>
    <time>2025-09-22T00:30:36Z</time>
   </trkpt>
   <trkpt lat="22.3821870" lon="114.0617940">
    <ele>211.0</ele>
    <time>2025-09-22T00:30:37Z</time>
   </trkpt>
   <trkpt lat="22.3821970" lon="114.0617790">
    <ele>211.0</ele>
    <time>2025-09-22T00:30:38Z</time>
   </trkpt>
   <trkpt lat="22.3822000" lon="114.0617740">
    <ele>211.0</ele>
    <time>2025-09-22T00:30:39Z</time>
   </trkpt>
   <trkpt lat="22.3822020" lon="114.0617660">
    <ele>211.0</ele>
    <time>2025-09-22T00:30:40Z</time>
   </trkpt>
   <trkpt lat="22.3821970" lon="114.0617620">
    <ele>210.9</ele>
    <time>2025-09-22T00:30:41Z</time>
   </trkpt>
   <trkpt lat="22.3822000" lon="114.0617520">
    <ele>210.9</ele>
    <time>2025-09-22T00:30:42Z</time>
   </trkpt>
   <trkpt lat="22.3821990" lon="114.0617450">
    <ele>210.9</ele>
    <time>2025-09-22T00:30:43Z</time>
   </trkpt>
   <trkpt lat="22.3822040" lon="114.0617230">
    <ele>210.8</ele>
    <time>2025-09-22T00:30:44Z</time>
   </trkpt>
   <trkpt lat="22.3822020" lon="114.0617160">
    <ele>210.8</ele>
    <time>2025-09-22T00:30:45Z</time>
   </trkpt>
   <trkpt lat="22.3821990" lon="114.0617100">
    <ele>210.8</ele>
    <time>2025-09-22T00:30:46Z</time>
   </trkpt>
   <trkpt lat="22.3821970" lon="114.0617040">
    <ele>210.8</ele>
    <time>2025-09-22T00:30:47Z</time>
   </trkpt>
   <trkpt lat="22.3822000" lon="114.0616970">
    <ele>210.8</ele>
    <time>2025-09-22T00:30:48Z</time>
   </trkpt>
   <trkpt lat="22.3821970" lon="114.0617000">
    <ele>210.7</ele>
    <time>2025-09-22T00:30:49Z</time>
   </trkpt>
   <trkpt lat="22.3821980" lon="114.0617010">
    <ele>210.7</ele>
    <time>2025-09-22T00:30:50Z</time>
   </trkpt>
   <trkpt lat="22.3821980" lon="114.0617040">
    <ele>210.7</ele>
    <time>2025-09-22T00:30:51Z</time>
   </trkpt>
   <trkpt lat="22.3821980" lon="114.0617040">
    <ele>210.7</ele>
    <time>2025-09-22T00:30:52Z</time>
   </trkpt>
   <trkpt lat="22.3821980" lon="114.0617110">
    <ele>210.7</ele>
    <time>2025-09-22T00:30:53Z</time>
   </trkpt>
   <trkpt lat="22.3821980" lon="114.0617110">
    <ele>210.7</ele>
    <time>2025-09-22T00:30:54Z</time>
   </trkpt>
   <trkpt lat="22.3821990" lon="114.0617170">
    <ele>210.7</ele>
    <time>2025-09-22T00:30:55Z</time>
   </trkpt>
   <trkpt lat="22.3822010" lon="114.0617200">
    <ele>210.7</ele>
    <time>2025-09-22T00:30:56Z</time>
   </trkpt>
   <trkpt lat="22.3822010" lon="114.0617200">
    <ele>210.7</ele>
    <time>2025-09-22T00:30:57Z</time>
   </trkpt>
   <trkpt lat="22.3822010" lon="114.0617200">
    <ele>210.7</ele>
    <time>2025-09-22T00:30:58Z</time>
   </trkpt>
   <trkpt lat="22.3822030" lon="114.0617220">
    <ele>210.7</ele>
    <time>2025-09-22T00:30:59Z</time>
   </trkpt>
   <trkpt lat="22.3822090" lon="114.0617240">
    <ele>210.7</ele>
    <time>2025-09-22T00:31:00Z</time>
   </trkpt>
   <trkpt lat="22.3822130" lon="114.0617170">
    <ele>210.6</ele>
    <time>2025-09-22T00:31:01Z</time>
   </trkpt>
   <trkpt lat="22.3822140" lon="114.0617160">
    <ele>210.6</ele>
    <time>2025-09-22T00:31:02Z</time>
   </trkpt>
   <trkpt lat="22.3822140" lon="114.0617160">
    <ele>210.6</ele>
    <time>2025-09-22T00:31:03Z</time>
   </trkpt>
   <trkpt lat="22.3822140" lon="114.0617160">
    <ele>210.6</ele>
    <time>2025-09-22T00:31:04Z</time>
   </trkpt>
   <trkpt lat="22.3822140" lon="114.0617160">
    <ele>210.6</ele>
    <time>2025-09-22T00:31:05Z</time>
   </trkpt>
   <trkpt lat="22.3822140" lon="114.0617160">
    <ele>210.6</ele>
    <time>2025-09-22T00:31:06Z</time>
   </trkpt>
   <trkpt lat="22.3822130" lon="114.0617200">
    <ele>210.6</ele>
    <time>2025-09-22T00:31:07Z</time>
   </trkpt>
   <trkpt lat="22.3822120" lon="114.0617190">
    <ele>210.6</ele>
    <time>2025-09-22T00:31:08Z</time>
   </trkpt>
   <trkpt lat="22.3822120" lon="114.0617190">
    <ele>210.6</ele>
    <time>2025-09-22T00:31:09Z</time>
   </trkpt>
   <trkpt lat="22.3822120" lon="114.0617190">
    <ele>210.6</ele>
    <time>2025-09-22T00:31:10Z</time>
   </trkpt>
   <trkpt lat="22.3822120" lon="114.0617190">
    <ele>210.6</ele>
    <time>2025-09-22T00:31:11Z</time>
   </trkpt>
   <trkpt lat="22.3822120" lon="114.0617190">
    <ele>210.6</ele>
    <time>2025-09-22T00:31:12Z</time>
   </trkpt>
   <trkpt lat="22.3822120" lon="114.0617190">
    <ele>210.6</ele>
    <time>2025-09-22T00:31:13Z</time>
   </trkpt>
   <trkpt lat="22.3822120" lon="114.0617190">
    <ele>210.6</ele>
    <time>2025-09-22T00:31:14Z</time>
   </trkpt>
   <trkpt lat="22.3822120" lon="114.0617190">
    <ele>210.6</ele>
    <time>2025-09-22T00:31:15Z</time>
   </trkpt>
   <trkpt lat="22.3822120" lon="114.0617190">
    <ele>210.6</ele>
    <time>2025-09-22T00:31:16Z</time>
   </trkpt>
   <trkpt lat="22.3822120" lon="114.0617190">
    <ele>210.6</ele>
    <time>2025-09-22T00:31:17Z</time>
   </trkpt>
   <trkpt lat="22.3822050" lon="114.0617230">
    <ele>210.6</ele>
    <time>2025-09-22T00:31:18Z</time>
   </trkpt>
   <trkpt lat="22.3822030" lon="114.0617200">
    <ele>210.6</ele>
    <time>2025-09-22T00:31:19Z</time>
   </trkpt>
   <trkpt lat="22.3822010" lon="114.0617230">
    <ele>210.6</ele>
    <time>2025-09-22T00:31:20Z</time>
   </trkpt>
   <trkpt lat="22.3822000" lon="114.0617230">
    <ele>210.6</ele>
    <time>2025-09-22T00:31:21Z</time>
   </trkpt>
   <trkpt lat="22.3822000" lon="114.0617230">
    <ele>210.6</ele>
    <time>2025-09-22T00:31:22Z</time>
   </trkpt>
   <trkpt lat="22.3822000" lon="114.0617230">
    <ele>210.6</ele>
    <time>2025-09-22T00:31:23Z</time>
   </trkpt>
   <trkpt lat="22.3822000" lon="114.0617230">
    <ele>210.6</ele>
    <time>2025-09-22T00:31:24Z</time>
   </trkpt>
   <trkpt lat="22.3822000" lon="114.0617230">
    <ele>210.6</ele>
    <time>2025-09-22T00:31:25Z</time>
   </trkpt>
   <trkpt lat="22.3822000" lon="114.0617230">
    <ele>210.6</ele>
    <time>2025-09-22T00:31:26Z</time>
   </trkpt>
   <trkpt lat="22.3822000" lon="114.0617230">
    <ele>210.6</ele>
    <time>2025-09-22T00:31:27Z</time>
   </trkpt>
   <trkpt lat="22.3822000" lon="114.0617230">
    <ele>210.6</ele>
    <time>2025-09-22T00:31:28Z</time>
   </trkpt>
   <trkpt lat="22.3822000" lon="114.0617230">
    <ele>210.6</ele>
    <time>2025-09-22T00:31:29Z</time>
   </trkpt>
   <trkpt lat="22.3822000" lon="114.0617230">
    <ele>210.6</ele>
    <time>2025-09-22T00:31:30Z</time>
   </trkpt>
   <trkpt lat="22.3822000" lon="114.0617230">
    <ele>210.6</ele>
    <time>2025-09-22T00:31:31Z</time>
   </trkpt>
   <trkpt lat="22.3822000" lon="114.0617230">
    <ele>210.6</ele>
    <time>2025-09-22T00:31:32Z</time>
   </trkpt>
   <trkpt lat="22.3822000" lon="114.0617230">
    <ele>210.6</ele>
    <time>2025-09-22T00:31:33Z</time>
   </trkpt>
   <trkpt lat="22.3822000" lon="114.0617230">
    <ele>210.6</ele>
    <time>2025-09-22T00:31:34Z</time>
   </trkpt>
   <trkpt lat="22.3822000" lon="114.0617230">
    <ele>210.6</ele>
    <time>2025-09-22T00:31:35Z</time>
   </trkpt>
   <trkpt lat="22.3822000" lon="114.0617230">
    <ele>210.6</ele>
    <time>2025-09-22T00:31:36Z</time>
   </trkpt>
   <trkpt lat="22.3822000" lon="114.0617230">
    <ele>210.6</ele>
    <time>2025-09-22T00:31:37Z</time>
   </trkpt>
   <trkpt lat="22.3822000" lon="114.0617230">
    <ele>210.6</ele>
    <time>2025-09-22T00:31:38Z</time>
   </trkpt>
   <trkpt lat="22.3822000" lon="114.0617230">
    <ele>210.6</ele>
    <time>2025-09-22T00:31:39Z</time>
   </trkpt>
   <trkpt lat="22.3822100" lon="114.0617140">
    <ele>210.5</ele>
    <time>2025-09-22T00:31:40Z</time>
   </trkpt>
   <trkpt lat="22.3822090" lon="114.0617120">
    <ele>210.5</ele>
    <time>2025-09-22T00:31:41Z</time>
   </trkpt>
   <trkpt lat="22.3822130" lon="114.0617110">
    <ele>210.5</ele>
    <time>2025-09-22T00:31:42Z</time>
   </trkpt>
   <trkpt lat="22.3822130" lon="114.0617080">
    <ele>210.5</ele>
    <time>2025-09-22T00:31:43Z</time>
   </trkpt>
   <trkpt lat="22.3822180" lon="114.0616970">
    <ele>210.5</ele>
    <time>2025-09-22T00:31:44Z</time>
   </trkpt>
   <trkpt lat="22.3822260" lon="114.0617000">
    <ele>210.5</ele>
    <time>2025-09-22T00:31:45Z</time>
   </trkpt>
   <trkpt lat="22.3822140" lon="114.0617000">
    <ele>210.4</ele>
    <time>2025-09-22T00:31:46Z</time>
   </trkpt>
   <trkpt lat="22.3822090" lon="114.0617060">
    <ele>210.4</ele>
    <time>2025-09-22T00:31:47Z</time>
   </trkpt>
   <trkpt lat="22.3822040" lon="114.0617100">
    <ele>210.4</ele>
    <time>2025-09-22T00:31:48Z</time>
   </trkpt>
   <trkpt lat="22.3821980" lon="114.0617100">
    <ele>210.4</ele>
    <time>2025-09-22T00:31:49Z</time>
   </trkpt>
   <trkpt lat="22.3821940" lon="114.0617090">
    <ele>210.4</ele>
    <time>2025-09-22T00:31:50Z</time>
   </trkpt>
   <trkpt lat="22.3821910" lon="114.0617080">
    <ele>210.4</ele>
    <time>2025-09-22T00:31:51Z</time>
   </trkpt>
   <trkpt lat="22.3821870" lon="114.0617070">
    <ele>210.4</ele>
    <time>2025-09-22T00:31:52Z</time>
   </trkpt>
   <trkpt lat="22.3821840" lon="114.0617060">
    <ele>210.4</ele>
    <time>2025-09-22T00:31:53Z</time>
   </trkpt>
   <trkpt lat="22.3821800" lon="114.0617050">
    <ele>210.3</ele>
    <time>2025-09-22T00:31:54Z</time>
   </trkpt>
   <trkpt lat="22.3821770" lon="114.0617040">
    <ele>210.3</ele>
    <time>2025-09-22T00:31:55Z</time>
   </trkpt>
   <trkpt lat="22.3821730" lon="114.0617030">
    <ele>210.3</ele>
    <time>2025-09-22T00:31:56Z</time>
   </trkpt>
   <trkpt lat="22.3821700" lon="114.0617020">
    <ele>210.3</ele>
    <time>2025-09-22T00:31:57Z</time>
   </trkpt>
   <trkpt lat="22.3821660" lon="114.0617010">
    <ele>210.3</ele>
    <time>2025-09-22T00:31:58Z</time>
   </trkpt>
   <trkpt lat="22.3821630" lon="114.0617000">
    <ele>210.3</ele>
    <time>2025-09-22T00:31:59Z</time>
   </trkpt>
   <trkpt lat="22.3821590" lon="114.0616990">
    <ele>210.3</ele>
    <time>2025-09-22T00:32:00Z</time>
   </trkpt>
   <trkpt lat="22.3821620" lon="114.0616960">
    <ele>210.3</ele>
    <time>2025-09-22T00:32:01Z</time>
   </trkpt>
   <trkpt lat="22.3821620" lon="114.0616960">
    <ele>210.3</ele>
    <time>2025-09-22T00:32:02Z</time>
   </trkpt>
   <trkpt lat="22.3821620" lon="114.0616960">
    <ele>210.3</ele>
    <time>2025-09-22T00:32:03Z</time>
   </trkpt>
   <trkpt lat="22.3821620" lon="114.0616960">
    <ele>210.3</ele>
    <time>2025-09-22T00:32:04Z</time>
   </trkpt>
   <trkpt lat="22.3821470" lon="114.0617050">
    <ele>210.3</ele>
    <time>2025-09-22T00:32:05Z</time>
   </trkpt>
   <trkpt lat="22.3821460" lon="114.0617070">
    <ele>210.3</ele>
    <time>2025-09-22T00:32:06Z</time>
   </trkpt>
   <trkpt lat="22.3821450" lon="114.0617110">
    <ele>210.2</ele>
    <time>2025-09-22T00:32:07Z</time>
   </trkpt>
   <trkpt lat="22.3821450" lon="114.0617140">
    <ele>210.2</ele>
    <time>2025-09-22T00:32:08Z</time>
   </trkpt>
   <trkpt lat="22.3821430" lon="114.0617160">
    <ele>210.2</ele>
    <time>2025-09-22T00:32:09Z</time>
   </trkpt>
   <trkpt lat="22.3821430" lon="114.0617160">
    <ele>210.2</ele>
    <time>2025-09-22T00:32:10Z</time>
   </trkpt>
   <trkpt lat="22.3821380" lon="114.0617130">
    <ele>210.2</ele>
    <time>2025-09-22T00:32:11Z</time>
   </trkpt>
   <trkpt lat="22.3821380" lon="114.0617130">
    <ele>210.2</ele>
    <time>2025-09-22T00:32:12Z</time>
   </trkpt>
   <trkpt lat="22.3821380" lon="114.0617130">
    <ele>210.2</ele>
    <time>2025-09-22T00:32:13Z</time>
   </trkpt>
   <trkpt lat="22.3821380" lon="114.0617130">
    <ele>210.2</ele>
    <time>2025-09-22T00:32:14Z</time>
   </trkpt>
   <trkpt lat="22.3821380" lon="114.0617130">
    <ele>210.2</ele>
    <time>2025-09-22T00:32:15Z</time>
   </trkpt>
   <trkpt lat="22.3821380" lon="114.0617130">
    <ele>210.2</ele>
    <time>2025-09-22T00:32:16Z</time>
   </trkpt>
   <trkpt lat="22.3821380" lon="114.0617130">
    <ele>210.2</ele>
    <time>2025-09-22T00:32:17Z</time>
   </trkpt>
   <trkpt lat="22.3821380" lon="114.0617130">
    <ele>210.2</ele>
    <time>2025-09-22T00:32:18Z</time>
   </trkpt>
   <trkpt lat="22.3821340" lon="114.0617100">
    <ele>210.2</ele>
    <time>2025-09-22T00:32:19Z</time>
   </trkpt>
   <trkpt lat="22.3821320" lon="114.0617110">
    <ele>210.2</ele>
    <time>2025-09-22T00:32:20Z</time>
   </trkpt>
   <trkpt lat="22.3821320" lon="114.0617070">
    <ele>210.2</ele>
    <time>2025-09-22T00:32:21Z</time>
   </trkpt>
   <trkpt lat="22.3821410" lon="114.0617010">
    <ele>210.2</ele>
    <time>2025-09-22T00:32:22Z</time>
   </trkpt>
   <trkpt lat="22.3821440" lon="114.0617000">
    <ele>210.2</ele>
    <time>2025-09-22T00:32:23Z</time>
   </trkpt>
   <trkpt lat="22.3821430" lon="114.0617000">
    <ele>210.2</ele>
    <time>2025-09-22T00:32:24Z</time>
   </trkpt>
   <trkpt lat="22.3821430" lon="114.0617000">
    <ele>210.2</ele>
    <time>2025-09-22T00:32:25Z</time>
   </trkpt>
   <trkpt lat="22.3821430" lon="114.0617000">
    <ele>210.2</ele>
    <time>2025-09-22T00:32:26Z</time>
   </trkpt>
   <trkpt lat="22.3821430" lon="114.0617000">
    <ele>210.2</ele>
    <time>2025-09-22T00:32:27Z</time>
   </trkpt>
   <trkpt lat="22.3821640" lon="114.0617130">
    <ele>210.1</ele>
    <time>2025-09-22T00:32:28Z</time>
   </trkpt>
   <trkpt lat="22.3821640" lon="114.0617130">
    <ele>210.1</ele>
    <time>2025-09-22T00:32:29Z</time>
   </trkpt>
   <trkpt lat="22.3821640" lon="114.0617130">
    <ele>210.1</ele>
    <time>2025-09-22T00:32:30Z</time>
   </trkpt>
   <trkpt lat="22.3821690" lon="114.0617240">
    <ele>210.1</ele>
    <time>2025-09-22T00:32:31Z</time>
   </trkpt>
   <trkpt lat="22.3821730" lon="114.0617300">
    <ele>210.1</ele>
    <time>2025-09-22T00:32:32Z</time>
   </trkpt>
   <trkpt lat="22.3821730" lon="114.0617310">
    <ele>210.1</ele>
    <time>2025-09-22T00:32:33Z</time>
   </trkpt>
   <trkpt lat="22.3821750" lon="114.0617310">
    <ele>210.1</ele>
    <time>2025-09-22T00:32:34Z</time>
   </trkpt>
   <trkpt lat="22.3821750" lon="114.0617320">
    <ele>210.1</ele>
    <time>2025-09-22T00:32:35Z</time>
   </trkpt>
   <trkpt lat="22.3821780" lon="114.0617280">
    <ele>210.1</ele>
    <time>2025-09-22T00:32:36Z</time>
   </trkpt>
   <trkpt lat="22.3821780" lon="114.0617290">
    <ele>210.1</ele>
    <time>2025-09-22T00:32:37Z</time>
   </trkpt>
   <trkpt lat="22.3821780" lon="114.0617290">
    <ele>210.1</ele>
    <time>2025-09-22T00:32:38Z</time>
   </trkpt>
   <trkpt lat="22.3821780" lon="114.0617290">
    <ele>210.1</ele>
    <time>2025-09-22T00:32:39Z</time>
   </trkpt>
   <trkpt lat="22.3821780" lon="114.0617290">
    <ele>210.1</ele>
    <time>2025-09-22T00:32:40Z</time>
   </trkpt>
   <trkpt lat="22.3821780" lon="114.0617290">
    <ele>210.1</ele>
    <time>2025-09-22T00:32:41Z</time>
   </trkpt>
   <trkpt lat="22.3821780" lon="114.0617290">
    <ele>210.1</ele>
    <time>2025-09-22T00:32:42Z</time>
   </trkpt>
   <trkpt lat="22.3821780" lon="114.0617290">
    <ele>210.1</ele>
    <time>2025-09-22T00:32:43Z</time>
   </trkpt>
   <trkpt lat="22.3821780" lon="114.0617290">
    <ele>210.1</ele>
    <time>2025-09-22T00:32:44Z</time>
   </trkpt>
   <trkpt lat="22.3821780" lon="114.0617290">
    <ele>210.1</ele>
    <time>2025-09-22T00:32:45Z</time>
   </trkpt>
   <trkpt lat="22.3821780" lon="114.0617290">
    <ele>210.1</ele>
    <time>2025-09-22T00:32:46Z</time>
   </trkpt>
   <trkpt lat="22.3821800" lon="114.0617120">
    <ele>210.1</ele>
    <time>2025-09-22T00:32:47Z</time>
   </trkpt>
   <trkpt lat="22.3821800" lon="114.0617110">
    <ele>210.1</ele>
    <time>2025-09-22T00:32:48Z</time>
   </trkpt>
   <trkpt lat="22.3821800" lon="114.0617110">
    <ele>210.1</ele>
    <time>2025-09-22T00:32:49Z</time>
   </trkpt>
   <trkpt lat="22.3821800" lon="114.0617110">
    <ele>210.1</ele>
    <time>2025-09-22T00:32:50Z</time>
   </trkpt>
   <trkpt lat="22.3821800" lon="114.0617110">
    <ele>210.1</ele>
    <time>2025-09-22T00:32:51Z</time>
   </trkpt>
   <trkpt lat="22.3821830" lon="114.0617090">
    <ele>210.1</ele>
    <time>2025-09-22T00:32:52Z</time>
   </trkpt>
   <trkpt lat="22.3821860" lon="114.0617110">
    <ele>210.0</ele>
    <time>2025-09-22T00:32:53Z</time>
   </trkpt>
   <trkpt lat="22.3821860" lon="114.0617110">
    <ele>210.0</ele>
    <time>2025-09-22T00:32:54Z</time>
   </trkpt>
   <trkpt lat="22.3821860" lon="114.0617110">
    <ele>210.0</ele>
    <time>2025-09-22T00:32:55Z</time>
   </trkpt>
   <trkpt lat="22.3821860" lon="114.0617110">
    <ele>210.0</ele>
    <time>2025-09-22T00:32:56Z</time>
   </trkpt>
   <trkpt lat="22.3821860" lon="114.0617110">
    <ele>210.0</ele>
    <time>2025-09-22T00:32:57Z</time>
   </trkpt>
   <trkpt lat="22.3821860" lon="114.0617110">
    <ele>210.0</ele>
    <time>2025-09-22T00:32:58Z</time>
   </trkpt>
   <trkpt lat="22.3821860" lon="114.0617110">
    <ele>210.0</ele>
    <time>2025-09-22T00:32:59Z</time>
   </trkpt>
   <trkpt lat="22.3821860" lon="114.0617110">
    <ele>210.0</ele>
    <time>2025-09-22T00:33:00Z</time>
   </trkpt>
   <trkpt lat="22.3821860" lon="114.0617110">
    <ele>210.0</ele>
    <time>2025-09-22T00:33:01Z</time>
   </trkpt>
   <trkpt lat="22.3821860" lon="114.0617110">
    <ele>210.0</ele>
    <time>2025-09-22T00:33:02Z</time>
   </trkpt>
   <trkpt lat="22.3821870" lon="114.0617050">
    <ele>210.0</ele>
    <time>2025-09-22T00:33:03Z</time>
   </trkpt>
   <trkpt lat="22.3821870" lon="114.0617050">
    <ele>210.0</ele>
    <time>2025-09-22T00:33:04Z</time>
   </trkpt>
   <trkpt lat="22.3821870" lon="114.0617050">
    <ele>210.0</ele>
    <time>2025-09-22T00:33:05Z</time>
   </trkpt>
   <trkpt lat="22.3821900" lon="114.0617010">
    <ele>210.0</ele>
    <time>2025-09-22T00:33:06Z</time>
   </trkpt>
   <trkpt lat="22.3821910" lon="114.0617010">
    <ele>210.0</ele>
    <time>2025-09-22T00:33:07Z</time>
   </trkpt>
   <trkpt lat="22.3821910" lon="114.0617010">
    <ele>210.0</ele>
    <time>2025-09-22T00:33:08Z</time>
   </trkpt>
   <trkpt lat="22.3821910" lon="114.0617010">
    <ele>210.0</ele>
    <time>2025-09-22T00:33:09Z</time>
   </trkpt>
   <trkpt lat="22.3821910" lon="114.0617010">
    <ele>210.0</ele>
    <time>2025-09-22T00:33:10Z</time>
   </trkpt>
   <trkpt lat="22.3821910" lon="114.0617010">
    <ele>210.0</ele>
    <time>2025-09-22T00:33:11Z</time>
   </trkpt>
   <trkpt lat="22.3821910" lon="114.0617010">
    <ele>210.0</ele>
    <time>2025-09-22T00:33:12Z</time>
   </trkpt>
   <trkpt lat="22.3821910" lon="114.0617010">
    <ele>210.0</ele>
    <time>2025-09-22T00:33:13Z</time>
   </trkpt>
   <trkpt lat="22.3821970" lon="114.0617000">
    <ele>210.0</ele>
    <time>2025-09-22T00:33:14Z</time>
   </trkpt>
   <trkpt lat="22.3821970" lon="114.0616980">
    <ele>210.0</ele>
    <time>2025-09-22T00:33:15Z</time>
   </trkpt>
   <trkpt lat="22.3821950" lon="114.0616970">
    <ele>210.0</ele>
    <time>2025-09-22T00:33:16Z</time>
   </trkpt>
   <trkpt lat="22.3821950" lon="114.0616970">
    <ele>210.0</ele>
    <time>2025-09-22T00:33:17Z</time>
   </trkpt>
   <trkpt lat="22.3821950" lon="114.0616970">
    <ele>210.0</ele>
    <time>2025-09-22T00:33:18Z</time>
   </trkpt>
   <trkpt lat="22.3821950" lon="114.0616970">
    <ele>210.0</ele>
    <time>2025-09-22T00:33:19Z</time>
   </trkpt>
   <trkpt lat="22.3821950" lon="114.0616970">
    <ele>210.0</ele>
    <time>2025-09-22T00:33:20Z</time>
   </trkpt>
   <trkpt lat="22.3821950" lon="114.0616970">
    <ele>210.0</ele>
    <time>2025-09-22T00:33:21Z</time>
   </trkpt>
   <trkpt lat="22.3821950" lon="114.0616970">
    <ele>210.0</ele>
    <time>2025-09-22T00:33:22Z</time>
   </trkpt>
   <trkpt lat="22.3821950" lon="114.0616970">
    <ele>210.0</ele>
    <time>2025-09-22T00:33:23Z</time>
   </trkpt>
   <trkpt lat="22.3821950" lon="114.0616970">
    <ele>210.0</ele>
    <time>2025-09-22T00:33:24Z</time>
   </trkpt>
   <trkpt lat="22.3821950" lon="114.0616970">
    <ele>210.0</ele>
    <time>2025-09-22T00:33:25Z</time>
   </trkpt>
   <trkpt lat="22.3821950" lon="114.0616970">
    <ele>210.0</ele>
    <time>2025-09-22T00:33:26Z</time>
   </trkpt>
   <trkpt lat="22.3821950" lon="114.0616970">
    <ele>210.0</ele>
    <time>2025-09-22T00:33:27Z</time>
   </trkpt>
   <trkpt lat="22.3821950" lon="114.0616970">
    <ele>210.0</ele>
    <time>2025-09-22T00:33:28Z</time>
   </trkpt>
   <trkpt lat="22.3821950" lon="114.0616970">
    <ele>210.0</ele>
    <time>2025-09-22T00:33:29Z</time>
   </trkpt>
   <trkpt lat="22.3821950" lon="114.0616970">
    <ele>210.0</ele>
    <time>2025-09-22T00:33:30Z</time>
   </trkpt>
   <trkpt lat="22.3821950" lon="114.0616970">
    <ele>210.0</ele>
    <time>2025-09-22T00:33:31Z</time>
   </trkpt>
   <trkpt lat="22.3821950" lon="114.0616970">
    <ele>210.0</ele>
    <time>2025-09-22T00:33:32Z</time>
   </trkpt>
   <trkpt lat="22.3821950" lon="114.0616970">
    <ele>210.0</ele>
    <time>2025-09-22T00:33:33Z</time>
   </trkpt>
   <trkpt lat="22.3821950" lon="114.0616970">
    <ele>210.0</ele>
    <time>2025-09-22T00:33:34Z</time>
   </trkpt>
   <trkpt lat="22.3821950" lon="114.0616970">
    <ele>210.0</ele>
    <time>2025-09-22T00:33:35Z</time>
   </trkpt>
   <trkpt lat="22.3821950" lon="114.0616970">
    <ele>210.0</ele>
    <time>2025-09-22T00:33:36Z</time>
   </trkpt>
   <trkpt lat="22.3821950" lon="114.0616970">
    <ele>210.0</ele>
    <time>2025-09-22T00:33:37Z</time>
   </trkpt>
   <trkpt lat="22.3821950" lon="114.0616970">
    <ele>210.0</ele>
    <time>2025-09-22T00:33:38Z</time>
   </trkpt>
   <trkpt lat="22.3821950" lon="114.0616970">
    <ele>210.0</ele>
    <time>2025-09-22T00:33:39Z</time>
   </trkpt>
   <trkpt lat="22.3821950" lon="114.0616970">
    <ele>210.0</ele>
    <time>2025-09-22T00:33:40Z</time>
   </trkpt>
   <trkpt lat="22.3821950" lon="114.0616970">
    <ele>210.0</ele>
    <time>2025-09-22T00:33:41Z</time>
   </trkpt>
   <trkpt lat="22.3821950" lon="114.0616970">
    <ele>210.0</ele>
    <time>2025-09-22T00:33:42Z</time>
   </trkpt>
   <trkpt lat="22.3821950" lon="114.0616970">
    <ele>210.0</ele>
    <time>2025-09-22T00:33:43Z</time>
   </trkpt>
   <trkpt lat="22.3821950" lon="114.0616970">
    <ele>210.0</ele>
    <time>2025-09-22T00:33:44Z</time>
   </trkpt>
   <trkpt lat="22.3821950" lon="114.0616970">
    <ele>210.0</ele>
    <time>2025-09-22T00:33:45Z</time>
   </trkpt>
   <trkpt lat="22.3821950" lon="114.0616970">
    <ele>210.0</ele>
    <time>2025-09-22T00:33:46Z</time>
   </trkpt>
   <trkpt lat="22.3821950" lon="114.0616970">
    <ele>210.0</ele>
    <time>2025-09-22T00:33:47Z</time>
   </trkpt>
   <trkpt lat="22.3821950" lon="114.0616970">
    <ele>210.0</ele>
    <time>2025-09-22T00:33:48Z</time>
   </trkpt>
   <trkpt lat="22.3821950" lon="114.0616970">
    <ele>210.0</ele>
    <time>2025-09-22T00:33:49Z</time>
   </trkpt>
   <trkpt lat="22.3821950" lon="114.0616970">
    <ele>210.0</ele>
    <time>2025-09-22T00:33:50Z</time>
   </trkpt>
   <trkpt lat="22.3821950" lon="114.0616970">
    <ele>210.0</ele>
    <time>2025-09-22T00:33:51Z</time>
   </trkpt>
   <trkpt lat="22.3821950" lon="114.0616970">
    <ele>210.0</ele>
    <time>2025-09-22T00:33:52Z</time>
   </trkpt>
   <trkpt lat="22.3821950" lon="114.0616970">
    <ele>210.0</ele>
    <time>2025-09-22T00:33:53Z</time>
   </trkpt>
   <trkpt lat="22.3821950" lon="114.0616970">
    <ele>210.0</ele>
    <time>2025-09-22T00:33:54Z</time>
   </trkpt>
   <trkpt lat="22.3821950" lon="114.0616970">
    <ele>210.0</ele>
    <time>2025-09-22T00:33:55Z</time>
   </trkpt>
   <trkpt lat="22.3821950" lon="114.0616970">
    <ele>210.0</ele>
    <time>2025-09-22T00:33:56Z</time>
   </trkpt>
   <trkpt lat="22.3821950" lon="114.0616970">
    <ele>210.0</ele>
    <time>2025-09-22T00:33:57Z</time>
   </trkpt>
   <trkpt lat="22.3821950" lon="114.0616970">
    <ele>210.0</ele>
    <time>2025-09-22T00:33:58Z</time>
   </trkpt>
   <trkpt lat="22.3821950" lon="114.0616970">
    <ele>210.0</ele>
    <time>2025-09-22T00:33:59Z</time>
   </trkpt>
   <trkpt lat="22.3821950" lon="114.0616970">
    <ele>210.0</ele>
    <time>2025-09-22T00:34:00Z</time>
   </trkpt>
   <trkpt lat="22.3821950" lon="114.0616970">
    <ele>210.0</ele>
    <time>2025-09-22T00:34:01Z</time>
   </trkpt>
   <trkpt lat="22.3821950" lon="114.0616970">
    <ele>210.0</ele>
    <time>2025-09-22T00:34:02Z</time>
   </trkpt>
   <trkpt lat="22.3821950" lon="114.0616970">
    <ele>210.0</ele>
    <time>2025-09-22T00:34:03Z</time>
   </trkpt>
   <trkpt lat="22.3821950" lon="114.0616970">
    <ele>210.0</ele>
    <time>2025-09-22T00:34:04Z</time>
   </trkpt>
   <trkpt lat="22.3822090" lon="114.0616900">
    <ele>210.0</ele>
    <time>2025-09-22T00:34:05Z</time>
   </trkpt>
   <trkpt lat="22.3822090" lon="114.0616900">
    <ele>210.0</ele>
    <time>2025-09-22T00:34:06Z</time>
   </trkpt>
   <trkpt lat="22.3822090" lon="114.0616900">
    <ele>210.0</ele>
    <time>2025-09-22T00:34:07Z</time>
   </trkpt>
   <trkpt lat="22.3822090" lon="114.0616900">
    <ele>210.0</ele>
    <time>2025-09-22T00:34:08Z</time>
   </trkpt>
   <trkpt lat="22.3822090" lon="114.0616900">
    <ele>210.0</ele>
    <time>2025-09-22T00:34:09Z</time>
   </trkpt>
   <trkpt lat="22.3822090" lon="114.0616900">
    <ele>210.0</ele>
    <time>2025-09-22T00:34:10Z</time>
   </trkpt>
   <trkpt lat="22.3822090" lon="114.0616900">
    <ele>210.0</ele>
    <time>2025-09-22T00:34:11Z</time>
   </trkpt>
   <trkpt lat="22.3822090" lon="114.0616900">
    <ele>210.0</ele>
    <time>2025-09-22T00:34:12Z</time>
   </trkpt>
   <trkpt lat="22.3822090" lon="114.0616900">
    <ele>210.0</ele>
    <time>2025-09-22T00:34:13Z</time>
   </trkpt>
   <trkpt lat="22.3822090" lon="114.0616900">
    <ele>210.0</ele>
    <time>2025-09-22T00:34:14Z</time>
   </trkpt>
   <trkpt lat="22.3822050" lon="114.0616830">
    <ele>210.0</ele>
    <time>2025-09-22T00:34:15Z</time>
   </trkpt>
   <trkpt lat="22.3822050" lon="114.0616830">
    <ele>210.0</ele>
    <time>2025-09-22T00:34:16Z</time>
   </trkpt>
   <trkpt lat="22.3822050" lon="114.0616830">
    <ele>210.0</ele>
    <time>2025-09-22T00:34:17Z</time>
   </trkpt>
   <trkpt lat="22.3822050" lon="114.0616830">
    <ele>210.0</ele>
    <time>2025-09-22T00:34:18Z</time>
   </trkpt>
   <trkpt lat="22.3822050" lon="114.0616830">
    <ele>210.0</ele>
    <time>2025-09-22T00:34:19Z</time>
   </trkpt>
   <trkpt lat="22.3822050" lon="114.0616830">
    <ele>210.0</ele>
    <time>2025-09-22T00:34:20Z</time>
   </trkpt>
   <trkpt lat="22.3822050" lon="114.0616830">
    <ele>210.0</ele>
    <time>2025-09-22T00:34:21Z</time>
   </trkpt>
   <trkpt lat="22.3822050" lon="114.0616830">
    <ele>210.0</ele>
    <time>2025-09-22T00:34:22Z</time>
   </trkpt>
   <trkpt lat="22.3822050" lon="114.0616830">
    <ele>210.0</ele>
    <time>2025-09-22T00:34:23Z</time>
   </trkpt>
   <trkpt lat="22.3822050" lon="114.0616830">
    <ele>210.0</ele>
    <time>2025-09-22T00:34:24Z</time>
   </trkpt>
   <trkpt lat="22.3822070" lon="114.0616820">
    <ele>210.0</ele>
    <time>2025-09-22T00:34:25Z</time>
   </trkpt>
   <trkpt lat="22.3822060" lon="114.0616820">
    <ele>210.0</ele>
    <time>2025-09-22T00:34:26Z</time>
   </trkpt>
   <trkpt lat="22.3822040" lon="114.0616800">
    <ele>210.0</ele>
    <time>2025-09-22T00:34:27Z</time>
   </trkpt>
   <trkpt lat="22.3822040" lon="114.0616800">
    <ele>210.0</ele>
    <time>2025-09-22T00:34:28Z</time>
   </trkpt>
   <trkpt lat="22.3822040" lon="114.0616800">
    <ele>210.0</ele>
    <time>2025-09-22T00:34:29Z</time>
   </trkpt>
   <trkpt lat="22.3822040" lon="114.0616800">
    <ele>210.0</ele>
    <time>2025-09-22T00:34:30Z</time>
   </trkpt>
   <trkpt lat="22.3822040" lon="114.0616800">
    <ele>210.0</ele>
    <time>2025-09-22T00:34:31Z</time>
   </trkpt>
   <trkpt lat="22.3822040" lon="114.0616800">
    <ele>210.0</ele>
    <time>2025-09-22T00:34:32Z</time>
   </trkpt>
   <trkpt lat="22.3822040" lon="114.0616800">
    <ele>210.0</ele>
    <time>2025-09-22T00:34:33Z</time>
   </trkpt>
   <trkpt lat="22.3822040" lon="114.0616800">
    <ele>210.0</ele>
    <time>2025-09-22T00:34:34Z</time>
   </trkpt>
   <trkpt lat="22.3822040" lon="114.0616800">
    <ele>210.0</ele>
    <time>2025-09-22T00:34:35Z</time>
   </trkpt>
   <trkpt lat="22.3822040" lon="114.0616800">
    <ele>210.0</ele>
    <time>2025-09-22T00:34:36Z</time>
   </trkpt>
   <trkpt lat="22.3822040" lon="114.0616800">
    <ele>210.0</ele>
    <time>2025-09-22T00:34:37Z</time>
   </trkpt>
   <trkpt lat="22.3822040" lon="114.0616800">
    <ele>210.0</ele>
    <time>2025-09-22T00:34:38Z</time>
   </trkpt>
   <trkpt lat="22.3822040" lon="114.0616800">
    <ele>210.0</ele>
    <time>2025-09-22T00:34:39Z</time>
   </trkpt>
   <trkpt lat="22.3822040" lon="114.0616800">
    <ele>210.0</ele>
    <time>2025-09-22T00:34:40Z</time>
   </trkpt>
   <trkpt lat="22.3822040" lon="114.0616800">
    <ele>210.0</ele>
    <time>2025-09-22T00:34:41Z</time>
   </trkpt>
   <trkpt lat="22.3822040" lon="114.0616800">
    <ele>210.0</ele>
    <time>2025-09-22T00:34:42Z</time>
   </trkpt>
   <trkpt lat="22.3822040" lon="114.0616800">
    <ele>210.0</ele>
    <time>2025-09-22T00:34:43Z</time>
   </trkpt>
   <trkpt lat="22.3822040" lon="114.0616800">
    <ele>210.0</ele>
    <time>2025-09-22T00:34:44Z</time>
   </trkpt>
   <trkpt lat="22.3822040" lon="114.0616800">
    <ele>210.0</ele>
    <time>2025-09-22T00:34:45Z</time>
   </trkpt>
   <trkpt lat="22.3822040" lon="114.0616800">
    <ele>210.0</ele>
    <time>2025-09-22T00:34:46Z</time>
   </trkpt>
   <trkpt lat="22.3822040" lon="114.0616800">
    <ele>210.0</ele>
    <time>2025-09-22T00:34:47Z</time>
   </trkpt>
   <trkpt lat="22.3822040" lon="114.0616800">
    <ele>210.0</ele>
    <time>2025-09-22T00:34:48Z</time>
   </trkpt>
   <trkpt lat="22.3822040" lon="114.0616800">
    <ele>210.0</ele>
    <time>2025-09-22T00:34:49Z</time>
   </trkpt>
   <trkpt lat="22.3822040" lon="114.0616800">
    <ele>210.0</ele>
    <time>2025-09-22T00:34:50Z</time>
   </trkpt>
   <trkpt lat="22.3822040" lon="114.0616800">
    <ele>210.0</ele>
    <time>2025-09-22T00:34:51Z</time>
   </trkpt>
   <trkpt lat="22.3822040" lon="114.0616800">
    <ele>210.0</ele>
    <time>2025-09-22T00:34:52Z</time>
   </trkpt>
   <trkpt lat="22.3822040" lon="114.0616800">
    <ele>210.0</ele>
    <time>2025-09-22T00:34:53Z</time>
   </trkpt>
   <trkpt lat="22.3822040" lon="114.0616800">
    <ele>210.0</ele>
    <time>2025-09-22T00:34:54Z</time>
   </trkpt>
   <trkpt lat="22.3822040" lon="114.0616800">
    <ele>210.0</ele>
    <time>2025-09-22T00:34:55Z</time>
   </trkpt>
   <trkpt lat="22.3822040" lon="114.0616800">
    <ele>210.0</ele>
    <time>2025-09-22T00:34:56Z</time>
   </trkpt>
   <trkpt lat="22.3822040" lon="114.0616800">
    <ele>210.0</ele>
    <time>2025-09-22T00:34:57Z</time>
   </trkpt>
   <trkpt lat="22.3822040" lon="114.0616800">
    <ele>210.0</ele>
    <time>2025-09-22T00:34:58Z</time>
   </trkpt>
   <trkpt lat="22.3822040" lon="114.0616800">
    <ele>210.0</ele>
    <time>2025-09-22T00:34:59Z</time>
   </trkpt>
   <trkpt lat="22.3822040" lon="114.0616800">
    <ele>210.0</ele>
    <time>2025-09-22T00:35:00Z</time>
   </trkpt>
   <trkpt lat="22.3822040" lon="114.0616800">
    <ele>210.0</ele>
    <time>2025-09-22T00:35:01Z</time>
   </trkpt>
   <trkpt lat="22.3822040" lon="114.0616800">
    <ele>210.0</ele>
    <time>2025-09-22T00:35:02Z</time>
   </trkpt>
   <trkpt lat="22.3822040" lon="114.0616800">
    <ele>210.0</ele>
    <time>2025-09-22T00:35:03Z</time>
   </trkpt>
   <trkpt lat="22.3822040" lon="114.0616800">
    <ele>210.0</ele>
    <time>2025-09-22T00:35:04Z</time>
   </trkpt>
   <trkpt lat="22.3822040" lon="114.0616800">
    <ele>210.0</ele>
    <time>2025-09-22T00:35:05Z</time>
   </trkpt>
   <trkpt lat="22.3822040" lon="114.0616800">
    <ele>210.0</ele>
    <time>2025-09-22T00:35:06Z</time>
   </trkpt>
   <trkpt lat="22.3822040" lon="114.0616800">
    <ele>210.0</ele>
    <time>2025-09-22T00:35:07Z</time>
   </trkpt>
   <trkpt lat="22.3822040" lon="114.0616800">
    <ele>210.0</ele>
    <time>2025-09-22T00:35:08Z</time>
   </trkpt>
   <trkpt lat="22.3822040" lon="114.0616800">
    <ele>210.0</ele>
    <time>2025-09-22T00:35:09Z</time>
   </trkpt>
   <trkpt lat="22.3822040" lon="114.0616800">
    <ele>210.0</ele>
    <time>2025-09-22T00:35:10Z</time>
   </trkpt>
   <trkpt lat="22.3822040" lon="114.0616800">
    <ele>210.0</ele>
    <time>2025-09-22T00:35:11Z</time>
   </trkpt>
   <trkpt lat="22.3822040" lon="114.0616800">
    <ele>210.0</ele>
    <time>2025-09-22T00:35:12Z</time>
   </trkpt>
   <trkpt lat="22.3822040" lon="114.0616800">
    <ele>210.0</ele>
    <time>2025-09-22T00:35:13Z</time>
   </trkpt>
   <trkpt lat="22.3822040" lon="114.0616800">
    <ele>210.0</ele>
    <time>2025-09-22T00:35:14Z</time>
   </trkpt>
   <trkpt lat="22.3822040" lon="114.0616800">
    <ele>210.0</ele>
    <time>2025-09-22T00:35:15Z</time>
   </trkpt>
   <trkpt lat="22.3822040" lon="114.0616800">
    <ele>210.0</ele>
    <time>2025-09-22T00:35:16Z</time>
   </trkpt>
   <trkpt lat="22.3822040" lon="114.0616800">
    <ele>210.0</ele>
    <time>2025-09-22T00:35:17Z</time>
   </trkpt>
   <trkpt lat="22.3822040" lon="114.0616800">
    <ele>210.0</ele>
    <time>2025-09-22T00:35:18Z</time>
   </trkpt>
   <trkpt lat="22.3822040" lon="114.0616800">
    <ele>210.0</ele>
    <time>2025-09-22T00:35:19Z</time>
   </trkpt>
   <trkpt lat="22.3822040" lon="114.0616800">
    <ele>210.0</ele>
    <time>2025-09-22T00:35:20Z</time>
   </trkpt>
   <trkpt lat="22.3822040" lon="114.0616800">
    <ele>210.0</ele>
    <time>2025-09-22T00:35:21Z</time>
   </trkpt>
   <trkpt lat="22.3822040" lon="114.0616800">
    <ele>210.0</ele>
    <time>2025-09-22T00:35:22Z</time>
   </trkpt>
   <trkpt lat="22.3822040" lon="114.0616800">
    <ele>210.0</ele>
    <time>2025-09-22T00:35:23Z</time>
   </trkpt>
   <trkpt lat="22.3822040" lon="114.0616800">
    <ele>210.0</ele>
    <time>2025-09-22T00:35:24Z</time>
   </trkpt>
   <trkpt lat="22.3822040" lon="114.0616800">
    <ele>210.0</ele>
    <time>2025-09-22T00:35:25Z</time>
   </trkpt>
   <trkpt lat="22.3822040" lon="114.0616800">
    <ele>210.0</ele>
    <time>2025-09-22T00:35:26Z</time>
   </trkpt>
   <trkpt lat="22.3822040" lon="114.0616800">
    <ele>210.0</ele>
    <time>2025-09-22T00:35:27Z</time>
   </trkpt>
   <trkpt lat="22.3822040" lon="114.0616800">
    <ele>210.0</ele>
    <time>2025-09-22T00:35:28Z</time>
   </trkpt>
   <trkpt lat="22.3822040" lon="114.0616800">
    <ele>210.0</ele>
    <time>2025-09-22T00:35:29Z</time>
   </trkpt>
   <trkpt lat="22.3822040" lon="114.0616800">
    <ele>210.0</ele>
    <time>2025-09-22T00:35:30Z</time>
   </trkpt>
   <trkpt lat="22.3822040" lon="114.0616800">
    <ele>210.0</ele>
    <time>2025-09-22T00:35:31Z</time>
   </trkpt>
   <trkpt lat="22.3822040" lon="114.0616800">
    <ele>210.0</ele>
    <time>2025-09-22T00:35:32Z</time>
   </trkpt>
   <trkpt lat="22.3822040" lon="114.0616800">
    <ele>210.0</ele>
    <time>2025-09-22T00:35:33Z</time>
   </trkpt>
   <trkpt lat="22.3822040" lon="114.0616800">
    <ele>210.0</ele>
    <time>2025-09-22T00:35:34Z</time>
   </trkpt>
   <trkpt lat="22.3822040" lon="114.0616800">
    <ele>210.0</ele>
    <time>2025-09-22T00:35:35Z</time>
   </trkpt>
   <trkpt lat="22.3822040" lon="114.0616800">
    <ele>210.0</ele>
    <time>2025-09-22T00:35:36Z</time>
   </trkpt>
   <trkpt lat="22.3822040" lon="114.0616800">
    <ele>210.0</ele>
    <time>2025-09-22T00:35:37Z</time>
   </trkpt>
   <trkpt lat="22.3822040" lon="114.0616800">
    <ele>210.0</ele>
    <time>2025-09-22T00:35:38Z</time>
   </trkpt>
   <trkpt lat="22.3822040" lon="114.0616800">
    <ele>210.0</ele>
    <time>2025-09-22T00:35:39Z</time>
   </trkpt>
   <trkpt lat="22.3822040" lon="114.0616800">
    <ele>210.0</ele>
    <time>2025-09-22T00:35:40Z</time>
   </trkpt>
   <trkpt lat="22.3822040" lon="114.0616800">
    <ele>210.0</ele>
    <time>2025-09-22T00:35:41Z</time>
   </trkpt>
   <trkpt lat="22.3822040" lon="114.0616800">
    <ele>210.0</ele>
    <time>2025-09-22T00:35:42Z</time>
   </trkpt>
   <trkpt lat="22.3822040" lon="114.0616800">
    <ele>210.0</ele>
    <time>2025-09-22T00:35:43Z</time>
   </trkpt>
   <trkpt lat="22.3822040" lon="114.0616800">
    <ele>210.0</ele>
    <time>2025-09-22T00:35:44Z</time>
   </trkpt>
   <trkpt lat="22.3822040" lon="114.0616800">
    <ele>210.0</ele>
    <time>2025-09-22T00:35:45Z</time>
   </trkpt>
   <trkpt lat="22.3822040" lon="114.0616800">
    <ele>210.0</ele>
    <time>2025-09-22T00:35:46Z</time>
   </trkpt>
   <trkpt lat="22.3822040" lon="114.0616800">
    <ele>210.0</ele>
    <time>2025-09-22T00:35:47Z</time>
   </trkpt>
   <trkpt lat="22.3822040" lon="114.0616800">
    <ele>210.0</ele>
    <time>2025-09-22T00:35:48Z</time>
   </trkpt>
   <trkpt lat="22.3822040" lon="114.0616800">
    <ele>210.0</ele>
    <time>2025-09-22T00:35:49Z</time>
   </trkpt>
   <trkpt lat="22.3821860" lon="114.0617100">
    <ele>209.9</ele>
    <time>2025-09-22T00:35:50Z</time>
   </trkpt>
   <trkpt lat="22.3821850" lon="114.0617100">
    <ele>209.9</ele>
    <time>2025-09-22T00:35:51Z</time>
   </trkpt>
   <trkpt lat="22.3821850" lon="114.0617100">
    <ele>209.9</ele>
    <time>2025-09-22T00:35:52Z</time>
   </trkpt>
   <trkpt lat="22.3821850" lon="114.0617100">
    <ele>209.9</ele>
    <time>2025-09-22T00:35:53Z</time>
   </trkpt>
   <trkpt lat="22.3821850" lon="114.0617100">
    <ele>209.9</ele>
    <time>2025-09-22T00:35:54Z</time>
   </trkpt>
   <trkpt lat="22.3821850" lon="114.0617100">
    <ele>209.9</ele>
    <time>2025-09-22T00:35:55Z</time>
   </trkpt>
   <trkpt lat="22.3821850" lon="114.0617100">
    <ele>209.9</ele>
    <time>2025-09-22T00:35:56Z</time>
   </trkpt>
   <trkpt lat="22.3821850" lon="114.0617100">
    <ele>209.9</ele>
    <time>2025-09-22T00:35:57Z</time>
   </trkpt>
   <trkpt lat="22.3821850" lon="114.0617100">
    <ele>209.9</ele>
    <time>2025-09-22T00:35:58Z</time>
   </trkpt>
   <trkpt lat="22.3821850" lon="114.0617100">
    <ele>209.9</ele>
    <time>2025-09-22T00:35:59Z</time>
   </trkpt>
   <trkpt lat="22.3821850" lon="114.0617100">
    <ele>209.9</ele>
    <time>2025-09-22T00:36:00Z</time>
   </trkpt>
   <trkpt lat="22.3821850" lon="114.0617100">
    <ele>209.9</ele>
    <time>2025-09-22T00:36:01Z</time>
   </trkpt>
   <trkpt lat="22.3821850" lon="114.0617100">
    <ele>209.9</ele>
    <time>2025-09-22T00:36:02Z</time>
   </trkpt>
   <trkpt lat="22.3821850" lon="114.0617100">
    <ele>209.9</ele>
    <time>2025-09-22T00:36:03Z</time>
   </trkpt>
   <trkpt lat="22.3821850" lon="114.0617100">
    <ele>209.9</ele>
    <time>2025-09-22T00:36:04Z</time>
   </trkpt>
   <trkpt lat="22.3821850" lon="114.0617100">
    <ele>209.9</ele>
    <time>2025-09-22T00:36:05Z</time>
   </trkpt>
   <trkpt lat="22.3821850" lon="114.0617100">
    <ele>209.9</ele>
    <time>2025-09-22T00:36:06Z</time>
   </trkpt>
   <trkpt lat="22.3821850" lon="114.0617100">
    <ele>209.9</ele>
    <time>2025-09-22T00:36:07Z</time>
   </trkpt>
   <trkpt lat="22.3821850" lon="114.0617100">
    <ele>209.9</ele>
    <time>2025-09-22T00:36:08Z</time>
   </trkpt>
   <trkpt lat="22.3821850" lon="114.0617100">
    <ele>209.9</ele>
    <time>2025-09-22T00:36:09Z</time>
   </trkpt>
   <trkpt lat="22.3821850" lon="114.0617100">
    <ele>209.9</ele>
    <time>2025-09-22T00:36:10Z</time>
   </trkpt>
   <trkpt lat="22.3821850" lon="114.0617100">
    <ele>209.9</ele>
    <time>2025-09-22T00:36:11Z</time>
   </trkpt>
   <trkpt lat="22.3821850" lon="114.0617100">
    <ele>209.9</ele>
    <time>2025-09-22T00:36:12Z</time>
   </trkpt>
   <trkpt lat="22.3821850" lon="114.0617100">
    <ele>209.9</ele>
    <time>2025-09-22T00:36:13Z</time>
   </trkpt>
   <trkpt lat="22.3821850" lon="114.0617100">
    <ele>209.9</ele>
    <time>2025-09-22T00:36:14Z</time>
   </trkpt>
   <trkpt lat="22.3821850" lon="114.0617100">
    <ele>209.9</ele>
    <time>2025-09-22T00:36:15Z</time>
   </trkpt>
   <trkpt lat="22.3821850" lon="114.0617100">
    <ele>209.9</ele>
    <time>2025-09-22T00:36:16Z</time>
   </trkpt>
   <trkpt lat="22.3821850" lon="114.0617100">
    <ele>209.9</ele>
    <time>2025-09-22T00:36:17Z</time>
   </trkpt>
   <trkpt lat="22.3821850" lon="114.0617100">
    <ele>209.9</ele>
    <time>2025-09-22T00:36:18Z</time>
   </trkpt>
   <trkpt lat="22.3821850" lon="114.0617100">
    <ele>209.9</ele>
    <time>2025-09-22T00:36:19Z</time>
   </trkpt>
   <trkpt lat="22.3821850" lon="114.0617100">
    <ele>209.9</ele>
    <time>2025-09-22T00:36:20Z</time>
   </trkpt>
   <trkpt lat="22.3821850" lon="114.0617100">
    <ele>209.9</ele>
    <time>2025-09-22T00:36:21Z</time>
   </trkpt>
   <trkpt lat="22.3821850" lon="114.0617100">
    <ele>209.9</ele>
    <time>2025-09-22T00:36:22Z</time>
   </trkpt>
   <trkpt lat="22.3821850" lon="114.0617100">
    <ele>209.9</ele>
    <time>2025-09-22T00:36:23Z</time>
   </trkpt>
   <trkpt lat="22.3821850" lon="114.0617100">
    <ele>209.9</ele>
    <time>2025-09-22T00:36:24Z</time>
   </trkpt>
   <trkpt lat="22.3821850" lon="114.0617100">
    <ele>209.9</ele>
    <time>2025-09-22T00:36:25Z</time>
   </trkpt>
   <trkpt lat="22.3821850" lon="114.0617100">
    <ele>209.9</ele>
    <time>2025-09-22T00:36:26Z</time>
   </trkpt>
   <trkpt lat="22.3821850" lon="114.0617100">
    <ele>209.9</ele>
    <time>2025-09-22T00:36:27Z</time>
   </trkpt>
   <trkpt lat="22.3821850" lon="114.0617100">
    <ele>209.9</ele>
    <time>2025-09-22T00:36:28Z</time>
   </trkpt>
   <trkpt lat="22.3821850" lon="114.0617100">
    <ele>209.9</ele>
    <time>2025-09-22T00:36:29Z</time>
   </trkpt>
   <trkpt lat="22.3821850" lon="114.0617100">
    <ele>209.9</ele>
    <time>2025-09-22T00:36:30Z</time>
   </trkpt>
   <trkpt lat="22.3821850" lon="114.0617100">
    <ele>209.9</ele>
    <time>2025-09-22T00:36:31Z</time>
   </trkpt>
   <trkpt lat="22.3821850" lon="114.0617100">
    <ele>209.9</ele>
    <time>2025-09-22T00:36:32Z</time>
   </trkpt>
   <trkpt lat="22.3821850" lon="114.0617100">
    <ele>209.9</ele>
    <time>2025-09-22T00:36:33Z</time>
   </trkpt>
   <trkpt lat="22.3821850" lon="114.0617100">
    <ele>209.9</ele>
    <time>2025-09-22T00:36:34Z</time>
   </trkpt>
   <trkpt lat="22.3821850" lon="114.0617100">
    <ele>209.9</ele>
    <time>2025-09-22T00:36:35Z</time>
   </trkpt>
   <trkpt lat="22.3821850" lon="114.0617100">
    <ele>209.9</ele>
    <time>2025-09-22T00:36:36Z</time>
   </trkpt>
   <trkpt lat="22.3821850" lon="114.0617100">
    <ele>209.9</ele>
    <time>2025-09-22T00:36:37Z</time>
   </trkpt>
   <trkpt lat="22.3821850" lon="114.0617100">
    <ele>209.9</ele>
    <time>2025-09-22T00:36:38Z</time>
   </trkpt>
   <trkpt lat="22.3821850" lon="114.0617100">
    <ele>209.9</ele>
    <time>2025-09-22T00:36:39Z</time>
   </trkpt>
   <trkpt lat="22.3821850" lon="114.0617100">
    <ele>209.9</ele>
    <time>2025-09-22T00:36:40Z</time>
   </trkpt>
   <trkpt lat="22.3821850" lon="114.0617100">
    <ele>209.9</ele>
    <time>2025-09-22T00:36:41Z</time>
   </trkpt>
   <trkpt lat="22.3821850" lon="114.0617100">
    <ele>209.9</ele>
    <time>2025-09-22T00:36:42Z</time>
   </trkpt>
   <trkpt lat="22.3821850" lon="114.0617100">
    <ele>209.9</ele>
    <time>2025-09-22T00:36:43Z</time>
   </trkpt>
   <trkpt lat="22.3821850" lon="114.0617100">
    <ele>209.9</ele>
    <time>2025-09-22T00:36:44Z</time>
   </trkpt>
   <trkpt lat="22.3821850" lon="114.0617100">
    <ele>209.9</ele>
    <time>2025-09-22T00:36:45Z</time>
   </trkpt>
   <trkpt lat="22.3821850" lon="114.0617100">
    <ele>209.9</ele>
    <time>2025-09-22T00:36:46Z</time>
   </trkpt>
   <trkpt lat="22.3821850" lon="114.0617100">
    <ele>209.9</ele>
    <time>2025-09-22T00:36:47Z</time>
   </trkpt>
   <trkpt lat="22.3821850" lon="114.0617100">
    <ele>209.9</ele>
    <time>2025-09-22T00:36:48Z</time>
   </trkpt>
   <trkpt lat="22.3821850" lon="114.0617100">
    <ele>209.9</ele>
    <time>2025-09-22T00:36:49Z</time>
   </trkpt>
   <trkpt lat="22.3821850" lon="114.0617100">
    <ele>209.9</ele>
    <time>2025-09-22T00:36:50Z</time>
   </trkpt>
   <trkpt lat="22.3821850" lon="114.0617100">
    <ele>209.9</ele>
    <time>2025-09-22T00:36:51Z</time>
   </trkpt>
   <trkpt lat="22.3821850" lon="114.0617100">
    <ele>209.9</ele>
    <time>2025-09-22T00:36:52Z</time>
   </trkpt>
   <trkpt lat="22.3821850" lon="114.0617100">
    <ele>209.9</ele>
    <time>2025-09-22T00:36:53Z</time>
   </trkpt>
   <trkpt lat="22.3821850" lon="114.0617100">
    <ele>209.9</ele>
    <time>2025-09-22T00:36:54Z</time>
   </trkpt>
   <trkpt lat="22.3821850" lon="114.0617100">
    <ele>209.9</ele>
    <time>2025-09-22T00:36:55Z</time>
   </trkpt>
   <trkpt lat="22.3821850" lon="114.0617100">
    <ele>209.9</ele>
    <time>2025-09-22T00:36:56Z</time>
   </trkpt>
   <trkpt lat="22.3821850" lon="114.0617100">
    <ele>209.9</ele>
    <time>2025-09-22T00:36:57Z</time>
   </trkpt>
   <trkpt lat="22.3821850" lon="114.0617100">
    <ele>209.9</ele>
    <time>2025-09-22T00:36:58Z</time>
   </trkpt>
   <trkpt lat="22.3821850" lon="114.0617100">
    <ele>209.9</ele>
    <time>2025-09-22T00:36:59Z</time>
   </trkpt>
   <trkpt lat="22.3821850" lon="114.0617100">
    <ele>209.9</ele>
    <time>2025-09-22T00:37:00Z</time>
   </trkpt>
   <trkpt lat="22.3821850" lon="114.0617100">
    <ele>209.9</ele>
    <time>2025-09-22T00:37:01Z</time>
   </trkpt>
   <trkpt lat="22.3821850" lon="114.0617100">
    <ele>209.9</ele>
    <time>2025-09-22T00:37:02Z</time>
   </trkpt>
   <trkpt lat="22.3821850" lon="114.0617100">
    <ele>209.9</ele>
    <time>2025-09-22T00:37:03Z</time>
   </trkpt>
   <trkpt lat="22.3821850" lon="114.0617100">
    <ele>209.9</ele>
    <time>2025-09-22T00:37:04Z</time>
   </trkpt>
   <trkpt lat="22.3821850" lon="114.0617100">
    <ele>209.9</ele>
    <time>2025-09-22T00:37:05Z</time>
   </trkpt>
   <trkpt lat="22.3821850" lon="114.0617100">
    <ele>209.9</ele>
    <time>2025-09-22T00:37:06Z</time>
   </trkpt>
   <trkpt lat="22.3821850" lon="114.0617100">
    <ele>209.9</ele>
    <time>2025-09-22T00:37:07Z</time>
   </trkpt>
   <trkpt lat="22.3821850" lon="114.0617100">
    <ele>209.9</ele>
    <time>2025-09-22T00:37:08Z</time>
   </trkpt>
   <trkpt lat="22.3821850" lon="114.0617100">
    <ele>209.9</ele>
    <time>2025-09-22T00:37:09Z</time>
   </trkpt>
   <trkpt lat="22.3821850" lon="114.0617100">
    <ele>209.9</ele>
    <time>2025-09-22T00:37:10Z</time>
   </trkpt>
   <trkpt lat="22.3821850" lon="114.0617100">
    <ele>209.9</ele>
    <time>2025-09-22T00:37:11Z</time>
   </trkpt>
   <trkpt lat="22.3821850" lon="114.0617100">
    <ele>209.9</ele>
    <time>2025-09-22T00:37:12Z</time>
   </trkpt>
   <trkpt lat="22.3821850" lon="114.0617100">
    <ele>209.9</ele>
    <time>2025-09-22T00:37:13Z</time>
   </trkpt>
   <trkpt lat="22.3821850" lon="114.0617100">
    <ele>209.9</ele>
    <time>2025-09-22T00:37:14Z</time>
   </trkpt>
   <trkpt lat="22.3821850" lon="114.0617100">
    <ele>209.9</ele>
    <time>2025-09-22T00:37:15Z</time>
   </trkpt>
   <trkpt lat="22.3821850" lon="114.0617100">
    <ele>209.9</ele>
    <time>2025-09-22T00:37:16Z</time>
   </trkpt>
   <trkpt lat="22.3821850" lon="114.0617100">
    <ele>209.9</ele>
    <time>2025-09-22T00:37:17Z</time>
   </trkpt>
   <trkpt lat="22.3821850" lon="114.0617100">
    <ele>209.9</ele>
    <time>2025-09-22T00:37:18Z</time>
   </trkpt>
   <trkpt lat="22.3821850" lon="114.0617100">
    <ele>209.9</ele>
    <time>2025-09-22T00:37:19Z</time>
   </trkpt>
   <trkpt lat="22.3821850" lon="114.0617100">
    <ele>209.9</ele>
    <time>2025-09-22T00:37:20Z</time>
   </trkpt>
   <trkpt lat="22.3821850" lon="114.0617100">
    <ele>209.9</ele>
    <time>2025-09-22T00:37:21Z</time>
   </trkpt>
   <trkpt lat="22.3821850" lon="114.0617100">
    <ele>209.9</ele>
    <time>2025-09-22T00:37:22Z</time>
   </trkpt>
   <trkpt lat="22.3821850" lon="114.0617100">
    <ele>209.9</ele>
    <time>2025-09-22T00:37:23Z</time>
   </trkpt>
   <trkpt lat="22.3821850" lon="114.0617100">
    <ele>209.9</ele>
    <time>2025-09-22T00:37:24Z</time>
   </trkpt>
   <trkpt lat="22.3821850" lon="114.0617100">
    <ele>209.9</ele>
    <time>2025-09-22T00:37:25Z</time>
   </trkpt>
   <trkpt lat="22.3821850" lon="114.0617100">
    <ele>209.9</ele>
    <time>2025-09-22T00:37:26Z</time>
   </trkpt>
   <trkpt lat="22.3821850" lon="114.0617100">
    <ele>209.9</ele>
    <time>2025-09-22T00:37:27Z</time>
   </trkpt>
   <trkpt lat="22.3821850" lon="114.0617100">
    <ele>209.9</ele>
    <time>2025-09-22T00:37:28Z</time>
   </trkpt>
   <trkpt lat="22.3821850" lon="114.0617100">
    <ele>209.9</ele>
    <time>2025-09-22T00:37:29Z</time>
   </trkpt>
   <trkpt lat="22.3821850" lon="114.0617100">
    <ele>209.9</ele>
    <time>2025-09-22T00:37:30Z</time>
   </trkpt>
   <trkpt lat="22.3821850" lon="114.0617100">
    <ele>209.9</ele>
    <time>2025-09-22T00:37:31Z</time>
   </trkpt>
   <trkpt lat="22.3821850" lon="114.0617100">
    <ele>209.9</ele>
    <time>2025-09-22T00:37:32Z</time>
   </trkpt>
   <trkpt lat="22.3821850" lon="114.0617100">
    <ele>209.9</ele>
    <time>2025-09-22T00:37:33Z</time>
   </trkpt>
   <trkpt lat="22.3821850" lon="114.0617100">
    <ele>209.9</ele>
    <time>2025-09-22T00:37:34Z</time>
   </trkpt>
   <trkpt lat="22.3821850" lon="114.0617100">
    <ele>209.9</ele>
    <time>2025-09-22T00:37:35Z</time>
   </trkpt>
   <trkpt lat="22.3821850" lon="114.0617100">
    <ele>209.9</ele>
    <time>2025-09-22T00:37:36Z</time>
   </trkpt>
   <trkpt lat="22.3821850" lon="114.0617100">
    <ele>209.9</ele>
    <time>2025-09-22T00:37:37Z</time>
   </trkpt>
   <trkpt lat="22.3821850" lon="114.0617100">
    <ele>209.9</ele>
    <time>2025-09-22T00:37:38Z</time>
   </trkpt>
   <trkpt lat="22.3821850" lon="114.0617100">
    <ele>209.9</ele>
    <time>2025-09-22T00:37:39Z</time>
   </trkpt>
   <trkpt lat="22.3821850" lon="114.0617100">
    <ele>209.9</ele>
    <time>2025-09-22T00:37:40Z</time>
   </trkpt>
   <trkpt lat="22.3821850" lon="114.0617100">
    <ele>209.9</ele>
    <time>2025-09-22T00:37:41Z</time>
   </trkpt>
   <trkpt lat="22.3821850" lon="114.0617100">
    <ele>209.9</ele>
    <time>2025-09-22T00:37:42Z</time>
   </trkpt>
   <trkpt lat="22.3821850" lon="114.0617100">
    <ele>209.9</ele>
    <time>2025-09-22T00:37:43Z</time>
   </trkpt>
   <trkpt lat="22.3821850" lon="114.0617100">
    <ele>209.9</ele>
    <time>2025-09-22T00:37:44Z</time>
   </trkpt>
   <trkpt lat="22.3821850" lon="114.0617100">
    <ele>209.9</ele>
    <time>2025-09-22T00:37:45Z</time>
   </trkpt>
   <trkpt lat="22.3821850" lon="114.0617100">
    <ele>209.9</ele>
    <time>2025-09-22T00:37:46Z</time>
   </trkpt>
   <trkpt lat="22.3821850" lon="114.0617100">
    <ele>209.9</ele>
    <time>2025-09-22T00:37:47Z</time>
   </trkpt>
   <trkpt lat="22.3821850" lon="114.0617100">
    <ele>209.9</ele>
    <time>2025-09-22T00:37:48Z</time>
   </trkpt>
   <trkpt lat="22.3821850" lon="114.0617100">
    <ele>209.9</ele>
    <time>2025-09-22T00:37:49Z</time>
   </trkpt>
   <trkpt lat="22.3821850" lon="114.0617100">
    <ele>209.9</ele>
    <time>2025-09-22T00:37:50Z</time>
   </trkpt>
   <trkpt lat="22.3821850" lon="114.0617100">
    <ele>209.9</ele>
    <time>2025-09-22T00:37:51Z</time>
   </trkpt>
   <trkpt lat="22.3821850" lon="114.0617100">
    <ele>209.9</ele>
    <time>2025-09-22T00:37:52Z</time>
   </trkpt>
   <trkpt lat="22.3821850" lon="114.0617100">
    <ele>209.9</ele>
    <time>2025-09-22T00:37:53Z</time>
   </trkpt>
   <trkpt lat="22.3821850" lon="114.0617100">
    <ele>209.9</ele>
    <time>2025-09-22T00:37:54Z</time>
   </trkpt>
   <trkpt lat="22.3821850" lon="114.0617100">
    <ele>209.9</ele>
    <time>2025-09-22T00:37:55Z</time>
   </trkpt>
   <trkpt lat="22.3821850" lon="114.0617100">
    <ele>209.9</ele>
    <time>2025-09-22T00:37:56Z</time>
   </trkpt>
   <trkpt lat="22.3822000" lon="114.0617130">
    <ele>209.9</ele>
    <time>2025-09-22T00:37:57Z</time>
   </trkpt>
   <trkpt lat="22.3822010" lon="114.0617130">
    <ele>209.9</ele>
    <time>2025-09-22T00:37:58Z</time>
   </trkpt>
   <trkpt lat="22.3822010" lon="114.0617140">
    <ele>209.9</ele>
    <time>2025-09-22T00:37:59Z</time>
   </trkpt>
   <trkpt lat="22.3822010" lon="114.0617140">
    <ele>209.9</ele>
    <time>2025-09-22T00:38:00Z</time>
   </trkpt>
   <trkpt lat="22.3822010" lon="114.0617140">
    <ele>209.9</ele>
    <time>2025-09-22T00:38:01Z</time>
   </trkpt>
   <trkpt lat="22.3822010" lon="114.0617140">
    <ele>209.9</ele>
    <time>2025-09-22T00:38:02Z</time>
   </trkpt>
   <trkpt lat="22.3822010" lon="114.0617140">
    <ele>209.9</ele>
    <time>2025-09-22T00:38:03Z</time>
   </trkpt>
   <trkpt lat="22.3822010" lon="114.0617140">
    <ele>209.9</ele>
    <time>2025-09-22T00:38:04Z</time>
   </trkpt>
   <trkpt lat="22.3822010" lon="114.0617140">
    <ele>209.9</ele>
    <time>2025-09-22T00:38:05Z</time>
   </trkpt>
   <trkpt lat="22.3822010" lon="114.0617140">
    <ele>209.9</ele>
    <time>2025-09-22T00:38:06Z</time>
   </trkpt>
   <trkpt lat="22.3822010" lon="114.0617140">
    <ele>209.9</ele>
    <time>2025-09-22T00:38:07Z</time>
   </trkpt>
   <trkpt lat="22.3822010" lon="114.0617140">
    <ele>209.9</ele>
    <time>2025-09-22T00:38:08Z</time>
   </trkpt>
   <trkpt lat="22.3822010" lon="114.0617140">
    <ele>209.9</ele>
    <time>2025-09-22T00:38:09Z</time>
   </trkpt>
   <trkpt lat="22.3822010" lon="114.0617140">
    <ele>209.9</ele>
    <time>2025-09-22T00:38:10Z</time>
   </trkpt>
   <trkpt lat="22.3822010" lon="114.0617140">
    <ele>209.9</ele>
    <time>2025-09-22T00:38:11Z</time>
   </trkpt>
   <trkpt lat="22.3822010" lon="114.0617140">
    <ele>209.9</ele>
    <time>2025-09-22T00:38:12Z</time>
   </trkpt>
   <trkpt lat="22.3822010" lon="114.0617140">
    <ele>209.9</ele>
    <time>2025-09-22T00:38:13Z</time>
   </trkpt>
   <trkpt lat="22.3821970" lon="114.0617160">
    <ele>209.9</ele>
    <time>2025-09-22T00:38:14Z</time>
   </trkpt>
   <trkpt lat="22.3821960" lon="114.0617150">
    <ele>209.9</ele>
    <time>2025-09-22T00:38:15Z</time>
   </trkpt>
   <trkpt lat="22.3821980" lon="114.0617140">
    <ele>209.9</ele>
    <time>2025-09-22T00:38:16Z</time>
   </trkpt>
   <trkpt lat="22.3821970" lon="114.0617140">
    <ele>209.9</ele>
    <time>2025-09-22T00:38:17Z</time>
   </trkpt>
   <trkpt lat="22.3821970" lon="114.0617140">
    <ele>209.9</ele>
    <time>2025-09-22T00:38:18Z</time>
   </trkpt>
   <trkpt lat="22.3821970" lon="114.0617140">
    <ele>209.9</ele>
    <time>2025-09-22T00:38:19Z</time>
   </trkpt>
   <trkpt lat="22.3821970" lon="114.0617140">
    <ele>209.9</ele>
    <time>2025-09-22T00:38:20Z</time>
   </trkpt>
   <trkpt lat="22.3821970" lon="114.0617140">
    <ele>209.9</ele>
    <time>2025-09-22T00:38:21Z</time>
   </trkpt>
   <trkpt lat="22.3821970" lon="114.0617140">
    <ele>209.9</ele>
    <time>2025-09-22T00:38:22Z</time>
   </trkpt>
   <trkpt lat="22.3821970" lon="114.0617140">
    <ele>209.9</ele>
    <time>2025-09-22T00:38:23Z</time>
   </trkpt>
   <trkpt lat="22.3821970" lon="114.0617140">
    <ele>209.9</ele>
    <time>2025-09-22T00:38:24Z</time>
   </trkpt>
   <trkpt lat="22.3821970" lon="114.0617140">
    <ele>209.9</ele>
    <time>2025-09-22T00:38:25Z</time>
   </trkpt>
   <trkpt lat="22.3821970" lon="114.0617140">
    <ele>209.9</ele>
    <time>2025-09-22T00:38:26Z</time>
   </trkpt>
   <trkpt lat="22.3821970" lon="114.0617140">
    <ele>209.9</ele>
    <time>2025-09-22T00:38:27Z</time>
   </trkpt>
   <trkpt lat="22.3821970" lon="114.0617140">
    <ele>209.9</ele>
    <time>2025-09-22T00:38:28Z</time>
   </trkpt>
   <trkpt lat="22.3821970" lon="114.0617140">
    <ele>209.9</ele>
    <time>2025-09-22T00:38:29Z</time>
   </trkpt>
   <trkpt lat="22.3821970" lon="114.0617140">
    <ele>209.9</ele>
    <time>2025-09-22T00:38:30Z</time>
   </trkpt>
   <trkpt lat="22.3821970" lon="114.0617140">
    <ele>209.9</ele>
    <time>2025-09-22T00:38:31Z</time>
   </trkpt>
   <trkpt lat="22.3821970" lon="114.0617140">
    <ele>209.9</ele>
    <time>2025-09-22T00:38:32Z</time>
   </trkpt>
   <trkpt lat="22.3821970" lon="114.0617140">
    <ele>209.9</ele>
    <time>2025-09-22T00:38:33Z</time>
   </trkpt>
   <trkpt lat="22.3821970" lon="114.0617140">
    <ele>209.9</ele>
    <time>2025-09-22T00:38:34Z</time>
   </trkpt>
   <trkpt lat="22.3821970" lon="114.0617140">
    <ele>209.9</ele>
    <time>2025-09-22T00:38:35Z</time>
   </trkpt>
   <trkpt lat="22.3821970" lon="114.0617140">
    <ele>209.9</ele>
    <time>2025-09-22T00:38:36Z</time>
   </trkpt>
   <trkpt lat="22.3821970" lon="114.0617140">
    <ele>209.9</ele>
    <time>2025-09-22T00:38:37Z</time>
   </trkpt>
   <trkpt lat="22.3821970" lon="114.0617140">
    <ele>209.9</ele>
    <time>2025-09-22T00:38:38Z</time>
   </trkpt>
   <trkpt lat="22.3821970" lon="114.0617140">
    <ele>209.9</ele>
    <time>2025-09-22T00:38:39Z</time>
   </trkpt>
   <trkpt lat="22.3821970" lon="114.0617140">
    <ele>209.9</ele>
    <time>2025-09-22T00:38:40Z</time>
   </trkpt>
   <trkpt lat="22.3821970" lon="114.0617140">
    <ele>209.9</ele>
    <time>2025-09-22T00:38:41Z</time>
   </trkpt>
   <trkpt lat="22.3821970" lon="114.0617140">
    <ele>209.9</ele>
    <time>2025-09-22T00:38:42Z</time>
   </trkpt>
   <trkpt lat="22.3821970" lon="114.0617140">
    <ele>209.9</ele>
    <time>2025-09-22T00:38:43Z</time>
   </trkpt>
   <trkpt lat="22.3821970" lon="114.0617140">
    <ele>209.9</ele>
    <time>2025-09-22T00:38:44Z</time>
   </trkpt>
   <trkpt lat="22.3821970" lon="114.0617140">
    <ele>209.9</ele>
    <time>2025-09-22T00:38:45Z</time>
   </trkpt>
   <trkpt lat="22.3821970" lon="114.0617140">
    <ele>209.9</ele>
    <time>2025-09-22T00:38:46Z</time>
   </trkpt>
   <trkpt lat="22.3821970" lon="114.0617140">
    <ele>209.9</ele>
    <time>2025-09-22T00:38:47Z</time>
   </trkpt>
   <trkpt lat="22.3821970" lon="114.0617140">
    <ele>209.9</ele>
    <time>2025-09-22T00:38:48Z</time>
   </trkpt>
   <trkpt lat="22.3821970" lon="114.0617140">
    <ele>209.9</ele>
    <time>2025-09-22T00:38:49Z</time>
   </trkpt>
   <trkpt lat="22.3821970" lon="114.0617140">
    <ele>209.9</ele>
    <time>2025-09-22T00:38:50Z</time>
   </trkpt>
   <trkpt lat="22.3822040" lon="114.0617000">
    <ele>209.9</ele>
    <time>2025-09-22T00:38:51Z</time>
   </trkpt>
   <trkpt lat="22.3822050" lon="114.0617030">
    <ele>209.9</ele>
    <time>2025-09-22T00:38:52Z</time>
   </trkpt>
   <trkpt lat="22.3822050" lon="114.0617030">
    <ele>209.9</ele>
    <time>2025-09-22T00:38:53Z</time>
   </trkpt>
   <trkpt lat="22.3822050" lon="114.0617020">
    <ele>209.9</ele>
    <time>2025-09-22T00:38:54Z</time>
   </trkpt>
   <trkpt lat="22.3822050" lon="114.0617020">
    <ele>209.9</ele>
    <time>2025-09-22T00:38:55Z</time>
   </trkpt>
   <trkpt lat="22.3822050" lon="114.0617020">
    <ele>209.9</ele>
    <time>2025-09-22T00:38:56Z</time>
   </trkpt>
   <trkpt lat="22.3822050" lon="114.0617020">
    <ele>209.9</ele>
    <time>2025-09-22T00:38:57Z</time>
   </trkpt>
   <trkpt lat="22.3822050" lon="114.0617020">
    <ele>209.9</ele>
    <time>2025-09-22T00:38:58Z</time>
   </trkpt>
   <trkpt lat="22.3822010" lon="114.0617040">
    <ele>209.9</ele>
    <time>2025-09-22T00:38:59Z</time>
   </trkpt>
   <trkpt lat="22.3822020" lon="114.0617040">
    <ele>209.9</ele>
    <time>2025-09-22T00:39:00Z</time>
   </trkpt>
   <trkpt lat="22.3822010" lon="114.0617040">
    <ele>209.9</ele>
    <time>2025-09-22T00:39:01Z</time>
   </trkpt>
   <trkpt lat="22.3822010" lon="114.0617040">
    <ele>209.9</ele>
    <time>2025-09-22T00:39:02Z</time>
   </trkpt>
   <trkpt lat="22.3822010" lon="114.0617040">
    <ele>209.9</ele>
    <time>2025-09-22T00:39:03Z</time>
   </trkpt>
   <trkpt lat="22.3822010" lon="114.0617040">
    <ele>209.9</ele>
    <time>2025-09-22T00:39:04Z</time>
   </trkpt>
   <trkpt lat="22.3822010" lon="114.0617040">
    <ele>209.9</ele>
    <time>2025-09-22T00:39:05Z</time>
   </trkpt>
   <trkpt lat="22.3822010" lon="114.0617040">
    <ele>209.9</ele>
    <time>2025-09-22T00:39:06Z</time>
   </trkpt>
   <trkpt lat="22.3822010" lon="114.0617040">
    <ele>209.9</ele>
    <time>2025-09-22T00:39:07Z</time>
   </trkpt>
   <trkpt lat="22.3822010" lon="114.0617040">
    <ele>209.9</ele>
    <time>2025-09-22T00:39:08Z</time>
   </trkpt>
   <trkpt lat="22.3821930" lon="114.0616950">
    <ele>209.9</ele>
    <time>2025-09-22T00:39:09Z</time>
   </trkpt>
   <trkpt lat="22.3821930" lon="114.0616930">
    <ele>209.9</ele>
    <time>2025-09-22T00:39:10Z</time>
   </trkpt>
   <trkpt lat="22.3821930" lon="114.0616930">
    <ele>209.9</ele>
    <time>2025-09-22T00:39:11Z</time>
   </trkpt>
   <trkpt lat="22.3821930" lon="114.0616930">
    <ele>209.9</ele>
    <time>2025-09-22T00:39:12Z</time>
   </trkpt>
   <trkpt lat="22.3821930" lon="114.0616930">
    <ele>209.9</ele>
    <time>2025-09-22T00:39:13Z</time>
   </trkpt>
   <trkpt lat="22.3821930" lon="114.0616930">
    <ele>209.9</ele>
    <time>2025-09-22T00:39:14Z</time>
   </trkpt>
   <trkpt lat="22.3821930" lon="114.0616930">
    <ele>209.9</ele>
    <time>2025-09-22T00:39:15Z</time>
   </trkpt>
   <trkpt lat="22.3821930" lon="114.0616930">
    <ele>209.9</ele>
    <time>2025-09-22T00:39:16Z</time>
   </trkpt>
   <trkpt lat="22.3821930" lon="114.0616930">
    <ele>209.9</ele>
    <time>2025-09-22T00:39:17Z</time>
   </trkpt>
   <trkpt lat="22.3821930" lon="114.0616930">
    <ele>209.9</ele>
    <time>2025-09-22T00:39:18Z</time>
   </trkpt>
   <trkpt lat="22.3821930" lon="114.0616930">
    <ele>209.9</ele>
    <time>2025-09-22T00:39:19Z</time>
   </trkpt>
   <trkpt lat="22.3821930" lon="114.0616930">
    <ele>209.9</ele>
    <time>2025-09-22T00:39:20Z</time>
   </trkpt>
   <trkpt lat="22.3821930" lon="114.0616930">
    <ele>209.9</ele>
    <time>2025-09-22T00:39:21Z</time>
   </trkpt>
   <trkpt lat="22.3821930" lon="114.0616930">
    <ele>209.9</ele>
    <time>2025-09-22T00:39:22Z</time>
   </trkpt>
   <trkpt lat="22.3821930" lon="114.0616930">
    <ele>209.9</ele>
    <time>2025-09-22T00:39:23Z</time>
   </trkpt>
   <trkpt lat="22.3821930" lon="114.0616930">
    <ele>209.9</ele>
    <time>2025-09-22T00:39:24Z</time>
   </trkpt>
   <trkpt lat="22.3821930" lon="114.0616930">
    <ele>209.9</ele>
    <time>2025-09-22T00:39:25Z</time>
   </trkpt>
   <trkpt lat="22.3821930" lon="114.0616930">
    <ele>209.9</ele>
    <time>2025-09-22T00:39:26Z</time>
   </trkpt>
   <trkpt lat="22.3821930" lon="114.0616930">
    <ele>209.9</ele>
    <time>2025-09-22T00:39:27Z</time>
   </trkpt>
   <trkpt lat="22.3821930" lon="114.0616930">
    <ele>209.9</ele>
    <time>2025-09-22T00:39:28Z</time>
   </trkpt>
   <trkpt lat="22.3821930" lon="114.0616930">
    <ele>209.9</ele>
    <time>2025-09-22T00:39:29Z</time>
   </trkpt>
   <trkpt lat="22.3821960" lon="114.0616850">
    <ele>209.9</ele>
    <time>2025-09-22T00:39:30Z</time>
   </trkpt>
   <trkpt lat="22.3821970" lon="114.0616840">
    <ele>209.9</ele>
    <time>2025-09-22T00:39:31Z</time>
   </trkpt>
   <trkpt lat="22.3821970" lon="114.0616840">
    <ele>209.9</ele>
    <time>2025-09-22T00:39:32Z</time>
   </trkpt>
   <trkpt lat="22.3821970" lon="114.0616840">
    <ele>209.9</ele>
    <time>2025-09-22T00:39:33Z</time>
   </trkpt>
   <trkpt lat="22.3821970" lon="114.0616840">
    <ele>209.9</ele>
    <time>2025-09-22T00:39:34Z</time>
   </trkpt>
   <trkpt lat="22.3821970" lon="114.0616840">
    <ele>209.9</ele>
    <time>2025-09-22T00:39:35Z</time>
   </trkpt>
   <trkpt lat="22.3821970" lon="114.0616840">
    <ele>209.9</ele>
    <time>2025-09-22T00:39:36Z</time>
   </trkpt>
   <trkpt lat="22.3821970" lon="114.0616840">
    <ele>209.9</ele>
    <time>2025-09-22T00:39:37Z</time>
   </trkpt>
   <trkpt lat="22.3821970" lon="114.0616840">
    <ele>209.9</ele>
    <time>2025-09-22T00:39:38Z</time>
   </trkpt>
   <trkpt lat="22.3821970" lon="114.0616840">
    <ele>209.9</ele>
    <time>2025-09-22T00:39:39Z</time>
   </trkpt>
   <trkpt lat="22.3821970" lon="114.0616840">
    <ele>209.9</ele>
    <time>2025-09-22T00:39:40Z</time>
   </trkpt>
   <trkpt lat="22.3821970" lon="114.0616840">
    <ele>209.9</ele>
    <time>2025-09-22T00:39:41Z</time>
   </trkpt>
   <trkpt lat="22.3821970" lon="114.0616840">
    <ele>209.9</ele>
    <time>2025-09-22T00:39:42Z</time>
   </trkpt>
   <trkpt lat="22.3821970" lon="114.0616840">
    <ele>209.9</ele>
    <time>2025-09-22T00:39:43Z</time>
   </trkpt>
   <trkpt lat="22.3821970" lon="114.0616840">
    <ele>209.9</ele>
    <time>2025-09-22T00:39:44Z</time>
   </trkpt>
   <trkpt lat="22.3821970" lon="114.0616840">
    <ele>209.9</ele>
    <time>2025-09-22T00:39:45Z</time>
   </trkpt>
   <trkpt lat="22.3821970" lon="114.0616840">
    <ele>209.9</ele>
    <time>2025-09-22T00:39:46Z</time>
   </trkpt>
   <trkpt lat="22.3821970" lon="114.0616840">
    <ele>209.9</ele>
    <time>2025-09-22T00:39:47Z</time>
   </trkpt>
   <trkpt lat="22.3821970" lon="114.0616840">
    <ele>209.9</ele>
    <time>2025-09-22T00:39:48Z</time>
   </trkpt>
   <trkpt lat="22.3821970" lon="114.0616840">
    <ele>209.9</ele>
    <time>2025-09-22T00:39:49Z</time>
   </trkpt>
   <trkpt lat="22.3821970" lon="114.0616840">
    <ele>209.9</ele>
    <time>2025-09-22T00:39:50Z</time>
   </trkpt>
   <trkpt lat="22.3821970" lon="114.0616840">
    <ele>209.9</ele>
    <time>2025-09-22T00:39:51Z</time>
   </trkpt>
   <trkpt lat="22.3821990" lon="114.0616900">
    <ele>209.9</ele>
    <time>2025-09-22T00:39:52Z</time>
   </trkpt>
   <trkpt lat="22.3822000" lon="114.0616900">
    <ele>209.9</ele>
    <time>2025-09-22T00:39:53Z</time>
   </trkpt>
   <trkpt lat="22.3822030" lon="114.0616890">
    <ele>209.9</ele>
    <time>2025-09-22T00:39:54Z</time>
   </trkpt>
   <trkpt lat="22.3822020" lon="114.0616880">
    <ele>209.9</ele>
    <time>2025-09-22T00:39:55Z</time>
   </trkpt>
   <trkpt lat="22.3822020" lon="114.0616880">
    <ele>209.9</ele>
    <time>2025-09-22T00:39:56Z</time>
   </trkpt>
   <trkpt lat="22.3822020" lon="114.0616880">
    <ele>209.9</ele>
    <time>2025-09-22T00:39:57Z</time>
   </trkpt>
   <trkpt lat="22.3822020" lon="114.0616880">
    <ele>209.9</ele>
    <time>2025-09-22T00:39:58Z</time>
   </trkpt>
   <trkpt lat="22.3822020" lon="114.0616880">
    <ele>209.9</ele>
    <time>2025-09-22T00:39:59Z</time>
   </trkpt>
   <trkpt lat="22.3822020" lon="114.0616880">
    <ele>209.9</ele>
    <time>2025-09-22T00:40:00Z</time>
   </trkpt>
   <trkpt lat="22.3822020" lon="114.0616880">
    <ele>209.9</ele>
    <time>2025-09-22T00:40:01Z</time>
   </trkpt>
   <trkpt lat="22.3821900" lon="114.0616770">
    <ele>209.9</ele>
    <time>2025-09-22T00:40:02Z</time>
   </trkpt>
   <trkpt lat="22.3821900" lon="114.0616770">
    <ele>209.9</ele>
    <time>2025-09-22T00:40:03Z</time>
   </trkpt>
   <trkpt lat="22.3821900" lon="114.0616770">
    <ele>209.9</ele>
    <time>2025-09-22T00:40:04Z</time>
   </trkpt>
   <trkpt lat="22.3821900" lon="114.0616770">
    <ele>209.9</ele>
    <time>2025-09-22T00:40:05Z</time>
   </trkpt>
   <trkpt lat="22.3821900" lon="114.0616770">
    <ele>209.9</ele>
    <time>2025-09-22T00:40:06Z</time>
   </trkpt>
   <trkpt lat="22.3821900" lon="114.0616770">
    <ele>209.9</ele>
    <time>2025-09-22T00:40:07Z</time>
   </trkpt>
   <trkpt lat="22.3821900" lon="114.0616770">
    <ele>209.9</ele>
    <time>2025-09-22T00:40:08Z</time>
   </trkpt>
   <trkpt lat="22.3821900" lon="114.0616770">
    <ele>209.9</ele>
    <time>2025-09-22T00:40:09Z</time>
   </trkpt>
   <trkpt lat="22.3821900" lon="114.0616770">
    <ele>209.9</ele>
    <time>2025-09-22T00:40:10Z</time>
   </trkpt>
   <trkpt lat="22.3821900" lon="114.0616770">
    <ele>209.9</ele>
    <time>2025-09-22T00:40:11Z</time>
   </trkpt>
   <trkpt lat="22.3821900" lon="114.0616770">
    <ele>209.9</ele>
    <time>2025-09-22T00:40:12Z</time>
   </trkpt>
   <trkpt lat="22.3821900" lon="114.0616770">
    <ele>209.9</ele>
    <time>2025-09-22T00:40:13Z</time>
   </trkpt>
   <trkpt lat="22.3821900" lon="114.0616770">
    <ele>209.9</ele>
    <time>2025-09-22T00:40:14Z</time>
   </trkpt>
   <trkpt lat="22.3821900" lon="114.0616770">
    <ele>209.9</ele>
    <time>2025-09-22T00:40:15Z</time>
   </trkpt>
   <trkpt lat="22.3821900" lon="114.0616770">
    <ele>209.9</ele>
    <time>2025-09-22T00:40:16Z</time>
   </trkpt>
   <trkpt lat="22.3821900" lon="114.0616770">
    <ele>209.9</ele>
    <time>2025-09-22T00:40:17Z</time>
   </trkpt>
   <trkpt lat="22.3821900" lon="114.0616770">
    <ele>209.9</ele>
    <time>2025-09-22T00:40:18Z</time>
   </trkpt>
   <trkpt lat="22.3821900" lon="114.0616770">
    <ele>209.9</ele>
    <time>2025-09-22T00:40:19Z</time>
   </trkpt>
   <trkpt lat="22.3821900" lon="114.0616770">
    <ele>209.9</ele>
    <time>2025-09-22T00:40:20Z</time>
   </trkpt>
   <trkpt lat="22.3821900" lon="114.0616770">
    <ele>209.9</ele>
    <time>2025-09-22T00:40:21Z</time>
   </trkpt>
   <trkpt lat="22.3821900" lon="114.0616770">
    <ele>209.9</ele>
    <time>2025-09-22T00:40:22Z</time>
   </trkpt>
   <trkpt lat="22.3821900" lon="114.0616770">
    <ele>209.9</ele>
    <time>2025-09-22T00:40:23Z</time>
   </trkpt>
   <trkpt lat="22.3821900" lon="114.0616770">
    <ele>209.9</ele>
    <time>2025-09-22T00:40:24Z</time>
   </trkpt>
   <trkpt lat="22.3821900" lon="114.0616770">
    <ele>209.9</ele>
    <time>2025-09-22T00:40:25Z</time>
   </trkpt>
   <trkpt lat="22.3821900" lon="114.0616770">
    <ele>209.9</ele>
    <time>2025-09-22T00:40:26Z</time>
   </trkpt>
   <trkpt lat="22.3821900" lon="114.0616770">
    <ele>209.9</ele>
    <time>2025-09-22T00:40:27Z</time>
   </trkpt>
   <trkpt lat="22.3821900" lon="114.0616770">
    <ele>209.9</ele>
    <time>2025-09-22T00:40:28Z</time>
   </trkpt>
   <trkpt lat="22.3821900" lon="114.0616770">
    <ele>209.9</ele>
    <time>2025-09-22T00:40:29Z</time>
   </trkpt>
   <trkpt lat="22.3821900" lon="114.0616770">
    <ele>209.9</ele>
    <time>2025-09-22T00:40:30Z</time>
   </trkpt>
   <trkpt lat="22.3821900" lon="114.0616770">
    <ele>209.9</ele>
    <time>2025-09-22T00:40:31Z</time>
   </trkpt>
   <trkpt lat="22.3821970" lon="114.0616900">
    <ele>209.9</ele>
    <time>2025-09-22T00:40:32Z</time>
   </trkpt>
   <trkpt lat="22.3821970" lon="114.0616930">
    <ele>209.9</ele>
    <time>2025-09-22T00:40:33Z</time>
   </trkpt>
   <trkpt lat="22.3822010" lon="114.0616880">
    <ele>209.9</ele>
    <time>2025-09-22T00:40:34Z</time>
   </trkpt>
   <trkpt lat="22.3822010" lon="114.0616870">
    <ele>209.9</ele>
    <time>2025-09-22T00:40:35Z</time>
   </trkpt>
   <trkpt lat="22.3821990" lon="114.0616960">
    <ele>209.9</ele>
    <time>2025-09-22T00:40:36Z</time>
   </trkpt>
   <trkpt lat="22.3822000" lon="114.0617000">
    <ele>209.9</ele>
    <time>2025-09-22T00:40:37Z</time>
   </trkpt>
   <trkpt lat="22.3821960" lon="114.0617040">
    <ele>209.9</ele>
    <time>2025-09-22T00:40:38Z</time>
   </trkpt>
   <trkpt lat="22.3821950" lon="114.0617070">
    <ele>209.9</ele>
    <time>2025-09-22T00:40:39Z</time>
   </trkpt>
   <trkpt lat="22.3821960" lon="114.0617140">
    <ele>209.9</ele>
    <time>2025-09-22T00:40:40Z</time>
   </trkpt>
   <trkpt lat="22.3821950" lon="114.0617180">
    <ele>209.9</ele>
    <time>2025-09-22T00:40:41Z</time>
   </trkpt>
   <trkpt lat="22.3821960" lon="114.0617240">
    <ele>209.9</ele>
    <time>2025-09-22T00:40:42Z</time>
   </trkpt>
   <trkpt lat="22.3821920" lon="114.0617280">
    <ele>209.9</ele>
    <time>2025-09-22T00:40:43Z</time>
   </trkpt>
   <trkpt lat="22.3821880" lon="114.0617380">
    <ele>209.9</ele>
    <time>2025-09-22T00:40:44Z</time>
   </trkpt>
   <trkpt lat="22.3821880" lon="114.0617400">
    <ele>209.9</ele>
    <time>2025-09-22T00:40:45Z</time>
   </trkpt>
   <trkpt lat="22.3821880" lon="114.0617430">
    <ele>209.9</ele>
    <time>2025-09-22T00:40:46Z</time>
   </trkpt>
   <trkpt lat="22.3821870" lon="114.0617420">
    <ele>209.9</ele>
    <time>2025-09-22T00:40:47Z</time>
   </trkpt>
   <trkpt lat="22.3821870" lon="114.0617420">
    <ele>209.9</ele>
    <time>2025-09-22T00:40:48Z</time>
   </trkpt>
   <trkpt lat="22.3821870" lon="114.0617420">
    <ele>209.9</ele>
    <time>2025-09-22T00:40:49Z</time>
   </trkpt>
   <trkpt lat="22.3821870" lon="114.0617420">
    <ele>209.9</ele>
    <time>2025-09-22T00:40:50Z</time>
   </trkpt>
   <trkpt lat="22.3821820" lon="114.0617380">
    <ele>209.9</ele>
    <time>2025-09-22T00:40:51Z</time>
   </trkpt>
   <trkpt lat="22.3821820" lon="114.0617410">
    <ele>209.9</ele>
    <time>2025-09-22T00:40:52Z</time>
   </trkpt>
   <trkpt lat="22.3821830" lon="114.0617410">
    <ele>209.9</ele>
    <time>2025-09-22T00:40:53Z</time>
   </trkpt>
   <trkpt lat="22.3821850" lon="114.0617410">
    <ele>209.9</ele>
    <time>2025-09-22T00:40:54Z</time>
   </trkpt>
   <trkpt lat="22.3821890" lon="114.0617460">
    <ele>209.9</ele>
    <time>2025-09-22T00:40:55Z</time>
   </trkpt>
   <trkpt lat="22.3821890" lon="114.0617450">
    <ele>209.9</ele>
    <time>2025-09-22T00:40:56Z</time>
   </trkpt>
   <trkpt lat="22.3821910" lon="114.0617460">
    <ele>209.9</ele>
    <time>2025-09-22T00:40:57Z</time>
   </trkpt>
   <trkpt lat="22.3821900" lon="114.0617480">
    <ele>209.9</ele>
    <time>2025-09-22T00:40:58Z</time>
   </trkpt>
   <trkpt lat="22.3821880" lon="114.0617490">
    <ele>209.9</ele>
    <time>2025-09-22T00:40:59Z</time>
   </trkpt>
   <trkpt lat="22.3821940" lon="114.0617520">
    <ele>209.9</ele>
    <time>2025-09-22T00:41:00Z</time>
   </trkpt>
   <trkpt lat="22.3822030" lon="114.0617600">
    <ele>209.9</ele>
    <time>2025-09-22T00:41:01Z</time>
   </trkpt>
   <trkpt lat="22.3822030" lon="114.0617640">
    <ele>209.9</ele>
    <time>2025-09-22T00:41:02Z</time>
   </trkpt>
   <trkpt lat="22.3822030" lon="114.0617660">
    <ele>209.9</ele>
    <time>2025-09-22T00:41:03Z</time>
   </trkpt>
   <trkpt lat="22.3822000" lon="114.0617710">
    <ele>209.9</ele>
    <time>2025-09-22T00:41:04Z</time>
   </trkpt>
   <trkpt lat="22.3822050" lon="114.0617740">
    <ele>209.9</ele>
    <time>2025-09-22T00:41:05Z</time>
   </trkpt>
   <trkpt lat="22.3822010" lon="114.0617790">
    <ele>209.9</ele>
    <time>2025-09-22T00:41:06Z</time>
   </trkpt>
   <trkpt lat="22.3821960" lon="114.0617830">
    <ele>209.9</ele>
    <time>2025-09-22T00:41:07Z</time>
   </trkpt>
   <trkpt lat="22.3821950" lon="114.0617850">
    <ele>209.9</ele>
    <time>2025-09-22T00:41:08Z</time>
   </trkpt>
   <trkpt lat="22.3821980" lon="114.0617900">
    <ele>209.9</ele>
    <time>2025-09-22T00:41:09Z</time>
   </trkpt>
   <trkpt lat="22.3821970" lon="114.0617890">
    <ele>209.9</ele>
    <time>2025-09-22T00:41:10Z</time>
   </trkpt>
   <trkpt lat="22.3821980" lon="114.0617970">
    <ele>209.9</ele>
    <time>2025-09-22T00:41:11Z</time>
   </trkpt>
   <trkpt lat="22.3821920" lon="114.0618040">
    <ele>209.9</ele>
    <time>2025-09-22T00:41:12Z</time>
   </trkpt>
   <trkpt lat="22.3821880" lon="114.0618120">
    <ele>209.9</ele>
    <time>2025-09-22T00:41:13Z</time>
   </trkpt>
   <trkpt lat="22.3821840" lon="114.0618150">
    <ele>209.9</ele>
    <time>2025-09-22T00:41:14Z</time>
   </trkpt>
   <trkpt lat="22.3821810" lon="114.0618210">
    <ele>209.9</ele>
    <time>2025-09-22T00:41:15Z</time>
   </trkpt>
   <trkpt lat="22.3821750" lon="114.0618240">
    <ele>209.9</ele>
    <time>2025-09-22T00:41:16Z</time>
   </trkpt>
   <trkpt lat="22.3821750" lon="114.0618260">
    <ele>209.9</ele>
    <time>2025-09-22T00:41:17Z</time>
   </trkpt>
   <trkpt lat="22.3821750" lon="114.0618280">
    <ele>209.9</ele>
    <time>2025-09-22T00:41:18Z</time>
   </trkpt>
   <trkpt lat="22.3821740" lon="114.0618290">
    <ele>209.9</ele>
    <time>2025-09-22T00:41:19Z</time>
   </trkpt>
   <trkpt lat="22.3821690" lon="114.0618360">
    <ele>209.9</ele>
    <time>2025-09-22T00:41:20Z</time>
   </trkpt>
   <trkpt lat="22.3821680" lon="114.0618420">
    <ele>209.9</ele>
    <time>2025-09-22T00:41:21Z</time>
   </trkpt>
   <trkpt lat="22.3821610" lon="114.0618500">
    <ele>209.9</ele>
    <time>2025-09-22T00:41:22Z</time>
   </trkpt>
   <trkpt lat="22.3821570" lon="114.0618530">
    <ele>209.9</ele>
    <time>2025-09-22T00:41:23Z</time>
   </trkpt>
   <trkpt lat="22.3821580" lon="114.0618560">
    <ele>209.9</ele>
    <time>2025-09-22T00:41:24Z</time>
   </trkpt>
   <trkpt lat="22.3821590" lon="114.0618600">
    <ele>209.9</ele>
    <time>2025-09-22T00:41:25Z</time>
   </trkpt>
   <trkpt lat="22.3821530" lon="114.0618630">
    <ele>209.9</ele>
    <time>2025-09-22T00:41:26Z</time>
   </trkpt>
   <trkpt lat="22.3821470" lon="114.0618630">
    <ele>209.9</ele>
    <time>2025-09-22T00:41:27Z</time>
   </trkpt>
   <trkpt lat="22.3821430" lon="114.0618620">
    <ele>209.9</ele>
    <time>2025-09-22T00:41:28Z</time>
   </trkpt>
   <trkpt lat="22.3821370" lon="114.0618650">
    <ele>209.9</ele>
    <time>2025-09-22T00:41:29Z</time>
   </trkpt>
   <trkpt lat="22.3821140" lon="114.0618650">
    <ele>210.0</ele>
    <time>2025-09-22T00:41:30Z</time>
   </trkpt>
   <trkpt lat="22.3821010" lon="114.0618650">
    <ele>210.0</ele>
    <time>2025-09-22T00:41:31Z</time>
   </trkpt>
   <trkpt lat="22.3820880" lon="114.0618660">
    <ele>210.0</ele>
    <time>2025-09-22T00:41:32Z</time>
   </trkpt>
   <trkpt lat="22.3820750" lon="114.0618660">
    <ele>210.1</ele>
    <time>2025-09-22T00:41:33Z</time>
   </trkpt>
   <trkpt lat="22.3820620" lon="114.0618660">
    <ele>210.1</ele>
    <time>2025-09-22T00:41:34Z</time>
   </trkpt>
   <trkpt lat="22.3820490" lon="114.0618660">
    <ele>210.2</ele>
    <time>2025-09-22T00:41:35Z</time>
   </trkpt>
   <trkpt lat="22.3820300" lon="114.0618650">
    <ele>210.2</ele>
    <time>2025-09-22T00:41:36Z</time>
   </trkpt>
   <trkpt lat="22.3820210" lon="114.0618650">
    <ele>210.3</ele>
    <time>2025-09-22T00:41:37Z</time>
   </trkpt>
   <trkpt lat="22.3820130" lon="114.0618640">
    <ele>210.3</ele>
    <time>2025-09-22T00:41:38Z</time>
   </trkpt>
   <trkpt lat="22.3819900" lon="114.0618640">
    <ele>210.4</ele>
    <time>2025-09-22T00:41:39Z</time>
   </trkpt>
   <trkpt lat="22.3819800" lon="114.0618640">
    <ele>210.4</ele>
    <time>2025-09-22T00:41:40Z</time>
   </trkpt>
   <trkpt lat="22.3819660" lon="114.0618630">
    <ele>210.5</ele>
    <time>2025-09-22T00:41:41Z</time>
   </trkpt>
   <trkpt lat="22.3819530" lon="114.0618630">
    <ele>210.5</ele>
    <time>2025-09-22T00:41:42Z</time>
   </trkpt>
   <trkpt lat="22.3819470" lon="114.0618640">
    <ele>210.6</ele>
    <time>2025-09-22T00:41:43Z</time>
   </trkpt>
   <trkpt lat="22.3819330" lon="114.0618640">
    <ele>210.6</ele>
    <time>2025-09-22T00:41:44Z</time>
   </trkpt>
   <trkpt lat="22.3819220" lon="114.0618650">
    <ele>210.7</ele>
    <time>2025-09-22T00:41:45Z</time>
   </trkpt>
   <trkpt lat="22.3819120" lon="114.0618690">
    <ele>210.7</ele>
    <time>2025-09-22T00:41:46Z</time>
   </trkpt>
   <trkpt lat="22.3819010" lon="114.0618740">
    <ele>210.8</ele>
    <time>2025-09-22T00:41:47Z</time>
   </trkpt>
   <trkpt lat="22.3818930" lon="114.0618710">
    <ele>210.8</ele>
    <time>2025-09-22T00:41:48Z</time>
   </trkpt>
   <trkpt lat="22.3818810" lon="114.0618740">
    <ele>210.9</ele>
    <time>2025-09-22T00:41:49Z</time>
   </trkpt>
   <trkpt lat="22.3818730" lon="114.0618750">
    <ele>211.0</ele>
    <time>2025-09-22T00:41:50Z</time>
   </trkpt>
   <trkpt lat="22.3818610" lon="114.0618820">
    <ele>211.0</ele>
    <time>2025-09-22T00:41:51Z</time>
   </trkpt>
   <trkpt lat="22.3818520" lon="114.0618840">
    <ele>211.1</ele>
    <time>2025-09-22T00:41:52Z</time>
   </trkpt>
   <trkpt lat="22.3818370" lon="114.0618880">
    <ele>211.1</ele>
    <time>2025-09-22T00:41:53Z</time>
   </trkpt>
   <trkpt lat="22.3818290" lon="114.0618900">
    <ele>211.2</ele>
    <time>2025-09-22T00:41:54Z</time>
   </trkpt>
   <trkpt lat="22.3818220" lon="114.0618920">
    <ele>211.2</ele>
    <time>2025-09-22T00:41:55Z</time>
   </trkpt>
   <trkpt lat="22.3818140" lon="114.0618940">
    <ele>211.3</ele>
    <time>2025-09-22T00:41:56Z</time>
   </trkpt>
   <trkpt lat="22.3818080" lon="114.0618930">
    <ele>211.3</ele>
    <time>2025-09-22T00:41:57Z</time>
   </trkpt>
   <trkpt lat="22.3817960" lon="114.0618970">
    <ele>211.3</ele>
    <time>2025-09-22T00:41:58Z</time>
   </trkpt>
   <trkpt lat="22.3817900" lon="114.0618970">
    <ele>211.4</ele>
    <time>2025-09-22T00:41:59Z</time>
   </trkpt>
   <trkpt lat="22.3817800" lon="114.0618960">
    <ele>211.4</ele>
    <time>2025-09-22T00:42:00Z</time>
   </trkpt>
   <trkpt lat="22.3817590" lon="114.0618990">
    <ele>211.5</ele>
    <time>2025-09-22T00:42:01Z</time>
   </trkpt>
   <trkpt lat="22.3817520" lon="114.0619000">
    <ele>211.5</ele>
    <time>2025-09-22T00:42:02Z</time>
   </trkpt>
   <trkpt lat="22.3817440" lon="114.0619010">
    <ele>211.5</ele>
    <time>2025-09-22T00:42:03Z</time>
   </trkpt>
   <trkpt lat="22.3817290" lon="114.0619030">
    <ele>211.5</ele>
    <time>2025-09-22T00:42:04Z</time>
   </trkpt>
   <trkpt lat="22.3817210" lon="114.0619050">
    <ele>211.5</ele>
    <time>2025-09-22T00:42:05Z</time>
   </trkpt>
   <trkpt lat="22.3817120" lon="114.0619060">
    <ele>211.5</ele>
    <time>2025-09-22T00:42:06Z</time>
   </trkpt>
   <trkpt lat="22.3817030" lon="114.0619070">
    <ele>211.5</ele>
    <time>2025-09-22T00:42:07Z</time>
   </trkpt>
   <trkpt lat="22.3816950" lon="114.0619070">
    <ele>211.5</ele>
    <time>2025-09-22T00:42:08Z</time>
   </trkpt>
   <trkpt lat="22.3816840" lon="114.0619080">
    <ele>211.5</ele>
    <time>2025-09-22T00:42:09Z</time>
   </trkpt>
   <trkpt lat="22.3816730" lon="114.0619060">
    <ele>211.5</ele>
    <time>2025-09-22T00:42:10Z</time>
   </trkpt>
   <trkpt lat="22.3816450" lon="114.0618950">
    <ele>211.4</ele>
    <time>2025-09-22T00:42:11Z</time>
   </trkpt>
   <trkpt lat="22.3816320" lon="114.0619000">
    <ele>211.4</ele>
    <time>2025-09-22T00:42:12Z</time>
   </trkpt>
   <trkpt lat="22.3816180" lon="114.0619030">
    <ele>211.3</ele>
    <time>2025-09-22T00:42:13Z</time>
   </trkpt>
   <trkpt lat="22.3816070" lon="114.0619030">
    <ele>211.2</ele>
    <time>2025-09-22T00:42:14Z</time>
   </trkpt>
   <trkpt lat="22.3815900" lon="114.0619080">
    <ele>211.1</ele>
    <time>2025-09-22T00:42:15Z</time>
   </trkpt>
   <trkpt lat="22.3815900" lon="114.0619140">
    <ele>211.1</ele>
    <time>2025-09-22T00:42:16Z</time>
   </trkpt>
   <trkpt lat="22.3815750" lon="114.0619210">
    <ele>211.0</ele>
    <time>2025-09-22T00:42:17Z</time>
   </trkpt>
   <trkpt lat="22.3815670" lon="114.0619220">
    <ele>211.0</ele>
    <time>2025-09-22T00:42:18Z</time>
   </trkpt>
   <trkpt lat="22.3815630" lon="114.0619220">
    <ele>210.9</ele>
    <time>2025-09-22T00:42:19Z</time>
   </trkpt>
   <trkpt lat="22.3815490" lon="114.0619300">
    <ele>210.8</ele>
    <time>2025-09-22T00:42:20Z</time>
   </trkpt>
   <trkpt lat="22.3815440" lon="114.0619330">
    <ele>210.8</ele>
    <time>2025-09-22T00:42:21Z</time>
   </trkpt>
   <trkpt lat="22.3815400" lon="114.0619370">
    <ele>210.8</ele>
    <time>2025-09-22T00:42:22Z</time>
   </trkpt>
   <trkpt lat="22.3815350" lon="114.0619400">
    <ele>210.7</ele>
    <time>2025-09-22T00:42:23Z</time>
   </trkpt>
   <trkpt lat="22.3815300" lon="114.0619430">
    <ele>210.7</ele>
    <time>2025-09-22T00:42:24Z</time>
   </trkpt>
   <trkpt lat="22.3815190" lon="114.0619410">
    <ele>210.6</ele>
    <time>2025-09-22T00:42:25Z</time>
   </trkpt>
   <trkpt lat="22.3815110" lon="114.0619380">
    <ele>210.5</ele>
    <time>2025-09-22T00:42:26Z</time>
   </trkpt>
   <trkpt lat="22.3815010" lon="114.0619360">
    <ele>210.5</ele>
    <time>2025-09-22T00:42:27Z</time>
   </trkpt>
   <trkpt lat="22.3814910" lon="114.0619440">
    <ele>210.4</ele>
    <time>2025-09-22T00:42:28Z</time>
   </trkpt>
   <trkpt lat="22.3814830" lon="114.0619500">
    <ele>210.3</ele>
    <time>2025-09-22T00:42:29Z</time>
   </trkpt>
   <trkpt lat="22.3814700" lon="114.0619530">
    <ele>210.2</ele>
    <time>2025-09-22T00:42:30Z</time>
   </trkpt>
   <trkpt lat="22.3814560" lon="114.0619560">
    <ele>210.1</ele>
    <time>2025-09-22T00:42:31Z</time>
   </trkpt>
   <trkpt lat="22.3814450" lon="114.0619570">
    <ele>210.1</ele>
    <time>2025-09-22T00:42:32Z</time>
   </trkpt>
   <trkpt lat="22.3814380" lon="114.0619500">
    <ele>210.0</ele>
    <time>2025-09-22T00:42:33Z</time>
   </trkpt>
   <trkpt lat="22.3814240" lon="114.0619490">
    <ele>209.9</ele>
    <time>2025-09-22T00:42:34Z</time>
   </trkpt>
   <trkpt lat="22.3814140" lon="114.0619480">
    <ele>209.8</ele>
    <time>2025-09-22T00:42:35Z</time>
   </trkpt>
   <trkpt lat="22.3814060" lon="114.0619520">
    <ele>209.8</ele>
    <time>2025-09-22T00:42:36Z</time>
   </trkpt>
   <trkpt lat="22.3813950" lon="114.0619450">
    <ele>209.7</ele>
    <time>2025-09-22T00:42:37Z</time>
   </trkpt>
   <trkpt lat="22.3813890" lon="114.0619390">
    <ele>209.7</ele>
    <time>2025-09-22T00:42:38Z</time>
   </trkpt>
   <trkpt lat="22.3813830" lon="114.0619450">
    <ele>209.6</ele>
    <time>2025-09-22T00:42:39Z</time>
   </trkpt>
   <trkpt lat="22.3813830" lon="114.0619430">
    <ele>209.6</ele>
    <time>2025-09-22T00:42:40Z</time>
   </trkpt>
   <trkpt lat="22.3813810" lon="114.0619390">
    <ele>209.6</ele>
    <time>2025-09-22T00:42:41Z</time>
   </trkpt>
   <trkpt lat="22.3813730" lon="114.0619300">
    <ele>209.6</ele>
    <time>2025-09-22T00:42:42Z</time>
   </trkpt>
   <trkpt lat="22.3813640" lon="114.0619230">
    <ele>209.5</ele>
    <time>2025-09-22T00:42:43Z</time>
   </trkpt>
   <trkpt lat="22.3813550" lon="114.0619260">
    <ele>209.5</ele>
    <time>2025-09-22T00:42:44Z</time>
   </trkpt>
   <trkpt lat="22.3813530" lon="114.0619220">
    <ele>209.5</ele>
    <time>2025-09-22T00:42:45Z</time>
   </trkpt>
   <trkpt lat="22.3813430" lon="114.0619180">
    <ele>209.4</ele>
    <time>2025-09-22T00:42:46Z</time>
   </trkpt>
   <trkpt lat="22.3813350" lon="114.0619150">
    <ele>209.4</ele>
    <time>2025-09-22T00:42:47Z</time>
   </trkpt>
   <trkpt lat="22.3813220" lon="114.0619130">
    <ele>209.3</ele>
    <time>2025-09-22T00:42:48Z</time>
   </trkpt>
   <trkpt lat="22.3813090" lon="114.0619120">
    <ele>209.3</ele>
    <time>2025-09-22T00:42:49Z</time>
   </trkpt>
   <trkpt lat="22.3812990" lon="114.0619100">
    <ele>209.2</ele>
    <time>2025-09-22T00:42:50Z</time>
   </trkpt>
   <trkpt lat="22.3812920" lon="114.0619080">
    <ele>209.2</ele>
    <time>2025-09-22T00:42:51Z</time>
   </trkpt>
   <trkpt lat="22.3812820" lon="114.0619110">
    <ele>209.2</ele>
    <time>2025-09-22T00:42:52Z</time>
   </trkpt>
   <trkpt lat="22.3812770" lon="114.0619170">
    <ele>209.1</ele>
    <time>2025-09-22T00:42:53Z</time>
   </trkpt>
   <trkpt lat="22.3812710" lon="114.0619180">
    <ele>209.1</ele>
    <time>2025-09-22T00:42:54Z</time>
   </trkpt>
   <trkpt lat="22.3812610" lon="114.0619240">
    <ele>209.1</ele>
    <time>2025-09-22T00:42:55Z</time>
   </trkpt>
   <trkpt lat="22.3812510" lon="114.0619330">
    <ele>209.0</ele>
    <time>2025-09-22T00:42:56Z</time>
   </trkpt>
   <trkpt lat="22.3812440" lon="114.0619400">
    <ele>209.0</ele>
    <time>2025-09-22T00:42:57Z</time>
   </trkpt>
   <trkpt lat="22.3812380" lon="114.0619460">
    <ele>209.0</ele>
    <time>2025-09-22T00:42:58Z</time>
   </trkpt>
   <trkpt lat="22.3812340" lon="114.0619500">
    <ele>208.9</ele>
    <time>2025-09-22T00:42:59Z</time>
   </trkpt>
   <trkpt lat="22.3812330" lon="114.0619580">
    <ele>208.9</ele>
    <time>2025-09-22T00:43:00Z</time>
   </trkpt>
   <trkpt lat="22.3812260" lon="114.0619710">
    <ele>208.9</ele>
    <time>2025-09-22T00:43:01Z</time>
   </trkpt>
   <trkpt lat="22.3812240" lon="114.0619750">
    <ele>208.8</ele>
    <time>2025-09-22T00:43:02Z</time>
   </trkpt>
   <trkpt lat="22.3812170" lon="114.0619810">
    <ele>208.8</ele>
    <time>2025-09-22T00:43:03Z</time>
   </trkpt>
   <trkpt lat="22.3812090" lon="114.0619860">
    <ele>208.8</ele>
    <time>2025-09-22T00:43:04Z</time>
   </trkpt>
   <trkpt lat="22.3811990" lon="114.0619850">
    <ele>208.7</ele>
    <time>2025-09-22T00:43:05Z</time>
   </trkpt>
   <trkpt lat="22.3811930" lon="114.0619850">
    <ele>208.7</ele>
    <time>2025-09-22T00:43:06Z</time>
   </trkpt>
   <trkpt lat="22.3811850" lon="114.0619850">
    <ele>208.7</ele>
    <time>2025-09-22T00:43:07Z</time>
   </trkpt>
   <trkpt lat="22.3811740" lon="114.0619850">
    <ele>208.6</ele>
    <time>2025-09-22T00:43:08Z</time>
   </trkpt>
   <trkpt lat="22.3811610" lon="114.0619890">
    <ele>208.6</ele>
    <time>2025-09-22T00:43:09Z</time>
   </trkpt>
   <trkpt lat="22.3811520" lon="114.0619870">
    <ele>208.5</ele>
    <time>2025-09-22T00:43:10Z</time>
   </trkpt>
   <trkpt lat="22.3811350" lon="114.0619810">
    <ele>208.5</ele>
    <time>2025-09-22T00:43:11Z</time>
   </trkpt>
   <trkpt lat="22.3811260" lon="114.0619800">
    <ele>208.5</ele>
    <time>2025-09-22T00:43:12Z</time>
   </trkpt>
   <trkpt lat="22.3811080" lon="114.0619760">
    <ele>208.4</ele>
    <time>2025-09-22T00:43:13Z</time>
   </trkpt>
   <trkpt lat="22.3811040" lon="114.0619790">
    <ele>208.4</ele>
    <time>2025-09-22T00:43:14Z</time>
   </trkpt>
   <trkpt lat="22.3810950" lon="114.0619720">
    <ele>208.3</ele>
    <time>2025-09-22T00:43:15Z</time>
   </trkpt>
   <trkpt lat="22.3810920" lon="114.0619680">
    <ele>208.3</ele>
    <time>2025-09-22T00:43:16Z</time>
   </trkpt>
   <trkpt lat="22.3810790" lon="114.0619660">
    <ele>208.3</ele>
    <time>2025-09-22T00:43:17Z</time>
   </trkpt>
   <trkpt lat="22.3810670" lon="114.0619640">
    <ele>208.2</ele>
    <time>2025-09-22T00:43:18Z</time>
   </trkpt>
   <trkpt lat="22.3810560" lon="114.0619580">
    <ele>208.2</ele>
    <time>2025-09-22T00:43:19Z</time>
   </trkpt>
   <trkpt lat="22.3810470" lon="114.0619560">
    <ele>208.2</ele>
    <time>2025-09-22T00:43:20Z</time>
   </trkpt>
   <trkpt lat="22.3810400" lon="114.0619600">
    <ele>208.2</ele>
    <time>2025-09-22T00:43:21Z</time>
   </trkpt>
   <trkpt lat="22.3810370" lon="114.0619580">
    <ele>208.2</ele>
    <time>2025-09-22T00:43:22Z</time>
   </trkpt>
   <trkpt lat="22.3810260" lon="114.0619520">
    <ele>208.1</ele>
    <time>2025-09-22T00:43:23Z</time>
   </trkpt>
   <trkpt lat="22.3810170" lon="114.0619550">
    <ele>208.1</ele>
    <time>2025-09-22T00:43:24Z</time>
   </trkpt>
   <trkpt lat="22.3809970" lon="114.0619510">
    <ele>208.0</ele>
    <time>2025-09-22T00:43:25Z</time>
   </trkpt>
   <trkpt lat="22.3809860" lon="114.0619570">
    <ele>208.0</ele>
    <time>2025-09-22T00:43:26Z</time>
   </trkpt>
   <trkpt lat="22.3809670" lon="114.0619580">
    <ele>208.0</ele>
    <time>2025-09-22T00:43:27Z</time>
   </trkpt>
   <trkpt lat="22.3809570" lon="114.0619580">
    <ele>208.0</ele>
    <time>2025-09-22T00:43:28Z</time>
   </trkpt>
   <trkpt lat="22.3809480" lon="114.0619580">
    <ele>207.9</ele>
    <time>2025-09-22T00:43:29Z</time>
   </trkpt>
   <trkpt lat="22.3809440" lon="114.0619680">
    <ele>207.9</ele>
    <time>2025-09-22T00:43:30Z</time>
   </trkpt>
   <trkpt lat="22.3809330" lon="114.0619670">
    <ele>207.9</ele>
    <time>2025-09-22T00:43:31Z</time>
   </trkpt>
   <trkpt lat="22.3809230" lon="114.0619640">
    <ele>207.9</ele>
    <time>2025-09-22T00:43:32Z</time>
   </trkpt>
   <trkpt lat="22.3809130" lon="114.0619620">
    <ele>207.9</ele>
    <time>2025-09-22T00:43:33Z</time>
   </trkpt>
   <trkpt lat="22.3808920" lon="114.0619600">
    <ele>207.8</ele>
    <time>2025-09-22T00:43:34Z</time>
   </trkpt>
   <trkpt lat="22.3808840" lon="114.0619640">
    <ele>207.8</ele>
    <time>2025-09-22T00:43:35Z</time>
   </trkpt>
   <trkpt lat="22.3808760" lon="114.0619680">
    <ele>207.8</ele>
    <time>2025-09-22T00:43:36Z</time>
   </trkpt>
   <trkpt lat="22.3808650" lon="114.0619710">
    <ele>207.8</ele>
    <time>2025-09-22T00:43:37Z</time>
   </trkpt>
   <trkpt lat="22.3808500" lon="114.0619730">
    <ele>207.8</ele>
    <time>2025-09-22T00:43:38Z</time>
   </trkpt>
   <trkpt lat="22.3808410" lon="114.0619760">
    <ele>207.8</ele>
    <time>2025-09-22T00:43:39Z</time>
   </trkpt>
   <trkpt lat="22.3808310" lon="114.0619790">
    <ele>207.7</ele>
    <time>2025-09-22T00:43:40Z</time>
   </trkpt>
   <trkpt lat="22.3808290" lon="114.0619820">
    <ele>207.7</ele>
    <time>2025-09-22T00:43:41Z</time>
   </trkpt>
   <trkpt lat="22.3808140" lon="114.0619820">
    <ele>207.8</ele>
    <time>2025-09-22T00:43:42Z</time>
   </trkpt>
   <trkpt lat="22.3808060" lon="114.0619910">
    <ele>207.8</ele>
    <time>2025-09-22T00:43:43Z</time>
   </trkpt>
   <trkpt lat="22.3808000" lon="114.0619900">
    <ele>207.8</ele>
    <time>2025-09-22T00:43:44Z</time>
   </trkpt>
   <trkpt lat="22.3807940" lon="114.0619900">
    <ele>207.9</ele>
    <time>2025-09-22T00:43:45Z</time>
   </trkpt>
   <trkpt lat="22.3807880" lon="114.0619890">
    <ele>207.9</ele>
    <time>2025-09-22T00:43:46Z</time>
   </trkpt>
   <trkpt lat="22.3807820" lon="114.0619880">
    <ele>207.9</ele>
    <time>2025-09-22T00:43:47Z</time>
   </trkpt>
   <trkpt lat="22.3807760" lon="114.0619870">
    <ele>208.0</ele>
    <time>2025-09-22T00:43:48Z</time>
   </trkpt>
   <trkpt lat="22.3807700" lon="114.0619870">
    <ele>208.0</ele>
    <time>2025-09-22T00:43:49Z</time>
   </trkpt>
   <trkpt lat="22.3807640" lon="114.0619860">
    <ele>208.0</ele>
    <time>2025-09-22T00:43:50Z</time>
   </trkpt>
   <trkpt lat="22.3807330" lon="114.0619940">
    <ele>208.2</ele>
    <time>2025-09-22T00:43:51Z</time>
   </trkpt>
   <trkpt lat="22.3807040" lon="114.0620060">
    <ele>208.4</ele>
    <time>2025-09-22T00:43:52Z</time>
   </trkpt>
   <trkpt lat="22.3807200" lon="114.0620180">
    <ele>208.5</ele>
    <time>2025-09-22T00:43:53Z</time>
   </trkpt>
   <trkpt lat="22.3807490" lon="114.0620300">
    <ele>208.7</ele>
    <time>2025-09-22T00:43:54Z</time>
   </trkpt>
   <trkpt lat="22.3807400" lon="114.0620300">
    <ele>208.8</ele>
    <time>2025-09-22T00:43:55Z</time>
   </trkpt>
   <trkpt lat="22.3807350" lon="114.0620300">
    <ele>208.8</ele>
    <time>2025-09-22T00:43:56Z</time>
   </trkpt>
   <trkpt lat="22.3807300" lon="114.0620330">
    <ele>208.8</ele>
    <time>2025-09-22T00:43:57Z</time>
   </trkpt>
   <trkpt lat="22.3807230" lon="114.0620360">
    <ele>208.9</ele>
    <time>2025-09-22T00:43:58Z</time>
   </trkpt>
   <trkpt lat="22.3807170" lon="114.0620430">
    <ele>209.0</ele>
    <time>2025-09-22T00:43:59Z</time>
   </trkpt>
   <trkpt lat="22.3807180" lon="114.0620470">
    <ele>209.0</ele>
    <time>2025-09-22T00:44:00Z</time>
   </trkpt>
   <trkpt lat="22.3807020" lon="114.0620500">
    <ele>209.1</ele>
    <time>2025-09-22T00:44:01Z</time>
   </trkpt>
   <trkpt lat="22.3806890" lon="114.0620520">
    <ele>209.2</ele>
    <time>2025-09-22T00:44:02Z</time>
   </trkpt>
   <trkpt lat="22.3806760" lon="114.0620530">
    <ele>209.3</ele>
    <time>2025-09-22T00:44:03Z</time>
   </trkpt>
   <trkpt lat="22.3806700" lon="114.0620570">
    <ele>209.4</ele>
    <time>2025-09-22T00:44:04Z</time>
   </trkpt>
   <trkpt lat="22.3806650" lon="114.0620600">
    <ele>209.4</ele>
    <time>2025-09-22T00:44:05Z</time>
   </trkpt>
   <trkpt lat="22.3806590" lon="114.0620640">
    <ele>209.5</ele>
    <time>2025-09-22T00:44:06Z</time>
   </trkpt>
   <trkpt lat="22.3806530" lon="114.0620680">
    <ele>209.6</ele>
    <time>2025-09-22T00:44:07Z</time>
   </trkpt>
   <trkpt lat="22.3806400" lon="114.0620660">
    <ele>209.7</ele>
    <time>2025-09-22T00:44:08Z</time>
   </trkpt>
   <trkpt lat="22.3806320" lon="114.0620680">
    <ele>209.7</ele>
    <time>2025-09-22T00:44:09Z</time>
   </trkpt>
   <trkpt lat="22.3806240" lon="114.0620690">
    <ele>209.8</ele>
    <time>2025-09-22T00:44:10Z</time>
   </trkpt>
   <trkpt lat="22.3806160" lon="114.0620700">
    <ele>209.9</ele>
    <time>2025-09-22T00:44:11Z</time>
   </trkpt>
   <trkpt lat="22.3806050" lon="114.0620800">
    <ele>210.0</ele>
    <time>2025-09-22T00:44:12Z</time>
   </trkpt>
   <trkpt lat="22.3805970" lon="114.0620810">
    <ele>210.0</ele>
    <time>2025-09-22T00:44:13Z</time>
   </trkpt>
   <trkpt lat="22.3805880" lon="114.0620820">
    <ele>210.1</ele>
    <time>2025-09-22T00:44:14Z</time>
   </trkpt>
   <trkpt lat="22.3805800" lon="114.0620830">
    <ele>210.2</ele>
    <time>2025-09-22T00:44:15Z</time>
   </trkpt>
   <trkpt lat="22.3805730" lon="114.0620860">
    <ele>210.2</ele>
    <time>2025-09-22T00:44:16Z</time>
   </trkpt>
   <trkpt lat="22.3805670" lon="114.0620940">
    <ele>210.3</ele>
    <time>2025-09-22T00:44:17Z</time>
   </trkpt>
   <trkpt lat="22.3805590" lon="114.0620980">
    <ele>210.4</ele>
    <time>2025-09-22T00:44:18Z</time>
   </trkpt>
   <trkpt lat="22.3805510" lon="114.0620970">
    <ele>210.4</ele>
    <time>2025-09-22T00:44:19Z</time>
   </trkpt>
   <trkpt lat="22.3805430" lon="114.0620980">
    <ele>210.5</ele>
    <time>2025-09-22T00:44:20Z</time>
   </trkpt>
   <trkpt lat="22.3805330" lon="114.0620970">
    <ele>210.5</ele>
    <time>2025-09-22T00:44:21Z</time>
   </trkpt>
   <trkpt lat="22.3805200" lon="114.0621000">
    <ele>210.6</ele>
    <time>2025-09-22T00:44:22Z</time>
   </trkpt>
   <trkpt lat="22.3805140" lon="114.0621020">
    <ele>210.7</ele>
    <time>2025-09-22T00:44:23Z</time>
   </trkpt>
   <trkpt lat="22.3805040" lon="114.0621050">
    <ele>210.8</ele>
    <time>2025-09-22T00:44:24Z</time>
   </trkpt>
   <trkpt lat="22.3804970" lon="114.0621010">
    <ele>210.8</ele>
    <time>2025-09-22T00:44:25Z</time>
   </trkpt>
   <trkpt lat="22.3804870" lon="114.0621050">
    <ele>210.9</ele>
    <time>2025-09-22T00:44:26Z</time>
   </trkpt>
   <trkpt lat="22.3804730" lon="114.0621060">
    <ele>211.0</ele>
    <time>2025-09-22T00:44:27Z</time>
   </trkpt>
   <trkpt lat="22.3804650" lon="114.0621080">
    <ele>211.0</ele>
    <time>2025-09-22T00:44:28Z</time>
   </trkpt>
   <trkpt lat="22.3804570" lon="114.0621100">
    <ele>211.1</ele>
    <time>2025-09-22T00:44:29Z</time>
   </trkpt>
   <trkpt lat="22.3804490" lon="114.0621120">
    <ele>211.1</ele>
    <time>2025-09-22T00:44:30Z</time>
   </trkpt>
   <trkpt lat="22.3804320" lon="114.0621110">
    <ele>211.3</ele>
    <time>2025-09-22T00:44:31Z</time>
   </trkpt>
   <trkpt lat="22.3804160" lon="114.0621090">
    <ele>211.4</ele>
    <time>2025-09-22T00:44:32Z</time>
   </trkpt>
   <trkpt lat="22.3803930" lon="114.0621060">
    <ele>211.5</ele>
    <time>2025-09-22T00:44:33Z</time>
   </trkpt>
   <trkpt lat="22.3803860" lon="114.0621040">
    <ele>211.6</ele>
    <time>2025-09-22T00:44:34Z</time>
   </trkpt>
   <trkpt lat="22.3803780" lon="114.0621010">
    <ele>211.6</ele>
    <time>2025-09-22T00:44:35Z</time>
   </trkpt>
   <trkpt lat="22.3803660" lon="114.0620970">
    <ele>211.7</ele>
    <time>2025-09-22T00:44:36Z</time>
   </trkpt>
   <trkpt lat="22.3803500" lon="114.0620900">
    <ele>211.8</ele>
    <time>2025-09-22T00:44:37Z</time>
   </trkpt>
   <trkpt lat="22.3803350" lon="114.0620830">
    <ele>212.0</ele>
    <time>2025-09-22T00:44:38Z</time>
   </trkpt>
   <trkpt lat="22.3803200" lon="114.0620780">
    <ele>212.1</ele>
    <time>2025-09-22T00:44:39Z</time>
   </trkpt>
   <trkpt lat="22.3803000" lon="114.0620730">
    <ele>212.3</ele>
    <time>2025-09-22T00:44:40Z</time>
   </trkpt>
   <trkpt lat="22.3802920" lon="114.0620710">
    <ele>212.4</ele>
    <time>2025-09-22T00:44:41Z</time>
   </trkpt>
   <trkpt lat="22.3802830" lon="114.0620680">
    <ele>212.4</ele>
    <time>2025-09-22T00:44:42Z</time>
   </trkpt>
   <trkpt lat="22.3802750" lon="114.0620640">
    <ele>212.5</ele>
    <time>2025-09-22T00:44:43Z</time>
   </trkpt>
   <trkpt lat="22.3802650" lon="114.0620550">
    <ele>212.7</ele>
    <time>2025-09-22T00:44:44Z</time>
   </trkpt>
   <trkpt lat="22.3802540" lon="114.0620510">
    <ele>212.8</ele>
    <time>2025-09-22T00:44:45Z</time>
   </trkpt>
   <trkpt lat="22.3802530" lon="114.0620430">
    <ele>212.8</ele>
    <time>2025-09-22T00:44:46Z</time>
   </trkpt>
   <trkpt lat="22.3802450" lon="114.0620360">
    <ele>213.0</ele>
    <time>2025-09-22T00:44:47Z</time>
   </trkpt>
   <trkpt lat="22.3802370" lon="114.0620300">
    <ele>213.1</ele>
    <time>2025-09-22T00:44:48Z</time>
   </trkpt>
   <trkpt lat="22.3802420" lon="114.0620250">
    <ele>213.1</ele>
    <time>2025-09-22T00:44:49Z</time>
   </trkpt>
   <trkpt lat="22.3802430" lon="114.0620220">
    <ele>213.2</ele>
    <time>2025-09-22T00:44:50Z</time>
   </trkpt>
   <trkpt lat="22.3802360" lon="114.0620130">
    <ele>213.3</ele>
    <time>2025-09-22T00:44:51Z</time>
   </trkpt>
   <trkpt lat="22.3802230" lon="114.0619940">
    <ele>213.5</ele>
    <time>2025-09-22T00:44:52Z</time>
   </trkpt>
   <trkpt lat="22.3802100" lon="114.0619810">
    <ele>213.8</ele>
    <time>2025-09-22T00:44:53Z</time>
   </trkpt>
   <trkpt lat="22.3801990" lon="114.0619770">
    <ele>213.9</ele>
    <time>2025-09-22T00:44:54Z</time>
   </trkpt>
   <trkpt lat="22.3801820" lon="114.0619690">
    <ele>214.2</ele>
    <time>2025-09-22T00:44:55Z</time>
   </trkpt>
   <trkpt lat="22.3801760" lon="114.0619620">
    <ele>214.3</ele>
    <time>2025-09-22T00:44:56Z</time>
   </trkpt>
   <trkpt lat="22.3801540" lon="114.0619560">
    <ele>214.6</ele>
    <time>2025-09-22T00:44:57Z</time>
   </trkpt>
   <trkpt lat="22.3801420" lon="114.0619540">
    <ele>214.8</ele>
    <time>2025-09-22T00:44:58Z</time>
   </trkpt>
   <trkpt lat="22.3801330" lon="114.0619480">
    <ele>214.9</ele>
    <time>2025-09-22T00:44:59Z</time>
   </trkpt>
   <trkpt lat="22.3801280" lon="114.0619470">
    <ele>215.0</ele>
    <time>2025-09-22T00:45:00Z</time>
   </trkpt>
   <trkpt lat="22.3801130" lon="114.0619350">
    <ele>215.2</ele>
    <time>2025-09-22T00:45:01Z</time>
   </trkpt>
   <trkpt lat="22.3801040" lon="114.0619270">
    <ele>215.4</ele>
    <time>2025-09-22T00:45:02Z</time>
   </trkpt>
   <trkpt lat="22.3800850" lon="114.0619240">
    <ele>215.6</ele>
    <time>2025-09-22T00:45:03Z</time>
   </trkpt>
   <trkpt lat="22.3800780" lon="114.0619230">
    <ele>215.6</ele>
    <time>2025-09-22T00:45:04Z</time>
   </trkpt>
   <trkpt lat="22.3800740" lon="114.0619260">
    <ele>215.7</ele>
    <time>2025-09-22T00:45:05Z</time>
   </trkpt>
   <trkpt lat="22.3800700" lon="114.0619270">
    <ele>215.7</ele>
    <time>2025-09-22T00:45:06Z</time>
   </trkpt>
   <trkpt lat="22.3800620" lon="114.0619320">
    <ele>215.7</ele>
    <time>2025-09-22T00:45:07Z</time>
   </trkpt>
   <trkpt lat="22.3800580" lon="114.0619380">
    <ele>215.7</ele>
    <time>2025-09-22T00:45:08Z</time>
   </trkpt>
   <trkpt lat="22.3800450" lon="114.0619450">
    <ele>215.8</ele>
    <time>2025-09-22T00:45:09Z</time>
   </trkpt>
   <trkpt lat="22.3800370" lon="114.0619470">
    <ele>215.8</ele>
    <time>2025-09-22T00:45:10Z</time>
   </trkpt>
   <trkpt lat="22.3800280" lon="114.0619500">
    <ele>215.8</ele>
    <time>2025-09-22T00:45:11Z</time>
   </trkpt>
   <trkpt lat="22.3800200" lon="114.0619520">
    <ele>215.9</ele>
    <time>2025-09-22T00:45:12Z</time>
   </trkpt>
   <trkpt lat="22.3800120" lon="114.0619580">
    <ele>215.9</ele>
    <time>2025-09-22T00:45:13Z</time>
   </trkpt>
   <trkpt lat="22.3800080" lon="114.0619590">
    <ele>215.9</ele>
    <time>2025-09-22T00:45:14Z</time>
   </trkpt>
   <trkpt lat="22.3800010" lon="114.0619610">
    <ele>215.9</ele>
    <time>2025-09-22T00:45:15Z</time>
   </trkpt>
   <trkpt lat="22.3799930" lon="114.0619590">
    <ele>215.9</ele>
    <time>2025-09-22T00:45:16Z</time>
   </trkpt>
   <trkpt lat="22.3799760" lon="114.0619530">
    <ele>215.9</ele>
    <time>2025-09-22T00:45:17Z</time>
   </trkpt>
   <trkpt lat="22.3799610" lon="114.0619490">
    <ele>215.9</ele>
    <time>2025-09-22T00:45:18Z</time>
   </trkpt>
   <trkpt lat="22.3799430" lon="114.0619520">
    <ele>215.9</ele>
    <time>2025-09-22T00:45:19Z</time>
   </trkpt>
   <trkpt lat="22.3799290" lon="114.0619450">
    <ele>215.9</ele>
    <time>2025-09-22T00:45:20Z</time>
   </trkpt>
   <trkpt lat="22.3799180" lon="114.0619460">
    <ele>215.8</ele>
    <time>2025-09-22T00:45:21Z</time>
   </trkpt>
   <trkpt lat="22.3799090" lon="114.0619470">
    <ele>215.8</ele>
    <time>2025-09-22T00:45:22Z</time>
   </trkpt>
   <trkpt lat="22.3799000" lon="114.0619440">
    <ele>215.8</ele>
    <time>2025-09-22T00:45:23Z</time>
   </trkpt>
   <trkpt lat="22.3798790" lon="114.0619390">
    <ele>215.7</ele>
    <time>2025-09-22T00:45:24Z</time>
   </trkpt>
   <trkpt lat="22.3798690" lon="114.0619380">
    <ele>215.6</ele>
    <time>2025-09-22T00:45:25Z</time>
   </trkpt>
   <trkpt lat="22.3798600" lon="114.0619380">
    <ele>215.6</ele>
    <time>2025-09-22T00:45:26Z</time>
   </trkpt>
   <trkpt lat="22.3798390" lon="114.0619450">
    <ele>215.5</ele>
    <time>2025-09-22T00:45:27Z</time>
   </trkpt>
   <trkpt lat="22.3798320" lon="114.0619490">
    <ele>215.4</ele>
    <time>2025-09-22T00:45:28Z</time>
   </trkpt>
   <trkpt lat="22.3798250" lon="114.0619520">
    <ele>215.4</ele>
    <time>2025-09-22T00:45:29Z</time>
   </trkpt>
   <trkpt lat="22.3798190" lon="114.0619540">
    <ele>215.3</ele>
    <time>2025-09-22T00:45:30Z</time>
   </trkpt>
   <trkpt lat="22.3798130" lon="114.0619580">
    <ele>215.3</ele>
    <time>2025-09-22T00:45:31Z</time>
   </trkpt>
   <trkpt lat="22.3798010" lon="114.0619590">
    <ele>215.2</ele>
    <time>2025-09-22T00:45:32Z</time>
   </trkpt>
   <trkpt lat="22.3797940" lon="114.0619620">
    <ele>215.2</ele>
    <time>2025-09-22T00:45:33Z</time>
   </trkpt>
   <trkpt lat="22.3797850" lon="114.0619670">
    <ele>215.1</ele>
    <time>2025-09-22T00:45:34Z</time>
   </trkpt>
   <trkpt lat="22.3797810" lon="114.0619740">
    <ele>215.1</ele>
    <time>2025-09-22T00:45:35Z</time>
   </trkpt>
   <trkpt lat="22.3797800" lon="114.0619720">
    <ele>215.1</ele>
    <time>2025-09-22T00:45:36Z</time>
   </trkpt>
   <trkpt lat="22.3797780" lon="114.0619700">
    <ele>215.0</ele>
    <time>2025-09-22T00:45:37Z</time>
   </trkpt>
   <trkpt lat="22.3797730" lon="114.0619660">
    <ele>215.0</ele>
    <time>2025-09-22T00:45:38Z</time>
   </trkpt>
   <trkpt lat="22.3797600" lon="114.0619650">
    <ele>214.9</ele>
    <time>2025-09-22T00:45:39Z</time>
   </trkpt>
   <trkpt lat="22.3797570" lon="114.0619620">
    <ele>214.9</ele>
    <time>2025-09-22T00:45:40Z</time>
   </trkpt>
   <trkpt lat="22.3797500" lon="114.0619670">
    <ele>214.8</ele>
    <time>2025-09-22T00:45:41Z</time>
   </trkpt>
   <trkpt lat="22.3797470" lon="114.0619600">
    <ele>214.8</ele>
    <time>2025-09-22T00:45:42Z</time>
   </trkpt>
   <trkpt lat="22.3797410" lon="114.0619600">
    <ele>214.8</ele>
    <time>2025-09-22T00:45:43Z</time>
   </trkpt>
   <trkpt lat="22.3797320" lon="114.0619690">
    <ele>214.7</ele>
    <time>2025-09-22T00:45:44Z</time>
   </trkpt>
   <trkpt lat="22.3797220" lon="114.0619710">
    <ele>214.6</ele>
    <time>2025-09-22T00:45:45Z</time>
   </trkpt>
   <trkpt lat="22.3797020" lon="114.0619620">
    <ele>214.5</ele>
    <time>2025-09-22T00:45:46Z</time>
   </trkpt>
   <trkpt lat="22.3797020" lon="114.0619560">
    <ele>214.5</ele>
    <time>2025-09-22T00:45:47Z</time>
   </trkpt>
   <trkpt lat="22.3796980" lon="114.0619490">
    <ele>214.4</ele>
    <time>2025-09-22T00:45:48Z</time>
   </trkpt>
   <trkpt lat="22.3796970" lon="114.0619420">
    <ele>214.4</ele>
    <time>2025-09-22T00:45:49Z</time>
   </trkpt>
   <trkpt lat="22.3796860" lon="114.0619430">
    <ele>214.4</ele>
    <time>2025-09-22T00:45:50Z</time>
   </trkpt>
   <trkpt lat="22.3796860" lon="114.0619430">
    <ele>214.4</ele>
    <time>2025-09-22T00:45:51Z</time>
   </trkpt>
   <trkpt lat="22.3796860" lon="114.0619370">
    <ele>214.3</ele>
    <time>2025-09-22T00:45:52Z</time>
   </trkpt>
   <trkpt lat="22.3796800" lon="114.0619220">
    <ele>214.3</ele>
    <time>2025-09-22T00:45:53Z</time>
   </trkpt>
   <trkpt lat="22.3796780" lon="114.0619200">
    <ele>214.3</ele>
    <time>2025-09-22T00:45:54Z</time>
   </trkpt>
   <trkpt lat="22.3796750" lon="114.0619190">
    <ele>214.3</ele>
    <time>2025-09-22T00:45:55Z</time>
   </trkpt>
   <trkpt lat="22.3796720" lon="114.0619170">
    <ele>214.2</ele>
    <time>2025-09-22T00:45:56Z</time>
   </trkpt>
   <trkpt lat="22.3796700" lon="114.0619150">
    <ele>214.2</ele>
    <time>2025-09-22T00:45:57Z</time>
   </trkpt>
   <trkpt lat="22.3796670" lon="114.0619130">
    <ele>214.2</ele>
    <time>2025-09-22T00:45:58Z</time>
   </trkpt>
   <trkpt lat="22.3796640" lon="114.0619120">
    <ele>214.2</ele>
    <time>2025-09-22T00:45:59Z</time>
   </trkpt>
   <trkpt lat="22.3796620" lon="114.0619100">
    <ele>214.2</ele>
    <time>2025-09-22T00:46:00Z</time>
   </trkpt>
   <trkpt lat="22.3796590" lon="114.0619080">
    <ele>214.2</ele>
    <time>2025-09-22T00:46:01Z</time>
   </trkpt>
   <trkpt lat="22.3796620" lon="114.0619060">
    <ele>214.2</ele>
    <time>2025-09-22T00:46:02Z</time>
   </trkpt>
   <trkpt lat="22.3796620" lon="114.0619040">
    <ele>214.2</ele>
    <time>2025-09-22T00:46:03Z</time>
   </trkpt>
   <trkpt lat="22.3796610" lon="114.0619030">
    <ele>214.1</ele>
    <time>2025-09-22T00:46:04Z</time>
   </trkpt>
   <trkpt lat="22.3796610" lon="114.0619010">
    <ele>214.1</ele>
    <time>2025-09-22T00:46:05Z</time>
   </trkpt>
   <trkpt lat="22.3796600" lon="114.0619000">
    <ele>214.1</ele>
    <time>2025-09-22T00:46:06Z</time>
   </trkpt>
   <trkpt lat="22.3796600" lon="114.0618980">
    <ele>214.1</ele>
    <time>2025-09-22T00:46:07Z</time>
   </trkpt>
   <trkpt lat="22.3796590" lon="114.0618970">
    <ele>214.1</ele>
    <time>2025-09-22T00:46:08Z</time>
   </trkpt>
   <trkpt lat="22.3796590" lon="114.0618950">
    <ele>214.1</ele>
    <time>2025-09-22T00:46:09Z</time>
   </trkpt>
   <trkpt lat="22.3796580" lon="114.0618940">
    <ele>214.1</ele>
    <time>2025-09-22T00:46:10Z</time>
   </trkpt>
   <trkpt lat="22.3796580" lon="114.0618920">
    <ele>214.1</ele>
    <time>2025-09-22T00:46:11Z</time>
   </trkpt>
   <trkpt lat="22.3796570" lon="114.0618910">
    <ele>214.1</ele>
    <time>2025-09-22T00:46:12Z</time>
   </trkpt>
   <trkpt lat="22.3796570" lon="114.0618890">
    <ele>214.1</ele>
    <time>2025-09-22T00:46:13Z</time>
   </trkpt>
   <trkpt lat="22.3796560" lon="114.0618880">
    <ele>214.1</ele>
    <time>2025-09-22T00:46:14Z</time>
   </trkpt>
   <trkpt lat="22.3796560" lon="114.0618860">
    <ele>214.1</ele>
    <time>2025-09-22T00:46:15Z</time>
   </trkpt>
   <trkpt lat="22.3796550" lon="114.0618850">
    <ele>214.1</ele>
    <time>2025-09-22T00:46:16Z</time>
   </trkpt>
   <trkpt lat="22.3796540" lon="114.0618840">
    <ele>214.1</ele>
    <time>2025-09-22T00:46:17Z</time>
   </trkpt>
   <trkpt lat="22.3796540" lon="114.0618820">
    <ele>214.1</ele>
    <time>2025-09-22T00:46:18Z</time>
   </trkpt>
   <trkpt lat="22.3796530" lon="114.0618810">
    <ele>214.0</ele>
    <time>2025-09-22T00:46:19Z</time>
   </trkpt>
   <trkpt lat="22.3796530" lon="114.0618790">
    <ele>214.0</ele>
    <time>2025-09-22T00:46:20Z</time>
   </trkpt>
   <trkpt lat="22.3796520" lon="114.0618780">
    <ele>214.0</ele>
    <time>2025-09-22T00:46:21Z</time>
   </trkpt>
   <trkpt lat="22.3796520" lon="114.0618760">
    <ele>214.0</ele>
    <time>2025-09-22T00:46:22Z</time>
   </trkpt>
   <trkpt lat="22.3796510" lon="114.0618750">
    <ele>214.0</ele>
    <time>2025-09-22T00:46:23Z</time>
   </trkpt>
   <trkpt lat="22.3796510" lon="114.0618730">
    <ele>214.0</ele>
    <time>2025-09-22T00:46:24Z</time>
   </trkpt>
   <trkpt lat="22.3796500" lon="114.0618720">
    <ele>214.0</ele>
    <time>2025-09-22T00:46:25Z</time>
   </trkpt>
   <trkpt lat="22.3796500" lon="114.0618700">
    <ele>214.0</ele>
    <time>2025-09-22T00:46:26Z</time>
   </trkpt>
   <trkpt lat="22.3796490" lon="114.0618690">
    <ele>214.0</ele>
    <time>2025-09-22T00:46:27Z</time>
   </trkpt>
   <trkpt lat="22.3796490" lon="114.0618670">
    <ele>214.0</ele>
    <time>2025-09-22T00:46:28Z</time>
   </trkpt>
   <trkpt lat="22.3796480" lon="114.0618660">
    <ele>214.0</ele>
    <time>2025-09-22T00:46:29Z</time>
   </trkpt>
   <trkpt lat="22.3796480" lon="114.0618640">
    <ele>214.0</ele>
    <time>2025-09-22T00:46:30Z</time>
   </trkpt>
   <trkpt lat="22.3796470" lon="114.0618630">
    <ele>214.0</ele>
    <time>2025-09-22T00:46:31Z</time>
   </trkpt>
   <trkpt lat="22.3796410" lon="114.0618600">
    <ele>213.9</ele>
    <time>2025-09-22T00:46:32Z</time>
   </trkpt>
   <trkpt lat="22.3796380" lon="114.0618560">
    <ele>213.9</ele>
    <time>2025-09-22T00:46:33Z</time>
   </trkpt>
   <trkpt lat="22.3796340" lon="114.0618510">
    <ele>213.9</ele>
    <time>2025-09-22T00:46:34Z</time>
   </trkpt>
   <trkpt lat="22.3796310" lon="114.0618460">
    <ele>213.9</ele>
    <time>2025-09-22T00:46:35Z</time>
   </trkpt>
   <trkpt lat="22.3796270" lon="114.0618410">
    <ele>213.8</ele>
    <time>2025-09-22T00:46:36Z</time>
   </trkpt>
   <trkpt lat="22.3796240" lon="114.0618370">
    <ele>213.8</ele>
    <time>2025-09-22T00:46:37Z</time>
   </trkpt>
   <trkpt lat="22.3796200" lon="114.0618320">
    <ele>213.8</ele>
    <time>2025-09-22T00:46:38Z</time>
   </trkpt>
   <trkpt lat="22.3796160" lon="114.0618200">
    <ele>213.7</ele>
    <time>2025-09-22T00:46:39Z</time>
   </trkpt>
   <trkpt lat="22.3796090" lon="114.0618190">
    <ele>213.7</ele>
    <time>2025-09-22T00:46:40Z</time>
   </trkpt>
   <trkpt lat="22.3796070" lon="114.0618160">
    <ele>213.7</ele>
    <time>2025-09-22T00:46:41Z</time>
   </trkpt>
   <trkpt lat="22.3796090" lon="114.0618030">
    <ele>213.6</ele>
    <time>2025-09-22T00:46:42Z</time>
   </trkpt>
   <trkpt lat="22.3796080" lon="114.0617970">
    <ele>213.6</ele>
    <time>2025-09-22T00:46:43Z</time>
   </trkpt>
   <trkpt lat="22.3796080" lon="114.0617940">
    <ele>213.5</ele>
    <time>2025-09-22T00:46:44Z</time>
   </trkpt>
   <trkpt lat="22.3795990" lon="114.0617810">
    <ele>213.5</ele>
    <time>2025-09-22T00:46:45Z</time>
   </trkpt>
   <trkpt lat="22.3795860" lon="114.0617750">
    <ele>213.4</ele>
    <time>2025-09-22T00:46:46Z</time>
   </trkpt>
   <trkpt lat="22.3795560" lon="114.0617670">
    <ele>213.2</ele>
    <time>2025-09-22T00:46:47Z</time>
   </trkpt>
   <trkpt lat="22.3795350" lon="114.0617700">
    <ele>213.0</ele>
    <time>2025-09-22T00:46:48Z</time>
   </trkpt>
   <trkpt lat="22.3795270" lon="114.0617700">
    <ele>213.0</ele>
    <time>2025-09-22T00:46:49Z</time>
   </trkpt>
   <trkpt lat="22.3795180" lon="114.0617700">
    <ele>212.9</ele>
    <time>2025-09-22T00:46:50Z</time>
   </trkpt>
   <trkpt lat="22.3795070" lon="114.0617720">
    <ele>212.8</ele>
    <time>2025-09-22T00:46:51Z</time>
   </trkpt>
   <trkpt lat="22.3795030" lon="114.0617780">
    <ele>212.8</ele>
    <time>2025-09-22T00:46:52Z</time>
   </trkpt>
   <trkpt lat="22.3794980" lon="114.0617740">
    <ele>212.7</ele>
    <time>2025-09-22T00:46:53Z</time>
   </trkpt>
   <trkpt lat="22.3794990" lon="114.0617740">
    <ele>212.7</ele>
    <time>2025-09-22T00:46:54Z</time>
   </trkpt>
   <trkpt lat="22.3794980" lon="114.0617740">
    <ele>212.7</ele>
    <time>2025-09-22T00:46:55Z</time>
   </trkpt>
   <trkpt lat="22.3794900" lon="114.0617750">
    <ele>212.6</ele>
    <time>2025-09-22T00:46:56Z</time>
   </trkpt>
   <trkpt lat="22.3794720" lon="114.0617770">
    <ele>212.5</ele>
    <time>2025-09-22T00:46:57Z</time>
   </trkpt>
   <trkpt lat="22.3794620" lon="114.0617760">
    <ele>212.4</ele>
    <time>2025-09-22T00:46:58Z</time>
   </trkpt>
   <trkpt lat="22.3794520" lon="114.0617760">
    <ele>212.3</ele>
    <time>2025-09-22T00:46:59Z</time>
   </trkpt>
   <trkpt lat="22.3794450" lon="114.0617810">
    <ele>212.2</ele>
    <time>2025-09-22T00:47:00Z</time>
   </trkpt>
   <trkpt lat="22.3794340" lon="114.0617790">
    <ele>212.2</ele>
    <time>2025-09-22T00:47:01Z</time>
   </trkpt>
   <trkpt lat="22.3794200" lon="114.0617750">
    <ele>212.0</ele>
    <time>2025-09-22T00:47:02Z</time>
   </trkpt>
   <trkpt lat="22.3794100" lon="114.0617680">
    <ele>211.9</ele>
    <time>2025-09-22T00:47:03Z</time>
   </trkpt>
   <trkpt lat="22.3794080" lon="114.0617600">
    <ele>211.9</ele>
    <time>2025-09-22T00:47:04Z</time>
   </trkpt>
   <trkpt lat="22.3793960" lon="114.0617510">
    <ele>211.7</ele>
    <time>2025-09-22T00:47:05Z</time>
   </trkpt>
   <trkpt lat="22.3793740" lon="114.0617330">
    <ele>211.5</ele>
    <time>2025-09-22T00:47:06Z</time>
   </trkpt>
   <trkpt lat="22.3793650" lon="114.0617290">
    <ele>211.4</ele>
    <time>2025-09-22T00:47:07Z</time>
   </trkpt>
   <trkpt lat="22.3793570" lon="114.0617230">
    <ele>211.3</ele>
    <time>2025-09-22T00:47:08Z</time>
   </trkpt>
   <trkpt lat="22.3793470" lon="114.0617210">
    <ele>211.3</ele>
    <time>2025-09-22T00:47:09Z</time>
   </trkpt>
   <trkpt lat="22.3793380" lon="114.0617140">
    <ele>211.2</ele>
    <time>2025-09-22T00:47:10Z</time>
   </trkpt>
   <trkpt lat="22.3793320" lon="114.0617150">
    <ele>211.2</ele>
    <time>2025-09-22T00:47:11Z</time>
   </trkpt>
   <trkpt lat="22.3793090" lon="114.0617070">
    <ele>211.0</ele>
    <time>2025-09-22T00:47:12Z</time>
   </trkpt>
   <trkpt lat="22.3792920" lon="114.0617210">
    <ele>210.8</ele>
    <time>2025-09-22T00:47:13Z</time>
   </trkpt>
   <trkpt lat="22.3792870" lon="114.0617280">
    <ele>210.8</ele>
    <time>2025-09-22T00:47:14Z</time>
   </trkpt>
   <trkpt lat="22.3792810" lon="114.0617340">
    <ele>210.7</ele>
    <time>2025-09-22T00:47:15Z</time>
   </trkpt>
   <trkpt lat="22.3792690" lon="114.0617340">
    <ele>210.7</ele>
    <time>2025-09-22T00:47:16Z</time>
   </trkpt>
   <trkpt lat="22.3792580" lon="114.0617420">
    <ele>210.6</ele>
    <time>2025-09-22T00:47:17Z</time>
   </trkpt>
   <trkpt lat="22.3792540" lon="114.0617500">
    <ele>210.6</ele>
    <time>2025-09-22T00:47:18Z</time>
   </trkpt>
   <trkpt lat="22.3792420" lon="114.0617560">
    <ele>210.5</ele>
    <time>2025-09-22T00:47:19Z</time>
   </trkpt>
   <trkpt lat="22.3792350" lon="114.0617560">
    <ele>210.5</ele>
    <time>2025-09-22T00:47:20Z</time>
   </trkpt>
   <trkpt lat="22.3792290" lon="114.0617570">
    <ele>210.4</ele>
    <time>2025-09-22T00:47:21Z</time>
   </trkpt>
   <trkpt lat="22.3792220" lon="114.0617570">
    <ele>210.4</ele>
    <time>2025-09-22T00:47:22Z</time>
   </trkpt>
   <trkpt lat="22.3792150" lon="114.0617570">
    <ele>210.4</ele>
    <time>2025-09-22T00:47:23Z</time>
   </trkpt>
   <trkpt lat="22.3791900" lon="114.0617520">
    <ele>210.3</ele>
    <time>2025-09-22T00:47:24Z</time>
   </trkpt>
   <trkpt lat="22.3791810" lon="114.0617470">
    <ele>210.2</ele>
    <time>2025-09-22T00:47:25Z</time>
   </trkpt>
   <trkpt lat="22.3791720" lon="114.0617430">
    <ele>210.2</ele>
    <time>2025-09-22T00:47:26Z</time>
   </trkpt>
   <trkpt lat="22.3791620" lon="114.0617390">
    <ele>210.2</ele>
    <time>2025-09-22T00:47:27Z</time>
   </trkpt>
   <trkpt lat="22.3791500" lon="114.0617290">
    <ele>210.2</ele>
    <time>2025-09-22T00:47:28Z</time>
   </trkpt>
   <trkpt lat="22.3791420" lon="114.0617240">
    <ele>210.1</ele>
    <time>2025-09-22T00:47:29Z</time>
   </trkpt>
   <trkpt lat="22.3791280" lon="114.0617180">
    <ele>210.1</ele>
    <time>2025-09-22T00:47:30Z</time>
   </trkpt>
   <trkpt lat="22.3791250" lon="114.0617100">
    <ele>210.1</ele>
    <time>2025-09-22T00:47:31Z</time>
   </trkpt>
   <trkpt lat="22.3791230" lon="114.0617010">
    <ele>210.1</ele>
    <time>2025-09-22T00:47:32Z</time>
   </trkpt>
   <trkpt lat="22.3791120" lon="114.0616920">
    <ele>210.0</ele>
    <time>2025-09-22T00:47:33Z</time>
   </trkpt>
   <trkpt lat="22.3791050" lon="114.0616880">
    <ele>210.0</ele>
    <time>2025-09-22T00:47:34Z</time>
   </trkpt>
   <trkpt lat="22.3790930" lon="114.0616710">
    <ele>210.0</ele>
    <time>2025-09-22T00:47:35Z</time>
   </trkpt>
   <trkpt lat="22.3790920" lon="114.0616700">
    <ele>210.0</ele>
    <time>2025-09-22T00:47:36Z</time>
   </trkpt>
   <trkpt lat="22.3790800" lon="114.0616600">
    <ele>210.0</ele>
    <time>2025-09-22T00:47:37Z</time>
   </trkpt>
   <trkpt lat="22.3790730" lon="114.0616580">
    <ele>210.0</ele>
    <time>2025-09-22T00:47:38Z</time>
   </trkpt>
   <trkpt lat="22.3790670" lon="114.0616500">
    <ele>210.0</ele>
    <time>2025-09-22T00:47:39Z</time>
   </trkpt>
   <trkpt lat="22.3790600" lon="114.0616390">
    <ele>209.9</ele>
    <time>2025-09-22T00:47:40Z</time>
   </trkpt>
   <trkpt lat="22.3790490" lon="114.0616160">
    <ele>209.9</ele>
    <time>2025-09-22T00:47:41Z</time>
   </trkpt>
   <trkpt lat="22.3790430" lon="114.0616060">
    <ele>209.9</ele>
    <time>2025-09-22T00:47:42Z</time>
   </trkpt>
   <trkpt lat="22.3790380" lon="114.0615950">
    <ele>209.9</ele>
    <time>2025-09-22T00:47:43Z</time>
   </trkpt>
   <trkpt lat="22.3790340" lon="114.0615800">
    <ele>209.9</ele>
    <time>2025-09-22T00:47:44Z</time>
   </trkpt>
   <trkpt lat="22.3790290" lon="114.0615620">
    <ele>209.8</ele>
    <time>2025-09-22T00:47:45Z</time>
   </trkpt>
   <trkpt lat="22.3790290" lon="114.0615570">
    <ele>209.8</ele>
    <time>2025-09-22T00:47:46Z</time>
   </trkpt>
   <trkpt lat="22.3790270" lon="114.0615430">
    <ele>209.8</ele>
    <time>2025-09-22T00:47:47Z</time>
   </trkpt>
   <trkpt lat="22.3790250" lon="114.0615290">
    <ele>209.8</ele>
    <time>2025-09-22T00:47:48Z</time>
   </trkpt>
   <trkpt lat="22.3790180" lon="114.0615150">
    <ele>209.7</ele>
    <time>2025-09-22T00:47:49Z</time>
   </trkpt>
   <trkpt lat="22.3790140" lon="114.0615080">
    <ele>209.7</ele>
    <time>2025-09-22T00:47:50Z</time>
   </trkpt>
   <trkpt lat="22.3790040" lon="114.0615040">
    <ele>209.7</ele>
    <time>2025-09-22T00:47:51Z</time>
   </trkpt>
   <trkpt lat="22.3789850" lon="114.0614940">
    <ele>209.6</ele>
    <time>2025-09-22T00:47:52Z</time>
   </trkpt>
   <trkpt lat="22.3789800" lon="114.0614910">
    <ele>209.6</ele>
    <time>2025-09-22T00:47:53Z</time>
   </trkpt>
   <trkpt lat="22.3789740" lon="114.0614870">
    <ele>209.6</ele>
    <time>2025-09-22T00:47:54Z</time>
   </trkpt>
   <trkpt lat="22.3789690" lon="114.0614840">
    <ele>209.6</ele>
    <time>2025-09-22T00:47:55Z</time>
   </trkpt>
   <trkpt lat="22.3789560" lon="114.0614760">
    <ele>209.5</ele>
    <time>2025-09-22T00:47:56Z</time>
   </trkpt>
   <trkpt lat="22.3789510" lon="114.0614730">
    <ele>209.5</ele>
    <time>2025-09-22T00:47:57Z</time>
   </trkpt>
   <trkpt lat="22.3789410" lon="114.0614670">
    <ele>209.4</ele>
    <time>2025-09-22T00:47:58Z</time>
   </trkpt>
   <trkpt lat="22.3789340" lon="114.0614610">
    <ele>209.4</ele>
    <time>2025-09-22T00:47:59Z</time>
   </trkpt>
   <trkpt lat="22.3789200" lon="114.0614510">
    <ele>209.3</ele>
    <time>2025-09-22T00:48:00Z</time>
   </trkpt>
   <trkpt lat="22.3789100" lon="114.0614490">
    <ele>209.3</ele>
    <time>2025-09-22T00:48:01Z</time>
   </trkpt>
   <trkpt lat="22.3788940" lon="114.0614420">
    <ele>209.2</ele>
    <time>2025-09-22T00:48:02Z</time>
   </trkpt>
   <trkpt lat="22.3788870" lon="114.0614410">
    <ele>209.2</ele>
    <time>2025-09-22T00:48:03Z</time>
   </trkpt>
   <trkpt lat="22.3788790" lon="114.0614400">
    <ele>209.2</ele>
    <time>2025-09-22T00:48:04Z</time>
   </trkpt>
   <trkpt lat="22.3788720" lon="114.0614390">
    <ele>209.1</ele>
    <time>2025-09-22T00:48:05Z</time>
   </trkpt>
   <trkpt lat="22.3788570" lon="114.0614300">
    <ele>209.0</ele>
    <time>2025-09-22T00:48:06Z</time>
   </trkpt>
   <trkpt lat="22.3788440" lon="114.0614240">
    <ele>209.0</ele>
    <time>2025-09-22T00:48:07Z</time>
   </trkpt>
   <trkpt lat="22.3788310" lon="114.0614180">
    <ele>208.9</ele>
    <time>2025-09-22T00:48:08Z</time>
   </trkpt>
   <trkpt lat="22.3788210" lon="114.0614140">
    <ele>208.9</ele>
    <time>2025-09-22T00:48:09Z</time>
   </trkpt>
   <trkpt lat="22.3788100" lon="114.0614110">
    <ele>208.8</ele>
    <time>2025-09-22T00:48:10Z</time>
   </trkpt>
   <trkpt lat="22.3787990" lon="114.0614070">
    <ele>208.8</ele>
    <time>2025-09-22T00:48:11Z</time>
   </trkpt>
   <trkpt lat="22.3787880" lon="114.0613980">
    <ele>208.7</ele>
    <time>2025-09-22T00:48:12Z</time>
   </trkpt>
   <trkpt lat="22.3787810" lon="114.0613910">
    <ele>208.7</ele>
    <time>2025-09-22T00:48:13Z</time>
   </trkpt>
   <trkpt lat="22.3787760" lon="114.0613880">
    <ele>208.6</ele>
    <time>2025-09-22T00:48:14Z</time>
   </trkpt>
   <trkpt lat="22.3787640" lon="114.0613800">
    <ele>208.6</ele>
    <time>2025-09-22T00:48:15Z</time>
   </trkpt>
   <trkpt lat="22.3787530" lon="114.0613700">
    <ele>208.5</ele>
    <time>2025-09-22T00:48:16Z</time>
   </trkpt>
   <trkpt lat="22.3787410" lon="114.0613620">
    <ele>208.4</ele>
    <time>2025-09-22T00:48:17Z</time>
   </trkpt>
   <trkpt lat="22.3787290" lon="114.0613490">
    <ele>208.4</ele>
    <time>2025-09-22T00:48:18Z</time>
   </trkpt>
   <trkpt lat="22.3787110" lon="114.0613390">
    <ele>208.3</ele>
    <time>2025-09-22T00:48:19Z</time>
   </trkpt>
   <trkpt lat="22.3787010" lon="114.0613360">
    <ele>208.2</ele>
    <time>2025-09-22T00:48:20Z</time>
   </trkpt>
   <trkpt lat="22.3786920" lon="114.0613320">
    <ele>208.2</ele>
    <time>2025-09-22T00:48:21Z</time>
   </trkpt>
   <trkpt lat="22.3786820" lon="114.0613240">
    <ele>208.1</ele>
    <time>2025-09-22T00:48:22Z</time>
   </trkpt>
   <trkpt lat="22.3786740" lon="114.0613230">
    <ele>208.1</ele>
    <time>2025-09-22T00:48:23Z</time>
   </trkpt>
   <trkpt lat="22.3786630" lon="114.0613250">
    <ele>208.0</ele>
    <time>2025-09-22T00:48:24Z</time>
   </trkpt>
   <trkpt lat="22.3786560" lon="114.0613180">
    <ele>208.0</ele>
    <time>2025-09-22T00:48:25Z</time>
   </trkpt>
   <trkpt lat="22.3786440" lon="114.0613120">
    <ele>207.9</ele>
    <time>2025-09-22T00:48:26Z</time>
   </trkpt>
   <trkpt lat="22.3786340" lon="114.0613120">
    <ele>207.9</ele>
    <time>2025-09-22T00:48:27Z</time>
   </trkpt>
   <trkpt lat="22.3786130" lon="114.0613030">
    <ele>207.8</ele>
    <time>2025-09-22T00:48:28Z</time>
   </trkpt>
   <trkpt lat="22.3786060" lon="114.0613000">
    <ele>207.7</ele>
    <time>2025-09-22T00:48:29Z</time>
   </trkpt>
   <trkpt lat="22.3785990" lon="114.0612980">
    <ele>207.7</ele>
    <time>2025-09-22T00:48:30Z</time>
   </trkpt>
   <trkpt lat="22.3785810" lon="114.0612960">
    <ele>207.6</ele>
    <time>2025-09-22T00:48:31Z</time>
   </trkpt>
   <trkpt lat="22.3785710" lon="114.0612940">
    <ele>207.6</ele>
    <time>2025-09-22T00:48:32Z</time>
   </trkpt>
   <trkpt lat="22.3785610" lon="114.0612930">
    <ele>207.5</ele>
    <time>2025-09-22T00:48:33Z</time>
   </trkpt>
   <trkpt lat="22.3785490" lon="114.0612950">
    <ele>207.5</ele>
    <time>2025-09-22T00:48:34Z</time>
   </trkpt>
   <trkpt lat="22.3785380" lon="114.0612990">
    <ele>207.4</ele>
    <time>2025-09-22T00:48:35Z</time>
   </trkpt>
   <trkpt lat="22.3785340" lon="114.0613040">
    <ele>207.4</ele>
    <time>2025-09-22T00:48:36Z</time>
   </trkpt>
   <trkpt lat="22.3785280" lon="114.0613110">
    <ele>207.3</ele>
    <time>2025-09-22T00:48:37Z</time>
   </trkpt>
   <trkpt lat="22.3785200" lon="114.0613160">
    <ele>207.3</ele>
    <time>2025-09-22T00:48:38Z</time>
   </trkpt>
   <trkpt lat="22.3785080" lon="114.0613230">
    <ele>207.2</ele>
    <time>2025-09-22T00:48:39Z</time>
   </trkpt>
   <trkpt lat="22.3785030" lon="114.0613290">
    <ele>207.2</ele>
    <time>2025-09-22T00:48:40Z</time>
   </trkpt>
   <trkpt lat="22.3784960" lon="114.0613350">
    <ele>207.1</ele>
    <time>2025-09-22T00:48:41Z</time>
   </trkpt>
   <trkpt lat="22.3784950" lon="114.0613390">
    <ele>207.1</ele>
    <time>2025-09-22T00:48:42Z</time>
   </trkpt>
   <trkpt lat="22.3784880" lon="114.0613450">
    <ele>207.1</ele>
    <time>2025-09-22T00:48:43Z</time>
   </trkpt>
   <trkpt lat="22.3784790" lon="114.0613580">
    <ele>207.0</ele>
    <time>2025-09-22T00:48:44Z</time>
   </trkpt>
   <trkpt lat="22.3784760" lon="114.0613630">
    <ele>207.0</ele>
    <time>2025-09-22T00:48:45Z</time>
   </trkpt>
   <trkpt lat="22.3784710" lon="114.0613670">
    <ele>207.0</ele>
    <time>2025-09-22T00:48:46Z</time>
   </trkpt>
   <trkpt lat="22.3784670" lon="114.0613770">
    <ele>206.9</ele>
    <time>2025-09-22T00:48:47Z</time>
   </trkpt>
   <trkpt lat="22.3784640" lon="114.0613930">
    <ele>206.8</ele>
    <time>2025-09-22T00:48:48Z</time>
   </trkpt>
   <trkpt lat="22.3784600" lon="114.0613980">
    <ele>206.8</ele>
    <time>2025-09-22T00:48:49Z</time>
   </trkpt>
   <trkpt lat="22.3784550" lon="114.0614110">
    <ele>206.7</ele>
    <time>2025-09-22T00:48:50Z</time>
   </trkpt>
   <trkpt lat="22.3784520" lon="114.0614160">
    <ele>206.7</ele>
    <time>2025-09-22T00:48:51Z</time>
   </trkpt>
   <trkpt lat="22.3784530" lon="114.0614250">
    <ele>206.7</ele>
    <time>2025-09-22T00:48:52Z</time>
   </trkpt>
   <trkpt lat="22.3784540" lon="114.0614340">
    <ele>206.6</ele>
    <time>2025-09-22T00:48:53Z</time>
   </trkpt>
   <trkpt lat="22.3784540" lon="114.0614400">
    <ele>206.6</ele>
    <time>2025-09-22T00:48:54Z</time>
   </trkpt>
   <trkpt lat="22.3784540" lon="114.0614580">
    <ele>206.5</ele>
    <time>2025-09-22T00:48:55Z</time>
   </trkpt>
   <trkpt lat="22.3784560" lon="114.0614700">
    <ele>206.5</ele>
    <time>2025-09-22T00:48:56Z</time>
   </trkpt>
   <trkpt lat="22.3784640" lon="114.0614630">
    <ele>206.4</ele>
    <time>2025-09-22T00:48:57Z</time>
   </trkpt>
   <trkpt lat="22.3784690" lon="114.0614690">
    <ele>206.4</ele>
    <time>2025-09-22T00:48:58Z</time>
   </trkpt>
   <trkpt lat="22.3784710" lon="114.0614750">
    <ele>206.4</ele>
    <time>2025-09-22T00:48:59Z</time>
   </trkpt>
   <trkpt lat="22.3784760" lon="114.0614840">
    <ele>206.3</ele>
    <time>2025-09-22T00:49:00Z</time>
   </trkpt>
   <trkpt lat="22.3784680" lon="114.0614940">
    <ele>206.3</ele>
    <time>2025-09-22T00:49:01Z</time>
   </trkpt>
   <trkpt lat="22.3784730" lon="114.0614890">
    <ele>206.2</ele>
    <time>2025-09-22T00:49:02Z</time>
   </trkpt>
   <trkpt lat="22.3784740" lon="114.0614960">
    <ele>206.2</ele>
    <time>2025-09-22T00:49:03Z</time>
   </trkpt>
   <trkpt lat="22.3784790" lon="114.0615160">
    <ele>206.1</ele>
    <time>2025-09-22T00:49:04Z</time>
   </trkpt>
   <trkpt lat="22.3784800" lon="114.0615250">
    <ele>206.1</ele>
    <time>2025-09-22T00:49:05Z</time>
   </trkpt>
   <trkpt lat="22.3784870" lon="114.0615200">
    <ele>206.0</ele>
    <time>2025-09-22T00:49:06Z</time>
   </trkpt>
   <trkpt lat="22.3784920" lon="114.0615300">
    <ele>206.0</ele>
    <time>2025-09-22T00:49:07Z</time>
   </trkpt>
   <trkpt lat="22.3784940" lon="114.0615350">
    <ele>206.0</ele>
    <time>2025-09-22T00:49:08Z</time>
   </trkpt>
   <trkpt lat="22.3785090" lon="114.0615380">
    <ele>205.9</ele>
    <time>2025-09-22T00:49:09Z</time>
   </trkpt>
   <trkpt lat="22.3785090" lon="114.0615540">
    <ele>205.8</ele>
    <time>2025-09-22T00:49:10Z</time>
   </trkpt>
   <trkpt lat="22.3785080" lon="114.0615570">
    <ele>205.8</ele>
    <time>2025-09-22T00:49:11Z</time>
   </trkpt>
   <trkpt lat="22.3785100" lon="114.0615560">
    <ele>205.8</ele>
    <time>2025-09-22T00:49:12Z</time>
   </trkpt>
   <trkpt lat="22.3785140" lon="114.0615660">
    <ele>205.8</ele>
    <time>2025-09-22T00:49:13Z</time>
   </trkpt>
   <trkpt lat="22.3785140" lon="114.0615770">
    <ele>205.7</ele>
    <time>2025-09-22T00:49:14Z</time>
   </trkpt>
   <trkpt lat="22.3785210" lon="114.0616000">
    <ele>205.6</ele>
    <time>2025-09-22T00:49:15Z</time>
   </trkpt>
   <trkpt lat="22.3785310" lon="114.0616090">
    <ele>205.6</ele>
    <time>2025-09-22T00:49:16Z</time>
   </trkpt>
   <trkpt lat="22.3785360" lon="114.0616190">
    <ele>205.6</ele>
    <time>2025-09-22T00:49:17Z</time>
   </trkpt>
   <trkpt lat="22.3785400" lon="114.0616320">
    <ele>205.5</ele>
    <time>2025-09-22T00:49:18Z</time>
   </trkpt>
   <trkpt lat="22.3785420" lon="114.0616430">
    <ele>205.5</ele>
    <time>2025-09-22T00:49:19Z</time>
   </trkpt>
   <trkpt lat="22.3785450" lon="114.0616550">
    <ele>205.5</ele>
    <time>2025-09-22T00:49:20Z</time>
   </trkpt>
   <trkpt lat="22.3785510" lon="114.0616810">
    <ele>205.4</ele>
    <time>2025-09-22T00:49:21Z</time>
   </trkpt>
   <trkpt lat="22.3785570" lon="114.0616850">
    <ele>205.4</ele>
    <time>2025-09-22T00:49:22Z</time>
   </trkpt>
   <trkpt lat="22.3785660" lon="114.0617050">
    <ele>205.4</ele>
    <time>2025-09-22T00:49:23Z</time>
   </trkpt>
   <trkpt lat="22.3785760" lon="114.0617200">
    <ele>205.4</ele>
    <time>2025-09-22T00:49:24Z</time>
   </trkpt>
   <trkpt lat="22.3785800" lon="114.0617310">
    <ele>205.4</ele>
    <time>2025-09-22T00:49:25Z</time>
   </trkpt>
   <trkpt lat="22.3785840" lon="114.0617380">
    <ele>205.4</ele>
    <time>2025-09-22T00:49:26Z</time>
   </trkpt>
   <trkpt lat="22.3785900" lon="114.0617410">
    <ele>205.3</ele>
    <time>2025-09-22T00:49:27Z</time>
   </trkpt>
   <trkpt lat="22.3785900" lon="114.0617510">
    <ele>205.3</ele>
    <time>2025-09-22T00:49:28Z</time>
   </trkpt>
   <trkpt lat="22.3785970" lon="114.0617610">
    <ele>205.3</ele>
    <time>2025-09-22T00:49:29Z</time>
   </trkpt>
   <trkpt lat="22.3785970" lon="114.0617700">
    <ele>205.3</ele>
    <time>2025-09-22T00:49:30Z</time>
   </trkpt>
   <trkpt lat="22.3785990" lon="114.0617750">
    <ele>205.3</ele>
    <time>2025-09-22T00:49:31Z</time>
   </trkpt>
   <trkpt lat="22.3786080" lon="114.0617880">
    <ele>205.3</ele>
    <time>2025-09-22T00:49:32Z</time>
   </trkpt>
   <trkpt lat="22.3786060" lon="114.0617950">
    <ele>205.3</ele>
    <time>2025-09-22T00:49:33Z</time>
   </trkpt>
   <trkpt lat="22.3785950" lon="114.0618160">
    <ele>205.3</ele>
    <time>2025-09-22T00:49:34Z</time>
   </trkpt>
   <trkpt lat="22.3785930" lon="114.0618220">
    <ele>205.3</ele>
    <time>2025-09-22T00:49:35Z</time>
   </trkpt>
   <trkpt lat="22.3785910" lon="114.0618280">
    <ele>205.3</ele>
    <time>2025-09-22T00:49:36Z</time>
   </trkpt>
   <trkpt lat="22.3785890" lon="114.0618340">
    <ele>205.2</ele>
    <time>2025-09-22T00:49:37Z</time>
   </trkpt>
   <trkpt lat="22.3785750" lon="114.0618510">
    <ele>205.2</ele>
    <time>2025-09-22T00:49:38Z</time>
   </trkpt>
   <trkpt lat="22.3785630" lon="114.0618590">
    <ele>205.2</ele>
    <time>2025-09-22T00:49:39Z</time>
   </trkpt>
   <trkpt lat="22.3785580" lon="114.0618600">
    <ele>205.2</ele>
    <time>2025-09-22T00:49:40Z</time>
   </trkpt>
   <trkpt lat="22.3785500" lon="114.0618580">
    <ele>205.2</ele>
    <time>2025-09-22T00:49:41Z</time>
   </trkpt>
   <trkpt lat="22.3785420" lon="114.0618600">
    <ele>205.2</ele>
    <time>2025-09-22T00:49:42Z</time>
   </trkpt>
   <trkpt lat="22.3785330" lon="114.0618630">
    <ele>205.2</ele>
    <time>2025-09-22T00:49:43Z</time>
   </trkpt>
   <trkpt lat="22.3785380" lon="114.0618630">
    <ele>205.2</ele>
    <time>2025-09-22T00:49:44Z</time>
   </trkpt>
   <trkpt lat="22.3785430" lon="114.0618570">
    <ele>205.2</ele>
    <time>2025-09-22T00:49:45Z</time>
   </trkpt>
   <trkpt lat="22.3785380" lon="114.0618600">
    <ele>205.2</ele>
    <time>2025-09-22T00:49:46Z</time>
   </trkpt>
   <trkpt lat="22.3785380" lon="114.0618590">
    <ele>205.2</ele>
    <time>2025-09-22T00:49:47Z</time>
   </trkpt>
   <trkpt lat="22.3785380" lon="114.0618590">
    <ele>205.2</ele>
    <time>2025-09-22T00:49:48Z</time>
   </trkpt>
   <trkpt lat="22.3785380" lon="114.0618590">
    <ele>205.2</ele>
    <time>2025-09-22T00:49:49Z</time>
   </trkpt>
   <trkpt lat="22.3785380" lon="114.0618630">
    <ele>205.1</ele>
    <time>2025-09-22T00:49:50Z</time>
   </trkpt>
   <trkpt lat="22.3785320" lon="114.0618640">
    <ele>205.1</ele>
    <time>2025-09-22T00:49:51Z</time>
   </trkpt>
   <trkpt lat="22.3785280" lon="114.0618610">
    <ele>205.1</ele>
    <time>2025-09-22T00:49:52Z</time>
   </trkpt>
   <trkpt lat="22.3785250" lon="114.0618580">
    <ele>205.1</ele>
    <time>2025-09-22T00:49:53Z</time>
   </trkpt>
   <trkpt lat="22.3785190" lon="114.0618570">
    <ele>205.1</ele>
    <time>2025-09-22T00:49:54Z</time>
   </trkpt>
   <trkpt lat="22.3785110" lon="114.0618430">
    <ele>205.1</ele>
    <time>2025-09-22T00:49:55Z</time>
   </trkpt>
   <trkpt lat="22.3784990" lon="114.0618420">
    <ele>205.1</ele>
    <time>2025-09-22T00:49:56Z</time>
   </trkpt>
   <trkpt lat="22.3784930" lon="114.0618370">
    <ele>205.1</ele>
    <time>2025-09-22T00:49:57Z</time>
   </trkpt>
   <trkpt lat="22.3784820" lon="114.0618210">
    <ele>205.1</ele>
    <time>2025-09-22T00:49:58Z</time>
   </trkpt>
   <trkpt lat="22.3784690" lon="114.0618230">
    <ele>205.1</ele>
    <time>2025-09-22T00:49:59Z</time>
   </trkpt>
   <trkpt lat="22.3784660" lon="114.0618150">
    <ele>205.1</ele>
    <time>2025-09-22T00:50:00Z</time>
   </trkpt>
   <trkpt lat="22.3784600" lon="114.0618080">
    <ele>205.1</ele>
    <time>2025-09-22T00:50:01Z</time>
   </trkpt>
   <trkpt lat="22.3784510" lon="114.0618130">
    <ele>205.1</ele>
    <time>2025-09-22T00:50:02Z</time>
   </trkpt>
   <trkpt lat="22.3784480" lon="114.0618140">
    <ele>205.1</ele>
    <time>2025-09-22T00:50:03Z</time>
   </trkpt>
   <trkpt lat="22.3784380" lon="114.0618090">
    <ele>205.1</ele>
    <time>2025-09-22T00:50:04Z</time>
   </trkpt>
   <trkpt lat="22.3784230" lon="114.0617940">
    <ele>205.1</ele>
    <time>2025-09-22T00:50:05Z</time>
   </trkpt>
   <trkpt lat="22.3784110" lon="114.0617820">
    <ele>205.1</ele>
    <time>2025-09-22T00:50:06Z</time>
   </trkpt>
   <trkpt lat="22.3783960" lon="114.0617720">
    <ele>205.1</ele>
    <time>2025-09-22T00:50:07Z</time>
   </trkpt>
   <trkpt lat="22.3783890" lon="114.0617700">
    <ele>205.2</ele>
    <time>2025-09-22T00:50:08Z</time>
   </trkpt>
   <trkpt lat="22.3783790" lon="114.0617670">
    <ele>205.2</ele>
    <time>2025-09-22T00:50:09Z</time>
   </trkpt>
   <trkpt lat="22.3783620" lon="114.0617640">
    <ele>205.2</ele>
    <time>2025-09-22T00:50:10Z</time>
   </trkpt>
   <trkpt lat="22.3783500" lon="114.0617630">
    <ele>205.2</ele>
    <time>2025-09-22T00:50:11Z</time>
   </trkpt>
   <trkpt lat="22.3783440" lon="114.0617560">
    <ele>205.2</ele>
    <time>2025-09-22T00:50:12Z</time>
   </trkpt>
   <trkpt lat="22.3783390" lon="114.0617450">
    <ele>205.2</ele>
    <time>2025-09-22T00:50:13Z</time>
   </trkpt>
   <trkpt lat="22.3783200" lon="114.0617210">
    <ele>205.2</ele>
    <time>2025-09-22T00:50:14Z</time>
   </trkpt>
   <trkpt lat="22.3783140" lon="114.0617150">
    <ele>205.2</ele>
    <time>2025-09-22T00:50:15Z</time>
   </trkpt>
   <trkpt lat="22.3783030" lon="114.0616940">
    <ele>205.2</ele>
    <time>2025-09-22T00:50:16Z</time>
   </trkpt>
   <trkpt lat="22.3782990" lon="114.0616810">
    <ele>205.2</ele>
    <time>2025-09-22T00:50:17Z</time>
   </trkpt>
   <trkpt lat="22.3782950" lon="114.0616700">
    <ele>205.2</ele>
    <time>2025-09-22T00:50:18Z</time>
   </trkpt>
   <trkpt lat="22.3782910" lon="114.0616630">
    <ele>205.2</ele>
    <time>2025-09-22T00:50:19Z</time>
   </trkpt>
   <trkpt lat="22.3782810" lon="114.0616480">
    <ele>205.2</ele>
    <time>2025-09-22T00:50:20Z</time>
   </trkpt>
   <trkpt lat="22.3782590" lon="114.0616390">
    <ele>205.2</ele>
    <time>2025-09-22T00:50:21Z</time>
   </trkpt>
   <trkpt lat="22.3782510" lon="114.0616380">
    <ele>205.2</ele>
    <time>2025-09-22T00:50:22Z</time>
   </trkpt>
   <trkpt lat="22.3782430" lon="114.0616370">
    <ele>205.2</ele>
    <time>2025-09-22T00:50:23Z</time>
   </trkpt>
   <trkpt lat="22.3782300" lon="114.0616370">
    <ele>205.2</ele>
    <time>2025-09-22T00:50:24Z</time>
   </trkpt>
   <trkpt lat="22.3782230" lon="114.0616330">
    <ele>205.2</ele>
    <time>2025-09-22T00:50:25Z</time>
   </trkpt>
   <trkpt lat="22.3782150" lon="114.0616280">
    <ele>205.2</ele>
    <time>2025-09-22T00:50:26Z</time>
   </trkpt>
   <trkpt lat="22.3782080" lon="114.0616240">
    <ele>205.1</ele>
    <time>2025-09-22T00:50:27Z</time>
   </trkpt>
   <trkpt lat="22.3781990" lon="114.0616210">
    <ele>205.1</ele>
    <time>2025-09-22T00:50:28Z</time>
   </trkpt>
   <trkpt lat="22.3781940" lon="114.0616200">
    <ele>205.1</ele>
    <time>2025-09-22T00:50:29Z</time>
   </trkpt>
   <trkpt lat="22.3781870" lon="114.0616220">
    <ele>205.1</ele>
    <time>2025-09-22T00:50:30Z</time>
   </trkpt>
   <trkpt lat="22.3781780" lon="114.0616120">
    <ele>205.1</ele>
    <time>2025-09-22T00:50:31Z</time>
   </trkpt>
   <trkpt lat="22.3781560" lon="114.0616080">
    <ele>205.1</ele>
    <time>2025-09-22T00:50:32Z</time>
   </trkpt>
   <trkpt lat="22.3781490" lon="114.0616040">
    <ele>205.1</ele>
    <time>2025-09-22T00:50:33Z</time>
   </trkpt>
   <trkpt lat="22.3781440" lon="114.0615910">
    <ele>205.1</ele>
    <time>2025-09-22T00:50:34Z</time>
   </trkpt>
   <trkpt lat="22.3781290" lon="114.0615870">
    <ele>205.1</ele>
    <time>2025-09-22T00:50:35Z</time>
   </trkpt>
   <trkpt lat="22.3781190" lon="114.0615850">
    <ele>205.1</ele>
    <time>2025-09-22T00:50:36Z</time>
   </trkpt>
   <trkpt lat="22.3781140" lon="114.0615780">
    <ele>205.1</ele>
    <time>2025-09-22T00:50:37Z</time>
   </trkpt>
   <trkpt lat="22.3781070" lon="114.0615740">
    <ele>205.1</ele>
    <time>2025-09-22T00:50:38Z</time>
   </trkpt>
   <trkpt lat="22.3780940" lon="114.0615690">
    <ele>205.1</ele>
    <time>2025-09-22T00:50:39Z</time>
   </trkpt>
   <trkpt lat="22.3780830" lon="114.0615640">
    <ele>205.1</ele>
    <time>2025-09-22T00:50:40Z</time>
   </trkpt>
   <trkpt lat="22.3780740" lon="114.0615580">
    <ele>205.1</ele>
    <time>2025-09-22T00:50:41Z</time>
   </trkpt>
   <trkpt lat="22.3780670" lon="114.0615590">
    <ele>205.0</ele>
    <time>2025-09-22T00:50:42Z</time>
   </trkpt>
   <trkpt lat="22.3780530" lon="114.0615500">
    <ele>205.0</ele>
    <time>2025-09-22T00:50:43Z</time>
   </trkpt>
   <trkpt lat="22.3780430" lon="114.0615460">
    <ele>205.0</ele>
    <time>2025-09-22T00:50:44Z</time>
   </trkpt>
   <trkpt lat="22.3780330" lon="114.0615430">
    <ele>205.0</ele>
    <time>2025-09-22T00:50:45Z</time>
   </trkpt>
   <trkpt lat="22.3780230" lon="114.0615390">
    <ele>205.0</ele>
    <time>2025-09-22T00:50:46Z</time>
   </trkpt>
   <trkpt lat="22.3780070" lon="114.0615300">
    <ele>205.0</ele>
    <time>2025-09-22T00:50:47Z</time>
   </trkpt>
   <trkpt lat="22.3779970" lon="114.0615250">
    <ele>205.0</ele>
    <time>2025-09-22T00:50:48Z</time>
   </trkpt>
   <trkpt lat="22.3779880" lon="114.0615200">
    <ele>205.0</ele>
    <time>2025-09-22T00:50:49Z</time>
   </trkpt>
   <trkpt lat="22.3779790" lon="114.0615130">
    <ele>205.0</ele>
    <time>2025-09-22T00:50:50Z</time>
   </trkpt>
   <trkpt lat="22.3779700" lon="114.0615090">
    <ele>205.0</ele>
    <time>2025-09-22T00:50:51Z</time>
   </trkpt>
   <trkpt lat="22.3779640" lon="114.0615060">
    <ele>205.0</ele>
    <time>2025-09-22T00:50:52Z</time>
   </trkpt>
   <trkpt lat="22.3779610" lon="114.0615060">
    <ele>205.0</ele>
    <time>2025-09-22T00:50:53Z</time>
   </trkpt>
   <trkpt lat="22.3779420" lon="114.0615010">
    <ele>205.0</ele>
    <time>2025-09-22T00:50:54Z</time>
   </trkpt>
   <trkpt lat="22.3779310" lon="114.0614980">
    <ele>205.0</ele>
    <time>2025-09-22T00:50:55Z</time>
   </trkpt>
   <trkpt lat="22.3779230" lon="114.0615000">
    <ele>205.0</ele>
    <time>2025-09-22T00:50:56Z</time>
   </trkpt>
   <trkpt lat="22.3779130" lon="114.0615050">
    <ele>204.9</ele>
    <time>2025-09-22T00:50:57Z</time>
   </trkpt>
   <trkpt lat="22.3778990" lon="114.0615030">
    <ele>204.9</ele>
    <time>2025-09-22T00:50:58Z</time>
   </trkpt>
   <trkpt lat="22.3778920" lon="114.0615080">
    <ele>204.9</ele>
    <time>2025-09-22T00:50:59Z</time>
   </trkpt>
   <trkpt lat="22.3778790" lon="114.0615070">
    <ele>204.9</ele>
    <time>2025-09-22T00:51:00Z</time>
   </trkpt>
   <trkpt lat="22.3778670" lon="114.0615060">
    <ele>204.9</ele>
    <time>2025-09-22T00:51:01Z</time>
   </trkpt>
   <trkpt lat="22.3778580" lon="114.0615070">
    <ele>204.9</ele>
    <time>2025-09-22T00:51:02Z</time>
   </trkpt>
   <trkpt lat="22.3778480" lon="114.0615080">
    <ele>204.9</ele>
    <time>2025-09-22T00:51:03Z</time>
   </trkpt>
   <trkpt lat="22.3778390" lon="114.0615090">
    <ele>204.8</ele>
    <time>2025-09-22T00:51:04Z</time>
   </trkpt>
   <trkpt lat="22.3778270" lon="114.0615070">
    <ele>204.8</ele>
    <time>2025-09-22T00:51:05Z</time>
   </trkpt>
   <trkpt lat="22.3778180" lon="114.0615100">
    <ele>204.8</ele>
    <time>2025-09-22T00:51:06Z</time>
   </trkpt>
   <trkpt lat="22.3778040" lon="114.0615110">
    <ele>204.8</ele>
    <time>2025-09-22T00:51:07Z</time>
   </trkpt>
   <trkpt lat="22.3777840" lon="114.0615080">
    <ele>204.7</ele>
    <time>2025-09-22T00:51:08Z</time>
   </trkpt>
   <trkpt lat="22.3777750" lon="114.0615040">
    <ele>204.7</ele>
    <time>2025-09-22T00:51:09Z</time>
   </trkpt>
   <trkpt lat="22.3777670" lon="114.0614990">
    <ele>204.7</ele>
    <time>2025-09-22T00:51:10Z</time>
   </trkpt>
   <trkpt lat="22.3777570" lon="114.0614860">
    <ele>204.7</ele>
    <time>2025-09-22T00:51:11Z</time>
   </trkpt>
   <trkpt lat="22.3777530" lon="114.0614810">
    <ele>204.7</ele>
    <time>2025-09-22T00:51:12Z</time>
   </trkpt>
   <trkpt lat="22.3777500" lon="114.0614770">
    <ele>204.7</ele>
    <time>2025-09-22T00:51:13Z</time>
   </trkpt>
   <trkpt lat="22.3777460" lon="114.0614720">
    <ele>204.7</ele>
    <time>2025-09-22T00:51:14Z</time>
   </trkpt>
   <trkpt lat="22.3777420" lon="114.0614670">
    <ele>204.6</ele>
    <time>2025-09-22T00:51:15Z</time>
   </trkpt>
   <trkpt lat="22.3777340" lon="114.0614630">
    <ele>204.6</ele>
    <time>2025-09-22T00:51:16Z</time>
   </trkpt>
   <trkpt lat="22.3777250" lon="114.0614510">
    <ele>204.6</ele>
    <time>2025-09-22T00:51:17Z</time>
   </trkpt>
   <trkpt lat="22.3777200" lon="114.0614460">
    <ele>204.6</ele>
    <time>2025-09-22T00:51:18Z</time>
   </trkpt>
   <trkpt lat="22.3776980" lon="114.0614360">
    <ele>204.6</ele>
    <time>2025-09-22T00:51:19Z</time>
   </trkpt>
   <trkpt lat="22.3776870" lon="114.0614360">
    <ele>204.6</ele>
    <time>2025-09-22T00:51:20Z</time>
   </trkpt>
   <trkpt lat="22.3776760" lon="114.0614290">
    <ele>204.6</ele>
    <time>2025-09-22T00:51:21Z</time>
   </trkpt>
   <trkpt lat="22.3776560" lon="114.0614260">
    <ele>204.6</ele>
    <time>2025-09-22T00:51:22Z</time>
   </trkpt>
   <trkpt lat="22.3776440" lon="114.0614250">
    <ele>204.5</ele>
    <time>2025-09-22T00:51:23Z</time>
   </trkpt>
   <trkpt lat="22.3776370" lon="114.0614210">
    <ele>204.5</ele>
    <time>2025-09-22T00:51:24Z</time>
   </trkpt>
   <trkpt lat="22.3776320" lon="114.0614130">
    <ele>204.5</ele>
    <time>2025-09-22T00:51:25Z</time>
   </trkpt>
   <trkpt lat="22.3776110" lon="114.0614030">
    <ele>204.5</ele>
    <time>2025-09-22T00:51:26Z</time>
   </trkpt>
   <trkpt lat="22.3776040" lon="114.0613980">
    <ele>204.5</ele>
    <time>2025-09-22T00:51:27Z</time>
   </trkpt>
   <trkpt lat="22.3775980" lon="114.0613940">
    <ele>204.5</ele>
    <time>2025-09-22T00:51:28Z</time>
   </trkpt>
   <trkpt lat="22.3775910" lon="114.0613870">
    <ele>204.5</ele>
    <time>2025-09-22T00:51:29Z</time>
   </trkpt>
   <trkpt lat="22.3775820" lon="114.0613820">
    <ele>204.5</ele>
    <time>2025-09-22T00:51:30Z</time>
   </trkpt>
   <trkpt lat="22.3775720" lon="114.0613780">
    <ele>204.5</ele>
    <time>2025-09-22T00:51:31Z</time>
   </trkpt>
   <trkpt lat="22.3775630" lon="114.0613730">
    <ele>204.5</ele>
    <time>2025-09-22T00:51:32Z</time>
   </trkpt>
   <trkpt lat="22.3775460" lon="114.0613710">
    <ele>204.5</ele>
    <time>2025-09-22T00:51:33Z</time>
   </trkpt>
   <trkpt lat="22.3775430" lon="114.0613660">
    <ele>204.4</ele>
    <time>2025-09-22T00:51:34Z</time>
   </trkpt>
   <trkpt lat="22.3775300" lon="114.0613680">
    <ele>204.4</ele>
    <time>2025-09-22T00:51:35Z</time>
   </trkpt>
   <trkpt lat="22.3775260" lon="114.0613630">
    <ele>204.4</ele>
    <time>2025-09-22T00:51:36Z</time>
   </trkpt>
   <trkpt lat="22.3775210" lon="114.0613620">
    <ele>204.4</ele>
    <time>2025-09-22T00:51:37Z</time>
   </trkpt>
   <trkpt lat="22.3775100" lon="114.0613570">
    <ele>204.4</ele>
    <time>2025-09-22T00:51:38Z</time>
   </trkpt>
   <trkpt lat="22.3774980" lon="114.0613510">
    <ele>204.4</ele>
    <time>2025-09-22T00:51:39Z</time>
   </trkpt>
   <trkpt lat="22.3774780" lon="114.0613440">
    <ele>204.4</ele>
    <time>2025-09-22T00:51:40Z</time>
   </trkpt>
   <trkpt lat="22.3774680" lon="114.0613380">
    <ele>204.4</ele>
    <time>2025-09-22T00:51:41Z</time>
   </trkpt>
   <trkpt lat="22.3774580" lon="114.0613330">
    <ele>204.4</ele>
    <time>2025-09-22T00:51:42Z</time>
   </trkpt>
   <trkpt lat="22.3774360" lon="114.0613320">
    <ele>204.3</ele>
    <time>2025-09-22T00:51:43Z</time>
   </trkpt>
   <trkpt lat="22.3774270" lon="114.0613290">
    <ele>204.3</ele>
    <time>2025-09-22T00:51:44Z</time>
   </trkpt>
   <trkpt lat="22.3774190" lon="114.0613260">
    <ele>204.3</ele>
    <time>2025-09-22T00:51:45Z</time>
   </trkpt>
   <trkpt lat="22.3774060" lon="114.0613180">
    <ele>204.3</ele>
    <time>2025-09-22T00:51:46Z</time>
   </trkpt>
   <trkpt lat="22.3773890" lon="114.0613180">
    <ele>204.2</ele>
    <time>2025-09-22T00:51:47Z</time>
   </trkpt>
   <trkpt lat="22.3773770" lon="114.0613170">
    <ele>204.2</ele>
    <time>2025-09-22T00:51:48Z</time>
   </trkpt>
   <trkpt lat="22.3773630" lon="114.0613040">
    <ele>204.2</ele>
    <time>2025-09-22T00:51:49Z</time>
   </trkpt>
   <trkpt lat="22.3773420" lon="114.0613010">
    <ele>204.1</ele>
    <time>2025-09-22T00:51:50Z</time>
   </trkpt>
   <trkpt lat="22.3773370" lon="114.0613010">
    <ele>204.1</ele>
    <time>2025-09-22T00:51:51Z</time>
   </trkpt>
   <trkpt lat="22.3773310" lon="114.0613020">
    <ele>204.1</ele>
    <time>2025-09-22T00:51:52Z</time>
   </trkpt>
   <trkpt lat="22.3773250" lon="114.0613020">
    <ele>204.0</ele>
    <time>2025-09-22T00:51:53Z</time>
   </trkpt>
   <trkpt lat="22.3773160" lon="114.0613070">
    <ele>204.0</ele>
    <time>2025-09-22T00:51:54Z</time>
   </trkpt>
   <trkpt lat="22.3773090" lon="114.0613130">
    <ele>204.0</ele>
    <time>2025-09-22T00:51:55Z</time>
   </trkpt>
   <trkpt lat="22.3773020" lon="114.0613220">
    <ele>203.9</ele>
    <time>2025-09-22T00:51:56Z</time>
   </trkpt>
   <trkpt lat="22.3773000" lon="114.0613310">
    <ele>203.9</ele>
    <time>2025-09-22T00:51:57Z</time>
   </trkpt>
   <trkpt lat="22.3772950" lon="114.0613370">
    <ele>203.9</ele>
    <time>2025-09-22T00:51:58Z</time>
   </trkpt>
   <trkpt lat="22.3772950" lon="114.0613420">
    <ele>203.9</ele>
    <time>2025-09-22T00:51:59Z</time>
   </trkpt>
   <trkpt lat="22.3772920" lon="114.0613480">
    <ele>203.8</ele>
    <time>2025-09-22T00:52:00Z</time>
   </trkpt>
   <trkpt lat="22.3772890" lon="114.0613530">
    <ele>203.8</ele>
    <time>2025-09-22T00:52:01Z</time>
   </trkpt>
   <trkpt lat="22.3772840" lon="114.0613640">
    <ele>203.8</ele>
    <time>2025-09-22T00:52:02Z</time>
   </trkpt>
   <trkpt lat="22.3772790" lon="114.0613730">
    <ele>203.7</ele>
    <time>2025-09-22T00:52:03Z</time>
   </trkpt>
   <trkpt lat="22.3772760" lon="114.0613810">
    <ele>203.7</ele>
    <time>2025-09-22T00:52:04Z</time>
   </trkpt>
   <trkpt lat="22.3772720" lon="114.0613860">
    <ele>203.7</ele>
    <time>2025-09-22T00:52:05Z</time>
   </trkpt>
   <trkpt lat="22.3772670" lon="114.0613900">
    <ele>203.7</ele>
    <time>2025-09-22T00:52:06Z</time>
   </trkpt>
   <trkpt lat="22.3772650" lon="114.0613900">
    <ele>203.7</ele>
    <time>2025-09-22T00:52:07Z</time>
   </trkpt>
   <trkpt lat="22.3772570" lon="114.0613980">
    <ele>203.6</ele>
    <time>2025-09-22T00:52:08Z</time>
   </trkpt>
   <trkpt lat="22.3772520" lon="114.0614040">
    <ele>203.6</ele>
    <time>2025-09-22T00:52:09Z</time>
   </trkpt>
   <trkpt lat="22.3772470" lon="114.0614170">
    <ele>203.5</ele>
    <time>2025-09-22T00:52:10Z</time>
   </trkpt>
   <trkpt lat="22.3772460" lon="114.0614220">
    <ele>203.5</ele>
    <time>2025-09-22T00:52:11Z</time>
   </trkpt>
   <trkpt lat="22.3772470" lon="114.0614290">
    <ele>203.5</ele>
    <time>2025-09-22T00:52:12Z</time>
   </trkpt>
   <trkpt lat="22.3772470" lon="114.0614400">
    <ele>203.5</ele>
    <time>2025-09-22T00:52:13Z</time>
   </trkpt>
   <trkpt lat="22.3772430" lon="114.0614580">
    <ele>203.4</ele>
    <time>2025-09-22T00:52:14Z</time>
   </trkpt>
   <trkpt lat="22.3772360" lon="114.0614700">
    <ele>203.4</ele>
    <time>2025-09-22T00:52:15Z</time>
   </trkpt>
   <trkpt lat="22.3772300" lon="114.0614800">
    <ele>203.3</ele>
    <time>2025-09-22T00:52:16Z</time>
   </trkpt>
   <trkpt lat="22.3772280" lon="114.0614840">
    <ele>203.3</ele>
    <time>2025-09-22T00:52:17Z</time>
   </trkpt>
   <trkpt lat="22.3772280" lon="114.0614890">
    <ele>203.3</ele>
    <time>2025-09-22T00:52:18Z</time>
   </trkpt>
   <trkpt lat="22.3772210" lon="114.0614970">
    <ele>203.2</ele>
    <time>2025-09-22T00:52:19Z</time>
   </trkpt>
   <trkpt lat="22.3772150" lon="114.0615000">
    <ele>203.2</ele>
    <time>2025-09-22T00:52:20Z</time>
   </trkpt>
   <trkpt lat="22.3772160" lon="114.0615010">
    <ele>203.2</ele>
    <time>2025-09-22T00:52:21Z</time>
   </trkpt>
   <trkpt lat="22.3772170" lon="114.0615090">
    <ele>203.2</ele>
    <time>2025-09-22T00:52:22Z</time>
   </trkpt>
   <trkpt lat="22.3772170" lon="114.0615130">
    <ele>203.2</ele>
    <time>2025-09-22T00:52:23Z</time>
   </trkpt>
   <trkpt lat="22.3772130" lon="114.0615310">
    <ele>203.1</ele>
    <time>2025-09-22T00:52:24Z</time>
   </trkpt>
   <trkpt lat="22.3772090" lon="114.0615400">
    <ele>203.1</ele>
    <time>2025-09-22T00:52:25Z</time>
   </trkpt>
   <trkpt lat="22.3772040" lon="114.0615480">
    <ele>203.1</ele>
    <time>2025-09-22T00:52:26Z</time>
   </trkpt>
   <trkpt lat="22.3772040" lon="114.0615560">
    <ele>203.0</ele>
    <time>2025-09-22T00:52:27Z</time>
   </trkpt>
   <trkpt lat="22.3772010" lon="114.0615620">
    <ele>203.0</ele>
    <time>2025-09-22T00:52:28Z</time>
   </trkpt>
   <trkpt lat="22.3771920" lon="114.0615760">
    <ele>203.0</ele>
    <time>2025-09-22T00:52:29Z</time>
   </trkpt>
   <trkpt lat="22.3771870" lon="114.0615870">
    <ele>202.9</ele>
    <time>2025-09-22T00:52:30Z</time>
   </trkpt>
   <trkpt lat="22.3771820" lon="114.0615990">
    <ele>202.9</ele>
    <time>2025-09-22T00:52:31Z</time>
   </trkpt>
   <trkpt lat="22.3771810" lon="114.0616080">
    <ele>202.9</ele>
    <time>2025-09-22T00:52:32Z</time>
   </trkpt>
   <trkpt lat="22.3771780" lon="114.0616240">
    <ele>202.8</ele>
    <time>2025-09-22T00:52:33Z</time>
   </trkpt>
   <trkpt lat="22.3771770" lon="114.0616300">
    <ele>202.8</ele>
    <time>2025-09-22T00:52:34Z</time>
   </trkpt>
   <trkpt lat="22.3771720" lon="114.0616360">
    <ele>202.8</ele>
    <time>2025-09-22T00:52:35Z</time>
   </trkpt>
   <trkpt lat="22.3771630" lon="114.0616380">
    <ele>202.7</ele>
    <time>2025-09-22T00:52:36Z</time>
   </trkpt>
   <trkpt lat="22.3771600" lon="114.0616420">
    <ele>202.7</ele>
    <time>2025-09-22T00:52:37Z</time>
   </trkpt>
   <trkpt lat="22.3771500" lon="114.0616430">
    <ele>202.7</ele>
    <time>2025-09-22T00:52:38Z</time>
   </trkpt>
   <trkpt lat="22.3771360" lon="114.0616460">
    <ele>202.6</ele>
    <time>2025-09-22T00:52:39Z</time>
   </trkpt>
   <trkpt lat="22.3771240" lon="114.0616450">
    <ele>202.5</ele>
    <time>2025-09-22T00:52:40Z</time>
   </trkpt>
   <trkpt lat="22.3771130" lon="114.0616440">
    <ele>202.5</ele>
    <time>2025-09-22T00:52:41Z</time>
   </trkpt>
   <trkpt lat="22.3771110" lon="114.0616380">
    <ele>202.4</ele>
    <time>2025-09-22T00:52:42Z</time>
   </trkpt>
   <trkpt lat="22.3771050" lon="114.0616460">
    <ele>202.4</ele>
    <time>2025-09-22T00:52:43Z</time>
   </trkpt>
   <trkpt lat="22.3771000" lon="114.0616370">
    <ele>202.3</ele>
    <time>2025-09-22T00:52:44Z</time>
   </trkpt>
   <trkpt lat="22.3770920" lon="114.0616350">
    <ele>202.3</ele>
    <time>2025-09-22T00:52:45Z</time>
   </trkpt>
   <trkpt lat="22.3770830" lon="114.0616400">
    <ele>202.2</ele>
    <time>2025-09-22T00:52:46Z</time>
   </trkpt>
   <trkpt lat="22.3770790" lon="114.0616380">
    <ele>202.2</ele>
    <time>2025-09-22T00:52:47Z</time>
   </trkpt>
   <trkpt lat="22.3770670" lon="114.0616360">
    <ele>202.1</ele>
    <time>2025-09-22T00:52:48Z</time>
   </trkpt>
   <trkpt lat="22.3770550" lon="114.0616340">
    <ele>202.0</ele>
    <time>2025-09-22T00:52:49Z</time>
   </trkpt>
   <trkpt lat="22.3770550" lon="114.0616410">
    <ele>202.0</ele>
    <time>2025-09-22T00:52:50Z</time>
   </trkpt>
   <trkpt lat="22.3770480" lon="114.0616400">
    <ele>202.0</ele>
    <time>2025-09-22T00:52:51Z</time>
   </trkpt>
   <trkpt lat="22.3770350" lon="114.0616400">
    <ele>201.9</ele>
    <time>2025-09-22T00:52:52Z</time>
   </trkpt>
   <trkpt lat="22.3770260" lon="114.0616410">
    <ele>201.8</ele>
    <time>2025-09-22T00:52:53Z</time>
   </trkpt>
   <trkpt lat="22.3770110" lon="114.0616390">
    <ele>201.7</ele>
    <time>2025-09-22T00:52:54Z</time>
   </trkpt>
   <trkpt lat="22.3770050" lon="114.0616530">
    <ele>201.6</ele>
    <time>2025-09-22T00:52:55Z</time>
   </trkpt>
   <trkpt lat="22.3770010" lon="114.0616530">
    <ele>201.6</ele>
    <time>2025-09-22T00:52:56Z</time>
   </trkpt>
   <trkpt lat="22.3769940" lon="114.0616570">
    <ele>201.6</ele>
    <time>2025-09-22T00:52:57Z</time>
   </trkpt>
   <trkpt lat="22.3769830" lon="114.0616520">
    <ele>201.5</ele>
    <time>2025-09-22T00:52:58Z</time>
   </trkpt>
   <trkpt lat="22.3769700" lon="114.0616490">
    <ele>201.4</ele>
    <time>2025-09-22T00:52:59Z</time>
   </trkpt>
   <trkpt lat="22.3769600" lon="114.0616460">
    <ele>201.4</ele>
    <time>2025-09-22T00:53:00Z</time>
   </trkpt>
   <trkpt lat="22.3769480" lon="114.0616400">
    <ele>201.3</ele>
    <time>2025-09-22T00:53:01Z</time>
   </trkpt>
   <trkpt lat="22.3769440" lon="114.0616380">
    <ele>201.3</ele>
    <time>2025-09-22T00:53:02Z</time>
   </trkpt>
   <trkpt lat="22.3769390" lon="114.0616350">
    <ele>201.2</ele>
    <time>2025-09-22T00:53:03Z</time>
   </trkpt>
   <trkpt lat="22.3769220" lon="114.0616330">
    <ele>201.2</ele>
    <time>2025-09-22T00:53:04Z</time>
   </trkpt>
   <trkpt lat="22.3769140" lon="114.0616350">
    <ele>201.1</ele>
    <time>2025-09-22T00:53:05Z</time>
   </trkpt>
   <trkpt lat="22.3769100" lon="114.0616380">
    <ele>201.1</ele>
    <time>2025-09-22T00:53:06Z</time>
   </trkpt>
   <trkpt lat="22.3768930" lon="114.0616340">
    <ele>201.1</ele>
    <time>2025-09-22T00:53:07Z</time>
   </trkpt>
   <trkpt lat="22.3768810" lon="114.0616280">
    <ele>201.0</ele>
    <time>2025-09-22T00:53:08Z</time>
   </trkpt>
   <trkpt lat="22.3768790" lon="114.0616180">
    <ele>201.0</ele>
    <time>2025-09-22T00:53:09Z</time>
   </trkpt>
   <trkpt lat="22.3768630" lon="114.0616130">
    <ele>200.9</ele>
    <time>2025-09-22T00:53:10Z</time>
   </trkpt>
   <trkpt lat="22.3768550" lon="114.0616050">
    <ele>200.9</ele>
    <time>2025-09-22T00:53:11Z</time>
   </trkpt>
   <trkpt lat="22.3768370" lon="114.0615990">
    <ele>200.9</ele>
    <time>2025-09-22T00:53:12Z</time>
   </trkpt>
   <trkpt lat="22.3768270" lon="114.0615950">
    <ele>200.9</ele>
    <time>2025-09-22T00:53:13Z</time>
   </trkpt>
   <trkpt lat="22.3768160" lon="114.0615910">
    <ele>200.8</ele>
    <time>2025-09-22T00:53:14Z</time>
   </trkpt>
   <trkpt lat="22.3768060" lon="114.0615870">
    <ele>200.8</ele>
    <time>2025-09-22T00:53:15Z</time>
   </trkpt>
   <trkpt lat="22.3767980" lon="114.0615820">
    <ele>200.8</ele>
    <time>2025-09-22T00:53:16Z</time>
   </trkpt>
   <trkpt lat="22.3767990" lon="114.0615740">
    <ele>200.8</ele>
    <time>2025-09-22T00:53:17Z</time>
   </trkpt>
   <trkpt lat="22.3767910" lon="114.0615710">
    <ele>200.8</ele>
    <time>2025-09-22T00:53:18Z</time>
   </trkpt>
   <trkpt lat="22.3767760" lon="114.0615540">
    <ele>200.7</ele>
    <time>2025-09-22T00:53:19Z</time>
   </trkpt>
   <trkpt lat="22.3767660" lon="114.0615490">
    <ele>200.7</ele>
    <time>2025-09-22T00:53:20Z</time>
   </trkpt>
   <trkpt lat="22.3767610" lon="114.0615360">
    <ele>200.7</ele>
    <time>2025-09-22T00:53:21Z</time>
   </trkpt>
   <trkpt lat="22.3767510" lon="114.0615270">
    <ele>200.7</ele>
    <time>2025-09-22T00:53:22Z</time>
   </trkpt>
   <trkpt lat="22.3767400" lon="114.0615230">
    <ele>200.6</ele>
    <time>2025-09-22T00:53:23Z</time>
   </trkpt>
   <trkpt lat="22.3767330" lon="114.0615150">
    <ele>200.6</ele>
    <time>2025-09-22T00:53:24Z</time>
   </trkpt>
   <trkpt lat="22.3767190" lon="114.0615110">
    <ele>200.6</ele>
    <time>2025-09-22T00:53:25Z</time>
   </trkpt>
   <trkpt lat="22.3767110" lon="114.0615030">
    <ele>200.6</ele>
    <time>2025-09-22T00:53:26Z</time>
   </trkpt>
   <trkpt lat="22.3766980" lon="114.0615050">
    <ele>200.5</ele>
    <time>2025-09-22T00:53:27Z</time>
   </trkpt>
   <trkpt lat="22.3766910" lon="114.0614980">
    <ele>200.5</ele>
    <time>2025-09-22T00:53:28Z</time>
   </trkpt>
   <trkpt lat="22.3766880" lon="114.0614930">
    <ele>200.5</ele>
    <time>2025-09-22T00:53:29Z</time>
   </trkpt>
   <trkpt lat="22.3766770" lon="114.0614930">
    <ele>200.5</ele>
    <time>2025-09-22T00:53:30Z</time>
   </trkpt>
   <trkpt lat="22.3766680" lon="114.0614950">
    <ele>200.4</ele>
    <time>2025-09-22T00:53:31Z</time>
   </trkpt>
   <trkpt lat="22.3766560" lon="114.0615000">
    <ele>200.4</ele>
    <time>2025-09-22T00:53:32Z</time>
   </trkpt>
   <trkpt lat="22.3766510" lon="114.0615070">
    <ele>200.4</ele>
    <time>2025-09-22T00:53:33Z</time>
   </trkpt>
   <trkpt lat="22.3766460" lon="114.0615070">
    <ele>200.4</ele>
    <time>2025-09-22T00:53:34Z</time>
   </trkpt>
   <trkpt lat="22.3766360" lon="114.0614970">
    <ele>200.3</ele>
    <time>2025-09-22T00:53:35Z</time>
   </trkpt>
   <trkpt lat="22.3766260" lon="114.0614890">
    <ele>200.3</ele>
    <time>2025-09-22T00:53:36Z</time>
   </trkpt>
   <trkpt lat="22.3766120" lon="114.0614800">
    <ele>200.3</ele>
    <time>2025-09-22T00:53:37Z</time>
   </trkpt>
   <trkpt lat="22.3766010" lon="114.0614710">
    <ele>200.2</ele>
    <time>2025-09-22T00:53:38Z</time>
   </trkpt>
   <trkpt lat="22.3765940" lon="114.0614610">
    <ele>200.2</ele>
    <time>2025-09-22T00:53:39Z</time>
   </trkpt>
   <trkpt lat="22.3765880" lon="114.0614490">
    <ele>200.1</ele>
    <time>2025-09-22T00:53:40Z</time>
   </trkpt>
   <trkpt lat="22.3765820" lon="114.0614380">
    <ele>200.1</ele>
    <time>2025-09-22T00:53:41Z</time>
   </trkpt>
   <trkpt lat="22.3765720" lon="114.0614190">
    <ele>200.0</ele>
    <time>2025-09-22T00:53:42Z</time>
   </trkpt>
   <trkpt lat="22.3765660" lon="114.0614110">
    <ele>200.0</ele>
    <time>2025-09-22T00:53:43Z</time>
   </trkpt>
   <trkpt lat="22.3765600" lon="114.0614040">
    <ele>200.0</ele>
    <time>2025-09-22T00:53:44Z</time>
   </trkpt>
   <trkpt lat="22.3765530" lon="114.0613930">
    <ele>199.9</ele>
    <time>2025-09-22T00:53:45Z</time>
   </trkpt>
   <trkpt lat="22.3765430" lon="114.0613810">
    <ele>199.9</ele>
    <time>2025-09-22T00:53:46Z</time>
   </trkpt>
   <trkpt lat="22.3765370" lon="114.0613680">
    <ele>199.8</ele>
    <time>2025-09-22T00:53:47Z</time>
   </trkpt>
   <trkpt lat="22.3765260" lon="114.0613710">
    <ele>199.8</ele>
    <time>2025-09-22T00:53:48Z</time>
   </trkpt>
   <trkpt lat="22.3765170" lon="114.0613650">
    <ele>199.8</ele>
    <time>2025-09-22T00:53:49Z</time>
   </trkpt>
   <trkpt lat="22.3765100" lon="114.0613600">
    <ele>199.7</ele>
    <time>2025-09-22T00:53:50Z</time>
   </trkpt>
   <trkpt lat="22.3765040" lon="114.0613520">
    <ele>199.7</ele>
    <time>2025-09-22T00:53:51Z</time>
   </trkpt>
   <trkpt lat="22.3764930" lon="114.0613440">
    <ele>199.6</ele>
    <time>2025-09-22T00:53:52Z</time>
   </trkpt>
   <trkpt lat="22.3764820" lon="114.0613410">
    <ele>199.6</ele>
    <time>2025-09-22T00:53:53Z</time>
   </trkpt>
   <trkpt lat="22.3764710" lon="114.0613400">
    <ele>199.5</ele>
    <time>2025-09-22T00:53:54Z</time>
   </trkpt>
   <trkpt lat="22.3764660" lon="114.0613450">
    <ele>199.5</ele>
    <time>2025-09-22T00:53:55Z</time>
   </trkpt>
   <trkpt lat="22.3764570" lon="114.0613430">
    <ele>199.5</ele>
    <time>2025-09-22T00:53:56Z</time>
   </trkpt>
   <trkpt lat="22.3764470" lon="114.0613410">
    <ele>199.4</ele>
    <time>2025-09-22T00:53:57Z</time>
   </trkpt>
   <trkpt lat="22.3764410" lon="114.0613410">
    <ele>199.4</ele>
    <time>2025-09-22T00:53:58Z</time>
   </trkpt>
   <trkpt lat="22.3764350" lon="114.0613440">
    <ele>199.4</ele>
    <time>2025-09-22T00:53:59Z</time>
   </trkpt>
   <trkpt lat="22.3764310" lon="114.0613430">
    <ele>199.4</ele>
    <time>2025-09-22T00:54:00Z</time>
   </trkpt>
   <trkpt lat="22.3764180" lon="114.0613420">
    <ele>199.3</ele>
    <time>2025-09-22T00:54:01Z</time>
   </trkpt>
   <trkpt lat="22.3764060" lon="114.0613450">
    <ele>199.2</ele>
    <time>2025-09-22T00:54:02Z</time>
   </trkpt>
   <trkpt lat="22.3763960" lon="114.0613470">
    <ele>199.2</ele>
    <time>2025-09-22T00:54:03Z</time>
   </trkpt>
   <trkpt lat="22.3763800" lon="114.0613510">
    <ele>199.1</ele>
    <time>2025-09-22T00:54:04Z</time>
   </trkpt>
   <trkpt lat="22.3763710" lon="114.0613540">
    <ele>199.1</ele>
    <time>2025-09-22T00:54:05Z</time>
   </trkpt>
   <trkpt lat="22.3763650" lon="114.0613570">
    <ele>199.1</ele>
    <time>2025-09-22T00:54:06Z</time>
   </trkpt>
   <trkpt lat="22.3763590" lon="114.0613660">
    <ele>199.0</ele>
    <time>2025-09-22T00:54:07Z</time>
   </trkpt>
   <trkpt lat="22.3763510" lon="114.0613700">
    <ele>199.0</ele>
    <time>2025-09-22T00:54:08Z</time>
   </trkpt>
   <trkpt lat="22.3763420" lon="114.0613750">
    <ele>198.9</ele>
    <time>2025-09-22T00:54:09Z</time>
   </trkpt>
   <trkpt lat="22.3763360" lon="114.0613840">
    <ele>198.9</ele>
    <time>2025-09-22T00:54:10Z</time>
   </trkpt>
   <trkpt lat="22.3763280" lon="114.0613940">
    <ele>198.8</ele>
    <time>2025-09-22T00:54:11Z</time>
   </trkpt>
   <trkpt lat="22.3763250" lon="114.0614020">
    <ele>198.8</ele>
    <time>2025-09-22T00:54:12Z</time>
   </trkpt>
   <trkpt lat="22.3763200" lon="114.0614120">
    <ele>198.8</ele>
    <time>2025-09-22T00:54:13Z</time>
   </trkpt>
   <trkpt lat="22.3763180" lon="114.0614140">
    <ele>198.7</ele>
    <time>2025-09-22T00:54:14Z</time>
   </trkpt>
   <trkpt lat="22.3763090" lon="114.0614240">
    <ele>198.7</ele>
    <time>2025-09-22T00:54:15Z</time>
   </trkpt>
   <trkpt lat="22.3763090" lon="114.0614360">
    <ele>198.6</ele>
    <time>2025-09-22T00:54:16Z</time>
   </trkpt>
   <trkpt lat="22.3763070" lon="114.0614420">
    <ele>198.6</ele>
    <time>2025-09-22T00:54:17Z</time>
   </trkpt>
   <trkpt lat="22.3763040" lon="114.0614480">
    <ele>198.6</ele>
    <time>2025-09-22T00:54:18Z</time>
   </trkpt>
   <trkpt lat="22.3763040" lon="114.0614550">
    <ele>198.5</ele>
    <time>2025-09-22T00:54:19Z</time>
   </trkpt>
   <trkpt lat="22.3763010" lon="114.0614680">
    <ele>198.5</ele>
    <time>2025-09-22T00:54:20Z</time>
   </trkpt>
   <trkpt lat="22.3762910" lon="114.0614880">
    <ele>198.3</ele>
    <time>2025-09-22T00:54:21Z</time>
   </trkpt>
   <trkpt lat="22.3762870" lon="114.0614970">
    <ele>198.3</ele>
    <time>2025-09-22T00:54:22Z</time>
   </trkpt>
   <trkpt lat="22.3762830" lon="114.0615050">
    <ele>198.2</ele>
    <time>2025-09-22T00:54:23Z</time>
   </trkpt>
   <trkpt lat="22.3762770" lon="114.0615130">
    <ele>198.2</ele>
    <time>2025-09-22T00:54:24Z</time>
   </trkpt>
   <trkpt lat="22.3762720" lon="114.0615190">
    <ele>198.1</ele>
    <time>2025-09-22T00:54:25Z</time>
   </trkpt>
   <trkpt lat="22.3762630" lon="114.0615260">
    <ele>198.0</ele>
    <time>2025-09-22T00:54:26Z</time>
   </trkpt>
   <trkpt lat="22.3762560" lon="114.0615320">
    <ele>198.0</ele>
    <time>2025-09-22T00:54:27Z</time>
   </trkpt>
   <trkpt lat="22.3762480" lon="114.0615380">
    <ele>197.9</ele>
    <time>2025-09-22T00:54:28Z</time>
   </trkpt>
   <trkpt lat="22.3762370" lon="114.0615470">
    <ele>197.8</ele>
    <time>2025-09-22T00:54:29Z</time>
   </trkpt>
   <trkpt lat="22.3762330" lon="114.0615580">
    <ele>197.7</ele>
    <time>2025-09-22T00:54:30Z</time>
   </trkpt>
   <trkpt lat="22.3762250" lon="114.0615650">
    <ele>197.7</ele>
    <time>2025-09-22T00:54:31Z</time>
   </trkpt>
   <trkpt lat="22.3762130" lon="114.0615730">
    <ele>197.6</ele>
    <time>2025-09-22T00:54:32Z</time>
   </trkpt>
   <trkpt lat="22.3762080" lon="114.0615780">
    <ele>197.6</ele>
    <time>2025-09-22T00:54:33Z</time>
   </trkpt>
   <trkpt lat="22.3761990" lon="114.0615860">
    <ele>197.6</ele>
    <time>2025-09-22T00:54:34Z</time>
   </trkpt>
   <trkpt lat="22.3761930" lon="114.0615940">
    <ele>197.4</ele>
    <time>2025-09-22T00:54:35Z</time>
   </trkpt>
   <trkpt lat="22.3761830" lon="114.0615980">
    <ele>197.2</ele>
    <time>2025-09-22T00:54:36Z</time>
   </trkpt>
   <trkpt lat="22.3761710" lon="114.0615980">
    <ele>197.0</ele>
    <time>2025-09-22T00:54:37Z</time>
   </trkpt>
   <trkpt lat="22.3761620" lon="114.0615990">
    <ele>196.9</ele>
    <time>2025-09-22T00:54:38Z</time>
   </trkpt>
   <trkpt lat="22.3761500" lon="114.0616030">
    <ele>196.7</ele>
    <time>2025-09-22T00:54:39Z</time>
   </trkpt>
   <trkpt lat="22.3761420" lon="114.0616050">
    <ele>196.5</ele>
    <time>2025-09-22T00:54:40Z</time>
   </trkpt>
   <trkpt lat="22.3761330" lon="114.0616070">
    <ele>196.4</ele>
    <time>2025-09-22T00:54:41Z</time>
   </trkpt>
   <trkpt lat="22.3761130" lon="114.0615990">
    <ele>196.0</ele>
    <time>2025-09-22T00:54:42Z</time>
   </trkpt>
   <trkpt lat="22.3761030" lon="114.0615980">
    <ele>195.8</ele>
    <time>2025-09-22T00:54:43Z</time>
   </trkpt>
   <trkpt lat="22.3760900" lon="114.0616060">
    <ele>195.6</ele>
    <time>2025-09-22T00:54:44Z</time>
   </trkpt>
   <trkpt lat="22.3760830" lon="114.0616100">
    <ele>195.5</ele>
    <time>2025-09-22T00:54:45Z</time>
   </trkpt>
   <trkpt lat="22.3760750" lon="114.0616130">
    <ele>195.3</ele>
    <time>2025-09-22T00:54:46Z</time>
   </trkpt>
   <trkpt lat="22.3760670" lon="114.0616170">
    <ele>195.2</ele>
    <time>2025-09-22T00:54:47Z</time>
   </trkpt>
   <trkpt lat="22.3760510" lon="114.0616350">
    <ele>194.8</ele>
    <time>2025-09-22T00:54:48Z</time>
   </trkpt>
   <trkpt lat="22.3760460" lon="114.0616420">
    <ele>194.7</ele>
    <time>2025-09-22T00:54:49Z</time>
   </trkpt>
   <trkpt lat="22.3760420" lon="114.0616490">
    <ele>194.6</ele>
    <time>2025-09-22T00:54:50Z</time>
   </trkpt>
   <trkpt lat="22.3760390" lon="114.0616630">
    <ele>194.4</ele>
    <time>2025-09-22T00:54:51Z</time>
   </trkpt>
   <trkpt lat="22.3760370" lon="114.0616680">
    <ele>194.3</ele>
    <time>2025-09-22T00:54:52Z</time>
   </trkpt>
   <trkpt lat="22.3760250" lon="114.0616770">
    <ele>194.1</ele>
    <time>2025-09-22T00:54:53Z</time>
   </trkpt>
   <trkpt lat="22.3760150" lon="114.0616900">
    <ele>193.9</ele>
    <time>2025-09-22T00:54:54Z</time>
   </trkpt>
   <trkpt lat="22.3760080" lon="114.0617070">
    <ele>193.6</ele>
    <time>2025-09-22T00:54:55Z</time>
   </trkpt>
   <trkpt lat="22.3759960" lon="114.0617230">
    <ele>193.3</ele>
    <time>2025-09-22T00:54:56Z</time>
   </trkpt>
   <trkpt lat="22.3759900" lon="114.0617300">
    <ele>193.2</ele>
    <time>2025-09-22T00:54:57Z</time>
   </trkpt>
   <trkpt lat="22.3759830" lon="114.0617360">
    <ele>193.0</ele>
    <time>2025-09-22T00:54:58Z</time>
   </trkpt>
   <trkpt lat="22.3759750" lon="114.0617410">
    <ele>192.9</ele>
    <time>2025-09-22T00:54:59Z</time>
   </trkpt>
   <trkpt lat="22.3759710" lon="114.0617510">
    <ele>192.7</ele>
    <time>2025-09-22T00:55:00Z</time>
   </trkpt>
   <trkpt lat="22.3759650" lon="114.0617600">
    <ele>192.6</ele>
    <time>2025-09-22T00:55:01Z</time>
   </trkpt>
   <trkpt lat="22.3759520" lon="114.0617670">
    <ele>192.4</ele>
    <time>2025-09-22T00:55:02Z</time>
   </trkpt>
   <trkpt lat="22.3759400" lon="114.0617740">
    <ele>192.2</ele>
    <time>2025-09-22T00:55:03Z</time>
   </trkpt>
   <trkpt lat="22.3759360" lon="114.0617890">
    <ele>192.0</ele>
    <time>2025-09-22T00:55:04Z</time>
   </trkpt>
   <trkpt lat="22.3759250" lon="114.0617990">
    <ele>191.7</ele>
    <time>2025-09-22T00:55:05Z</time>
   </trkpt>
   <trkpt lat="22.3759220" lon="114.0618070">
    <ele>191.6</ele>
    <time>2025-09-22T00:55:06Z</time>
   </trkpt>
   <trkpt lat="22.3759090" lon="114.0618090">
    <ele>191.4</ele>
    <time>2025-09-22T00:55:07Z</time>
   </trkpt>
   <trkpt lat="22.3758940" lon="114.0618140">
    <ele>191.1</ele>
    <time>2025-09-22T00:55:08Z</time>
   </trkpt>
   <trkpt lat="22.3758820" lon="114.0618180">
    <ele>190.9</ele>
    <time>2025-09-22T00:55:09Z</time>
   </trkpt>
   <trkpt lat="22.3758730" lon="114.0618230">
    <ele>190.8</ele>
    <time>2025-09-22T00:55:10Z</time>
   </trkpt>
   <trkpt lat="22.3758670" lon="114.0618250">
    <ele>190.7</ele>
    <time>2025-09-22T00:55:11Z</time>
   </trkpt>
   <trkpt lat="22.3758460" lon="114.0618320">
    <ele>190.3</ele>
    <time>2025-09-22T00:55:12Z</time>
   </trkpt>
   <trkpt lat="22.3758370" lon="114.0618340">
    <ele>190.2</ele>
    <time>2025-09-22T00:55:13Z</time>
   </trkpt>
   <trkpt lat="22.3758280" lon="114.0618370">
    <ele>190.0</ele>
    <time>2025-09-22T00:55:14Z</time>
   </trkpt>
   <trkpt lat="22.3758220" lon="114.0618390">
    <ele>189.9</ele>
    <time>2025-09-22T00:55:15Z</time>
   </trkpt>
   <trkpt lat="22.3758120" lon="114.0618330">
    <ele>189.7</ele>
    <time>2025-09-22T00:55:16Z</time>
   </trkpt>
   <trkpt lat="22.3758050" lon="114.0618310">
    <ele>189.6</ele>
    <time>2025-09-22T00:55:17Z</time>
   </trkpt>
   <trkpt lat="22.3757940" lon="114.0618300">
    <ele>189.4</ele>
    <time>2025-09-22T00:55:18Z</time>
   </trkpt>
   <trkpt lat="22.3757840" lon="114.0618260">
    <ele>189.3</ele>
    <time>2025-09-22T00:55:19Z</time>
   </trkpt>
   <trkpt lat="22.3757750" lon="114.0618210">
    <ele>189.1</ele>
    <time>2025-09-22T00:55:20Z</time>
   </trkpt>
   <trkpt lat="22.3757660" lon="114.0618220">
    <ele>189.0</ele>
    <time>2025-09-22T00:55:21Z</time>
   </trkpt>
   <trkpt lat="22.3757560" lon="114.0618190">
    <ele>188.8</ele>
    <time>2025-09-22T00:55:22Z</time>
   </trkpt>
   <trkpt lat="22.3757450" lon="114.0618180">
    <ele>188.6</ele>
    <time>2025-09-22T00:55:23Z</time>
   </trkpt>
   <trkpt lat="22.3757340" lon="114.0618210">
    <ele>188.5</ele>
    <time>2025-09-22T00:55:24Z</time>
   </trkpt>
   <trkpt lat="22.3757280" lon="114.0618240">
    <ele>188.4</ele>
    <time>2025-09-22T00:55:25Z</time>
   </trkpt>
   <trkpt lat="22.3757200" lon="114.0618260">
    <ele>188.2</ele>
    <time>2025-09-22T00:55:26Z</time>
   </trkpt>
   <trkpt lat="22.3757050" lon="114.0618300">
    <ele>188.0</ele>
    <time>2025-09-22T00:55:27Z</time>
   </trkpt>
   <trkpt lat="22.3756840" lon="114.0618350">
    <ele>187.7</ele>
    <time>2025-09-22T00:55:28Z</time>
   </trkpt>
   <trkpt lat="22.3756760" lon="114.0618370">
    <ele>187.5</ele>
    <time>2025-09-22T00:55:29Z</time>
   </trkpt>
   <trkpt lat="22.3756690" lon="114.0618390">
    <ele>187.4</ele>
    <time>2025-09-22T00:55:30Z</time>
   </trkpt>
   <trkpt lat="22.3756560" lon="114.0618380">
    <ele>187.3</ele>
    <time>2025-09-22T00:55:31Z</time>
   </trkpt>
   <trkpt lat="22.3756460" lon="114.0618380">
    <ele>187.1</ele>
    <time>2025-09-22T00:55:32Z</time>
   </trkpt>
   <trkpt lat="22.3756370" lon="114.0618400">
    <ele>187.0</ele>
    <time>2025-09-22T00:55:33Z</time>
   </trkpt>
   <trkpt lat="22.3756220" lon="114.0618430">
    <ele>186.8</ele>
    <time>2025-09-22T00:55:34Z</time>
   </trkpt>
   <trkpt lat="22.3756160" lon="114.0618470">
    <ele>186.7</ele>
    <time>2025-09-22T00:55:35Z</time>
   </trkpt>
   <trkpt lat="22.3756090" lon="114.0618510">
    <ele>186.6</ele>
    <time>2025-09-22T00:55:36Z</time>
   </trkpt>
   <trkpt lat="22.3756030" lon="114.0618550">
    <ele>186.5</ele>
    <time>2025-09-22T00:55:37Z</time>
   </trkpt>
   <trkpt lat="22.3755970" lon="114.0618590">
    <ele>186.4</ele>
    <time>2025-09-22T00:55:38Z</time>
   </trkpt>
   <trkpt lat="22.3755930" lon="114.0618840">
    <ele>186.1</ele>
    <time>2025-09-22T00:55:39Z</time>
   </trkpt>
   <trkpt lat="22.3755950" lon="114.0618950">
    <ele>185.9</ele>
    <time>2025-09-22T00:55:40Z</time>
   </trkpt>
   <trkpt lat="22.3755970" lon="114.0619060">
    <ele>185.8</ele>
    <time>2025-09-22T00:55:41Z</time>
   </trkpt>
   <trkpt lat="22.3755940" lon="114.0619310">
    <ele>185.5</ele>
    <time>2025-09-22T00:55:42Z</time>
   </trkpt>
   <trkpt lat="22.3755920" lon="114.0619370">
    <ele>185.4</ele>
    <time>2025-09-22T00:55:43Z</time>
   </trkpt>
   <trkpt lat="22.3755880" lon="114.0619520">
    <ele>185.2</ele>
    <time>2025-09-22T00:55:44Z</time>
   </trkpt>
   <trkpt lat="22.3755770" lon="114.0619660">
    <ele>185.0</ele>
    <time>2025-09-22T00:55:45Z</time>
   </trkpt>
   <trkpt lat="22.3755660" lon="114.0619740">
    <ele>184.8</ele>
    <time>2025-09-22T00:55:46Z</time>
   </trkpt>
   <trkpt lat="22.3755590" lon="114.0619770">
    <ele>184.7</ele>
    <time>2025-09-22T00:55:47Z</time>
   </trkpt>
   <trkpt lat="22.3755520" lon="114.0619850">
    <ele>184.6</ele>
    <time>2025-09-22T00:55:48Z</time>
   </trkpt>
   <trkpt lat="22.3755500" lon="114.0619890">
    <ele>184.5</ele>
    <time>2025-09-22T00:55:49Z</time>
   </trkpt>
   <trkpt lat="22.3755360" lon="114.0619900">
    <ele>184.3</ele>
    <time>2025-09-22T00:55:50Z</time>
   </trkpt>
   <trkpt lat="22.3755220" lon="114.0619970">
    <ele>184.1</ele>
    <time>2025-09-22T00:55:51Z</time>
   </trkpt>
   <trkpt lat="22.3755120" lon="114.0620040">
    <ele>184.0</ele>
    <time>2025-09-22T00:55:52Z</time>
   </trkpt>
   <trkpt lat="22.3755010" lon="114.0620170">
    <ele>183.8</ele>
    <time>2025-09-22T00:55:53Z</time>
   </trkpt>
   <trkpt lat="22.3754920" lon="114.0620370">
    <ele>183.5</ele>
    <time>2025-09-22T00:55:54Z</time>
   </trkpt>
   <trkpt lat="22.3754880" lon="114.0620490">
    <ele>183.4</ele>
    <time>2025-09-22T00:55:55Z</time>
   </trkpt>
   <trkpt lat="22.3754840" lon="114.0620600">
    <ele>183.2</ele>
    <time>2025-09-22T00:55:56Z</time>
   </trkpt>
   <trkpt lat="22.3754780" lon="114.0620630">
    <ele>183.1</ele>
    <time>2025-09-22T00:55:57Z</time>
   </trkpt>
   <trkpt lat="22.3754720" lon="114.0620760">
    <ele>183.0</ele>
    <time>2025-09-22T00:55:58Z</time>
   </trkpt>
   <trkpt lat="22.3754630" lon="114.0620870">
    <ele>182.8</ele>
    <time>2025-09-22T00:55:59Z</time>
   </trkpt>
   <trkpt lat="22.3754550" lon="114.0620950">
    <ele>182.7</ele>
    <time>2025-09-22T00:56:00Z</time>
   </trkpt>
   <trkpt lat="22.3754490" lon="114.0621080">
    <ele>182.5</ele>
    <time>2025-09-22T00:56:01Z</time>
   </trkpt>
   <trkpt lat="22.3754400" lon="114.0621080">
    <ele>182.4</ele>
    <time>2025-09-22T00:56:02Z</time>
   </trkpt>
   <trkpt lat="22.3754340" lon="114.0621170">
    <ele>182.3</ele>
    <time>2025-09-22T00:56:03Z</time>
   </trkpt>
   <trkpt lat="22.3754230" lon="114.0621170">
    <ele>182.1</ele>
    <time>2025-09-22T00:56:04Z</time>
   </trkpt>
   <trkpt lat="22.3754120" lon="114.0621150">
    <ele>182.0</ele>
    <time>2025-09-22T00:56:05Z</time>
   </trkpt>
   <trkpt lat="22.3754070" lon="114.0621160">
    <ele>181.9</ele>
    <time>2025-09-22T00:56:06Z</time>
   </trkpt>
   <trkpt lat="22.3753990" lon="114.0621140">
    <ele>181.8</ele>
    <time>2025-09-22T00:56:07Z</time>
   </trkpt>
   <trkpt lat="22.3753890" lon="114.0621100">
    <ele>181.7</ele>
    <time>2025-09-22T00:56:08Z</time>
   </trkpt>
   <trkpt lat="22.3753840" lon="114.0621080">
    <ele>181.6</ele>
    <time>2025-09-22T00:56:09Z</time>
   </trkpt>
   <trkpt lat="22.3753620" lon="114.0621090">
    <ele>181.4</ele>
    <time>2025-09-22T00:56:10Z</time>
   </trkpt>
   <trkpt lat="22.3753550" lon="114.0621110">
    <ele>181.3</ele>
    <time>2025-09-22T00:56:11Z</time>
   </trkpt>
   <trkpt lat="22.3753470" lon="114.0621130">
    <ele>181.2</ele>
    <time>2025-09-22T00:56:12Z</time>
   </trkpt>
   <trkpt lat="22.3753410" lon="114.0621140">
    <ele>181.1</ele>
    <time>2025-09-22T00:56:13Z</time>
   </trkpt>
   <trkpt lat="22.3753300" lon="114.0621210">
    <ele>181.0</ele>
    <time>2025-09-22T00:56:14Z</time>
   </trkpt>
   <trkpt lat="22.3753270" lon="114.0621330">
    <ele>180.8</ele>
    <time>2025-09-22T00:56:15Z</time>
   </trkpt>
   <trkpt lat="22.3753280" lon="114.0621550">
    <ele>180.6</ele>
    <time>2025-09-22T00:56:16Z</time>
   </trkpt>
   <trkpt lat="22.3753290" lon="114.0621640">
    <ele>180.5</ele>
    <time>2025-09-22T00:56:17Z</time>
   </trkpt>
   <trkpt lat="22.3753290" lon="114.0621730">
    <ele>180.4</ele>
    <time>2025-09-22T00:56:18Z</time>
   </trkpt>
   <trkpt lat="22.3753300" lon="114.0621890">
    <ele>180.2</ele>
    <time>2025-09-22T00:56:19Z</time>
   </trkpt>
   <trkpt lat="22.3753310" lon="114.0621980">
    <ele>180.2</ele>
    <time>2025-09-22T00:56:20Z</time>
   </trkpt>
   <trkpt lat="22.3753270" lon="114.0622100">
    <ele>180.0</ele>
    <time>2025-09-22T00:56:21Z</time>
   </trkpt>
   <trkpt lat="22.3753240" lon="114.0622310">
    <ele>179.8</ele>
    <time>2025-09-22T00:56:22Z</time>
   </trkpt>
   <trkpt lat="22.3753210" lon="114.0622410">
    <ele>179.7</ele>
    <time>2025-09-22T00:56:23Z</time>
   </trkpt>
   <trkpt lat="22.3753170" lon="114.0622500">
    <ele>179.6</ele>
    <time>2025-09-22T00:56:24Z</time>
   </trkpt>
   <trkpt lat="22.3753080" lon="114.0622690">
    <ele>179.4</ele>
    <time>2025-09-22T00:56:25Z</time>
   </trkpt>
   <trkpt lat="22.3753040" lon="114.0622820">
    <ele>179.3</ele>
    <time>2025-09-22T00:56:26Z</time>
   </trkpt>
   <trkpt lat="22.3752960" lon="114.0622930">
    <ele>179.1</ele>
    <time>2025-09-22T00:56:27Z</time>
   </trkpt>
   <trkpt lat="22.3752910" lon="114.0622980">
    <ele>179.1</ele>
    <time>2025-09-22T00:56:28Z</time>
   </trkpt>
   <trkpt lat="22.3752760" lon="114.0623030">
    <ele>178.9</ele>
    <time>2025-09-22T00:56:29Z</time>
   </trkpt>
   <trkpt lat="22.3752490" lon="114.0622980">
    <ele>178.6</ele>
    <time>2025-09-22T00:56:30Z</time>
   </trkpt>
   <trkpt lat="22.3752380" lon="114.0622970">
    <ele>178.5</ele>
    <time>2025-09-22T00:56:31Z</time>
   </trkpt>
   <trkpt lat="22.3752260" lon="114.0622980">
    <ele>178.3</ele>
    <time>2025-09-22T00:56:32Z</time>
   </trkpt>
   <trkpt lat="22.3752180" lon="114.0623000">
    <ele>178.2</ele>
    <time>2025-09-22T00:56:33Z</time>
   </trkpt>
   <trkpt lat="22.3752070" lon="114.0623050">
    <ele>178.1</ele>
    <time>2025-09-22T00:56:34Z</time>
   </trkpt>
   <trkpt lat="22.3751980" lon="114.0623010">
    <ele>178.0</ele>
    <time>2025-09-22T00:56:35Z</time>
   </trkpt>
   <trkpt lat="22.3751910" lon="114.0622970">
    <ele>177.9</ele>
    <time>2025-09-22T00:56:36Z</time>
   </trkpt>
   <trkpt lat="22.3751830" lon="114.0622990">
    <ele>177.8</ele>
    <time>2025-09-22T00:56:37Z</time>
   </trkpt>
   <trkpt lat="22.3751740" lon="114.0623030">
    <ele>177.7</ele>
    <time>2025-09-22T00:56:38Z</time>
   </trkpt>
   <trkpt lat="22.3751690" lon="114.0623080">
    <ele>177.6</ele>
    <time>2025-09-22T00:56:39Z</time>
   </trkpt>
   <trkpt lat="22.3751540" lon="114.0623140">
    <ele>177.4</ele>
    <time>2025-09-22T00:56:40Z</time>
   </trkpt>
   <trkpt lat="22.3751530" lon="114.0623300">
    <ele>177.3</ele>
    <time>2025-09-22T00:56:41Z</time>
   </trkpt>
   <trkpt lat="22.3751500" lon="114.0623560">
    <ele>177.0</ele>
    <time>2025-09-22T00:56:42Z</time>
   </trkpt>
   <trkpt lat="22.3751520" lon="114.0623640">
    <ele>176.9</ele>
    <time>2025-09-22T00:56:43Z</time>
   </trkpt>
   <trkpt lat="22.3751540" lon="114.0623730">
    <ele>176.8</ele>
    <time>2025-09-22T00:56:44Z</time>
   </trkpt>
   <trkpt lat="22.3751560" lon="114.0623950">
    <ele>176.6</ele>
    <time>2025-09-22T00:56:45Z</time>
   </trkpt>
   <trkpt lat="22.3751590" lon="114.0624030">
    <ele>176.5</ele>
    <time>2025-09-22T00:56:46Z</time>
   </trkpt>
   <trkpt lat="22.3751630" lon="114.0624110">
    <ele>176.4</ele>
    <time>2025-09-22T00:56:47Z</time>
   </trkpt>
   <trkpt lat="22.3751720" lon="114.0624300">
    <ele>176.1</ele>
    <time>2025-09-22T00:56:48Z</time>
   </trkpt>
   <trkpt lat="22.3751750" lon="114.0624360">
    <ele>176.1</ele>
    <time>2025-09-22T00:56:49Z</time>
   </trkpt>
   <trkpt lat="22.3751770" lon="114.0624390">
    <ele>176.0</ele>
    <time>2025-09-22T00:56:50Z</time>
   </trkpt>
   <trkpt lat="22.3751790" lon="114.0624550">
    <ele>175.8</ele>
    <time>2025-09-22T00:56:51Z</time>
   </trkpt>
   <trkpt lat="22.3751810" lon="114.0624650">
    <ele>175.7</ele>
    <time>2025-09-22T00:56:52Z</time>
   </trkpt>
   <trkpt lat="22.3751770" lon="114.0624760">
    <ele>175.6</ele>
    <time>2025-09-22T00:56:53Z</time>
   </trkpt>
   <trkpt lat="22.3751800" lon="114.0624840">
    <ele>175.5</ele>
    <time>2025-09-22T00:56:54Z</time>
   </trkpt>
   <trkpt lat="22.3751820" lon="114.0624880">
    <ele>175.5</ele>
    <time>2025-09-22T00:56:55Z</time>
   </trkpt>
   <trkpt lat="22.3751800" lon="114.0624840">
    <ele>175.4</ele>
    <time>2025-09-22T00:56:56Z</time>
   </trkpt>
   <trkpt lat="22.3751840" lon="114.0624860">
    <ele>175.4</ele>
    <time>2025-09-22T00:56:57Z</time>
   </trkpt>
   <trkpt lat="22.3751850" lon="114.0624860">
    <ele>175.4</ele>
    <time>2025-09-22T00:56:58Z</time>
   </trkpt>
   <trkpt lat="22.3751850" lon="114.0624860">
    <ele>175.4</ele>
    <time>2025-09-22T00:56:59Z</time>
   </trkpt>
   <trkpt lat="22.3751850" lon="114.0624860">
    <ele>175.4</ele>
    <time>2025-09-22T00:57:00Z</time>
   </trkpt>
   <trkpt lat="22.3751830" lon="114.0624680">
    <ele>175.2</ele>
    <time>2025-09-22T00:57:01Z</time>
   </trkpt>
   <trkpt lat="22.3751830" lon="114.0624670">
    <ele>175.1</ele>
    <time>2025-09-22T00:57:02Z</time>
   </trkpt>
   <trkpt lat="22.3751840" lon="114.0624640">
    <ele>175.1</ele>
    <time>2025-09-22T00:57:03Z</time>
   </trkpt>
   <trkpt lat="22.3751850" lon="114.0624610">
    <ele>175.1</ele>
    <time>2025-09-22T00:57:04Z</time>
   </trkpt>
   <trkpt lat="22.3751860" lon="114.0624580">
    <ele>175.0</ele>
    <time>2025-09-22T00:57:05Z</time>
   </trkpt>
   <trkpt lat="22.3751860" lon="114.0624550">
    <ele>175.0</ele>
    <time>2025-09-22T00:57:06Z</time>
   </trkpt>
   <trkpt lat="22.3751900" lon="114.0624570">
    <ele>175.0</ele>
    <time>2025-09-22T00:57:07Z</time>
   </trkpt>
   <trkpt lat="22.3751860" lon="114.0624550">
    <ele>174.9</ele>
    <time>2025-09-22T00:57:08Z</time>
   </trkpt>
   <trkpt lat="22.3751830" lon="114.0624540">
    <ele>174.9</ele>
    <time>2025-09-22T00:57:09Z</time>
   </trkpt>
   <trkpt lat="22.3751870" lon="114.0624560">
    <ele>174.8</ele>
    <time>2025-09-22T00:57:10Z</time>
   </trkpt>
   <trkpt lat="22.3751870" lon="114.0624560">
    <ele>174.8</ele>
    <time>2025-09-22T00:57:11Z</time>
   </trkpt>
   <trkpt lat="22.3751870" lon="114.0624560">
    <ele>174.8</ele>
    <time>2025-09-22T00:57:12Z</time>
   </trkpt>
   <trkpt lat="22.3751870" lon="114.0624560">
    <ele>174.8</ele>
    <time>2025-09-22T00:57:13Z</time>
   </trkpt>
   <trkpt lat="22.3751920" lon="114.0624590">
    <ele>174.8</ele>
    <time>2025-09-22T00:57:14Z</time>
   </trkpt>
   <trkpt lat="22.3751960" lon="114.0624570">
    <ele>174.7</ele>
    <time>2025-09-22T00:57:15Z</time>
   </trkpt>
   <trkpt lat="22.3751940" lon="114.0624560">
    <ele>174.7</ele>
    <time>2025-09-22T00:57:16Z</time>
   </trkpt>
   <trkpt lat="22.3751940" lon="114.0624550">
    <ele>174.7</ele>
    <time>2025-09-22T00:57:17Z</time>
   </trkpt>
   <trkpt lat="22.3751940" lon="114.0624550">
    <ele>174.7</ele>
    <time>2025-09-22T00:57:18Z</time>
   </trkpt>
   <trkpt lat="22.3751940" lon="114.0624550">
    <ele>174.7</ele>
    <time>2025-09-22T00:57:19Z</time>
   </trkpt>
   <trkpt lat="22.3751960" lon="114.0624490">
    <ele>174.6</ele>
    <time>2025-09-22T00:57:20Z</time>
   </trkpt>
   <trkpt lat="22.3751960" lon="114.0624490">
    <ele>174.6</ele>
    <time>2025-09-22T00:57:21Z</time>
   </trkpt>
   <trkpt lat="22.3751940" lon="114.0624510">
    <ele>174.6</ele>
    <time>2025-09-22T00:57:22Z</time>
   </trkpt>
   <trkpt lat="22.3751930" lon="114.0624500">
    <ele>174.6</ele>
    <time>2025-09-22T00:57:23Z</time>
   </trkpt>
   <trkpt lat="22.3751930" lon="114.0624500">
    <ele>174.6</ele>
    <time>2025-09-22T00:57:24Z</time>
   </trkpt>
   <trkpt lat="22.3751910" lon="114.0624550">
    <ele>174.5</ele>
    <time>2025-09-22T00:57:25Z</time>
   </trkpt>
   <trkpt lat="22.3751900" lon="114.0624550">
    <ele>174.5</ele>
    <time>2025-09-22T00:57:26Z</time>
   </trkpt>
   <trkpt lat="22.3751880" lon="114.0624540">
    <ele>174.5</ele>
    <time>2025-09-22T00:57:27Z</time>
   </trkpt>
   <trkpt lat="22.3751870" lon="114.0624520">
    <ele>174.5</ele>
    <time>2025-09-22T00:57:28Z</time>
   </trkpt>
   <trkpt lat="22.3751870" lon="114.0624520">
    <ele>174.5</ele>
    <time>2025-09-22T00:57:29Z</time>
   </trkpt>
   <trkpt lat="22.3751830" lon="114.0624490">
    <ele>174.4</ele>
    <time>2025-09-22T00:57:30Z</time>
   </trkpt>
   <trkpt lat="22.3751830" lon="114.0624490">
    <ele>174.4</ele>
    <time>2025-09-22T00:57:31Z</time>
   </trkpt>
   <trkpt lat="22.3751810" lon="114.0624470">
    <ele>174.4</ele>
    <time>2025-09-22T00:57:32Z</time>
   </trkpt>
   <trkpt lat="22.3751810" lon="114.0624470">
    <ele>174.4</ele>
    <time>2025-09-22T00:57:33Z</time>
   </trkpt>
   <trkpt lat="22.3751820" lon="114.0624480">
    <ele>174.4</ele>
    <time>2025-09-22T00:57:34Z</time>
   </trkpt>
   <trkpt lat="22.3751810" lon="114.0624530">
    <ele>174.3</ele>
    <time>2025-09-22T00:57:35Z</time>
   </trkpt>
   <trkpt lat="22.3751750" lon="114.0624720">
    <ele>174.1</ele>
    <time>2025-09-22T00:57:36Z</time>
   </trkpt>
   <trkpt lat="22.3751690" lon="114.0624870">
    <ele>174.0</ele>
    <time>2025-09-22T00:57:37Z</time>
   </trkpt>
   <trkpt lat="22.3751640" lon="114.0624940">
    <ele>173.9</ele>
    <time>2025-09-22T00:57:38Z</time>
   </trkpt>
   <trkpt lat="22.3751580" lon="114.0625010">
    <ele>173.8</ele>
    <time>2025-09-22T00:57:39Z</time>
   </trkpt>
   <trkpt lat="22.3751530" lon="114.0625080">
    <ele>173.7</ele>
    <time>2025-09-22T00:57:40Z</time>
   </trkpt>
   <trkpt lat="22.3751410" lon="114.0625170">
    <ele>173.5</ele>
    <time>2025-09-22T00:57:41Z</time>
   </trkpt>
   <trkpt lat="22.3751330" lon="114.0625220">
    <ele>173.5</ele>
    <time>2025-09-22T00:57:42Z</time>
   </trkpt>
   <trkpt lat="22.3751260" lon="114.0625330">
    <ele>173.3</ele>
    <time>2025-09-22T00:57:43Z</time>
   </trkpt>
   <trkpt lat="22.3751160" lon="114.0625430">
    <ele>173.2</ele>
    <time>2025-09-22T00:57:44Z</time>
   </trkpt>
   <trkpt lat="22.3751040" lon="114.0625490">
    <ele>173.1</ele>
    <time>2025-09-22T00:57:45Z</time>
   </trkpt>
   <trkpt lat="22.3750810" lon="114.0625660">
    <ele>172.8</ele>
    <time>2025-09-22T00:57:46Z</time>
   </trkpt>
   <trkpt lat="22.3750720" lon="114.0625680">
    <ele>172.7</ele>
    <time>2025-09-22T00:57:47Z</time>
   </trkpt>
   <trkpt lat="22.3750640" lon="114.0625710">
    <ele>172.6</ele>
    <time>2025-09-22T00:57:48Z</time>
   </trkpt>
   <trkpt lat="22.3750470" lon="114.0625750">
    <ele>172.4</ele>
    <time>2025-09-22T00:57:49Z</time>
   </trkpt>
   <trkpt lat="22.3750300" lon="114.0625850">
    <ele>172.2</ele>
    <time>2025-09-22T00:57:50Z</time>
   </trkpt>
   <trkpt lat="22.3750230" lon="114.0625880">
    <ele>172.2</ele>
    <time>2025-09-22T00:57:51Z</time>
   </trkpt>
   <trkpt lat="22.3750150" lon="114.0625900">
    <ele>172.1</ele>
    <time>2025-09-22T00:57:52Z</time>
   </trkpt>
   <trkpt lat="22.3750070" lon="114.0625920">
    <ele>172.0</ele>
    <time>2025-09-22T00:57:53Z</time>
   </trkpt>
   <trkpt lat="22.3749920" lon="114.0626030">
    <ele>171.8</ele>
    <time>2025-09-22T00:57:54Z</time>
   </trkpt>
   <trkpt lat="22.3749830" lon="114.0626120">
    <ele>171.7</ele>
    <time>2025-09-22T00:57:55Z</time>
   </trkpt>
   <trkpt lat="22.3749620" lon="114.0626230">
    <ele>171.5</ele>
    <time>2025-09-22T00:57:56Z</time>
   </trkpt>
   <trkpt lat="22.3749540" lon="114.0626260">
    <ele>171.4</ele>
    <time>2025-09-22T00:57:57Z</time>
   </trkpt>
   <trkpt lat="22.3749460" lon="114.0626290">
    <ele>171.3</ele>
    <time>2025-09-22T00:57:58Z</time>
   </trkpt>
   <trkpt lat="22.3749410" lon="114.0626500">
    <ele>171.1</ele>
    <time>2025-09-22T00:57:59Z</time>
   </trkpt>
   <trkpt lat="22.3749350" lon="114.0626600">
    <ele>171.0</ele>
    <time>2025-09-22T00:58:00Z</time>
   </trkpt>
   <trkpt lat="22.3749300" lon="114.0626710">
    <ele>170.9</ele>
    <time>2025-09-22T00:58:01Z</time>
   </trkpt>
   <trkpt lat="22.3749200" lon="114.0626870">
    <ele>170.7</ele>
    <time>2025-09-22T00:58:02Z</time>
   </trkpt>
   <trkpt lat="22.3749140" lon="114.0627020">
    <ele>170.6</ele>
    <time>2025-09-22T00:58:03Z</time>
   </trkpt>
   <trkpt lat="22.3749120" lon="114.0627200">
    <ele>170.5</ele>
    <time>2025-09-22T00:58:04Z</time>
   </trkpt>
   <trkpt lat="22.3749060" lon="114.0627350">
    <ele>170.3</ele>
    <time>2025-09-22T00:58:05Z</time>
   </trkpt>
   <trkpt lat="22.3749050" lon="114.0627540">
    <ele>170.1</ele>
    <time>2025-09-22T00:58:06Z</time>
   </trkpt>
   <trkpt lat="22.3748990" lon="114.0627690">
    <ele>170.0</ele>
    <time>2025-09-22T00:58:07Z</time>
   </trkpt>
   <trkpt lat="22.3748990" lon="114.0627850">
    <ele>169.9</ele>
    <time>2025-09-22T00:58:08Z</time>
   </trkpt>
   <trkpt lat="22.3748940" lon="114.0627980">
    <ele>169.7</ele>
    <time>2025-09-22T00:58:09Z</time>
   </trkpt>
   <trkpt lat="22.3748870" lon="114.0628110">
    <ele>169.6</ele>
    <time>2025-09-22T00:58:10Z</time>
   </trkpt>
   <trkpt lat="22.3748770" lon="114.0628210">
    <ele>169.5</ele>
    <time>2025-09-22T00:58:11Z</time>
   </trkpt>
   <trkpt lat="22.3748680" lon="114.0628310">
    <ele>169.4</ele>
    <time>2025-09-22T00:58:12Z</time>
   </trkpt>
   <trkpt lat="22.3748570" lon="114.0628410">
    <ele>169.2</ele>
    <time>2025-09-22T00:58:13Z</time>
   </trkpt>
   <trkpt lat="22.3748440" lon="114.0628490">
    <ele>169.1</ele>
    <time>2025-09-22T00:58:14Z</time>
   </trkpt>
   <trkpt lat="22.3748290" lon="114.0628520">
    <ele>169.0</ele>
    <time>2025-09-22T00:58:15Z</time>
   </trkpt>
   <trkpt lat="22.3748200" lon="114.0628630">
    <ele>168.8</ele>
    <time>2025-09-22T00:58:16Z</time>
   </trkpt>
   <trkpt lat="22.3748140" lon="114.0628810">
    <ele>168.7</ele>
    <time>2025-09-22T00:58:17Z</time>
   </trkpt>
   <trkpt lat="22.3748100" lon="114.0629040">
    <ele>168.5</ele>
    <time>2025-09-22T00:58:18Z</time>
   </trkpt>
   <trkpt lat="22.3748090" lon="114.0629150">
    <ele>168.4</ele>
    <time>2025-09-22T00:58:19Z</time>
   </trkpt>
   <trkpt lat="22.3748080" lon="114.0629260">
    <ele>168.3</ele>
    <time>2025-09-22T00:58:20Z</time>
   </trkpt>
   <trkpt lat="22.3748080" lon="114.0629490">
    <ele>168.1</ele>
    <time>2025-09-22T00:58:21Z</time>
   </trkpt>
   <trkpt lat="22.3748090" lon="114.0629590">
    <ele>168.0</ele>
    <time>2025-09-22T00:58:22Z</time>
   </trkpt>
   <trkpt lat="22.3748090" lon="114.0629680">
    <ele>168.0</ele>
    <time>2025-09-22T00:58:23Z</time>
   </trkpt>
   <trkpt lat="22.3748110" lon="114.0629790">
    <ele>167.9</ele>
    <time>2025-09-22T00:58:24Z</time>
   </trkpt>
   <trkpt lat="22.3748120" lon="114.0629930">
    <ele>167.8</ele>
    <time>2025-09-22T00:58:25Z</time>
   </trkpt>
   <trkpt lat="22.3748130" lon="114.0630060">
    <ele>167.7</ele>
    <time>2025-09-22T00:58:26Z</time>
   </trkpt>
   <trkpt lat="22.3748240" lon="114.0630250">
    <ele>167.5</ele>
    <time>2025-09-22T00:58:27Z</time>
   </trkpt>
   <trkpt lat="22.3748280" lon="114.0630330">
    <ele>167.4</ele>
    <time>2025-09-22T00:58:28Z</time>
   </trkpt>
   <trkpt lat="22.3748320" lon="114.0630400">
    <ele>167.3</ele>
    <time>2025-09-22T00:58:29Z</time>
   </trkpt>
   <trkpt lat="22.3748390" lon="114.0630500">
    <ele>167.3</ele>
    <time>2025-09-22T00:58:30Z</time>
   </trkpt>
   <trkpt lat="22.3748450" lon="114.0630590">
    <ele>167.2</ele>
    <time>2025-09-22T00:58:31Z</time>
   </trkpt>
   <trkpt lat="22.3748480" lon="114.0630690">
    <ele>167.1</ele>
    <time>2025-09-22T00:58:32Z</time>
   </trkpt>
   <trkpt lat="22.3748490" lon="114.0630740">
    <ele>167.0</ele>
    <time>2025-09-22T00:58:33Z</time>
   </trkpt>
   <trkpt lat="22.3748500" lon="114.0630820">
    <ele>167.0</ele>
    <time>2025-09-22T00:58:34Z</time>
   </trkpt>
   <trkpt lat="22.3748550" lon="114.0631040">
    <ele>166.8</ele>
    <time>2025-09-22T00:58:35Z</time>
   </trkpt>
   <trkpt lat="22.3748500" lon="114.0631200">
    <ele>166.7</ele>
    <time>2025-09-22T00:58:36Z</time>
   </trkpt>
   <trkpt lat="22.3748500" lon="114.0631290">
    <ele>166.6</ele>
    <time>2025-09-22T00:58:37Z</time>
   </trkpt>
   <trkpt lat="22.3748490" lon="114.0631370">
    <ele>166.5</ele>
    <time>2025-09-22T00:58:38Z</time>
   </trkpt>
   <trkpt lat="22.3748480" lon="114.0631450">
    <ele>166.5</ele>
    <time>2025-09-22T00:58:39Z</time>
   </trkpt>
   <trkpt lat="22.3748490" lon="114.0631610">
    <ele>166.4</ele>
    <time>2025-09-22T00:58:40Z</time>
   </trkpt>
   <trkpt lat="22.3748480" lon="114.0631730">
    <ele>166.3</ele>
    <time>2025-09-22T00:58:41Z</time>
   </trkpt>
   <trkpt lat="22.3748520" lon="114.0631810">
    <ele>166.2</ele>
    <time>2025-09-22T00:58:42Z</time>
   </trkpt>
   <trkpt lat="22.3748440" lon="114.0631950">
    <ele>166.0</ele>
    <time>2025-09-22T00:58:43Z</time>
   </trkpt>
   <trkpt lat="22.3748350" lon="114.0632040">
    <ele>165.9</ele>
    <time>2025-09-22T00:58:44Z</time>
   </trkpt>
   <trkpt lat="22.3748230" lon="114.0632240">
    <ele>165.7</ele>
    <time>2025-09-22T00:58:45Z</time>
   </trkpt>
   <trkpt lat="22.3748190" lon="114.0632320">
    <ele>165.6</ele>
    <time>2025-09-22T00:58:46Z</time>
   </trkpt>
   <trkpt lat="22.3748160" lon="114.0632390">
    <ele>165.6</ele>
    <time>2025-09-22T00:58:47Z</time>
   </trkpt>
   <trkpt lat="22.3748130" lon="114.0632490">
    <ele>165.5</ele>
    <time>2025-09-22T00:58:48Z</time>
   </trkpt>
   <trkpt lat="22.3748070" lon="114.0632550">
    <ele>165.4</ele>
    <time>2025-09-22T00:58:49Z</time>
   </trkpt>
   <trkpt lat="22.3748030" lon="114.0632510">
    <ele>165.3</ele>
    <time>2025-09-22T00:58:50Z</time>
   </trkpt>
   <trkpt lat="22.3747920" lon="114.0632540">
    <ele>165.2</ele>
    <time>2025-09-22T00:58:51Z</time>
   </trkpt>
   <trkpt lat="22.3747780" lon="114.0632340">
    <ele>165.0</ele>
    <time>2025-09-22T00:58:52Z</time>
   </trkpt>
   <trkpt lat="22.3747740" lon="114.0632240">
    <ele>164.8</ele>
    <time>2025-09-22T00:58:53Z</time>
   </trkpt>
   <trkpt lat="22.3747690" lon="114.0632180">
    <ele>164.8</ele>
    <time>2025-09-22T00:58:54Z</time>
   </trkpt>
   <trkpt lat="22.3747660" lon="114.0632170">
    <ele>164.7</ele>
    <time>2025-09-22T00:58:55Z</time>
   </trkpt>
   <trkpt lat="22.3747730" lon="114.0632230">
    <ele>164.6</ele>
    <time>2025-09-22T00:58:56Z</time>
   </trkpt>
   <trkpt lat="22.3747720" lon="114.0632200">
    <ele>164.6</ele>
    <time>2025-09-22T00:58:57Z</time>
   </trkpt>
   <trkpt lat="22.3747700" lon="114.0632260">
    <ele>164.5</ele>
    <time>2025-09-22T00:58:58Z</time>
   </trkpt>
   <trkpt lat="22.3747700" lon="114.0632250">
    <ele>164.5</ele>
    <time>2025-09-22T00:58:59Z</time>
   </trkpt>
   <trkpt lat="22.3747670" lon="114.0632270">
    <ele>164.5</ele>
    <time>2025-09-22T00:59:00Z</time>
   </trkpt>
   <trkpt lat="22.3747710" lon="114.0632300">
    <ele>164.4</ele>
    <time>2025-09-22T00:59:01Z</time>
   </trkpt>
   <trkpt lat="22.3747680" lon="114.0632280">
    <ele>164.3</ele>
    <time>2025-09-22T00:59:02Z</time>
   </trkpt>
   <trkpt lat="22.3747700" lon="114.0632310">
    <ele>164.3</ele>
    <time>2025-09-22T00:59:03Z</time>
   </trkpt>
   <trkpt lat="22.3747690" lon="114.0632220">
    <ele>164.2</ele>
    <time>2025-09-22T00:59:04Z</time>
   </trkpt>
   <trkpt lat="22.3747740" lon="114.0632200">
    <ele>164.1</ele>
    <time>2025-09-22T00:59:05Z</time>
   </trkpt>
   <trkpt lat="22.3747750" lon="114.0632220">
    <ele>164.1</ele>
    <time>2025-09-22T00:59:06Z</time>
   </trkpt>
   <trkpt lat="22.3747800" lon="114.0632280">
    <ele>164.0</ele>
    <time>2025-09-22T00:59:07Z</time>
   </trkpt>
   <trkpt lat="22.3747920" lon="114.0632360">
    <ele>163.8</ele>
    <time>2025-09-22T00:59:08Z</time>
   </trkpt>
   <trkpt lat="22.3747970" lon="114.0632430">
    <ele>163.7</ele>
    <time>2025-09-22T00:59:09Z</time>
   </trkpt>
   <trkpt lat="22.3748050" lon="114.0632660">
    <ele>163.4</ele>
    <time>2025-09-22T00:59:10Z</time>
   </trkpt>
   <trkpt lat="22.3748040" lon="114.0632820">
    <ele>163.2</ele>
    <time>2025-09-22T00:59:11Z</time>
   </trkpt>
   <trkpt lat="22.3748000" lon="114.0632830">
    <ele>163.1</ele>
    <time>2025-09-22T00:59:12Z</time>
   </trkpt>
   <trkpt lat="22.3747900" lon="114.0632770">
    <ele>162.9</ele>
    <time>2025-09-22T00:59:13Z</time>
   </trkpt>
   <trkpt lat="22.3747770" lon="114.0632780">
    <ele>162.8</ele>
    <time>2025-09-22T00:59:14Z</time>
   </trkpt>
   <trkpt lat="22.3747680" lon="114.0632810">
    <ele>162.6</ele>
    <time>2025-09-22T00:59:15Z</time>
   </trkpt>
   <trkpt lat="22.3747580" lon="114.0632850">
    <ele>162.5</ele>
    <time>2025-09-22T00:59:16Z</time>
   </trkpt>
   <trkpt lat="22.3747480" lon="114.0632820">
    <ele>162.3</ele>
    <time>2025-09-22T00:59:17Z</time>
   </trkpt>
   <trkpt lat="22.3747370" lon="114.0632730">
    <ele>162.1</ele>
    <time>2025-09-22T00:59:18Z</time>
   </trkpt>
   <trkpt lat="22.3747190" lon="114.0632680">
    <ele>161.7</ele>
    <time>2025-09-22T00:59:19Z</time>
   </trkpt>
   <trkpt lat="22.3747100" lon="114.0632390">
    <ele>161.4</ele>
    <time>2025-09-22T00:59:20Z</time>
   </trkpt>
   <trkpt lat="22.3747050" lon="114.0632250">
    <ele>161.2</ele>
    <time>2025-09-22T00:59:21Z</time>
   </trkpt>
   <trkpt lat="22.3746800" lon="114.0632110">
    <ele>160.9</ele>
    <time>2025-09-22T00:59:22Z</time>
   </trkpt>
   <trkpt lat="22.3746690" lon="114.0632010">
    <ele>160.7</ele>
    <time>2025-09-22T00:59:23Z</time>
   </trkpt>
   <trkpt lat="22.3746640" lon="114.0631990">
    <ele>160.6</ele>
    <time>2025-09-22T00:59:24Z</time>
   </trkpt>
   <trkpt lat="22.3746430" lon="114.0631990">
    <ele>160.4</ele>
    <time>2025-09-22T00:59:25Z</time>
   </trkpt>
   <trkpt lat="22.3746360" lon="114.0631960">
    <ele>160.3</ele>
    <time>2025-09-22T00:59:26Z</time>
   </trkpt>
   <trkpt lat="22.3746200" lon="114.0631770">
    <ele>160.1</ele>
    <time>2025-09-22T00:59:27Z</time>
   </trkpt>
   <trkpt lat="22.3746110" lon="114.0631730">
    <ele>160.0</ele>
    <time>2025-09-22T00:59:28Z</time>
   </trkpt>
   <trkpt lat="22.3746030" lon="114.0631680">
    <ele>159.9</ele>
    <time>2025-09-22T00:59:29Z</time>
   </trkpt>
   <trkpt lat="22.3745800" lon="114.0631610">
    <ele>159.7</ele>
    <time>2025-09-22T00:59:30Z</time>
   </trkpt>
   <trkpt lat="22.3745720" lon="114.0631560">
    <ele>159.6</ele>
    <time>2025-09-22T00:59:31Z</time>
   </trkpt>
   <trkpt lat="22.3745650" lon="114.0631510">
    <ele>159.5</ele>
    <time>2025-09-22T00:59:32Z</time>
   </trkpt>
   <trkpt lat="22.3745540" lon="114.0631440">
    <ele>159.4</ele>
    <time>2025-09-22T00:59:33Z</time>
   </trkpt>
   <trkpt lat="22.3745450" lon="114.0631390">
    <ele>159.3</ele>
    <time>2025-09-22T00:59:34Z</time>
   </trkpt>
   <trkpt lat="22.3745380" lon="114.0631310">
    <ele>159.2</ele>
    <time>2025-09-22T00:59:35Z</time>
   </trkpt>
   <trkpt lat="22.3745300" lon="114.0631200">
    <ele>159.1</ele>
    <time>2025-09-22T00:59:36Z</time>
   </trkpt>
   <trkpt lat="22.3745160" lon="114.0631170">
    <ele>159.0</ele>
    <time>2025-09-22T00:59:37Z</time>
   </trkpt>
   <trkpt lat="22.3745120" lon="114.0631050">
    <ele>158.9</ele>
    <time>2025-09-22T00:59:38Z</time>
   </trkpt>
   <trkpt lat="22.3745040" lon="114.0630870">
    <ele>158.8</ele>
    <time>2025-09-22T00:59:39Z</time>
   </trkpt>
   <trkpt lat="22.3745000" lon="114.0630840">
    <ele>158.7</ele>
    <time>2025-09-22T00:59:40Z</time>
   </trkpt>
   <trkpt lat="22.3744990" lon="114.0630750">
    <ele>158.7</ele>
    <time>2025-09-22T00:59:41Z</time>
   </trkpt>
   <trkpt lat="22.3744970" lon="114.0630660">
    <ele>158.6</ele>
    <time>2025-09-22T00:59:42Z</time>
   </trkpt>
   <trkpt lat="22.3744940" lon="114.0630580">
    <ele>158.6</ele>
    <time>2025-09-22T00:59:43Z</time>
   </trkpt>
   <trkpt lat="22.3744890" lon="114.0630450">
    <ele>158.5</ele>
    <time>2025-09-22T00:59:44Z</time>
   </trkpt>
   <trkpt lat="22.3744870" lon="114.0630340">
    <ele>158.4</ele>
    <time>2025-09-22T00:59:45Z</time>
   </trkpt>
   <trkpt lat="22.3744850" lon="114.0630200">
    <ele>158.3</ele>
    <time>2025-09-22T00:59:46Z</time>
   </trkpt>
   <trkpt lat="22.3744870" lon="114.0630060">
    <ele>158.2</ele>
    <time>2025-09-22T00:59:47Z</time>
   </trkpt>
   <trkpt lat="22.3744850" lon="114.0629950">
    <ele>158.1</ele>
    <time>2025-09-22T00:59:48Z</time>
   </trkpt>
   <trkpt lat="22.3744840" lon="114.0629830">
    <ele>158.0</ele>
    <time>2025-09-22T00:59:49Z</time>
   </trkpt>
   <trkpt lat="22.3744830" lon="114.0629680">
    <ele>157.9</ele>
    <time>2025-09-22T00:59:50Z</time>
   </trkpt>
   <trkpt lat="22.3744780" lon="114.0629450">
    <ele>157.8</ele>
    <time>2025-09-22T00:59:51Z</time>
   </trkpt>
   <trkpt lat="22.3744760" lon="114.0629340">
    <ele>157.7</ele>
    <time>2025-09-22T00:59:52Z</time>
   </trkpt>
   <trkpt lat="22.3744750" lon="114.0629240">
    <ele>157.6</ele>
    <time>2025-09-22T00:59:53Z</time>
   </trkpt>
   <trkpt lat="22.3744560" lon="114.0629210">
    <ele>157.5</ele>
    <time>2025-09-22T00:59:54Z</time>
   </trkpt>
   <trkpt lat="22.3744470" lon="114.0629210">
    <ele>157.4</ele>
    <time>2025-09-22T00:59:55Z</time>
   </trkpt>
   <trkpt lat="22.3744380" lon="114.0629200">
    <ele>157.4</ele>
    <time>2025-09-22T00:59:56Z</time>
   </trkpt>
   <trkpt lat="22.3744320" lon="114.0629220">
    <ele>157.3</ele>
    <time>2025-09-22T00:59:57Z</time>
   </trkpt>
   <trkpt lat="22.3744170" lon="114.0629200">
    <ele>157.2</ele>
    <time>2025-09-22T00:59:58Z</time>
   </trkpt>
   <trkpt lat="22.3744050" lon="114.0629210">
    <ele>157.1</ele>
    <time>2025-09-22T00:59:59Z</time>
   </trkpt>
   <trkpt lat="22.3743870" lon="114.0629250">
    <ele>157.0</ele>
    <time>2025-09-22T01:00:00Z</time>
   </trkpt>
   <trkpt lat="22.3743770" lon="114.0629240">
    <ele>156.9</ele>
    <time>2025-09-22T01:00:01Z</time>
   </trkpt>
   <trkpt lat="22.3743660" lon="114.0629240">
    <ele>156.8</ele>
    <time>2025-09-22T01:00:02Z</time>
   </trkpt>
   <trkpt lat="22.3743710" lon="114.0629230">
    <ele>156.8</ele>
    <time>2025-09-22T01:00:03Z</time>
   </trkpt>
   <trkpt lat="22.3743670" lon="114.0629220">
    <ele>156.8</ele>
    <time>2025-09-22T01:00:04Z</time>
   </trkpt>
   <trkpt lat="22.3743590" lon="114.0629240">
    <ele>156.7</ele>
    <time>2025-09-22T01:00:05Z</time>
   </trkpt>
   <trkpt lat="22.3743470" lon="114.0629260">
    <ele>156.6</ele>
    <time>2025-09-22T01:00:06Z</time>
   </trkpt>
   <trkpt lat="22.3743390" lon="114.0629310">
    <ele>156.5</ele>
    <time>2025-09-22T01:00:07Z</time>
   </trkpt>
   <trkpt lat="22.3743340" lon="114.0629210">
    <ele>156.4</ele>
    <time>2025-09-22T01:00:08Z</time>
   </trkpt>
   <trkpt lat="22.3743180" lon="114.0629120">
    <ele>156.3</ele>
    <time>2025-09-22T01:00:09Z</time>
   </trkpt>
   <trkpt lat="22.3743030" lon="114.0629120">
    <ele>156.2</ele>
    <time>2025-09-22T01:00:10Z</time>
   </trkpt>
   <trkpt lat="22.3742900" lon="114.0629110">
    <ele>156.1</ele>
    <time>2025-09-22T01:00:11Z</time>
   </trkpt>
   <trkpt lat="22.3742820" lon="114.0629120">
    <ele>156.0</ele>
    <time>2025-09-22T01:00:12Z</time>
   </trkpt>
   <trkpt lat="22.3742670" lon="114.0629130">
    <ele>155.9</ele>
    <time>2025-09-22T01:00:13Z</time>
   </trkpt>
   <trkpt lat="22.3742600" lon="114.0629220">
    <ele>155.8</ele>
    <time>2025-09-22T01:00:14Z</time>
   </trkpt>
   <trkpt lat="22.3742450" lon="114.0629400">
    <ele>155.6</ele>
    <time>2025-09-22T01:00:15Z</time>
   </trkpt>
   <trkpt lat="22.3742410" lon="114.0629550">
    <ele>155.5</ele>
    <time>2025-09-22T01:00:16Z</time>
   </trkpt>
   <trkpt lat="22.3742380" lon="114.0629690">
    <ele>155.4</ele>
    <time>2025-09-22T01:00:17Z</time>
   </trkpt>
   <trkpt lat="22.3742320" lon="114.0629780">
    <ele>155.4</ele>
    <time>2025-09-22T01:00:18Z</time>
   </trkpt>
   <trkpt lat="22.3742250" lon="114.0629940">
    <ele>155.3</ele>
    <time>2025-09-22T01:00:19Z</time>
   </trkpt>
   <trkpt lat="22.3742190" lon="114.0630030">
    <ele>155.2</ele>
    <time>2025-09-22T01:00:20Z</time>
   </trkpt>
   <trkpt lat="22.3742090" lon="114.0630080">
    <ele>155.2</ele>
    <time>2025-09-22T01:00:21Z</time>
   </trkpt>
   <trkpt lat="22.3741980" lon="114.0630130">
    <ele>155.1</ele>
    <time>2025-09-22T01:00:22Z</time>
   </trkpt>
   <trkpt lat="22.3741920" lon="114.0630200">
    <ele>155.1</ele>
    <time>2025-09-22T01:00:23Z</time>
   </trkpt>
   <trkpt lat="22.3741800" lon="114.0630230">
    <ele>155.0</ele>
    <time>2025-09-22T01:00:24Z</time>
   </trkpt>
   <trkpt lat="22.3741710" lon="114.0630340">
    <ele>154.9</ele>
    <time>2025-09-22T01:00:25Z</time>
   </trkpt>
   <trkpt lat="22.3741680" lon="114.0630410">
    <ele>154.9</ele>
    <time>2025-09-22T01:00:26Z</time>
   </trkpt>
   <trkpt lat="22.3741610" lon="114.0630530">
    <ele>154.8</ele>
    <time>2025-09-22T01:00:27Z</time>
   </trkpt>
   <trkpt lat="22.3741590" lon="114.0630640">
    <ele>154.8</ele>
    <time>2025-09-22T01:00:28Z</time>
   </trkpt>
   <trkpt lat="22.3741590" lon="114.0630670">
    <ele>154.8</ele>
    <time>2025-09-22T01:00:29Z</time>
   </trkpt>
   <trkpt lat="22.3741700" lon="114.0630780">
    <ele>154.7</ele>
    <time>2025-09-22T01:00:30Z</time>
   </trkpt>
   <trkpt lat="22.3741750" lon="114.0630990">
    <ele>154.6</ele>
    <time>2025-09-22T01:00:31Z</time>
   </trkpt>
   <trkpt lat="22.3741770" lon="114.0631130">
    <ele>154.5</ele>
    <time>2025-09-22T01:00:32Z</time>
   </trkpt>
   <trkpt lat="22.3741820" lon="114.0631260">
    <ele>154.5</ele>
    <time>2025-09-22T01:00:33Z</time>
   </trkpt>
   <trkpt lat="22.3741860" lon="114.0631420">
    <ele>154.4</ele>
    <time>2025-09-22T01:00:34Z</time>
   </trkpt>
   <trkpt lat="22.3741790" lon="114.0631670">
    <ele>154.3</ele>
    <time>2025-09-22T01:00:35Z</time>
   </trkpt>
   <trkpt lat="22.3741770" lon="114.0631750">
    <ele>154.3</ele>
    <time>2025-09-22T01:00:36Z</time>
   </trkpt>
   <trkpt lat="22.3741760" lon="114.0631830">
    <ele>154.2</ele>
    <time>2025-09-22T01:00:37Z</time>
   </trkpt>
   <trkpt lat="22.3741720" lon="114.0632030">
    <ele>154.1</ele>
    <time>2025-09-22T01:00:38Z</time>
   </trkpt>
   <trkpt lat="22.3741690" lon="114.0632150">
    <ele>154.0</ele>
    <time>2025-09-22T01:00:39Z</time>
   </trkpt>
   <trkpt lat="22.3741670" lon="114.0632270">
    <ele>154.0</ele>
    <time>2025-09-22T01:00:40Z</time>
   </trkpt>
   <trkpt lat="22.3741610" lon="114.0632390">
    <ele>153.9</ele>
    <time>2025-09-22T01:00:41Z</time>
   </trkpt>
   <trkpt lat="22.3741520" lon="114.0632520">
    <ele>153.8</ele>
    <time>2025-09-22T01:00:42Z</time>
   </trkpt>
   <trkpt lat="22.3741430" lon="114.0632640">
    <ele>153.7</ele>
    <time>2025-09-22T01:00:43Z</time>
   </trkpt>
   <trkpt lat="22.3741360" lon="114.0632780">
    <ele>153.6</ele>
    <time>2025-09-22T01:00:44Z</time>
   </trkpt>
   <trkpt lat="22.3741320" lon="114.0632900">
    <ele>153.5</ele>
    <time>2025-09-22T01:00:45Z</time>
   </trkpt>
   <trkpt lat="22.3741290" lon="114.0633010">
    <ele>153.4</ele>
    <time>2025-09-22T01:00:46Z</time>
   </trkpt>
   <trkpt lat="22.3741270" lon="114.0633110">
    <ele>153.3</ele>
    <time>2025-09-22T01:00:47Z</time>
   </trkpt>
   <trkpt lat="22.3741170" lon="114.0633260">
    <ele>153.2</ele>
    <time>2025-09-22T01:00:48Z</time>
   </trkpt>
   <trkpt lat="22.3741110" lon="114.0633340">
    <ele>153.1</ele>
    <time>2025-09-22T01:00:49Z</time>
   </trkpt>
   <trkpt lat="22.3741030" lon="114.0633400">
    <ele>153.0</ele>
    <time>2025-09-22T01:00:50Z</time>
   </trkpt>
   <trkpt lat="22.3740980" lon="114.0633480">
    <ele>153.0</ele>
    <time>2025-09-22T01:00:51Z</time>
   </trkpt>
   <trkpt lat="22.3740970" lon="114.0633510">
    <ele>152.9</ele>
    <time>2025-09-22T01:00:52Z</time>
   </trkpt>
   <trkpt lat="22.3740880" lon="114.0633610">
    <ele>152.8</ele>
    <time>2025-09-22T01:00:53Z</time>
   </trkpt>
   <trkpt lat="22.3740810" lon="114.0633650">
    <ele>152.7</ele>
    <time>2025-09-22T01:00:54Z</time>
   </trkpt>
   <trkpt lat="22.3740760" lon="114.0633780">
    <ele>152.6</ele>
    <time>2025-09-22T01:00:55Z</time>
   </trkpt>
   <trkpt lat="22.3740720" lon="114.0633840">
    <ele>152.5</ele>
    <time>2025-09-22T01:00:56Z</time>
   </trkpt>
   <trkpt lat="22.3740660" lon="114.0633920">
    <ele>152.4</ele>
    <time>2025-09-22T01:00:57Z</time>
   </trkpt>
   <trkpt lat="22.3740620" lon="114.0634070">
    <ele>152.3</ele>
    <time>2025-09-22T01:00:58Z</time>
   </trkpt>
   <trkpt lat="22.3740590" lon="114.0634100">
    <ele>152.2</ele>
    <time>2025-09-22T01:00:59Z</time>
   </trkpt>
   <trkpt lat="22.3740510" lon="114.0634190">
    <ele>152.1</ele>
    <time>2025-09-22T01:01:00Z</time>
   </trkpt>
   <trkpt lat="22.3740440" lon="114.0634230">
    <ele>152.0</ele>
    <time>2025-09-22T01:01:01Z</time>
   </trkpt>
   <trkpt lat="22.3740360" lon="114.0634330">
    <ele>151.9</ele>
    <time>2025-09-22T01:01:02Z</time>
   </trkpt>
   <trkpt lat="22.3740330" lon="114.0634400">
    <ele>151.8</ele>
    <time>2025-09-22T01:01:03Z</time>
   </trkpt>
   <trkpt lat="22.3740260" lon="114.0634440">
    <ele>151.7</ele>
    <time>2025-09-22T01:01:04Z</time>
   </trkpt>
   <trkpt lat="22.3740120" lon="114.0634520">
    <ele>151.5</ele>
    <time>2025-09-22T01:01:05Z</time>
   </trkpt>
   <trkpt lat="22.3740040" lon="114.0634560">
    <ele>151.4</ele>
    <time>2025-09-22T01:01:06Z</time>
   </trkpt>
   <trkpt lat="22.3739960" lon="114.0634590">
    <ele>151.3</ele>
    <time>2025-09-22T01:01:07Z</time>
   </trkpt>
   <trkpt lat="22.3739870" lon="114.0634630">
    <ele>151.2</ele>
    <time>2025-09-22T01:01:08Z</time>
   </trkpt>
   <trkpt lat="22.3739790" lon="114.0634650">
    <ele>151.1</ele>
    <time>2025-09-22T01:01:09Z</time>
   </trkpt>
   <trkpt lat="22.3739700" lon="114.0634490">
    <ele>150.9</ele>
    <time>2025-09-22T01:01:10Z</time>
   </trkpt>
   <trkpt lat="22.3739540" lon="114.0634490">
    <ele>150.7</ele>
    <time>2025-09-22T01:01:11Z</time>
   </trkpt>
   <trkpt lat="22.3739430" lon="114.0634400">
    <ele>150.6</ele>
    <time>2025-09-22T01:01:12Z</time>
   </trkpt>
   <trkpt lat="22.3739360" lon="114.0634300">
    <ele>150.4</ele>
    <time>2025-09-22T01:01:13Z</time>
   </trkpt>
   <trkpt lat="22.3739190" lon="114.0634140">
    <ele>150.2</ele>
    <time>2025-09-22T01:01:14Z</time>
   </trkpt>
   <trkpt lat="22.3739080" lon="114.0633920">
    <ele>149.9</ele>
    <time>2025-09-22T01:01:15Z</time>
   </trkpt>
   <trkpt lat="22.3738980" lon="114.0633800">
    <ele>149.7</ele>
    <time>2025-09-22T01:01:16Z</time>
   </trkpt>
   <trkpt lat="22.3738600" lon="114.0633860">
    <ele>149.3</ele>
    <time>2025-09-22T01:01:17Z</time>
   </trkpt>
   <trkpt lat="22.3738460" lon="114.0633880">
    <ele>149.1</ele>
    <time>2025-09-22T01:01:18Z</time>
   </trkpt>
   <trkpt lat="22.3738310" lon="114.0633910">
    <ele>148.9</ele>
    <time>2025-09-22T01:01:19Z</time>
   </trkpt>
   <trkpt lat="22.3738230" lon="114.0633890">
    <ele>148.8</ele>
    <time>2025-09-22T01:01:20Z</time>
   </trkpt>
   <trkpt lat="22.3738160" lon="114.0633860">
    <ele>148.8</ele>
    <time>2025-09-22T01:01:21Z</time>
   </trkpt>
   <trkpt lat="22.3738080" lon="114.0633840">
    <ele>148.7</ele>
    <time>2025-09-22T01:01:22Z</time>
   </trkpt>
   <trkpt lat="22.3737920" lon="114.0633810">
    <ele>148.5</ele>
    <time>2025-09-22T01:01:23Z</time>
   </trkpt>
   <trkpt lat="22.3737800" lon="114.0633800">
    <ele>148.4</ele>
    <time>2025-09-22T01:01:24Z</time>
   </trkpt>
   <trkpt lat="22.3737590" lon="114.0633750">
    <ele>148.1</ele>
    <time>2025-09-22T01:01:25Z</time>
   </trkpt>
   <trkpt lat="22.3737510" lon="114.0633780">
    <ele>148.0</ele>
    <time>2025-09-22T01:01:26Z</time>
   </trkpt>
   <trkpt lat="22.3737220" lon="114.0633800">
    <ele>147.7</ele>
    <time>2025-09-22T01:01:27Z</time>
   </trkpt>
   <trkpt lat="22.3737110" lon="114.0633830">
    <ele>147.6</ele>
    <time>2025-09-22T01:01:28Z</time>
   </trkpt>
   <trkpt lat="22.3737020" lon="114.0633880">
    <ele>147.5</ele>
    <time>2025-09-22T01:01:29Z</time>
   </trkpt>
   <trkpt lat="22.3736900" lon="114.0633890">
    <ele>147.3</ele>
    <time>2025-09-22T01:01:30Z</time>
   </trkpt>
   <trkpt lat="22.3736810" lon="114.0633930">
    <ele>147.2</ele>
    <time>2025-09-22T01:01:31Z</time>
   </trkpt>
   <trkpt lat="22.3736620" lon="114.0634070">
    <ele>147.0</ele>
    <time>2025-09-22T01:01:32Z</time>
   </trkpt>
   <trkpt lat="22.3736580" lon="114.0634130">
    <ele>146.9</ele>
    <time>2025-09-22T01:01:33Z</time>
   </trkpt>
   <trkpt lat="22.3736530" lon="114.0634180">
    <ele>146.8</ele>
    <time>2025-09-22T01:01:34Z</time>
   </trkpt>
   <trkpt lat="22.3736420" lon="114.0634280">
    <ele>146.7</ele>
    <time>2025-09-22T01:01:35Z</time>
   </trkpt>
   <trkpt lat="22.3736290" lon="114.0634340">
    <ele>146.5</ele>
    <time>2025-09-22T01:01:36Z</time>
   </trkpt>
   <trkpt lat="22.3736200" lon="114.0634470">
    <ele>146.4</ele>
    <time>2025-09-22T01:01:37Z</time>
   </trkpt>
   <trkpt lat="22.3736160" lon="114.0634540">
    <ele>146.3</ele>
    <time>2025-09-22T01:01:38Z</time>
   </trkpt>
   <trkpt lat="22.3736120" lon="114.0634610">
    <ele>146.2</ele>
    <time>2025-09-22T01:01:39Z</time>
   </trkpt>
   <trkpt lat="22.3736080" lon="114.0634680">
    <ele>146.1</ele>
    <time>2025-09-22T01:01:40Z</time>
   </trkpt>
   <trkpt lat="22.3736030" lon="114.0634800">
    <ele>146.0</ele>
    <time>2025-09-22T01:01:41Z</time>
   </trkpt>
   <trkpt lat="22.3736000" lon="114.0634890">
    <ele>145.9</ele>
    <time>2025-09-22T01:01:42Z</time>
   </trkpt>
   <trkpt lat="22.3735970" lon="114.0634980">
    <ele>145.8</ele>
    <time>2025-09-22T01:01:43Z</time>
   </trkpt>
   <trkpt lat="22.3735940" lon="114.0635070">
    <ele>145.7</ele>
    <time>2025-09-22T01:01:44Z</time>
   </trkpt>
   <trkpt lat="22.3735820" lon="114.0635190">
    <ele>145.5</ele>
    <time>2025-09-22T01:01:45Z</time>
   </trkpt>
   <trkpt lat="22.3735840" lon="114.0635400">
    <ele>145.3</ele>
    <time>2025-09-22T01:01:46Z</time>
   </trkpt>
   <trkpt lat="22.3735780" lon="114.0635540">
    <ele>145.1</ele>
    <time>2025-09-22T01:01:47Z</time>
   </trkpt>
   <trkpt lat="22.3735670" lon="114.0635630">
    <ele>145.0</ele>
    <time>2025-09-22T01:01:48Z</time>
   </trkpt>
   <trkpt lat="22.3735560" lon="114.0635720">
    <ele>144.9</ele>
    <time>2025-09-22T01:01:49Z</time>
   </trkpt>
   <trkpt lat="22.3735390" lon="114.0635730">
    <ele>144.7</ele>
    <time>2025-09-22T01:01:50Z</time>
   </trkpt>
   <trkpt lat="22.3735270" lon="114.0635720">
    <ele>144.6</ele>
    <time>2025-09-22T01:01:51Z</time>
   </trkpt>
   <trkpt lat="22.3735160" lon="114.0635710">
    <ele>144.4</ele>
    <time>2025-09-22T01:01:52Z</time>
   </trkpt>
   <trkpt lat="22.3735050" lon="114.0635700">
    <ele>144.3</ele>
    <time>2025-09-22T01:01:53Z</time>
   </trkpt>
   <trkpt lat="22.3734960" lon="114.0635710">
    <ele>144.2</ele>
    <time>2025-09-22T01:01:54Z</time>
   </trkpt>
   <trkpt lat="22.3734860" lon="114.0635760">
    <ele>144.1</ele>
    <time>2025-09-22T01:01:55Z</time>
   </trkpt>
   <trkpt lat="22.3734740" lon="114.0635790">
    <ele>144.0</ele>
    <time>2025-09-22T01:01:56Z</time>
   </trkpt>
   <trkpt lat="22.3734790" lon="114.0635910">
    <ele>143.9</ele>
    <time>2025-09-22T01:01:57Z</time>
   </trkpt>
   <trkpt lat="22.3734690" lon="114.0635990">
    <ele>143.7</ele>
    <time>2025-09-22T01:01:58Z</time>
   </trkpt>
   <trkpt lat="22.3734680" lon="114.0636140">
    <ele>143.6</ele>
    <time>2025-09-22T01:01:59Z</time>
   </trkpt>
   <trkpt lat="22.3734640" lon="114.0636260">
    <ele>143.5</ele>
    <time>2025-09-22T01:02:00Z</time>
   </trkpt>
   <trkpt lat="22.3734670" lon="114.0636400">
    <ele>143.3</ele>
    <time>2025-09-22T01:02:01Z</time>
   </trkpt>
   <trkpt lat="22.3734660" lon="114.0636490">
    <ele>143.2</ele>
    <time>2025-09-22T01:02:02Z</time>
   </trkpt>
   <trkpt lat="22.3734620" lon="114.0636590">
    <ele>143.1</ele>
    <time>2025-09-22T01:02:03Z</time>
   </trkpt>
   <trkpt lat="22.3734630" lon="114.0636710">
    <ele>143.0</ele>
    <time>2025-09-22T01:02:04Z</time>
   </trkpt>
   <trkpt lat="22.3734550" lon="114.0636830">
    <ele>142.9</ele>
    <time>2025-09-22T01:02:05Z</time>
   </trkpt>
   <trkpt lat="22.3734520" lon="114.0637050">
    <ele>142.6</ele>
    <time>2025-09-22T01:02:06Z</time>
   </trkpt>
   <trkpt lat="22.3734480" lon="114.0637190">
    <ele>142.5</ele>
    <time>2025-09-22T01:02:07Z</time>
   </trkpt>
   <trkpt lat="22.3734410" lon="114.0637340">
    <ele>142.3</ele>
    <time>2025-09-22T01:02:08Z</time>
   </trkpt>
   <trkpt lat="22.3734370" lon="114.0637460">
    <ele>142.2</ele>
    <time>2025-09-22T01:02:09Z</time>
   </trkpt>
   <trkpt lat="22.3734290" lon="114.0637600">
    <ele>142.0</ele>
    <time>2025-09-22T01:02:10Z</time>
   </trkpt>
   <trkpt lat="22.3734260" lon="114.0637740">
    <ele>141.8</ele>
    <time>2025-09-22T01:02:11Z</time>
   </trkpt>
   <trkpt lat="22.3734230" lon="114.0637870">
    <ele>141.7</ele>
    <time>2025-09-22T01:02:12Z</time>
   </trkpt>
   <trkpt lat="22.3734160" lon="114.0637970">
    <ele>141.5</ele>
    <time>2025-09-22T01:02:13Z</time>
   </trkpt>
   <trkpt lat="22.3734140" lon="114.0638010">
    <ele>141.5</ele>
    <time>2025-09-22T01:02:14Z</time>
   </trkpt>
   <trkpt lat="22.3734150" lon="114.0637990">
    <ele>141.4</ele>
    <time>2025-09-22T01:02:15Z</time>
   </trkpt>
   <trkpt lat="22.3734150" lon="114.0637990">
    <ele>141.4</ele>
    <time>2025-09-22T01:02:16Z</time>
   </trkpt>
   <trkpt lat="22.3734150" lon="114.0637990">
    <ele>141.4</ele>
    <time>2025-09-22T01:02:17Z</time>
   </trkpt>
   <trkpt lat="22.3734140" lon="114.0637750">
    <ele>141.1</ele>
    <time>2025-09-22T01:02:18Z</time>
   </trkpt>
   <trkpt lat="22.3734130" lon="114.0637720">
    <ele>141.1</ele>
    <time>2025-09-22T01:02:19Z</time>
   </trkpt>
   <trkpt lat="22.3734120" lon="114.0637690">
    <ele>141.1</ele>
    <time>2025-09-22T01:02:20Z</time>
   </trkpt>
   <trkpt lat="22.3734120" lon="114.0637730">
    <ele>141.0</ele>
    <time>2025-09-22T01:02:21Z</time>
   </trkpt>
   <trkpt lat="22.3734120" lon="114.0637730">
    <ele>141.0</ele>
    <time>2025-09-22T01:02:22Z</time>
   </trkpt>
   <trkpt lat="22.3734120" lon="114.0637730">
    <ele>141.0</ele>
    <time>2025-09-22T01:02:23Z</time>
   </trkpt>
   <trkpt lat="22.3734120" lon="114.0637730">
    <ele>141.0</ele>
    <time>2025-09-22T01:02:24Z</time>
   </trkpt>
   <trkpt lat="22.3734120" lon="114.0637730">
    <ele>141.0</ele>
    <time>2025-09-22T01:02:25Z</time>
   </trkpt>
   <trkpt lat="22.3734120" lon="114.0637730">
    <ele>141.0</ele>
    <time>2025-09-22T01:02:26Z</time>
   </trkpt>
   <trkpt lat="22.3734120" lon="114.0637730">
    <ele>141.0</ele>
    <time>2025-09-22T01:02:27Z</time>
   </trkpt>
   <trkpt lat="22.3734110" lon="114.0637600">
    <ele>140.8</ele>
    <time>2025-09-22T01:02:28Z</time>
   </trkpt>
   <trkpt lat="22.3734040" lon="114.0637650">
    <ele>140.7</ele>
    <time>2025-09-22T01:02:29Z</time>
   </trkpt>
   <trkpt lat="22.3733850" lon="114.0637980">
    <ele>140.3</ele>
    <time>2025-09-22T01:02:30Z</time>
   </trkpt>
   <trkpt lat="22.3733270" lon="114.0638030">
    <ele>139.4</ele>
    <time>2025-09-22T01:02:31Z</time>
   </trkpt>
   <trkpt lat="22.3732740" lon="114.0637810">
    <ele>138.6</ele>
    <time>2025-09-22T01:02:32Z</time>
   </trkpt>
   <trkpt lat="22.3732350" lon="114.0637310">
    <ele>137.7</ele>
    <time>2025-09-22T01:02:33Z</time>
   </trkpt>
   <trkpt lat="22.3732080" lon="114.0636960">
    <ele>137.1</ele>
    <time>2025-09-22T01:02:34Z</time>
   </trkpt>
   <trkpt lat="22.3731950" lon="114.0636670">
    <ele>136.6</ele>
    <time>2025-09-22T01:02:35Z</time>
   </trkpt>
   <trkpt lat="22.3731650" lon="114.0636520">
    <ele>136.2</ele>
    <time>2025-09-22T01:02:36Z</time>
   </trkpt>
   <trkpt lat="22.3731410" lon="114.0636540">
    <ele>135.9</ele>
    <time>2025-09-22T01:02:37Z</time>
   </trkpt>
   <trkpt lat="22.3731010" lon="114.0636670">
    <ele>135.3</ele>
    <time>2025-09-22T01:02:38Z</time>
   </trkpt>
   <trkpt lat="22.3730660" lon="114.0637090">
    <ele>134.6</ele>
    <time>2025-09-22T01:02:39Z</time>
   </trkpt>
   <trkpt lat="22.3730380" lon="114.0637240">
    <ele>134.2</ele>
    <time>2025-09-22T01:02:40Z</time>
   </trkpt>
   <trkpt lat="22.3729990" lon="114.0637390">
    <ele>133.7</ele>
    <time>2025-09-22T01:02:41Z</time>
   </trkpt>
   <trkpt lat="22.3729690" lon="114.0637490">
    <ele>133.3</ele>
    <time>2025-09-22T01:02:42Z</time>
   </trkpt>
   <trkpt lat="22.3729530" lon="114.0637780">
    <ele>132.9</ele>
    <time>2025-09-22T01:02:43Z</time>
   </trkpt>
   <trkpt lat="22.3729440" lon="114.0638110">
    <ele>132.4</ele>
    <time>2025-09-22T01:02:44Z</time>
   </trkpt>
   <trkpt lat="22.3729330" lon="114.0638540">
    <ele>131.8</ele>
    <time>2025-09-22T01:02:45Z</time>
   </trkpt>
   <trkpt lat="22.3729150" lon="114.0638800">
    <ele>131.4</ele>
    <time>2025-09-22T01:02:46Z</time>
   </trkpt>
   <trkpt lat="22.3728770" lon="114.0638950">
    <ele>130.8</ele>
    <time>2025-09-22T01:02:47Z</time>
   </trkpt>
   <trkpt lat="22.3728680" lon="114.0639130">
    <ele>130.5</ele>
    <time>2025-09-22T01:02:48Z</time>
   </trkpt>
   <trkpt lat="22.3728690" lon="114.0639250">
    <ele>130.3</ele>
    <time>2025-09-22T01:02:49Z</time>
   </trkpt>
   <trkpt lat="22.3728690" lon="114.0639360">
    <ele>130.1</ele>
    <time>2025-09-22T01:02:50Z</time>
   </trkpt>
   <trkpt lat="22.3728810" lon="114.0639380">
    <ele>129.9</ele>
    <time>2025-09-22T01:02:51Z</time>
   </trkpt>
   <trkpt lat="22.3728850" lon="114.0639310">
    <ele>129.8</ele>
    <time>2025-09-22T01:02:52Z</time>
   </trkpt>
   <trkpt lat="22.3728880" lon="114.0639360">
    <ele>129.7</ele>
    <time>2025-09-22T01:02:53Z</time>
   </trkpt>
   <trkpt lat="22.3728790" lon="114.0639310">
    <ele>129.6</ele>
    <time>2025-09-22T01:02:54Z</time>
   </trkpt>
   <trkpt lat="22.3728780" lon="114.0639320">
    <ele>129.5</ele>
    <time>2025-09-22T01:02:55Z</time>
   </trkpt>
   <trkpt lat="22.3728780" lon="114.0639310">
    <ele>129.5</ele>
    <time>2025-09-22T01:02:56Z</time>
   </trkpt>
   <trkpt lat="22.3728810" lon="114.0639320">
    <ele>129.5</ele>
    <time>2025-09-22T01:02:57Z</time>
   </trkpt>
   <trkpt lat="22.3728790" lon="114.0639330">
    <ele>129.4</ele>
    <time>2025-09-22T01:02:58Z</time>
   </trkpt>
   <trkpt lat="22.3728790" lon="114.0639330">
    <ele>129.4</ele>
    <time>2025-09-22T01:02:59Z</time>
   </trkpt>
   <trkpt lat="22.3728790" lon="114.0639330">
    <ele>129.4</ele>
    <time>2025-09-22T01:03:00Z</time>
   </trkpt>
   <trkpt lat="22.3728790" lon="114.0639330">
    <ele>129.4</ele>
    <time>2025-09-22T01:03:01Z</time>
   </trkpt>
   <trkpt lat="22.3728790" lon="114.0639330">
    <ele>129.4</ele>
    <time>2025-09-22T01:03:02Z</time>
   </trkpt>
   <trkpt lat="22.3728790" lon="114.0639330">
    <ele>129.4</ele>
    <time>2025-09-22T01:03:03Z</time>
   </trkpt>
   <trkpt lat="22.3728790" lon="114.0639330">
    <ele>129.4</ele>
    <time>2025-09-22T01:03:04Z</time>
   </trkpt>
   <trkpt lat="22.3728760" lon="114.0639340">
    <ele>129.4</ele>
    <time>2025-09-22T01:03:05Z</time>
   </trkpt>
   <trkpt lat="22.3728760" lon="114.0639340">
    <ele>129.4</ele>
    <time>2025-09-22T01:03:06Z</time>
   </trkpt>
   <trkpt lat="22.3728760" lon="114.0639340">
    <ele>129.4</ele>
    <time>2025-09-22T01:03:07Z</time>
   </trkpt>
   <trkpt lat="22.3728780" lon="114.0639350">
    <ele>129.4</ele>
    <time>2025-09-22T01:03:08Z</time>
   </trkpt>
   <trkpt lat="22.3728800" lon="114.0639380">
    <ele>129.3</ele>
    <time>2025-09-22T01:03:09Z</time>
   </trkpt>
   <trkpt lat="22.3728810" lon="114.0639340">
    <ele>129.2</ele>
    <time>2025-09-22T01:03:10Z</time>
   </trkpt>
   <trkpt lat="22.3728740" lon="114.0639340">
    <ele>129.1</ele>
    <time>2025-09-22T01:03:11Z</time>
   </trkpt>
   <trkpt lat="22.3728750" lon="114.0639360">
    <ele>129.1</ele>
    <time>2025-09-22T01:03:12Z</time>
   </trkpt>
   <trkpt lat="22.3728720" lon="114.0639340">
    <ele>129.0</ele>
    <time>2025-09-22T01:03:13Z</time>
   </trkpt>
   <trkpt lat="22.3728690" lon="114.0639350">
    <ele>129.0</ele>
    <time>2025-09-22T01:03:14Z</time>
   </trkpt>
   <trkpt lat="22.3728750" lon="114.0639350">
    <ele>128.9</ele>
    <time>2025-09-22T01:03:15Z</time>
   </trkpt>
   <trkpt lat="22.3728760" lon="114.0639350">
    <ele>128.9</ele>
    <time>2025-09-22T01:03:16Z</time>
   </trkpt>
   <trkpt lat="22.3728750" lon="114.0639340">
    <ele>128.8</ele>
    <time>2025-09-22T01:03:17Z</time>
   </trkpt>
   <trkpt lat="22.3728730" lon="114.0639350">
    <ele>128.8</ele>
    <time>2025-09-22T01:03:18Z</time>
   </trkpt>
   <trkpt lat="22.3728710" lon="114.0639320">
    <ele>128.8</ele>
    <time>2025-09-22T01:03:19Z</time>
   </trkpt>
   <trkpt lat="22.3728710" lon="114.0639320">
    <ele>128.8</ele>
    <time>2025-09-22T01:03:20Z</time>
   </trkpt>
   <trkpt lat="22.3728710" lon="114.0639300">
    <ele>128.7</ele>
    <time>2025-09-22T01:03:21Z</time>
   </trkpt>
   <trkpt lat="22.3728710" lon="114.0639320">
    <ele>128.7</ele>
    <time>2025-09-22T01:03:22Z</time>
   </trkpt>
   <trkpt lat="22.3728710" lon="114.0639320">
    <ele>128.7</ele>
    <time>2025-09-22T01:03:23Z</time>
   </trkpt>
   <trkpt lat="22.3728710" lon="114.0639320">
    <ele>128.7</ele>
    <time>2025-09-22T01:03:24Z</time>
   </trkpt>
   <trkpt lat="22.3728710" lon="114.0639320">
    <ele>128.7</ele>
    <time>2025-09-22T01:03:25Z</time>
   </trkpt>
   <trkpt lat="22.3728710" lon="114.0639320">
    <ele>128.7</ele>
    <time>2025-09-22T01:03:26Z</time>
   </trkpt>
   <trkpt lat="22.3728710" lon="114.0639320">
    <ele>128.7</ele>
    <time>2025-09-22T01:03:27Z</time>
   </trkpt>
   <trkpt lat="22.3728710" lon="114.0639320">
    <ele>128.7</ele>
    <time>2025-09-22T01:03:28Z</time>
   </trkpt>
   <trkpt lat="22.3728710" lon="114.0639320">
    <ele>128.7</ele>
    <time>2025-09-22T01:03:29Z</time>
   </trkpt>
   <trkpt lat="22.3728710" lon="114.0639320">
    <ele>128.7</ele>
    <time>2025-09-22T01:03:30Z</time>
   </trkpt>
   <trkpt lat="22.3728710" lon="114.0639320">
    <ele>128.7</ele>
    <time>2025-09-22T01:03:31Z</time>
   </trkpt>
   <trkpt lat="22.3728710" lon="114.0639320">
    <ele>128.7</ele>
    <time>2025-09-22T01:03:32Z</time>
   </trkpt>
   <trkpt lat="22.3728710" lon="114.0639320">
    <ele>128.7</ele>
    <time>2025-09-22T01:03:33Z</time>
   </trkpt>
   <trkpt lat="22.3728710" lon="114.0639320">
    <ele>128.7</ele>
    <time>2025-09-22T01:03:34Z</time>
   </trkpt>
   <trkpt lat="22.3728710" lon="114.0639320">
    <ele>128.7</ele>
    <time>2025-09-22T01:03:35Z</time>
   </trkpt>
   <trkpt lat="22.3728710" lon="114.0639320">
    <ele>128.7</ele>
    <time>2025-09-22T01:03:36Z</time>
   </trkpt>
   <trkpt lat="22.3728710" lon="114.0639320">
    <ele>128.7</ele>
    <time>2025-09-22T01:03:37Z</time>
   </trkpt>
   <trkpt lat="22.3728710" lon="114.0639320">
    <ele>128.7</ele>
    <time>2025-09-22T01:03:38Z</time>
   </trkpt>
   <trkpt lat="22.3728710" lon="114.0639320">
    <ele>128.7</ele>
    <time>2025-09-22T01:03:39Z</time>
   </trkpt>
   <trkpt lat="22.3728710" lon="114.0639320">
    <ele>128.7</ele>
    <time>2025-09-22T01:03:40Z</time>
   </trkpt>
   <trkpt lat="22.3728710" lon="114.0639320">
    <ele>128.7</ele>
    <time>2025-09-22T01:03:41Z</time>
   </trkpt>
   <trkpt lat="22.3728710" lon="114.0639320">
    <ele>128.7</ele>
    <time>2025-09-22T01:03:42Z</time>
   </trkpt>
   <trkpt lat="22.3728710" lon="114.0639320">
    <ele>128.7</ele>
    <time>2025-09-22T01:03:43Z</time>
   </trkpt>
   <trkpt lat="22.3728710" lon="114.0639320">
    <ele>128.7</ele>
    <time>2025-09-22T01:03:44Z</time>
   </trkpt>
   <trkpt lat="22.3728710" lon="114.0639320">
    <ele>128.7</ele>
    <time>2025-09-22T01:03:45Z</time>
   </trkpt>
   <trkpt lat="22.3728710" lon="114.0639320">
    <ele>128.7</ele>
    <time>2025-09-22T01:03:46Z</time>
   </trkpt>
   <trkpt lat="22.3728710" lon="114.0639320">
    <ele>128.7</ele>
    <time>2025-09-22T01:03:47Z</time>
   </trkpt>
   <trkpt lat="22.3728710" lon="114.0639320">
    <ele>128.7</ele>
    <time>2025-09-22T01:03:48Z</time>
   </trkpt>
   <trkpt lat="22.3728710" lon="114.0639320">
    <ele>128.7</ele>
    <time>2025-09-22T01:03:49Z</time>
   </trkpt>
   <trkpt lat="22.3728710" lon="114.0639320">
    <ele>128.7</ele>
    <time>2025-09-22T01:03:50Z</time>
   </trkpt>
   <trkpt lat="22.3728710" lon="114.0639320">
    <ele>128.7</ele>
    <time>2025-09-22T01:03:51Z</time>
   </trkpt>
   <trkpt lat="22.3728710" lon="114.0639320">
    <ele>128.7</ele>
    <time>2025-09-22T01:03:52Z</time>
   </trkpt>
   <trkpt lat="22.3728710" lon="114.0639320">
    <ele>128.7</ele>
    <time>2025-09-22T01:03:53Z</time>
   </trkpt>
   <trkpt lat="22.3728710" lon="114.0639320">
    <ele>128.7</ele>
    <time>2025-09-22T01:03:54Z</time>
   </trkpt>
   <trkpt lat="22.3728710" lon="114.0639320">
    <ele>128.7</ele>
    <time>2025-09-22T01:03:55Z</time>
   </trkpt>
   <trkpt lat="22.3728710" lon="114.0639320">
    <ele>128.7</ele>
    <time>2025-09-22T01:03:56Z</time>
   </trkpt>
   <trkpt lat="22.3728710" lon="114.0639320">
    <ele>128.7</ele>
    <time>2025-09-22T01:03:57Z</time>
   </trkpt>
   <trkpt lat="22.3728710" lon="114.0639320">
    <ele>128.7</ele>
    <time>2025-09-22T01:03:58Z</time>
   </trkpt>
   <trkpt lat="22.3728710" lon="114.0639320">
    <ele>128.7</ele>
    <time>2025-09-22T01:03:59Z</time>
   </trkpt>
   <trkpt lat="22.3728710" lon="114.0639320">
    <ele>128.7</ele>
    <time>2025-09-22T01:04:00Z</time>
   </trkpt>
   <trkpt lat="22.3728710" lon="114.0639320">
    <ele>128.7</ele>
    <time>2025-09-22T01:04:01Z</time>
   </trkpt>
   <trkpt lat="22.3728710" lon="114.0639320">
    <ele>128.7</ele>
    <time>2025-09-22T01:04:02Z</time>
   </trkpt>
   <trkpt lat="22.3728710" lon="114.0639320">
    <ele>128.7</ele>
    <time>2025-09-22T01:04:03Z</time>
   </trkpt>
   <trkpt lat="22.3728710" lon="114.0639320">
    <ele>128.7</ele>
    <time>2025-09-22T01:04:04Z</time>
   </trkpt>
   <trkpt lat="22.3728710" lon="114.0639320">
    <ele>128.7</ele>
    <time>2025-09-22T01:04:05Z</time>
   </trkpt>
   <trkpt lat="22.3728620" lon="114.0639450">
    <ele>128.5</ele>
    <time>2025-09-22T01:04:06Z</time>
   </trkpt>
   <trkpt lat="22.3728600" lon="114.0639430">
    <ele>128.4</ele>
    <time>2025-09-22T01:04:07Z</time>
   </trkpt>
   <trkpt lat="22.3728640" lon="114.0639440">
    <ele>128.3</ele>
    <time>2025-09-22T01:04:08Z</time>
   </trkpt>
   <trkpt lat="22.3728620" lon="114.0639390">
    <ele>128.3</ele>
    <time>2025-09-22T01:04:09Z</time>
   </trkpt>
   <trkpt lat="22.3728620" lon="114.0639370">
    <ele>128.2</ele>
    <time>2025-09-22T01:04:10Z</time>
   </trkpt>
   <trkpt lat="22.3728610" lon="114.0639330">
    <ele>128.2</ele>
    <time>2025-09-22T01:04:11Z</time>
   </trkpt>
   <trkpt lat="22.3728570" lon="114.0639330">
    <ele>128.1</ele>
    <time>2025-09-22T01:04:12Z</time>
   </trkpt>
   <trkpt lat="22.3728550" lon="114.0639260">
    <ele>128.0</ele>
    <time>2025-09-22T01:04:13Z</time>
   </trkpt>
   <trkpt lat="22.3728560" lon="114.0639260">
    <ele>128.0</ele>
    <time>2025-09-22T01:04:14Z</time>
   </trkpt>
   <trkpt lat="22.3728570" lon="114.0639240">
    <ele>128.0</ele>
    <time>2025-09-22T01:04:15Z</time>
   </trkpt>
   <trkpt lat="22.3728560" lon="114.0639260">
    <ele>127.9</ele>
    <time>2025-09-22T01:04:16Z</time>
   </trkpt>
   <trkpt lat="22.3728550" lon="114.0639220">
    <ele>127.9</ele>
    <time>2025-09-22T01:04:17Z</time>
   </trkpt>
   <trkpt lat="22.3728550" lon="114.0639220">
    <ele>127.9</ele>
    <time>2025-09-22T01:04:18Z</time>
   </trkpt>
   <trkpt lat="22.3728540" lon="114.0639250">
    <ele>127.8</ele>
    <time>2025-09-22T01:04:19Z</time>
   </trkpt>
   <trkpt lat="22.3728540" lon="114.0639250">
    <ele>127.8</ele>
    <time>2025-09-22T01:04:20Z</time>
   </trkpt>
   <trkpt lat="22.3728470" lon="114.0639220">
    <ele>127.7</ele>
    <time>2025-09-22T01:04:21Z</time>
   </trkpt>
   <trkpt lat="22.3728450" lon="114.0639190">
    <ele>127.6</ele>
    <time>2025-09-22T01:04:22Z</time>
   </trkpt>
   <trkpt lat="22.3728450" lon="114.0639170">
    <ele>127.6</ele>
    <time>2025-09-22T01:04:23Z</time>
   </trkpt>
   <trkpt lat="22.3728440" lon="114.0639150">
    <ele>127.6</ele>
    <time>2025-09-22T01:04:24Z</time>
   </trkpt>
   <trkpt lat="22.3728460" lon="114.0639170">
    <ele>127.5</ele>
    <time>2025-09-22T01:04:25Z</time>
   </trkpt>
   <trkpt lat="22.3728430" lon="114.0639140">
    <ele>127.5</ele>
    <time>2025-09-22T01:04:26Z</time>
   </trkpt>
   <trkpt lat="22.3728450" lon="114.0639170">
    <ele>127.4</ele>
    <time>2025-09-22T01:04:27Z</time>
   </trkpt>
   <trkpt lat="22.3728440" lon="114.0639100">
    <ele>127.3</ele>
    <time>2025-09-22T01:04:28Z</time>
   </trkpt>
   <trkpt lat="22.3728390" lon="114.0639080">
    <ele>127.2</ele>
    <time>2025-09-22T01:04:29Z</time>
   </trkpt>
   <trkpt lat="22.3728390" lon="114.0639030">
    <ele>127.1</ele>
    <time>2025-09-22T01:04:30Z</time>
   </trkpt>
   <trkpt lat="22.3728280" lon="114.0639000">
    <ele>127.0</ele>
    <time>2025-09-22T01:04:31Z</time>
   </trkpt>
   <trkpt lat="22.3728170" lon="114.0638940">
    <ele>126.7</ele>
    <time>2025-09-22T01:04:32Z</time>
   </trkpt>
   <trkpt lat="22.3728060" lon="114.0638920">
    <ele>126.5</ele>
    <time>2025-09-22T01:04:33Z</time>
   </trkpt>
   <trkpt lat="22.3727960" lon="114.0638890">
    <ele>126.3</ele>
    <time>2025-09-22T01:04:34Z</time>
   </trkpt>
   <trkpt lat="22.3727830" lon="114.0638850">
    <ele>126.0</ele>
    <time>2025-09-22T01:04:35Z</time>
   </trkpt>
   <trkpt lat="22.3727730" lon="114.0638830">
    <ele>125.8</ele>
    <time>2025-09-22T01:04:36Z</time>
   </trkpt>
   <trkpt lat="22.3727610" lon="114.0638760">
    <ele>125.5</ele>
    <time>2025-09-22T01:04:37Z</time>
   </trkpt>
   <trkpt lat="22.3727540" lon="114.0638740">
    <ele>125.4</ele>
    <time>2025-09-22T01:04:38Z</time>
   </trkpt>
   <trkpt lat="22.3727350" lon="114.0638710">
    <ele>125.0</ele>
    <time>2025-09-22T01:04:39Z</time>
   </trkpt>
   <trkpt lat="22.3727260" lon="114.0638670">
    <ele>124.8</ele>
    <time>2025-09-22T01:04:40Z</time>
   </trkpt>
   <trkpt lat="22.3727180" lon="114.0638640">
    <ele>124.7</ele>
    <time>2025-09-22T01:04:41Z</time>
   </trkpt>
   <trkpt lat="22.3727070" lon="114.0638640">
    <ele>124.5</ele>
    <time>2025-09-22T01:04:42Z</time>
   </trkpt>
   <trkpt lat="22.3726990" lon="114.0638590">
    <ele>124.3</ele>
    <time>2025-09-22T01:04:43Z</time>
   </trkpt>
   <trkpt lat="22.3726900" lon="114.0638510">
    <ele>124.1</ele>
    <time>2025-09-22T01:04:44Z</time>
   </trkpt>
   <trkpt lat="22.3726820" lon="114.0638430">
    <ele>123.8</ele>
    <time>2025-09-22T01:04:45Z</time>
   </trkpt>
   <trkpt lat="22.3726640" lon="114.0638370">
    <ele>123.5</ele>
    <time>2025-09-22T01:04:46Z</time>
   </trkpt>
   <trkpt lat="22.3726630" lon="114.0638360">
    <ele>123.5</ele>
    <time>2025-09-22T01:04:47Z</time>
   </trkpt>
   <trkpt lat="22.3726510" lon="114.0638230">
    <ele>123.1</ele>
    <time>2025-09-22T01:04:48Z</time>
   </trkpt>
   <trkpt lat="22.3726370" lon="114.0638160">
    <ele>122.8</ele>
    <time>2025-09-22T01:04:49Z</time>
   </trkpt>
   <trkpt lat="22.3726280" lon="114.0638010">
    <ele>122.5</ele>
    <time>2025-09-22T01:04:50Z</time>
   </trkpt>
   <trkpt lat="22.3726200" lon="114.0637930">
    <ele>122.3</ele>
    <time>2025-09-22T01:04:51Z</time>
   </trkpt>
   <trkpt lat="22.3726090" lon="114.0637750">
    <ele>121.9</ele>
    <time>2025-09-22T01:04:52Z</time>
   </trkpt>
   <trkpt lat="22.3726010" lon="114.0637690">
    <ele>121.7</ele>
    <time>2025-09-22T01:04:53Z</time>
   </trkpt>
   <trkpt lat="22.3725870" lon="114.0637500">
    <ele>121.2</ele>
    <time>2025-09-22T01:04:54Z</time>
   </trkpt>
   <trkpt lat="22.3725830" lon="114.0637420">
    <ele>121.1</ele>
    <time>2025-09-22T01:04:55Z</time>
   </trkpt>
   <trkpt lat="22.3725720" lon="114.0637200">
    <ele>120.6</ele>
    <time>2025-09-22T01:04:56Z</time>
   </trkpt>
   <trkpt lat="22.3725680" lon="114.0637120">
    <ele>120.4</ele>
    <time>2025-09-22T01:04:57Z</time>
   </trkpt>
   <trkpt lat="22.3725650" lon="114.0637030">
    <ele>120.2</ele>
    <time>2025-09-22T01:04:58Z</time>
   </trkpt>
   <trkpt lat="22.3725520" lon="114.0636950">
    <ele>119.9</ele>
    <time>2025-09-22T01:04:59Z</time>
   </trkpt>
   <trkpt lat="22.3725480" lon="114.0636880">
    <ele>119.7</ele>
    <time>2025-09-22T01:05:00Z</time>
   </trkpt>
   <trkpt lat="22.3725430" lon="114.0636820">
    <ele>119.6</ele>
    <time>2025-09-22T01:05:01Z</time>
   </trkpt>
   <trkpt lat="22.3725390" lon="114.0636750">
    <ele>119.4</ele>
    <time>2025-09-22T01:05:02Z</time>
   </trkpt>
   <trkpt lat="22.3725230" lon="114.0636450">
    <ele>118.8</ele>
    <time>2025-09-22T01:05:03Z</time>
   </trkpt>
   <trkpt lat="22.3725200" lon="114.0636360">
    <ele>118.6</ele>
    <time>2025-09-22T01:05:04Z</time>
   </trkpt>
   <trkpt lat="22.3725120" lon="114.0636210">
    <ele>118.3</ele>
    <time>2025-09-22T01:05:05Z</time>
   </trkpt>
   <trkpt lat="22.3725040" lon="114.0636050">
    <ele>117.9</ele>
    <time>2025-09-22T01:05:06Z</time>
   </trkpt>
   <trkpt lat="22.3724970" lon="114.0635820">
    <ele>117.5</ele>
    <time>2025-09-22T01:05:07Z</time>
   </trkpt>
   <trkpt lat="22.3724940" lon="114.0635680">
    <ele>117.3</ele>
    <time>2025-09-22T01:05:08Z</time>
   </trkpt>
   <trkpt lat="22.3724850" lon="114.0635530">
    <ele>117.0</ele>
    <time>2025-09-22T01:05:09Z</time>
   </trkpt>
   <trkpt lat="22.3724840" lon="114.0635450">
    <ele>116.8</ele>
    <time>2025-09-22T01:05:10Z</time>
   </trkpt>
   <trkpt lat="22.3724830" lon="114.0635380">
    <ele>116.7</ele>
    <time>2025-09-22T01:05:11Z</time>
   </trkpt>
   <trkpt lat="22.3724820" lon="114.0635300">
    <ele>116.6</ele>
    <time>2025-09-22T01:05:12Z</time>
   </trkpt>
   <trkpt lat="22.3724690" lon="114.0635260">
    <ele>116.4</ele>
    <time>2025-09-22T01:05:13Z</time>
   </trkpt>
   <trkpt lat="22.3724620" lon="114.0635220">
    <ele>116.3</ele>
    <time>2025-09-22T01:05:14Z</time>
   </trkpt>
   <trkpt lat="22.3724540" lon="114.0635190">
    <ele>116.1</ele>
    <time>2025-09-22T01:05:15Z</time>
   </trkpt>
   <trkpt lat="22.3724470" lon="114.0635160">
    <ele>116.0</ele>
    <time>2025-09-22T01:05:16Z</time>
   </trkpt>
   <trkpt lat="22.3724260" lon="114.0635120">
    <ele>115.7</ele>
    <time>2025-09-22T01:05:17Z</time>
   </trkpt>
   <trkpt lat="22.3724170" lon="114.0635110">
    <ele>115.5</ele>
    <time>2025-09-22T01:05:18Z</time>
   </trkpt>
   <trkpt lat="22.3724090" lon="114.0635110">
    <ele>115.4</ele>
    <time>2025-09-22T01:05:19Z</time>
   </trkpt>
   <trkpt lat="22.3723940" lon="114.0635060">
    <ele>115.2</ele>
    <time>2025-09-22T01:05:20Z</time>
   </trkpt>
   <trkpt lat="22.3723900" lon="114.0635000">
    <ele>115.1</ele>
    <time>2025-09-22T01:05:21Z</time>
   </trkpt>
   <trkpt lat="22.3723760" lon="114.0634940">
    <ele>114.9</ele>
    <time>2025-09-22T01:05:22Z</time>
   </trkpt>
   <trkpt lat="22.3723590" lon="114.0634870">
    <ele>114.6</ele>
    <time>2025-09-22T01:05:23Z</time>
   </trkpt>
   <trkpt lat="22.3723490" lon="114.0634810">
    <ele>114.4</ele>
    <time>2025-09-22T01:05:24Z</time>
   </trkpt>
   <trkpt lat="22.3723400" lon="114.0634760">
    <ele>114.2</ele>
    <time>2025-09-22T01:05:25Z</time>
   </trkpt>
   <trkpt lat="22.3723250" lon="114.0634690">
    <ele>114.0</ele>
    <time>2025-09-22T01:05:26Z</time>
   </trkpt>
   <trkpt lat="22.3723120" lon="114.0634630">
    <ele>113.7</ele>
    <time>2025-09-22T01:05:27Z</time>
   </trkpt>
   <trkpt lat="22.3722970" lon="114.0634560">
    <ele>113.5</ele>
    <time>2025-09-22T01:05:28Z</time>
   </trkpt>
   <trkpt lat="22.3722850" lon="114.0634570">
    <ele>113.2</ele>
    <time>2025-09-22T01:05:29Z</time>
   </trkpt>
   <trkpt lat="22.3722710" lon="114.0634540">
    <ele>113.0</ele>
    <time>2025-09-22T01:05:30Z</time>
   </trkpt>
   <trkpt lat="22.3722560" lon="114.0634530">
    <ele>112.7</ele>
    <time>2025-09-22T01:05:31Z</time>
   </trkpt>
   <trkpt lat="22.3722310" lon="114.0634590">
    <ele>112.1</ele>
    <time>2025-09-22T01:05:32Z</time>
   </trkpt>
   <trkpt lat="22.3722230" lon="114.0634590">
    <ele>111.9</ele>
    <time>2025-09-22T01:05:33Z</time>
   </trkpt>
   <trkpt lat="22.3722150" lon="114.0634600">
    <ele>111.8</ele>
    <time>2025-09-22T01:05:34Z</time>
   </trkpt>
   <trkpt lat="22.3721940" lon="114.0634670">
    <ele>111.2</ele>
    <time>2025-09-22T01:05:35Z</time>
   </trkpt>
   <trkpt lat="22.3721850" lon="114.0634690">
    <ele>111.0</ele>
    <time>2025-09-22T01:05:36Z</time>
   </trkpt>
   <trkpt lat="22.3721770" lon="114.0634720">
    <ele>110.8</ele>
    <time>2025-09-22T01:05:37Z</time>
   </trkpt>
   <trkpt lat="22.3721570" lon="114.0634680">
    <ele>110.2</ele>
    <time>2025-09-22T01:05:38Z</time>
   </trkpt>
   <trkpt lat="22.3721540" lon="114.0634660">
    <ele>110.1</ele>
    <time>2025-09-22T01:05:39Z</time>
   </trkpt>
   <trkpt lat="22.3721500" lon="114.0634640">
    <ele>110.0</ele>
    <time>2025-09-22T01:05:40Z</time>
   </trkpt>
   <trkpt lat="22.3721470" lon="114.0634620">
    <ele>109.9</ele>
    <time>2025-09-22T01:05:41Z</time>
   </trkpt>
   <trkpt lat="22.3721430" lon="114.0634600">
    <ele>109.8</ele>
    <time>2025-09-22T01:05:42Z</time>
   </trkpt>
   <trkpt lat="22.3721400" lon="114.0634580">
    <ele>109.7</ele>
    <time>2025-09-22T01:05:43Z</time>
   </trkpt>
   <trkpt lat="22.3721360" lon="114.0634560">
    <ele>109.6</ele>
    <time>2025-09-22T01:05:44Z</time>
   </trkpt>
   <trkpt lat="22.3721200" lon="114.0634540">
    <ele>109.1</ele>
    <time>2025-09-22T01:05:45Z</time>
   </trkpt>
   <trkpt lat="22.3721060" lon="114.0634510">
    <ele>108.7</ele>
    <time>2025-09-22T01:05:46Z</time>
   </trkpt>
   <trkpt lat="22.3720730" lon="114.0634560">
    <ele>107.7</ele>
    <time>2025-09-22T01:05:47Z</time>
   </trkpt>
   <trkpt lat="22.3720600" lon="114.0634580">
    <ele>107.4</ele>
    <time>2025-09-22T01:05:48Z</time>
   </trkpt>
   <trkpt lat="22.3720460" lon="114.0634630">
    <ele>106.9</ele>
    <time>2025-09-22T01:05:49Z</time>
   </trkpt>
   <trkpt lat="22.3720540" lon="114.0634580">
    <ele>106.7</ele>
    <time>2025-09-22T01:05:50Z</time>
   </trkpt>
   <trkpt lat="22.3720560" lon="114.0634560">
    <ele>106.6</ele>
    <time>2025-09-22T01:05:51Z</time>
   </trkpt>
   <trkpt lat="22.3720570" lon="114.0634570">
    <ele>106.5</ele>
    <time>2025-09-22T01:05:52Z</time>
   </trkpt>
   <trkpt lat="22.3720570" lon="114.0634560">
    <ele>106.5</ele>
    <time>2025-09-22T01:05:53Z</time>
   </trkpt>
   <trkpt lat="22.3720560" lon="114.0634520">
    <ele>106.4</ele>
    <time>2025-09-22T01:05:54Z</time>
   </trkpt>
   <trkpt lat="22.3720580" lon="114.0634500">
    <ele>106.3</ele>
    <time>2025-09-22T01:05:55Z</time>
   </trkpt>
   <trkpt lat="22.3720590" lon="114.0634530">
    <ele>106.2</ele>
    <time>2025-09-22T01:05:56Z</time>
   </trkpt>
   <trkpt lat="22.3720590" lon="114.0634460">
    <ele>106.0</ele>
    <time>2025-09-22T01:05:57Z</time>
   </trkpt>
   <trkpt lat="22.3720530" lon="114.0634490">
    <ele>105.9</ele>
    <time>2025-09-22T01:05:58Z</time>
   </trkpt>
   <trkpt lat="22.3720440" lon="114.0634470">
    <ele>105.6</ele>
    <time>2025-09-22T01:05:59Z</time>
   </trkpt>
   <trkpt lat="22.3720390" lon="114.0634500">
    <ele>105.5</ele>
    <time>2025-09-22T01:06:00Z</time>
   </trkpt>
   <trkpt lat="22.3720280" lon="114.0634500">
    <ele>105.2</ele>
    <time>2025-09-22T01:06:01Z</time>
   </trkpt>
   <trkpt lat="22.3720260" lon="114.0634520">
    <ele>105.1</ele>
    <time>2025-09-22T01:06:02Z</time>
   </trkpt>
   <trkpt lat="22.3720170" lon="114.0634520">
    <ele>104.9</ele>
    <time>2025-09-22T01:06:03Z</time>
   </trkpt>
   <trkpt lat="22.3720060" lon="114.0634470">
    <ele>104.6</ele>
    <time>2025-09-22T01:06:04Z</time>
   </trkpt>
   <trkpt lat="22.3719930" lon="114.0634440">
    <ele>104.3</ele>
    <time>2025-09-22T01:06:05Z</time>
   </trkpt>
   <trkpt lat="22.3719800" lon="114.0634430">
    <ele>103.9</ele>
    <time>2025-09-22T01:06:06Z</time>
   </trkpt>
   <trkpt lat="22.3719790" lon="114.0634350">
    <ele>103.8</ele>
    <time>2025-09-22T01:06:07Z</time>
   </trkpt>
   <trkpt lat="22.3719680" lon="114.0634310">
    <ele>103.5</ele>
    <time>2025-09-22T01:06:08Z</time>
   </trkpt>
   <trkpt lat="22.3719650" lon="114.0634270">
    <ele>103.4</ele>
    <time>2025-09-22T01:06:09Z</time>
   </trkpt>
   <trkpt lat="22.3719500" lon="114.0634230">
    <ele>103.1</ele>
    <time>2025-09-22T01:06:10Z</time>
   </trkpt>
   <trkpt lat="22.3719450" lon="114.0634200">
    <ele>102.9</ele>
    <time>2025-09-22T01:06:11Z</time>
   </trkpt>
   <trkpt lat="22.3719400" lon="114.0634160">
    <ele>102.8</ele>
    <time>2025-09-22T01:06:12Z</time>
   </trkpt>
   <trkpt lat="22.3719450" lon="114.0634120">
    <ele>102.7</ele>
    <time>2025-09-22T01:06:13Z</time>
   </trkpt>
   <trkpt lat="22.3719370" lon="114.0634070">
    <ele>102.5</ele>
    <time>2025-09-22T01:06:14Z</time>
   </trkpt>
   <trkpt lat="22.3719360" lon="114.0634070">
    <ele>102.4</ele>
    <time>2025-09-22T01:06:15Z</time>
   </trkpt>
   <trkpt lat="22.3719340" lon="114.0634060">
    <ele>102.4</ele>
    <time>2025-09-22T01:06:16Z</time>
   </trkpt>
   <trkpt lat="22.3719250" lon="114.0634010">
    <ele>102.2</ele>
    <time>2025-09-22T01:06:17Z</time>
   </trkpt>
   <trkpt lat="22.3719180" lon="114.0633970">
    <ele>102.0</ele>
    <time>2025-09-22T01:06:18Z</time>
   </trkpt>
   <trkpt lat="22.3719060" lon="114.0633890">
    <ele>101.7</ele>
    <time>2025-09-22T01:06:19Z</time>
   </trkpt>
   <trkpt lat="22.3719060" lon="114.0633920">
    <ele>101.7</ele>
    <time>2025-09-22T01:06:20Z</time>
   </trkpt>
   <trkpt lat="22.3719070" lon="114.0633890">
    <ele>101.6</ele>
    <time>2025-09-22T01:06:21Z</time>
   </trkpt>
   <trkpt lat="22.3719070" lon="114.0633880">
    <ele>101.6</ele>
    <time>2025-09-22T01:06:22Z</time>
   </trkpt>
   <trkpt lat="22.3719040" lon="114.0633840">
    <ele>101.5</ele>
    <time>2025-09-22T01:06:23Z</time>
   </trkpt>
   <trkpt lat="22.3718930" lon="114.0633770">
    <ele>101.2</ele>
    <time>2025-09-22T01:06:24Z</time>
   </trkpt>
   <trkpt lat="22.3718800" lon="114.0633770">
    <ele>100.9</ele>
    <time>2025-09-22T01:06:25Z</time>
   </trkpt>
   <trkpt lat="22.3718710" lon="114.0633700">
    <ele>100.7</ele>
    <time>2025-09-22T01:06:26Z</time>
   </trkpt>
   <trkpt lat="22.3718590" lon="114.0633630">
    <ele>100.4</ele>
    <time>2025-09-22T01:06:27Z</time>
   </trkpt>
   <trkpt lat="22.3718410" lon="114.0633600">
    <ele>100.0</ele>
    <time>2025-09-22T01:06:28Z</time>
   </trkpt>
   <trkpt lat="22.3718350" lon="114.0633580">
    <ele>99.9</ele>
    <time>2025-09-22T01:06:29Z</time>
   </trkpt>
   <trkpt lat="22.3718280" lon="114.0633570">
    <ele>99.7</ele>
    <time>2025-09-22T01:06:30Z</time>
   </trkpt>
   <trkpt lat="22.3718220" lon="114.0633550">
    <ele>99.6</ele>
    <time>2025-09-22T01:06:31Z</time>
   </trkpt>
   <trkpt lat="22.3718020" lon="114.0633470">
    <ele>99.1</ele>
    <time>2025-09-22T01:06:32Z</time>
   </trkpt>
   <trkpt lat="22.3717940" lon="114.0633390">
    <ele>98.8</ele>
    <time>2025-09-22T01:06:33Z</time>
   </trkpt>
   <trkpt lat="22.3717800" lon="114.0633250">
    <ele>98.4</ele>
    <time>2025-09-22T01:06:34Z</time>
   </trkpt>
   <trkpt lat="22.3717720" lon="114.0633130">
    <ele>98.1</ele>
    <time>2025-09-22T01:06:35Z</time>
   </trkpt>
   <trkpt lat="22.3717610" lon="114.0633060">
    <ele>97.8</ele>
    <time>2025-09-22T01:06:36Z</time>
   </trkpt>
   <trkpt lat="22.3717470" lon="114.0632900">
    <ele>97.3</ele>
    <time>2025-09-22T01:06:37Z</time>
   </trkpt>
   <trkpt lat="22.3717160" lon="114.0632820">
    <ele>96.5</ele>
    <time>2025-09-22T01:06:38Z</time>
   </trkpt>
   <trkpt lat="22.3717020" lon="114.0632820">
    <ele>96.2</ele>
    <time>2025-09-22T01:06:39Z</time>
   </trkpt>
   <trkpt lat="22.3716860" lon="114.0632800">
    <ele>95.8</ele>
    <time>2025-09-22T01:06:40Z</time>
   </trkpt>
   <trkpt lat="22.3716760" lon="114.0632760">
    <ele>95.5</ele>
    <time>2025-09-22T01:06:41Z</time>
   </trkpt>
   <trkpt lat="22.3716670" lon="114.0632720">
    <ele>95.3</ele>
    <time>2025-09-22T01:06:42Z</time>
   </trkpt>
   <trkpt lat="22.3716610" lon="114.0632720">
    <ele>95.1</ele>
    <time>2025-09-22T01:06:43Z</time>
   </trkpt>
   <trkpt lat="22.3716640" lon="114.0632700">
    <ele>95.1</ele>
    <time>2025-09-22T01:06:44Z</time>
   </trkpt>
   <trkpt lat="22.3716570" lon="114.0632640">
    <ele>94.8</ele>
    <time>2025-09-22T01:06:45Z</time>
   </trkpt>
   <trkpt lat="22.3716560" lon="114.0632660">
    <ele>94.8</ele>
    <time>2025-09-22T01:06:46Z</time>
   </trkpt>
   <trkpt lat="22.3716550" lon="114.0632640">
    <ele>94.7</ele>
    <time>2025-09-22T01:06:47Z</time>
   </trkpt>
   <trkpt lat="22.3716560" lon="114.0632620">
    <ele>94.7</ele>
    <time>2025-09-22T01:06:48Z</time>
   </trkpt>
   <trkpt lat="22.3716570" lon="114.0632610">
    <ele>94.6</ele>
    <time>2025-09-22T01:06:49Z</time>
   </trkpt>
   <trkpt lat="22.3716550" lon="114.0632590">
    <ele>94.6</ele>
    <time>2025-09-22T01:06:50Z</time>
   </trkpt>
   <trkpt lat="22.3716550" lon="114.0632590">
    <ele>94.6</ele>
    <time>2025-09-22T01:06:51Z</time>
   </trkpt>
   <trkpt lat="22.3716510" lon="114.0632550">
    <ele>94.4</ele>
    <time>2025-09-22T01:06:52Z</time>
   </trkpt>
   <trkpt lat="22.3716490" lon="114.0632520">
    <ele>94.3</ele>
    <time>2025-09-22T01:06:53Z</time>
   </trkpt>
   <trkpt lat="22.3716460" lon="114.0632490">
    <ele>94.2</ele>
    <time>2025-09-22T01:06:54Z</time>
   </trkpt>
   <trkpt lat="22.3716440" lon="114.0632460">
    <ele>94.2</ele>
    <time>2025-09-22T01:06:55Z</time>
   </trkpt>
   <trkpt lat="22.3716410" lon="114.0632430">
    <ele>94.1</ele>
    <time>2025-09-22T01:06:56Z</time>
   </trkpt>
   <trkpt lat="22.3716390" lon="114.0632390">
    <ele>93.9</ele>
    <time>2025-09-22T01:06:57Z</time>
   </trkpt>
   <trkpt lat="22.3716360" lon="114.0632360">
    <ele>93.8</ele>
    <time>2025-09-22T01:06:58Z</time>
   </trkpt>
   <trkpt lat="22.3716340" lon="114.0632330">
    <ele>93.8</ele>
    <time>2025-09-22T01:06:59Z</time>
   </trkpt>
   <trkpt lat="22.3716310" lon="114.0632300">
    <ele>93.6</ele>
    <time>2025-09-22T01:07:00Z</time>
   </trkpt>
   <trkpt lat="22.3716290" lon="114.0632270">
    <ele>93.6</ele>
    <time>2025-09-22T01:07:01Z</time>
   </trkpt>
   <trkpt lat="22.3716260" lon="114.0632240">
    <ele>93.4</ele>
    <time>2025-09-22T01:07:02Z</time>
   </trkpt>
   <trkpt lat="22.3716230" lon="114.0632210">
    <ele>93.3</ele>
    <time>2025-09-22T01:07:03Z</time>
   </trkpt>
   <trkpt lat="22.3716100" lon="114.0632130">
    <ele>92.9</ele>
    <time>2025-09-22T01:07:04Z</time>
   </trkpt>
   <trkpt lat="22.3715980" lon="114.0632010">
    <ele>92.5</ele>
    <time>2025-09-22T01:07:05Z</time>
   </trkpt>
   <trkpt lat="22.3715980" lon="114.0632090">
    <ele>92.3</ele>
    <time>2025-09-22T01:07:06Z</time>
   </trkpt>
   <trkpt lat="22.3715920" lon="114.0632030">
    <ele>92.1</ele>
    <time>2025-09-22T01:07:07Z</time>
   </trkpt>
   <trkpt lat="22.3715850" lon="114.0631990">
    <ele>91.9</ele>
    <time>2025-09-22T01:07:08Z</time>
   </trkpt>
   <trkpt lat="22.3715820" lon="114.0632010">
    <ele>91.8</ele>
    <time>2025-09-22T01:07:09Z</time>
   </trkpt>
   <trkpt lat="22.3715680" lon="114.0632020">
    <ele>91.4</ele>
    <time>2025-09-22T01:07:10Z</time>
   </trkpt>
   <trkpt lat="22.3715550" lon="114.0632040">
    <ele>91.1</ele>
    <time>2025-09-22T01:07:11Z</time>
   </trkpt>
   <trkpt lat="22.3715410" lon="114.0632050">
    <ele>90.7</ele>
    <time>2025-09-22T01:07:12Z</time>
   </trkpt>
   <trkpt lat="22.3715340" lon="114.0632090">
    <ele>90.5</ele>
    <time>2025-09-22T01:07:13Z</time>
   </trkpt>
   <trkpt lat="22.3715240" lon="114.0632150">
    <ele>90.2</ele>
    <time>2025-09-22T01:07:14Z</time>
   </trkpt>
   <trkpt lat="22.3715070" lon="114.0632280">
    <ele>89.6</ele>
    <time>2025-09-22T01:07:15Z</time>
   </trkpt>
   <trkpt lat="22.3714820" lon="114.0632430">
    <ele>88.9</ele>
    <time>2025-09-22T01:07:16Z</time>
   </trkpt>
   <trkpt lat="22.3714730" lon="114.0632460">
    <ele>88.7</ele>
    <time>2025-09-22T01:07:17Z</time>
   </trkpt>
   <trkpt lat="22.3714690" lon="114.0632440">
    <ele>88.6</ele>
    <time>2025-09-22T01:07:18Z</time>
   </trkpt>
   <trkpt lat="22.3714620" lon="114.0632510">
    <ele>88.4</ele>
    <time>2025-09-22T01:07:19Z</time>
   </trkpt>
   <trkpt lat="22.3714540" lon="114.0632540">
    <ele>88.2</ele>
    <time>2025-09-22T01:07:20Z</time>
   </trkpt>
   <trkpt lat="22.3714400" lon="114.0632550">
    <ele>87.9</ele>
    <time>2025-09-22T01:07:21Z</time>
   </trkpt>
   <trkpt lat="22.3714310" lon="114.0632590">
    <ele>87.7</ele>
    <time>2025-09-22T01:07:22Z</time>
   </trkpt>
   <trkpt lat="22.3714190" lon="114.0632600">
    <ele>87.4</ele>
    <time>2025-09-22T01:07:23Z</time>
   </trkpt>
   <trkpt lat="22.3714120" lon="114.0632580">
    <ele>87.3</ele>
    <time>2025-09-22T01:07:24Z</time>
   </trkpt>
   <trkpt lat="22.3713910" lon="114.0632620">
    <ele>86.8</ele>
    <time>2025-09-22T01:07:25Z</time>
   </trkpt>
   <trkpt lat="22.3713760" lon="114.0632600">
    <ele>86.5</ele>
    <time>2025-09-22T01:07:26Z</time>
   </trkpt>
   <trkpt lat="22.3713680" lon="114.0632620">
    <ele>86.4</ele>
    <time>2025-09-22T01:07:27Z</time>
   </trkpt>
   <trkpt lat="22.3713570" lon="114.0632690">
    <ele>86.2</ele>
    <time>2025-09-22T01:07:28Z</time>
   </trkpt>
   <trkpt lat="22.3713490" lon="114.0632720">
    <ele>86.0</ele>
    <time>2025-09-22T01:07:29Z</time>
   </trkpt>
   <trkpt lat="22.3713380" lon="114.0632760">
    <ele>85.8</ele>
    <time>2025-09-22T01:07:30Z</time>
   </trkpt>
   <trkpt lat="22.3713350" lon="114.0632840">
    <ele>85.6</ele>
    <time>2025-09-22T01:07:31Z</time>
   </trkpt>
   <trkpt lat="22.3713200" lon="114.0632790">
    <ele>85.4</ele>
    <time>2025-09-22T01:07:32Z</time>
   </trkpt>
   <trkpt lat="22.3713140" lon="114.0632760">
    <ele>85.2</ele>
    <time>2025-09-22T01:07:33Z</time>
   </trkpt>
   <trkpt lat="22.3713110" lon="114.0632750">
    <ele>85.2</ele>
    <time>2025-09-22T01:07:34Z</time>
   </trkpt>
   <trkpt lat="22.3713040" lon="114.0632740">
    <ele>85.1</ele>
    <time>2025-09-22T01:07:35Z</time>
   </trkpt>
   <trkpt lat="22.3712990" lon="114.0632720">
    <ele>85.0</ele>
    <time>2025-09-22T01:07:36Z</time>
   </trkpt>
   <trkpt lat="22.3712980" lon="114.0632730">
    <ele>84.9</ele>
    <time>2025-09-22T01:07:37Z</time>
   </trkpt>
   <trkpt lat="22.3712960" lon="114.0632750">
    <ele>84.9</ele>
    <time>2025-09-22T01:07:38Z</time>
   </trkpt>
   <trkpt lat="22.3712950" lon="114.0632770">
    <ele>84.9</ele>
    <time>2025-09-22T01:07:39Z</time>
   </trkpt>
   <trkpt lat="22.3712900" lon="114.0632760">
    <ele>84.8</ele>
    <time>2025-09-22T01:07:40Z</time>
   </trkpt>
   <trkpt lat="22.3712830" lon="114.0632810">
    <ele>84.6</ele>
    <time>2025-09-22T01:07:41Z</time>
   </trkpt>
   <trkpt lat="22.3712750" lon="114.0632750">
    <ele>84.5</ele>
    <time>2025-09-22T01:07:42Z</time>
   </trkpt>
   <trkpt lat="22.3712710" lon="114.0632710">
    <ele>84.4</ele>
    <time>2025-09-22T01:07:43Z</time>
   </trkpt>
   <trkpt lat="22.3712680" lon="114.0632700">
    <ele>84.3</ele>
    <time>2025-09-22T01:07:44Z</time>
   </trkpt>
   <trkpt lat="22.3712610" lon="114.0632640">
    <ele>84.1</ele>
    <time>2025-09-22T01:07:45Z</time>
   </trkpt>
   <trkpt lat="22.3712550" lon="114.0632650">
    <ele>84.0</ele>
    <time>2025-09-22T01:07:46Z</time>
   </trkpt>
   <trkpt lat="22.3712480" lon="114.0632660">
    <ele>83.9</ele>
    <time>2025-09-22T01:07:47Z</time>
   </trkpt>
   <trkpt lat="22.3712350" lon="114.0632630">
    <ele>83.7</ele>
    <time>2025-09-22T01:07:48Z</time>
   </trkpt>
   <trkpt lat="22.3712280" lon="114.0632680">
    <ele>83.5</ele>
    <time>2025-09-22T01:07:49Z</time>
   </trkpt>
   <trkpt lat="22.3712210" lon="114.0632720">
    <ele>83.3</ele>
    <time>2025-09-22T01:07:50Z</time>
   </trkpt>
   <trkpt lat="22.3712120" lon="114.0632680">
    <ele>83.2</ele>
    <time>2025-09-22T01:07:51Z</time>
   </trkpt>
   <trkpt lat="22.3712080" lon="114.0632650">
    <ele>83.1</ele>
    <time>2025-09-22T01:07:52Z</time>
   </trkpt>
   <trkpt lat="22.3711980" lon="114.0632600">
    <ele>83.0</ele>
    <time>2025-09-22T01:07:53Z</time>
   </trkpt>
   <trkpt lat="22.3711870" lon="114.0632570">
    <ele>82.8</ele>
    <time>2025-09-22T01:07:54Z</time>
   </trkpt>
   <trkpt lat="22.3711780" lon="114.0632540">
    <ele>82.6</ele>
    <time>2025-09-22T01:07:55Z</time>
   </trkpt>
   <trkpt lat="22.3711660" lon="114.0632490">
    <ele>82.4</ele>
    <time>2025-09-22T01:07:56Z</time>
   </trkpt>
   <trkpt lat="22.3711590" lon="114.0632420">
    <ele>82.3</ele>
    <time>2025-09-22T01:07:57Z</time>
   </trkpt>
   <trkpt lat="22.3711370" lon="114.0632320">
    <ele>81.9</ele>
    <time>2025-09-22T01:07:58Z</time>
   </trkpt>
   <trkpt lat="22.3711030" lon="114.0632080">
    <ele>81.4</ele>
    <time>2025-09-22T01:07:59Z</time>
   </trkpt>
   <trkpt lat="22.3710870" lon="114.0631970">
    <ele>81.1</ele>
    <time>2025-09-22T01:08:00Z</time>
   </trkpt>
   <trkpt lat="22.3710710" lon="114.0631880">
    <ele>80.9</ele>
    <time>2025-09-22T01:08:01Z</time>
   </trkpt>
   <trkpt lat="22.3710670" lon="114.0631750">
    <ele>80.8</ele>
    <time>2025-09-22T01:08:02Z</time>
   </trkpt>
   <trkpt lat="22.3710570" lon="114.0631700">
    <ele>80.7</ele>
    <time>2025-09-22T01:08:03Z</time>
   </trkpt>
   <trkpt lat="22.3710410" lon="114.0631680">
    <ele>80.5</ele>
    <time>2025-09-22T01:08:04Z</time>
   </trkpt>
   <trkpt lat="22.3710390" lon="114.0631600">
    <ele>80.4</ele>
    <time>2025-09-22T01:08:05Z</time>
   </trkpt>
   <trkpt lat="22.3710310" lon="114.0631480">
    <ele>80.3</ele>
    <time>2025-09-22T01:08:06Z</time>
   </trkpt>
   <trkpt lat="22.3710230" lon="114.0631380">
    <ele>80.1</ele>
    <time>2025-09-22T01:08:07Z</time>
   </trkpt>
   <trkpt lat="22.3710190" lon="114.0631330">
    <ele>80.1</ele>
    <time>2025-09-22T01:08:08Z</time>
   </trkpt>
   <trkpt lat="22.3710140" lon="114.0631260">
    <ele>80.0</ele>
    <time>2025-09-22T01:08:09Z</time>
   </trkpt>
   <trkpt lat="22.3710040" lon="114.0631170">
    <ele>79.9</ele>
    <time>2025-09-22T01:08:10Z</time>
   </trkpt>
   <trkpt lat="22.3709970" lon="114.0631150">
    <ele>79.8</ele>
    <time>2025-09-22T01:08:11Z</time>
   </trkpt>
   <trkpt lat="22.3709840" lon="114.0631050">
    <ele>79.7</ele>
    <time>2025-09-22T01:08:12Z</time>
   </trkpt>
   <trkpt lat="22.3709780" lon="114.0630980">
    <ele>79.6</ele>
    <time>2025-09-22T01:08:13Z</time>
   </trkpt>
   <trkpt lat="22.3709720" lon="114.0630920">
    <ele>79.6</ele>
    <time>2025-09-22T01:08:14Z</time>
   </trkpt>
   <trkpt lat="22.3709660" lon="114.0630850">
    <ele>79.5</ele>
    <time>2025-09-22T01:08:15Z</time>
   </trkpt>
   <trkpt lat="22.3709550" lon="114.0630740">
    <ele>79.4</ele>
    <time>2025-09-22T01:08:16Z</time>
   </trkpt>
   <trkpt lat="22.3709450" lon="114.0630630">
    <ele>79.3</ele>
    <time>2025-09-22T01:08:17Z</time>
   </trkpt>
   <trkpt lat="22.3709360" lon="114.0630540">
    <ele>79.2</ele>
    <time>2025-09-22T01:08:18Z</time>
   </trkpt>
   <trkpt lat="22.3709320" lon="114.0630350">
    <ele>79.1</ele>
    <time>2025-09-22T01:08:19Z</time>
   </trkpt>
   <trkpt lat="22.3709200" lon="114.0630340">
    <ele>79.0</ele>
    <time>2025-09-22T01:08:20Z</time>
   </trkpt>
   <trkpt lat="22.3709140" lon="114.0630250">
    <ele>78.9</ele>
    <time>2025-09-22T01:08:21Z</time>
   </trkpt>
   <trkpt lat="22.3709070" lon="114.0630110">
    <ele>78.8</ele>
    <time>2025-09-22T01:08:22Z</time>
   </trkpt>
   <trkpt lat="22.3709030" lon="114.0629940">
    <ele>78.7</ele>
    <time>2025-09-22T01:08:23Z</time>
   </trkpt>
   <trkpt lat="22.3708980" lon="114.0629880">
    <ele>78.6</ele>
    <time>2025-09-22T01:08:24Z</time>
   </trkpt>
   <trkpt lat="22.3708870" lon="114.0629790">
    <ele>78.5</ele>
    <time>2025-09-22T01:08:25Z</time>
   </trkpt>
   <trkpt lat="22.3708750" lon="114.0629760">
    <ele>78.4</ele>
    <time>2025-09-22T01:08:26Z</time>
   </trkpt>
   <trkpt lat="22.3708690" lon="114.0629720">
    <ele>78.3</ele>
    <time>2025-09-22T01:08:27Z</time>
   </trkpt>
   <trkpt lat="22.3708640" lon="114.0629740">
    <ele>78.3</ele>
    <time>2025-09-22T01:08:28Z</time>
   </trkpt>
   <trkpt lat="22.3708580" lon="114.0629590">
    <ele>78.1</ele>
    <time>2025-09-22T01:08:29Z</time>
   </trkpt>
   <trkpt lat="22.3708510" lon="114.0629450">
    <ele>78.0</ele>
    <time>2025-09-22T01:08:30Z</time>
   </trkpt>
   <trkpt lat="22.3708430" lon="114.0629390">
    <ele>77.9</ele>
    <time>2025-09-22T01:08:31Z</time>
   </trkpt>
   <trkpt lat="22.3708330" lon="114.0629320">
    <ele>77.8</ele>
    <time>2025-09-22T01:08:32Z</time>
   </trkpt>
   <trkpt lat="22.3708260" lon="114.0629240">
    <ele>77.7</ele>
    <time>2025-09-22T01:08:33Z</time>
   </trkpt>
   <trkpt lat="22.3708230" lon="114.0629130">
    <ele>77.6</ele>
    <time>2025-09-22T01:08:34Z</time>
   </trkpt>
   <trkpt lat="22.3708180" lon="114.0629070">
    <ele>77.5</ele>
    <time>2025-09-22T01:08:35Z</time>
   </trkpt>
   <trkpt lat="22.3708060" lon="114.0628930">
    <ele>77.3</ele>
    <time>2025-09-22T01:08:36Z</time>
   </trkpt>
   <trkpt lat="22.3708020" lon="114.0628850">
    <ele>77.2</ele>
    <time>2025-09-22T01:08:37Z</time>
   </trkpt>
   <trkpt lat="22.3707980" lon="114.0628780">
    <ele>77.1</ele>
    <time>2025-09-22T01:08:38Z</time>
   </trkpt>
   <trkpt lat="22.3707940" lon="114.0628710">
    <ele>77.0</ele>
    <time>2025-09-22T01:08:39Z</time>
   </trkpt>
   <trkpt lat="22.3707770" lon="114.0628640">
    <ele>76.8</ele>
    <time>2025-09-22T01:08:40Z</time>
   </trkpt>
   <trkpt lat="22.3707630" lon="114.0628550">
    <ele>76.6</ele>
    <time>2025-09-22T01:08:41Z</time>
   </trkpt>
   <trkpt lat="22.3707440" lon="114.0628450">
    <ele>76.3</ele>
    <time>2025-09-22T01:08:42Z</time>
   </trkpt>
   <trkpt lat="22.3707380" lon="114.0628390">
    <ele>76.2</ele>
    <time>2025-09-22T01:08:43Z</time>
   </trkpt>
   <trkpt lat="22.3707320" lon="114.0628330">
    <ele>76.1</ele>
    <time>2025-09-22T01:08:44Z</time>
   </trkpt>
   <trkpt lat="22.3707200" lon="114.0628190">
    <ele>75.9</ele>
    <time>2025-09-22T01:08:45Z</time>
   </trkpt>
   <trkpt lat="22.3707120" lon="114.0628110">
    <ele>75.8</ele>
    <time>2025-09-22T01:08:46Z</time>
   </trkpt>
   <trkpt lat="22.3707030" lon="114.0628040">
    <ele>75.6</ele>
    <time>2025-09-22T01:08:47Z</time>
   </trkpt>
   <trkpt lat="22.3706960" lon="114.0627920">
    <ele>75.5</ele>
    <time>2025-09-22T01:08:48Z</time>
   </trkpt>
   <trkpt lat="22.3706840" lon="114.0627870">
    <ele>75.3</ele>
    <time>2025-09-22T01:08:49Z</time>
   </trkpt>
   <trkpt lat="22.3706730" lon="114.0627760">
    <ele>75.1</ele>
    <time>2025-09-22T01:08:50Z</time>
   </trkpt>
   <trkpt lat="22.3706650" lon="114.0627680">
    <ele>75.0</ele>
    <time>2025-09-22T01:08:51Z</time>
   </trkpt>
   <trkpt lat="22.3706600" lon="114.0627690">
    <ele>74.9</ele>
    <time>2025-09-22T01:08:52Z</time>
   </trkpt>
   <trkpt lat="22.3706520" lon="114.0627710">
    <ele>74.8</ele>
    <time>2025-09-22T01:08:53Z</time>
   </trkpt>
   <trkpt lat="22.3706460" lon="114.0627610">
    <ele>74.7</ele>
    <time>2025-09-22T01:08:54Z</time>
   </trkpt>
   <trkpt lat="22.3706420" lon="114.0627550">
    <ele>74.6</ele>
    <time>2025-09-22T01:08:55Z</time>
   </trkpt>
   <trkpt lat="22.3706350" lon="114.0627460">
    <ele>74.5</ele>
    <time>2025-09-22T01:08:56Z</time>
   </trkpt>
   <trkpt lat="22.3706310" lon="114.0627320">
    <ele>74.4</ele>
    <time>2025-09-22T01:08:57Z</time>
   </trkpt>
   <trkpt lat="22.3706280" lon="114.0627290">
    <ele>74.3</ele>
    <time>2025-09-22T01:08:58Z</time>
   </trkpt>
   <trkpt lat="22.3706280" lon="114.0627230">
    <ele>74.3</ele>
    <time>2025-09-22T01:08:59Z</time>
   </trkpt>
   <trkpt lat="22.3706310" lon="114.0627230">
    <ele>74.2</ele>
    <time>2025-09-22T01:09:00Z</time>
   </trkpt>
   <trkpt lat="22.3706310" lon="114.0627200">
    <ele>74.2</ele>
    <time>2025-09-22T01:09:01Z</time>
   </trkpt>
   <trkpt lat="22.3706290" lon="114.0627190">
    <ele>74.2</ele>
    <time>2025-09-22T01:09:02Z</time>
   </trkpt>
   <trkpt lat="22.3706310" lon="114.0627180">
    <ele>74.2</ele>
    <time>2025-09-22T01:09:03Z</time>
   </trkpt>
   <trkpt lat="22.3706320" lon="114.0627190">
    <ele>74.1</ele>
    <time>2025-09-22T01:09:04Z</time>
   </trkpt>
   <trkpt lat="22.3706270" lon="114.0627140">
    <ele>74.1</ele>
    <time>2025-09-22T01:09:05Z</time>
   </trkpt>
   <trkpt lat="22.3706230" lon="114.0627030">
    <ele>74.0</ele>
    <time>2025-09-22T01:09:06Z</time>
   </trkpt>
   <trkpt lat="22.3706230" lon="114.0627020">
    <ele>74.0</ele>
    <time>2025-09-22T01:09:07Z</time>
   </trkpt>
   <trkpt lat="22.3706170" lon="114.0626980">
    <ele>73.9</ele>
    <time>2025-09-22T01:09:08Z</time>
   </trkpt>
   <trkpt lat="22.3706160" lon="114.0626970">
    <ele>73.9</ele>
    <time>2025-09-22T01:09:09Z</time>
   </trkpt>
   <trkpt lat="22.3706050" lon="114.0626840">
    <ele>73.7</ele>
    <time>2025-09-22T01:09:10Z</time>
   </trkpt>
   <trkpt lat="22.3705930" lon="114.0626810">
    <ele>73.6</ele>
    <time>2025-09-22T01:09:11Z</time>
   </trkpt>
   <trkpt lat="22.3705890" lon="114.0626720">
    <ele>73.5</ele>
    <time>2025-09-22T01:09:12Z</time>
   </trkpt>
   <trkpt lat="22.3705840" lon="114.0626640">
    <ele>73.5</ele>
    <time>2025-09-22T01:09:13Z</time>
   </trkpt>
   <trkpt lat="22.3705800" lon="114.0626550">
    <ele>73.4</ele>
    <time>2025-09-22T01:09:14Z</time>
   </trkpt>
   <trkpt lat="22.3705780" lon="114.0626460">
    <ele>73.3</ele>
    <time>2025-09-22T01:09:15Z</time>
   </trkpt>
   <trkpt lat="22.3705730" lon="114.0626380">
    <ele>73.2</ele>
    <time>2025-09-22T01:09:16Z</time>
   </trkpt>
   <trkpt lat="22.3705590" lon="114.0626300">
    <ele>73.1</ele>
    <time>2025-09-22T01:09:17Z</time>
   </trkpt>
   <trkpt lat="22.3705530" lon="114.0626170">
    <ele>73.0</ele>
    <time>2025-09-22T01:09:18Z</time>
   </trkpt>
   <trkpt lat="22.3705460" lon="114.0626140">
    <ele>73.0</ele>
    <time>2025-09-22T01:09:19Z</time>
   </trkpt>
   <trkpt lat="22.3705360" lon="114.0626020">
    <ele>72.9</ele>
    <time>2025-09-22T01:09:20Z</time>
   </trkpt>
   <trkpt lat="22.3705300" lon="114.0625920">
    <ele>72.8</ele>
    <time>2025-09-22T01:09:21Z</time>
   </trkpt>
   <trkpt lat="22.3705260" lon="114.0625810">
    <ele>72.7</ele>
    <time>2025-09-22T01:09:22Z</time>
   </trkpt>
   <trkpt lat="22.3705160" lon="114.0625740">
    <ele>72.6</ele>
    <time>2025-09-22T01:09:23Z</time>
   </trkpt>
   <trkpt lat="22.3705090" lon="114.0625560">
    <ele>72.5</ele>
    <time>2025-09-22T01:09:24Z</time>
   </trkpt>
   <trkpt lat="22.3704990" lon="114.0625550">
    <ele>72.4</ele>
    <time>2025-09-22T01:09:25Z</time>
   </trkpt>
   <trkpt lat="22.3704970" lon="114.0625470">
    <ele>72.4</ele>
    <time>2025-09-22T01:09:26Z</time>
   </trkpt>
   <trkpt lat="22.3704930" lon="114.0625430">
    <ele>72.3</ele>
    <time>2025-09-22T01:09:27Z</time>
   </trkpt>
   <trkpt lat="22.3704910" lon="114.0625320">
    <ele>72.3</ele>
    <time>2025-09-22T01:09:28Z</time>
   </trkpt>
   <trkpt lat="22.3704850" lon="114.0625250">
    <ele>72.2</ele>
    <time>2025-09-22T01:09:29Z</time>
   </trkpt>
   <trkpt lat="22.3704720" lon="114.0625200">
    <ele>72.1</ele>
    <time>2025-09-22T01:09:30Z</time>
   </trkpt>
   <trkpt lat="22.3704620" lon="114.0625130">
    <ele>72.0</ele>
    <time>2025-09-22T01:09:31Z</time>
   </trkpt>
   <trkpt lat="22.3704530" lon="114.0625060">
    <ele>72.0</ele>
    <time>2025-09-22T01:09:32Z</time>
   </trkpt>
   <trkpt lat="22.3704460" lon="114.0624950">
    <ele>71.9</ele>
    <time>2025-09-22T01:09:33Z</time>
   </trkpt>
   <trkpt lat="22.3704320" lon="114.0624940">
    <ele>71.8</ele>
    <time>2025-09-22T01:09:34Z</time>
   </trkpt>
   <trkpt lat="22.3704240" lon="114.0624900">
    <ele>71.8</ele>
    <time>2025-09-22T01:09:35Z</time>
   </trkpt>
   <trkpt lat="22.3704180" lon="114.0624870">
    <ele>71.7</ele>
    <time>2025-09-22T01:09:36Z</time>
   </trkpt>
   <trkpt lat="22.3704020" lon="114.0624770">
    <ele>71.7</ele>
    <time>2025-09-22T01:09:37Z</time>
   </trkpt>
   <trkpt lat="22.3703930" lon="114.0624720">
    <ele>71.6</ele>
    <time>2025-09-22T01:09:38Z</time>
   </trkpt>
   <trkpt lat="22.3703830" lon="114.0624660">
    <ele>71.5</ele>
    <time>2025-09-22T01:09:39Z</time>
   </trkpt>
   <trkpt lat="22.3703700" lon="114.0624490">
    <ele>71.4</ele>
    <time>2025-09-22T01:09:40Z</time>
   </trkpt>
   <trkpt lat="22.3703630" lon="114.0624440">
    <ele>71.4</ele>
    <time>2025-09-22T01:09:41Z</time>
   </trkpt>
   <trkpt lat="22.3703570" lon="114.0624380">
    <ele>71.3</ele>
    <time>2025-09-22T01:09:42Z</time>
   </trkpt>
   <trkpt lat="22.3703480" lon="114.0624290">
    <ele>71.3</ele>
    <time>2025-09-22T01:09:43Z</time>
   </trkpt>
   <trkpt lat="22.3703370" lon="114.0624120">
    <ele>71.2</ele>
    <time>2025-09-22T01:09:44Z</time>
   </trkpt>
   <trkpt lat="22.3703290" lon="114.0624000">
    <ele>71.1</ele>
    <time>2025-09-22T01:09:45Z</time>
   </trkpt>
   <trkpt lat="22.3703230" lon="114.0623870">
    <ele>71.0</ele>
    <time>2025-09-22T01:09:46Z</time>
   </trkpt>
   <trkpt lat="22.3703140" lon="114.0623740">
    <ele>71.0</ele>
    <time>2025-09-22T01:09:47Z</time>
   </trkpt>
   <trkpt lat="22.3703020" lon="114.0623640">
    <ele>70.9</ele>
    <time>2025-09-22T01:09:48Z</time>
   </trkpt>
   <trkpt lat="22.3702910" lon="114.0623630">
    <ele>70.8</ele>
    <time>2025-09-22T01:09:49Z</time>
   </trkpt>
   <trkpt lat="22.3702820" lon="114.0623530">
    <ele>70.7</ele>
    <time>2025-09-22T01:09:50Z</time>
   </trkpt>
   <trkpt lat="22.3702740" lon="114.0623440">
    <ele>70.7</ele>
    <time>2025-09-22T01:09:51Z</time>
   </trkpt>
   <trkpt lat="22.3702680" lon="114.0623340">
    <ele>70.6</ele>
    <time>2025-09-22T01:09:52Z</time>
   </trkpt>
   <trkpt lat="22.3702640" lon="114.0623290">
    <ele>70.5</ele>
    <time>2025-09-22T01:09:53Z</time>
   </trkpt>
   <trkpt lat="22.3702620" lon="114.0623170">
    <ele>70.5</ele>
    <time>2025-09-22T01:09:54Z</time>
   </trkpt>
   <trkpt lat="22.3702540" lon="114.0623020">
    <ele>70.3</ele>
    <time>2025-09-22T01:09:55Z</time>
   </trkpt>
   <trkpt lat="22.3702500" lon="114.0622860">
    <ele>70.2</ele>
    <time>2025-09-22T01:09:56Z</time>
   </trkpt>
   <trkpt lat="22.3702430" lon="114.0622650">
    <ele>70.0</ele>
    <time>2025-09-22T01:09:57Z</time>
   </trkpt>
   <trkpt lat="22.3702370" lon="114.0622560">
    <ele>69.9</ele>
    <time>2025-09-22T01:09:58Z</time>
   </trkpt>
   <trkpt lat="22.3702260" lon="114.0622480">
    <ele>69.8</ele>
    <time>2025-09-22T01:09:59Z</time>
   </trkpt>
   <trkpt lat="22.3702240" lon="114.0622430">
    <ele>69.8</ele>
    <time>2025-09-22T01:10:00Z</time>
   </trkpt>
   <trkpt lat="22.3702200" lon="114.0622440">
    <ele>69.7</ele>
    <time>2025-09-22T01:10:01Z</time>
   </trkpt>
   <trkpt lat="22.3702220" lon="114.0622350">
    <ele>69.6</ele>
    <time>2025-09-22T01:10:02Z</time>
   </trkpt>
   <trkpt lat="22.3702170" lon="114.0622270">
    <ele>69.5</ele>
    <time>2025-09-22T01:10:03Z</time>
   </trkpt>
   <trkpt lat="22.3702210" lon="114.0622200">
    <ele>69.5</ele>
    <time>2025-09-22T01:10:04Z</time>
   </trkpt>
   <trkpt lat="22.3702170" lon="114.0622010">
    <ele>69.3</ele>
    <time>2025-09-22T01:10:05Z</time>
   </trkpt>
   <trkpt lat="22.3702100" lon="114.0622030">
    <ele>69.2</ele>
    <time>2025-09-22T01:10:06Z</time>
   </trkpt>
   <trkpt lat="22.3702110" lon="114.0622030">
    <ele>69.1</ele>
    <time>2025-09-22T01:10:07Z</time>
   </trkpt>
   <trkpt lat="22.3702110" lon="114.0622040">
    <ele>69.1</ele>
    <time>2025-09-22T01:10:08Z</time>
   </trkpt>
   <trkpt lat="22.3702100" lon="114.0622020">
    <ele>69.1</ele>
    <time>2025-09-22T01:10:09Z</time>
   </trkpt>
   <trkpt lat="22.3702080" lon="114.0621980">
    <ele>69.1</ele>
    <time>2025-09-22T01:10:10Z</time>
   </trkpt>
   <trkpt lat="22.3702080" lon="114.0621960">
    <ele>69.0</ele>
    <time>2025-09-22T01:10:11Z</time>
   </trkpt>
   <trkpt lat="22.3702060" lon="114.0621960">
    <ele>69.0</ele>
    <time>2025-09-22T01:10:12Z</time>
   </trkpt>
   <trkpt lat="22.3702060" lon="114.0621940">
    <ele>69.0</ele>
    <time>2025-09-22T01:10:13Z</time>
   </trkpt>
   <trkpt lat="22.3702040" lon="114.0621880">
    <ele>68.9</ele>
    <time>2025-09-22T01:10:14Z</time>
   </trkpt>
   <trkpt lat="22.3702040" lon="114.0621850">
    <ele>68.9</ele>
    <time>2025-09-22T01:10:15Z</time>
   </trkpt>
   <trkpt lat="22.3702050" lon="114.0621850">
    <ele>68.9</ele>
    <time>2025-09-22T01:10:16Z</time>
   </trkpt>
   <trkpt lat="22.3702040" lon="114.0621840">
    <ele>68.8</ele>
    <time>2025-09-22T01:10:17Z</time>
   </trkpt>
   <trkpt lat="22.3701990" lon="114.0621760">
    <ele>68.7</ele>
    <time>2025-09-22T01:10:18Z</time>
   </trkpt>
   <trkpt lat="22.3701940" lon="114.0621670">
    <ele>68.6</ele>
    <time>2025-09-22T01:10:19Z</time>
   </trkpt>
   <trkpt lat="22.3701850" lon="114.0621620">
    <ele>68.4</ele>
    <time>2025-09-22T01:10:20Z</time>
   </trkpt>
   <trkpt lat="22.3701790" lon="114.0621550">
    <ele>68.3</ele>
    <time>2025-09-22T01:10:21Z</time>
   </trkpt>
   <trkpt lat="22.3701810" lon="114.0621340">
    <ele>68.0</ele>
    <time>2025-09-22T01:10:22Z</time>
   </trkpt>
   <trkpt lat="22.3701720" lon="114.0621270">
    <ele>67.8</ele>
    <time>2025-09-22T01:10:23Z</time>
   </trkpt>
   <trkpt lat="22.3701660" lon="114.0621170">
    <ele>67.6</ele>
    <time>2025-09-22T01:10:24Z</time>
   </trkpt>
   <trkpt lat="22.3701670" lon="114.0621140">
    <ele>67.6</ele>
    <time>2025-09-22T01:10:25Z</time>
   </trkpt>
   <trkpt lat="22.3701690" lon="114.0621150">
    <ele>67.5</ele>
    <time>2025-09-22T01:10:26Z</time>
   </trkpt>
   <trkpt lat="22.3701710" lon="114.0621070">
    <ele>67.4</ele>
    <time>2025-09-22T01:10:27Z</time>
   </trkpt>
   <trkpt lat="22.3701640" lon="114.0621020">
    <ele>67.3</ele>
    <time>2025-09-22T01:10:28Z</time>
   </trkpt>
   <trkpt lat="22.3701620" lon="114.0620990">
    <ele>67.2</ele>
    <time>2025-09-22T01:10:29Z</time>
   </trkpt>
   <trkpt lat="22.3701600" lon="114.0620920">
    <ele>67.1</ele>
    <time>2025-09-22T01:10:30Z</time>
   </trkpt>
   <trkpt lat="22.3701600" lon="114.0620870">
    <ele>66.9</ele>
    <time>2025-09-22T01:10:31Z</time>
   </trkpt>
   <trkpt lat="22.3701590" lon="114.0620860">
    <ele>66.9</ele>
    <time>2025-09-22T01:10:32Z</time>
   </trkpt>
   <trkpt lat="22.3701540" lon="114.0620840">
    <ele>66.7</ele>
    <time>2025-09-22T01:10:33Z</time>
   </trkpt>
   <trkpt lat="22.3701530" lon="114.0620820">
    <ele>66.7</ele>
    <time>2025-09-22T01:10:34Z</time>
   </trkpt>
   <trkpt lat="22.3701540" lon="114.0620790">
    <ele>66.6</ele>
    <time>2025-09-22T01:10:35Z</time>
   </trkpt>
   <trkpt lat="22.3701530" lon="114.0620810">
    <ele>66.5</ele>
    <time>2025-09-22T01:10:36Z</time>
   </trkpt>
   <trkpt lat="22.3701520" lon="114.0620810">
    <ele>66.5</ele>
    <time>2025-09-22T01:10:37Z</time>
   </trkpt>
   <trkpt lat="22.3701420" lon="114.0620740">
    <ele>66.1</ele>
    <time>2025-09-22T01:10:38Z</time>
   </trkpt>
   <trkpt lat="22.3701420" lon="114.0620680">
    <ele>65.9</ele>
    <time>2025-09-22T01:10:39Z</time>
   </trkpt>
   <trkpt lat="22.3701400" lon="114.0620680">
    <ele>65.9</ele>
    <time>2025-09-22T01:10:40Z</time>
   </trkpt>
   <trkpt lat="22.3701400" lon="114.0620690">
    <ele>65.8</ele>
    <time>2025-09-22T01:10:41Z</time>
   </trkpt>
   <trkpt lat="22.3701260" lon="114.0620660">
    <ele>65.4</ele>
    <time>2025-09-22T01:10:42Z</time>
   </trkpt>
   <trkpt lat="22.3701160" lon="114.0620630">
    <ele>65.1</ele>
    <time>2025-09-22T01:10:43Z</time>
   </trkpt>
   <trkpt lat="22.3701080" lon="114.0620460">
    <ele>64.5</ele>
    <time>2025-09-22T01:10:44Z</time>
   </trkpt>
   <trkpt lat="22.3701050" lon="114.0620390">
    <ele>64.3</ele>
    <time>2025-09-22T01:10:45Z</time>
   </trkpt>
   <trkpt lat="22.3701020" lon="114.0620310">
    <ele>64.1</ele>
    <time>2025-09-22T01:10:46Z</time>
   </trkpt>
   <trkpt lat="22.3700990" lon="114.0620240">
    <ele>63.9</ele>
    <time>2025-09-22T01:10:47Z</time>
   </trkpt>
   <trkpt lat="22.3700940" lon="114.0620240">
    <ele>63.7</ele>
    <time>2025-09-22T01:10:48Z</time>
   </trkpt>
   <trkpt lat="22.3700860" lon="114.0620160">
    <ele>63.4</ele>
    <time>2025-09-22T01:10:49Z</time>
   </trkpt>
   <trkpt lat="22.3700810" lon="114.0620120">
    <ele>63.2</ele>
    <time>2025-09-22T01:10:50Z</time>
   </trkpt>
   <trkpt lat="22.3700740" lon="114.0620090">
    <ele>63.0</ele>
    <time>2025-09-22T01:10:51Z</time>
   </trkpt>
   <trkpt lat="22.3700650" lon="114.0620050">
    <ele>62.7</ele>
    <time>2025-09-22T01:10:52Z</time>
   </trkpt>
   <trkpt lat="22.3700560" lon="114.0620020">
    <ele>62.4</ele>
    <time>2025-09-22T01:10:53Z</time>
   </trkpt>
   <trkpt lat="22.3700490" lon="114.0619960">
    <ele>62.2</ele>
    <time>2025-09-22T01:10:54Z</time>
   </trkpt>
   <trkpt lat="22.3700410" lon="114.0619840">
    <ele>61.8</ele>
    <time>2025-09-22T01:10:55Z</time>
   </trkpt>
   <trkpt lat="22.3700370" lon="114.0619830">
    <ele>61.6</ele>
    <time>2025-09-22T01:10:56Z</time>
   </trkpt>
   <trkpt lat="22.3700340" lon="114.0619810">
    <ele>61.5</ele>
    <time>2025-09-22T01:10:57Z</time>
   </trkpt>
   <trkpt lat="22.3700300" lon="114.0619800">
    <ele>61.4</ele>
    <time>2025-09-22T01:10:58Z</time>
   </trkpt>
   <trkpt lat="22.3700270" lon="114.0619780">
    <ele>61.3</ele>
    <time>2025-09-22T01:10:59Z</time>
   </trkpt>
   <trkpt lat="22.3700230" lon="114.0619770">
    <ele>61.2</ele>
    <time>2025-09-22T01:11:00Z</time>
   </trkpt>
   <trkpt lat="22.3700200" lon="114.0619750">
    <ele>61.1</ele>
    <time>2025-09-22T01:11:01Z</time>
   </trkpt>
   <trkpt lat="22.3700160" lon="114.0619740">
    <ele>61.0</ele>
    <time>2025-09-22T01:11:02Z</time>
   </trkpt>
   <trkpt lat="22.3700100" lon="114.0619740">
    <ele>60.8</ele>
    <time>2025-09-22T01:11:03Z</time>
   </trkpt>
   <trkpt lat="22.3700110" lon="114.0619700">
    <ele>60.7</ele>
    <time>2025-09-22T01:11:04Z</time>
   </trkpt>
   <trkpt lat="22.3699980" lon="114.0619700">
    <ele>60.3</ele>
    <time>2025-09-22T01:11:05Z</time>
   </trkpt>
   <trkpt lat="22.3699910" lon="114.0619660">
    <ele>60.0</ele>
    <time>2025-09-22T01:11:06Z</time>
   </trkpt>
   <trkpt lat="22.3699880" lon="114.0619650">
    <ele>59.9</ele>
    <time>2025-09-22T01:11:07Z</time>
   </trkpt>
   <trkpt lat="22.3699860" lon="114.0619570">
    <ele>59.7</ele>
    <time>2025-09-22T01:11:08Z</time>
   </trkpt>
   <trkpt lat="22.3699790" lon="114.0619520">
    <ele>59.4</ele>
    <time>2025-09-22T01:11:09Z</time>
   </trkpt>
   <trkpt lat="22.3699660" lon="114.0619450">
    <ele>59.0</ele>
    <time>2025-09-22T01:11:10Z</time>
   </trkpt>
   <trkpt lat="22.3699610" lon="114.0619390">
    <ele>58.8</ele>
    <time>2025-09-22T01:11:11Z</time>
   </trkpt>
   <trkpt lat="22.3699580" lon="114.0619400">
    <ele>58.7</ele>
    <time>2025-09-22T01:11:12Z</time>
   </trkpt>
   <trkpt lat="22.3699560" lon="114.0619370">
    <ele>58.5</ele>
    <time>2025-09-22T01:11:13Z</time>
   </trkpt>
   <trkpt lat="22.3699530" lon="114.0619320">
    <ele>58.4</ele>
    <time>2025-09-22T01:11:14Z</time>
   </trkpt>
   <trkpt lat="22.3699470" lon="114.0619270">
    <ele>58.1</ele>
    <time>2025-09-22T01:11:15Z</time>
   </trkpt>
   <trkpt lat="22.3699500" lon="114.0619160">
    <ele>57.8</ele>
    <time>2025-09-22T01:11:16Z</time>
   </trkpt>
   <trkpt lat="22.3699500" lon="114.0619040">
    <ele>57.4</ele>
    <time>2025-09-22T01:11:17Z</time>
   </trkpt>
   <trkpt lat="22.3699490" lon="114.0618970">
    <ele>57.2</ele>
    <time>2025-09-22T01:11:18Z</time>
   </trkpt>
   <trkpt lat="22.3699470" lon="114.0618910">
    <ele>57.0</ele>
    <time>2025-09-22T01:11:19Z</time>
   </trkpt>
   <trkpt lat="22.3699460" lon="114.0618850">
    <ele>56.9</ele>
    <time>2025-09-22T01:11:20Z</time>
   </trkpt>
   <trkpt lat="22.3699440" lon="114.0618790">
    <ele>56.7</ele>
    <time>2025-09-22T01:11:21Z</time>
   </trkpt>
   <trkpt lat="22.3699420" lon="114.0618720">
    <ele>56.5</ele>
    <time>2025-09-22T01:11:22Z</time>
   </trkpt>
   <trkpt lat="22.3699410" lon="114.0618660">
    <ele>56.3</ele>
    <time>2025-09-22T01:11:23Z</time>
   </trkpt>
   <trkpt lat="22.3699390" lon="114.0618600">
    <ele>56.1</ele>
    <time>2025-09-22T01:11:24Z</time>
   </trkpt>
   <trkpt lat="22.3699380" lon="114.0618530">
    <ele>55.9</ele>
    <time>2025-09-22T01:11:25Z</time>
   </trkpt>
   <trkpt lat="22.3699360" lon="114.0618470">
    <ele>55.7</ele>
    <time>2025-09-22T01:11:26Z</time>
   </trkpt>
   <trkpt lat="22.3699350" lon="114.0618410">
    <ele>55.5</ele>
    <time>2025-09-22T01:11:27Z</time>
   </trkpt>
   <trkpt lat="22.3699330" lon="114.0618340">
    <ele>55.3</ele>
    <time>2025-09-22T01:11:28Z</time>
   </trkpt>
   <trkpt lat="22.3699310" lon="114.0618280">
    <ele>55.1</ele>
    <time>2025-09-22T01:11:29Z</time>
   </trkpt>
   <trkpt lat="22.3699300" lon="114.0618220">
    <ele>55.0</ele>
    <time>2025-09-22T01:11:30Z</time>
   </trkpt>
   <trkpt lat="22.3699280" lon="114.0618160">
    <ele>54.8</ele>
    <time>2025-09-22T01:11:31Z</time>
   </trkpt>
   <trkpt lat="22.3699270" lon="114.0618090">
    <ele>54.6</ele>
    <time>2025-09-22T01:11:32Z</time>
   </trkpt>
   <trkpt lat="22.3699250" lon="114.0618030">
    <ele>54.4</ele>
    <time>2025-09-22T01:11:33Z</time>
   </trkpt>
   <trkpt lat="22.3699130" lon="114.0617930">
    <ele>54.0</ele>
    <time>2025-09-22T01:11:34Z</time>
   </trkpt>
   <trkpt lat="22.3699060" lon="114.0617880">
    <ele>53.7</ele>
    <time>2025-09-22T01:11:35Z</time>
   </trkpt>
   <trkpt lat="22.3699000" lon="114.0617820">
    <ele>53.5</ele>
    <time>2025-09-22T01:11:36Z</time>
   </trkpt>
   <trkpt lat="22.3698930" lon="114.0617770">
    <ele>53.2</ele>
    <time>2025-09-22T01:11:37Z</time>
   </trkpt>
   <trkpt lat="22.3698880" lon="114.0617690">
    <ele>53.0</ele>
    <time>2025-09-22T01:11:38Z</time>
   </trkpt>
   <trkpt lat="22.3698830" lon="114.0617620">
    <ele>52.8</ele>
    <time>2025-09-22T01:11:39Z</time>
   </trkpt>
   <trkpt lat="22.3698830" lon="114.0617610">
    <ele>52.7</ele>
    <time>2025-09-22T01:11:40Z</time>
   </trkpt>
   <trkpt lat="22.3698800" lon="114.0617640">
    <ele>52.6</ele>
    <time>2025-09-22T01:11:41Z</time>
   </trkpt>
   <trkpt lat="22.3698700" lon="114.0617680">
    <ele>52.3</ele>
    <time>2025-09-22T01:11:42Z</time>
   </trkpt>
   <trkpt lat="22.3698670" lon="114.0617600">
    <ele>52.1</ele>
    <time>2025-09-22T01:11:43Z</time>
   </trkpt>
   <trkpt lat="22.3698720" lon="114.0617590">
    <ele>52.0</ele>
    <time>2025-09-22T01:11:44Z</time>
   </trkpt>
   <trkpt lat="22.3698660" lon="114.0617530">
    <ele>51.8</ele>
    <time>2025-09-22T01:11:45Z</time>
   </trkpt>
   <trkpt lat="22.3698500" lon="114.0617470">
    <ele>51.4</ele>
    <time>2025-09-22T01:11:46Z</time>
   </trkpt>
   <trkpt lat="22.3698440" lon="114.0617500">
    <ele>51.2</ele>
    <time>2025-09-22T01:11:47Z</time>
   </trkpt>
   <trkpt lat="22.3698410" lon="114.0617540">
    <ele>51.1</ele>
    <time>2025-09-22T01:11:48Z</time>
   </trkpt>
   <trkpt lat="22.3698320" lon="114.0617500">
    <ele>50.8</ele>
    <time>2025-09-22T01:11:49Z</time>
   </trkpt>
   <trkpt lat="22.3698280" lon="114.0617600">
    <ele>50.6</ele>
    <time>2025-09-22T01:11:50Z</time>
   </trkpt>
   <trkpt lat="22.3698170" lon="114.0617560">
    <ele>50.4</ele>
    <time>2025-09-22T01:11:51Z</time>
   </trkpt>
   <trkpt lat="22.3698150" lon="114.0617500">
    <ele>50.2</ele>
    <time>2025-09-22T01:11:52Z</time>
   </trkpt>
   <trkpt lat="22.3698120" lon="114.0617510">
    <ele>50.2</ele>
    <time>2025-09-22T01:11:53Z</time>
   </trkpt>
   <trkpt lat="22.3698060" lon="114.0617530">
    <ele>50.0</ele>
    <time>2025-09-22T01:11:54Z</time>
   </trkpt>
   <trkpt lat="22.3697990" lon="114.0617500">
    <ele>49.9</ele>
    <time>2025-09-22T01:11:55Z</time>
   </trkpt>
   <trkpt lat="22.3697890" lon="114.0617400">
    <ele>49.6</ele>
    <time>2025-09-22T01:11:56Z</time>
   </trkpt>
   <trkpt lat="22.3697720" lon="114.0617420">
    <ele>49.2</ele>
    <time>2025-09-22T01:11:57Z</time>
   </trkpt>
   <trkpt lat="22.3697470" lon="114.0617410">
    <ele>48.8</ele>
    <time>2025-09-22T01:11:58Z</time>
   </trkpt>
   <trkpt lat="22.3697380" lon="114.0617330">
    <ele>48.5</ele>
    <time>2025-09-22T01:11:59Z</time>
   </trkpt>
   <trkpt lat="22.3697300" lon="114.0617260">
    <ele>48.4</ele>
    <time>2025-09-22T01:12:00Z</time>
   </trkpt>
   <trkpt lat="22.3697240" lon="114.0617170">
    <ele>48.2</ele>
    <time>2025-09-22T01:12:01Z</time>
   </trkpt>
   <trkpt lat="22.3697230" lon="114.0617110">
    <ele>48.1</ele>
    <time>2025-09-22T01:12:02Z</time>
   </trkpt>
   <trkpt lat="22.3697200" lon="114.0617090">
    <ele>48.1</ele>
    <time>2025-09-22T01:12:03Z</time>
   </trkpt>
   <trkpt lat="22.3697150" lon="114.0617000">
    <ele>47.9</ele>
    <time>2025-09-22T01:12:04Z</time>
   </trkpt>
   <trkpt lat="22.3697090" lon="114.0616970">
    <ele>47.8</ele>
    <time>2025-09-22T01:12:05Z</time>
   </trkpt>
   <trkpt lat="22.3697030" lon="114.0616980">
    <ele>47.7</ele>
    <time>2025-09-22T01:12:06Z</time>
   </trkpt>
   <trkpt lat="22.3697040" lon="114.0616970">
    <ele>47.7</ele>
    <time>2025-09-22T01:12:07Z</time>
   </trkpt>
   <trkpt lat="22.3697080" lon="114.0616880">
    <ele>47.5</ele>
    <time>2025-09-22T01:12:08Z</time>
   </trkpt>
   <trkpt lat="22.3697070" lon="114.0616910">
    <ele>47.5</ele>
    <time>2025-09-22T01:12:09Z</time>
   </trkpt>
   <trkpt lat="22.3697060" lon="114.0616960">
    <ele>47.4</ele>
    <time>2025-09-22T01:12:10Z</time>
   </trkpt>
   <trkpt lat="22.3697080" lon="114.0616920">
    <ele>47.4</ele>
    <time>2025-09-22T01:12:11Z</time>
   </trkpt>
   <trkpt lat="22.3697130" lon="114.0616810">
    <ele>47.2</ele>
    <time>2025-09-22T01:12:12Z</time>
   </trkpt>
   <trkpt lat="22.3697070" lon="114.0616840">
    <ele>47.1</ele>
    <time>2025-09-22T01:12:13Z</time>
   </trkpt>
   <trkpt lat="22.3697070" lon="114.0616840">
    <ele>47.1</ele>
    <time>2025-09-22T01:12:14Z</time>
   </trkpt>
   <trkpt lat="22.3697070" lon="114.0616840">
    <ele>47.1</ele>
    <time>2025-09-22T01:12:15Z</time>
   </trkpt>
   <trkpt lat="22.3697070" lon="114.0616840">
    <ele>47.1</ele>
    <time>2025-09-22T01:12:16Z</time>
   </trkpt>
   <trkpt lat="22.3697070" lon="114.0616840">
    <ele>47.1</ele>
    <time>2025-09-22T01:12:17Z</time>
   </trkpt>
   <trkpt lat="22.3697070" lon="114.0616840">
    <ele>47.1</ele>
    <time>2025-09-22T01:12:18Z</time>
   </trkpt>
   <trkpt lat="22.3697070" lon="114.0616840">
    <ele>47.1</ele>
    <time>2025-09-22T01:12:19Z</time>
   </trkpt>
   <trkpt lat="22.3697070" lon="114.0616840">
    <ele>47.1</ele>
    <time>2025-09-22T01:12:20Z</time>
   </trkpt>
   <trkpt lat="22.3697070" lon="114.0616840">
    <ele>47.1</ele>
    <time>2025-09-22T01:12:21Z</time>
   </trkpt>
   <trkpt lat="22.3697070" lon="114.0616840">
    <ele>47.1</ele>
    <time>2025-09-22T01:12:22Z</time>
   </trkpt>
   <trkpt lat="22.3697070" lon="114.0616840">
    <ele>47.1</ele>
    <time>2025-09-22T01:12:23Z</time>
   </trkpt>
   <trkpt lat="22.3697070" lon="114.0616840">
    <ele>47.1</ele>
    <time>2025-09-22T01:12:24Z</time>
   </trkpt>
   <trkpt lat="22.3697070" lon="114.0616840">
    <ele>47.1</ele>
    <time>2025-09-22T01:12:25Z</time>
   </trkpt>
   <trkpt lat="22.3697070" lon="114.0616840">
    <ele>47.1</ele>
    <time>2025-09-22T01:12:26Z</time>
   </trkpt>
   <trkpt lat="22.3697070" lon="114.0616840">
    <ele>47.1</ele>
    <time>2025-09-22T01:12:27Z</time>
   </trkpt>
   <trkpt lat="22.3697070" lon="114.0616840">
    <ele>47.1</ele>
    <time>2025-09-22T01:12:28Z</time>
   </trkpt>
   <trkpt lat="22.3697070" lon="114.0616840">
    <ele>47.1</ele>
    <time>2025-09-22T01:12:29Z</time>
   </trkpt>
   <trkpt lat="22.3697070" lon="114.0616840">
    <ele>47.1</ele>
    <time>2025-09-22T01:12:30Z</time>
   </trkpt>
   <trkpt lat="22.3697300" lon="114.0616710">
    <ele>46.8</ele>
    <time>2025-09-22T01:12:31Z</time>
   </trkpt>
   <trkpt lat="22.3697310" lon="114.0616700">
    <ele>46.8</ele>
    <time>2025-09-22T01:12:32Z</time>
   </trkpt>
   <trkpt lat="22.3697310" lon="114.0616700">
    <ele>46.8</ele>
    <time>2025-09-22T01:12:33Z</time>
   </trkpt>
   <trkpt lat="22.3697280" lon="114.0616660">
    <ele>46.7</ele>
    <time>2025-09-22T01:12:34Z</time>
   </trkpt>
   <trkpt lat="22.3697310" lon="114.0616660">
    <ele>46.7</ele>
    <time>2025-09-22T01:12:35Z</time>
   </trkpt>
   <trkpt lat="22.3697270" lon="114.0616640">
    <ele>46.6</ele>
    <time>2025-09-22T01:12:36Z</time>
   </trkpt>
   <trkpt lat="22.3697150" lon="114.0616530">
    <ele>46.4</ele>
    <time>2025-09-22T01:12:37Z</time>
   </trkpt>
   <trkpt lat="22.3697140" lon="114.0616520">
    <ele>46.4</ele>
    <time>2025-09-22T01:12:38Z</time>
   </trkpt>
   <trkpt lat="22.3697100" lon="114.0616380">
    <ele>46.2</ele>
    <time>2025-09-22T01:12:39Z</time>
   </trkpt>
   <trkpt lat="22.3697200" lon="114.0616280">
    <ele>46.0</ele>
    <time>2025-09-22T01:12:40Z</time>
   </trkpt>
   <trkpt lat="22.3697210" lon="114.0616200">
    <ele>45.9</ele>
    <time>2025-09-22T01:12:41Z</time>
   </trkpt>
   <trkpt lat="22.3697220" lon="114.0616130">
    <ele>45.9</ele>
    <time>2025-09-22T01:12:42Z</time>
   </trkpt>
   <trkpt lat="22.3697230" lon="114.0616050">
    <ele>45.8</ele>
    <time>2025-09-22T01:12:43Z</time>
   </trkpt>
   <trkpt lat="22.3697240" lon="114.0615970">
    <ele>45.7</ele>
    <time>2025-09-22T01:12:44Z</time>
   </trkpt>
   <trkpt lat="22.3697250" lon="114.0615890">
    <ele>45.6</ele>
    <time>2025-09-22T01:12:45Z</time>
   </trkpt>
   <trkpt lat="22.3697160" lon="114.0615830">
    <ele>45.4</ele>
    <time>2025-09-22T01:12:46Z</time>
   </trkpt>
   <trkpt lat="22.3697150" lon="114.0615740">
    <ele>45.3</ele>
    <time>2025-09-22T01:12:47Z</time>
   </trkpt>
   <trkpt lat="22.3697140" lon="114.0615620">
    <ele>45.2</ele>
    <time>2025-09-22T01:12:48Z</time>
   </trkpt>
   <trkpt lat="22.3697150" lon="114.0615420">
    <ele>44.9</ele>
    <time>2025-09-22T01:12:49Z</time>
   </trkpt>
   <trkpt lat="22.3697110" lon="114.0615340">
    <ele>44.8</ele>
    <time>2025-09-22T01:12:50Z</time>
   </trkpt>
   <trkpt lat="22.3697020" lon="114.0615280">
    <ele>44.6</ele>
    <time>2025-09-22T01:12:51Z</time>
   </trkpt>
   <trkpt lat="22.3696970" lon="114.0615190">
    <ele>44.5</ele>
    <time>2025-09-22T01:12:52Z</time>
   </trkpt>
   <trkpt lat="22.3696940" lon="114.0615040">
    <ele>44.2</ele>
    <time>2025-09-22T01:12:53Z</time>
   </trkpt>
   <trkpt lat="22.3696950" lon="114.0614920">
    <ele>44.0</ele>
    <time>2025-09-22T01:12:54Z</time>
   </trkpt>
   <trkpt lat="22.3696980" lon="114.0614720">
    <ele>43.7</ele>
    <time>2025-09-22T01:12:55Z</time>
   </trkpt>
   <trkpt lat="22.3696980" lon="114.0614620">
    <ele>43.5</ele>
    <time>2025-09-22T01:12:56Z</time>
   </trkpt>
   <trkpt lat="22.3696990" lon="114.0614530">
    <ele>43.4</ele>
    <time>2025-09-22T01:12:57Z</time>
   </trkpt>
   <trkpt lat="22.3696990" lon="114.0614410">
    <ele>43.2</ele>
    <time>2025-09-22T01:12:58Z</time>
   </trkpt>
   <trkpt lat="22.3696980" lon="114.0614290">
    <ele>43.0</ele>
    <time>2025-09-22T01:12:59Z</time>
   </trkpt>
   <trkpt lat="22.3696980" lon="114.0614250">
    <ele>42.9</ele>
    <time>2025-09-22T01:13:00Z</time>
   </trkpt>
   <trkpt lat="22.3696950" lon="114.0614190">
    <ele>42.8</ele>
    <time>2025-09-22T01:13:01Z</time>
   </trkpt>
   <trkpt lat="22.3696920" lon="114.0614120">
    <ele>42.6</ele>
    <time>2025-09-22T01:13:02Z</time>
   </trkpt>
   <trkpt lat="22.3696890" lon="114.0613990">
    <ele>42.3</ele>
    <time>2025-09-22T01:13:03Z</time>
   </trkpt>
   <trkpt lat="22.3696830" lon="114.0613900">
    <ele>42.1</ele>
    <time>2025-09-22T01:13:04Z</time>
   </trkpt>
   <trkpt lat="22.3696780" lon="114.0613750">
    <ele>41.8</ele>
    <time>2025-09-22T01:13:05Z</time>
   </trkpt>
   <trkpt lat="22.3696770" lon="114.0613670">
    <ele>41.6</ele>
    <time>2025-09-22T01:13:06Z</time>
   </trkpt>
   <trkpt lat="22.3696760" lon="114.0613600">
    <ele>41.5</ele>
    <time>2025-09-22T01:13:07Z</time>
   </trkpt>
   <trkpt lat="22.3696750" lon="114.0613520">
    <ele>41.3</ele>
    <time>2025-09-22T01:13:08Z</time>
   </trkpt>
   <trkpt lat="22.3696730" lon="114.0613410">
    <ele>41.0</ele>
    <time>2025-09-22T01:13:09Z</time>
   </trkpt>
   <trkpt lat="22.3696660" lon="114.0613340">
    <ele>40.8</ele>
    <time>2025-09-22T01:13:10Z</time>
   </trkpt>
   <trkpt lat="22.3696700" lon="114.0613350">
    <ele>40.7</ele>
    <time>2025-09-22T01:13:11Z</time>
   </trkpt>
   <trkpt lat="22.3696750" lon="114.0613310">
    <ele>40.5</ele>
    <time>2025-09-22T01:13:12Z</time>
   </trkpt>
   <trkpt lat="22.3696750" lon="114.0613320">
    <ele>40.5</ele>
    <time>2025-09-22T01:13:13Z</time>
   </trkpt>
   <trkpt lat="22.3696810" lon="114.0613330">
    <ele>40.4</ele>
    <time>2025-09-22T01:13:14Z</time>
   </trkpt>
   <trkpt lat="22.3696810" lon="114.0613300">
    <ele>40.3</ele>
    <time>2025-09-22T01:13:15Z</time>
   </trkpt>
   <trkpt lat="22.3696750" lon="114.0613210">
    <ele>40.1</ele>
    <time>2025-09-22T01:13:16Z</time>
   </trkpt>
   <trkpt lat="22.3696800" lon="114.0613090">
    <ele>39.8</ele>
    <time>2025-09-22T01:13:17Z</time>
   </trkpt>
   <trkpt lat="22.3696800" lon="114.0613040">
    <ele>39.6</ele>
    <time>2025-09-22T01:13:18Z</time>
   </trkpt>
   <trkpt lat="22.3696800" lon="114.0613000">
    <ele>39.6</ele>
    <time>2025-09-22T01:13:19Z</time>
   </trkpt>
   <trkpt lat="22.3696810" lon="114.0612950">
    <ele>39.4</ele>
    <time>2025-09-22T01:13:20Z</time>
   </trkpt>
   <trkpt lat="22.3696810" lon="114.0612910">
    <ele>39.4</ele>
    <time>2025-09-22T01:13:21Z</time>
   </trkpt>
   <trkpt lat="22.3696810" lon="114.0612860">
    <ele>39.2</ele>
    <time>2025-09-22T01:13:22Z</time>
   </trkpt>
   <trkpt lat="22.3696810" lon="114.0612820">
    <ele>39.1</ele>
    <time>2025-09-22T01:13:23Z</time>
   </trkpt>
   <trkpt lat="22.3696780" lon="114.0612720">
    <ele>38.9</ele>
    <time>2025-09-22T01:13:24Z</time>
   </trkpt>
   <trkpt lat="22.3696750" lon="114.0612690">
    <ele>38.8</ele>
    <time>2025-09-22T01:13:25Z</time>
   </trkpt>
   <trkpt lat="22.3696710" lon="114.0612670">
    <ele>38.7</ele>
    <time>2025-09-22T01:13:26Z</time>
   </trkpt>
   <trkpt lat="22.3696670" lon="114.0612640">
    <ele>38.6</ele>
    <time>2025-09-22T01:13:27Z</time>
   </trkpt>
   <trkpt lat="22.3696630" lon="114.0612620">
    <ele>38.5</ele>
    <time>2025-09-22T01:13:28Z</time>
   </trkpt>
   <trkpt lat="22.3696600" lon="114.0612600">
    <ele>38.4</ele>
    <time>2025-09-22T01:13:29Z</time>
   </trkpt>
   <trkpt lat="22.3696560" lon="114.0612570">
    <ele>38.3</ele>
    <time>2025-09-22T01:13:30Z</time>
   </trkpt>
   <trkpt lat="22.3696520" lon="114.0612550">
    <ele>38.2</ele>
    <time>2025-09-22T01:13:31Z</time>
   </trkpt>
   <trkpt lat="22.3696520" lon="114.0612460">
    <ele>38.0</ele>
    <time>2025-09-22T01:13:32Z</time>
   </trkpt>
   <trkpt lat="22.3696510" lon="114.0612460">
    <ele>37.9</ele>
    <time>2025-09-22T01:13:33Z</time>
   </trkpt>
   <trkpt lat="22.3696530" lon="114.0612470">
    <ele>37.9</ele>
    <time>2025-09-22T01:13:34Z</time>
   </trkpt>
   <trkpt lat="22.3696520" lon="114.0612400">
    <ele>37.7</ele>
    <time>2025-09-22T01:13:35Z</time>
   </trkpt>
   <trkpt lat="22.3696460" lon="114.0612390">
    <ele>37.6</ele>
    <time>2025-09-22T01:13:36Z</time>
   </trkpt>
   <trkpt lat="22.3696430" lon="114.0612330">
    <ele>37.5</ele>
    <time>2025-09-22T01:13:37Z</time>
   </trkpt>
   <trkpt lat="22.3696400" lon="114.0612280">
    <ele>37.3</ele>
    <time>2025-09-22T01:13:38Z</time>
   </trkpt>
   <trkpt lat="22.3696380" lon="114.0612280">
    <ele>37.3</ele>
    <time>2025-09-22T01:13:39Z</time>
   </trkpt>
   <trkpt lat="22.3696330" lon="114.0612260">
    <ele>37.2</ele>
    <time>2025-09-22T01:13:40Z</time>
   </trkpt>
   <trkpt lat="22.3696330" lon="114.0612240">
    <ele>37.1</ele>
    <time>2025-09-22T01:13:41Z</time>
   </trkpt>
   <trkpt lat="22.3696240" lon="114.0612220">
    <ele>36.9</ele>
    <time>2025-09-22T01:13:42Z</time>
   </trkpt>
   <trkpt lat="22.3696230" lon="114.0612230">
    <ele>36.9</ele>
    <time>2025-09-22T01:13:43Z</time>
   </trkpt>
   <trkpt lat="22.3696180" lon="114.0612270">
    <ele>36.8</ele>
    <time>2025-09-22T01:13:44Z</time>
   </trkpt>
   <trkpt lat="22.3696130" lon="114.0612280">
    <ele>36.6</ele>
    <time>2025-09-22T01:13:45Z</time>
   </trkpt>
   <trkpt lat="22.3696120" lon="114.0612240">
    <ele>36.6</ele>
    <time>2025-09-22T01:13:46Z</time>
   </trkpt>
   <trkpt lat="22.3696120" lon="114.0612200">
    <ele>36.5</ele>
    <time>2025-09-22T01:13:47Z</time>
   </trkpt>
   <trkpt lat="22.3696160" lon="114.0612150">
    <ele>36.4</ele>
    <time>2025-09-22T01:13:48Z</time>
   </trkpt>
   <trkpt lat="22.3696140" lon="114.0612100">
    <ele>36.3</ele>
    <time>2025-09-22T01:13:49Z</time>
   </trkpt>
   <trkpt lat="22.3696070" lon="114.0612060">
    <ele>36.1</ele>
    <time>2025-09-22T01:13:50Z</time>
   </trkpt>
   <trkpt lat="22.3696010" lon="114.0611990">
    <ele>35.9</ele>
    <time>2025-09-22T01:13:51Z</time>
   </trkpt>
   <trkpt lat="22.3695890" lon="114.0611960">
    <ele>35.7</ele>
    <time>2025-09-22T01:13:52Z</time>
   </trkpt>
   <trkpt lat="22.3695890" lon="114.0611850">
    <ele>35.5</ele>
    <time>2025-09-22T01:13:53Z</time>
   </trkpt>
   <trkpt lat="22.3695790" lon="114.0611760">
    <ele>35.3</ele>
    <time>2025-09-22T01:13:54Z</time>
   </trkpt>
   <trkpt lat="22.3695720" lon="114.0611660">
    <ele>35.1</ele>
    <time>2025-09-22T01:13:55Z</time>
   </trkpt>
   <trkpt lat="22.3695650" lon="114.0611520">
    <ele>34.8</ele>
    <time>2025-09-22T01:13:56Z</time>
   </trkpt>
   <trkpt lat="22.3695610" lon="114.0611350">
    <ele>34.5</ele>
    <time>2025-09-22T01:13:57Z</time>
   </trkpt>
   <trkpt lat="22.3695630" lon="114.0611220">
    <ele>34.3</ele>
    <time>2025-09-22T01:13:58Z</time>
   </trkpt>
   <trkpt lat="22.3695570" lon="114.0611130">
    <ele>34.2</ele>
    <time>2025-09-22T01:13:59Z</time>
   </trkpt>
   <trkpt lat="22.3695570" lon="114.0611060">
    <ele>34.1</ele>
    <time>2025-09-22T01:14:00Z</time>
   </trkpt>
   <trkpt lat="22.3695560" lon="114.0611000">
    <ele>34.0</ele>
    <time>2025-09-22T01:14:01Z</time>
   </trkpt>
   <trkpt lat="22.3695440" lon="114.0610830">
    <ele>33.6</ele>
    <time>2025-09-22T01:14:02Z</time>
   </trkpt>
   <trkpt lat="22.3695390" lon="114.0610740">
    <ele>33.5</ele>
    <time>2025-09-22T01:14:03Z</time>
   </trkpt>
   <trkpt lat="22.3695350" lon="114.0610660">
    <ele>33.4</ele>
    <time>2025-09-22T01:14:04Z</time>
   </trkpt>
   <trkpt lat="22.3695280" lon="114.0610630">
    <ele>33.2</ele>
    <time>2025-09-22T01:14:05Z</time>
   </trkpt>
   <trkpt lat="22.3695180" lon="114.0610590">
    <ele>33.1</ele>
    <time>2025-09-22T01:14:06Z</time>
   </trkpt>
   <trkpt lat="22.3695110" lon="114.0610490">
    <ele>32.9</ele>
    <time>2025-09-22T01:14:07Z</time>
   </trkpt>
   <trkpt lat="22.3695010" lon="114.0610420">
    <ele>32.7</ele>
    <time>2025-09-22T01:14:08Z</time>
   </trkpt>
   <trkpt lat="22.3694980" lon="114.0610370">
    <ele>32.6</ele>
    <time>2025-09-22T01:14:09Z</time>
   </trkpt>
   <trkpt lat="22.3694950" lon="114.0610260">
    <ele>32.4</ele>
    <time>2025-09-22T01:14:10Z</time>
   </trkpt>
   <trkpt lat="22.3694880" lon="114.0610200">
    <ele>32.2</ele>
    <time>2025-09-22T01:14:11Z</time>
   </trkpt>
   <trkpt lat="22.3694820" lon="114.0610150">
    <ele>32.1</ele>
    <time>2025-09-22T01:14:12Z</time>
   </trkpt>
   <trkpt lat="22.3694770" lon="114.0610090">
    <ele>32.0</ele>
    <time>2025-09-22T01:14:13Z</time>
   </trkpt>
   <trkpt lat="22.3694730" lon="114.0610050">
    <ele>31.9</ele>
    <time>2025-09-22T01:14:14Z</time>
   </trkpt>
   <trkpt lat="22.3694660" lon="114.0609970">
    <ele>31.7</ele>
    <time>2025-09-22T01:14:15Z</time>
   </trkpt>
   <trkpt lat="22.3694620" lon="114.0609820">
    <ele>31.5</ele>
    <time>2025-09-22T01:14:16Z</time>
   </trkpt>
   <trkpt lat="22.3694540" lon="114.0609670">
    <ele>31.2</ele>
    <time>2025-09-22T01:14:17Z</time>
   </trkpt>
   <trkpt lat="22.3694500" lon="114.0609560">
    <ele>31.0</ele>
    <time>2025-09-22T01:14:18Z</time>
   </trkpt>
   <trkpt lat="22.3694500" lon="114.0609380">
    <ele>30.8</ele>
    <time>2025-09-22T01:14:19Z</time>
   </trkpt>
   <trkpt lat="22.3694450" lon="114.0609100">
    <ele>30.3</ele>
    <time>2025-09-22T01:14:20Z</time>
   </trkpt>
   <trkpt lat="22.3694410" lon="114.0609020">
    <ele>30.2</ele>
    <time>2025-09-22T01:14:21Z</time>
   </trkpt>
   <trkpt lat="22.3694380" lon="114.0608940">
    <ele>30.1</ele>
    <time>2025-09-22T01:14:22Z</time>
   </trkpt>
   <trkpt lat="22.3694290" lon="114.0608740">
    <ele>29.7</ele>
    <time>2025-09-22T01:14:23Z</time>
   </trkpt>
   <trkpt lat="22.3694220" lon="114.0608720">
    <ele>29.6</ele>
    <time>2025-09-22T01:14:24Z</time>
   </trkpt>
   <trkpt lat="22.3694100" lon="114.0608720">
    <ele>29.4</ele>
    <time>2025-09-22T01:14:25Z</time>
   </trkpt>
   <trkpt lat="22.3693970" lon="114.0608600">
    <ele>29.2</ele>
    <time>2025-09-22T01:14:26Z</time>
   </trkpt>
   <trkpt lat="22.3693930" lon="114.0608530">
    <ele>29.1</ele>
    <time>2025-09-22T01:14:27Z</time>
   </trkpt>
   <trkpt lat="22.3693900" lon="114.0608470">
    <ele>29.0</ele>
    <time>2025-09-22T01:14:28Z</time>
   </trkpt>
   <trkpt lat="22.3693860" lon="114.0608410">
    <ele>29.0</ele>
    <time>2025-09-22T01:14:29Z</time>
   </trkpt>
   <trkpt lat="22.3693780" lon="114.0608240">
    <ele>28.8</ele>
    <time>2025-09-22T01:14:30Z</time>
   </trkpt>
   <trkpt lat="22.3693780" lon="114.0608140">
    <ele>28.7</ele>
    <time>2025-09-22T01:14:31Z</time>
   </trkpt>
   <trkpt lat="22.3693770" lon="114.0608060">
    <ele>28.6</ele>
    <time>2025-09-22T01:14:32Z</time>
   </trkpt>
   <trkpt lat="22.3693760" lon="114.0608050">
    <ele>28.6</ele>
    <time>2025-09-22T01:14:33Z</time>
   </trkpt>
   <trkpt lat="22.3693720" lon="114.0607940">
    <ele>28.5</ele>
    <time>2025-09-22T01:14:34Z</time>
   </trkpt>
   <trkpt lat="22.3693630" lon="114.0607780">
    <ele>28.3</ele>
    <time>2025-09-22T01:14:35Z</time>
   </trkpt>
   <trkpt lat="22.3693530" lon="114.0607580">
    <ele>28.1</ele>
    <time>2025-09-22T01:14:36Z</time>
   </trkpt>
   <trkpt lat="22.3693500" lon="114.0607500">
    <ele>28.0</ele>
    <time>2025-09-22T01:14:37Z</time>
   </trkpt>
   <trkpt lat="22.3693480" lon="114.0607420">
    <ele>27.9</ele>
    <time>2025-09-22T01:14:38Z</time>
   </trkpt>
   <trkpt lat="22.3693410" lon="114.0607300">
    <ele>27.8</ele>
    <time>2025-09-22T01:14:39Z</time>
   </trkpt>
   <trkpt lat="22.3693350" lon="114.0607090">
    <ele>27.6</ele>
    <time>2025-09-22T01:14:40Z</time>
   </trkpt>
   <trkpt lat="22.3693330" lon="114.0607020">
    <ele>27.5</ele>
    <time>2025-09-22T01:14:41Z</time>
   </trkpt>
   <trkpt lat="22.3693290" lon="114.0606940">
    <ele>27.4</ele>
    <time>2025-09-22T01:14:42Z</time>
   </trkpt>
   <trkpt lat="22.3693250" lon="114.0606870">
    <ele>27.3</ele>
    <time>2025-09-22T01:14:43Z</time>
   </trkpt>
   <trkpt lat="22.3693190" lon="114.0606790">
    <ele>27.2</ele>
    <time>2025-09-22T01:14:44Z</time>
   </trkpt>
   <trkpt lat="22.3693140" lon="114.0606680">
    <ele>27.1</ele>
    <time>2025-09-22T01:14:45Z</time>
   </trkpt>
   <trkpt lat="22.3693060" lon="114.0606550">
    <ele>27.0</ele>
    <time>2025-09-22T01:14:46Z</time>
   </trkpt>
   <trkpt lat="22.3693030" lon="114.0606450">
    <ele>26.9</ele>
    <time>2025-09-22T01:14:47Z</time>
   </trkpt>
   <trkpt lat="22.3692950" lon="114.0606320">
    <ele>26.7</ele>
    <time>2025-09-22T01:14:48Z</time>
   </trkpt>
   <trkpt lat="22.3692880" lon="114.0606270">
    <ele>26.6</ele>
    <time>2025-09-22T01:14:49Z</time>
   </trkpt>
   <trkpt lat="22.3692850" lon="114.0606160">
    <ele>26.5</ele>
    <time>2025-09-22T01:14:50Z</time>
   </trkpt>
   <trkpt lat="22.3692790" lon="114.0606080">
    <ele>26.5</ele>
    <time>2025-09-22T01:14:51Z</time>
   </trkpt>
   <trkpt lat="22.3692650" lon="114.0606010">
    <ele>26.3</ele>
    <time>2025-09-22T01:14:52Z</time>
   </trkpt>
   <trkpt lat="22.3692610" lon="114.0605920">
    <ele>26.2</ele>
    <time>2025-09-22T01:14:53Z</time>
   </trkpt>
   <trkpt lat="22.3692510" lon="114.0605830">
    <ele>26.1</ele>
    <time>2025-09-22T01:14:54Z</time>
   </trkpt>
   <trkpt lat="22.3692430" lon="114.0605700">
    <ele>26.0</ele>
    <time>2025-09-22T01:14:55Z</time>
   </trkpt>
   <trkpt lat="22.3692470" lon="114.0605550">
    <ele>25.9</ele>
    <time>2025-09-22T01:14:56Z</time>
   </trkpt>
   <trkpt lat="22.3692450" lon="114.0605450">
    <ele>25.8</ele>
    <time>2025-09-22T01:14:57Z</time>
   </trkpt>
   <trkpt lat="22.3692490" lon="114.0605350">
    <ele>25.7</ele>
    <time>2025-09-22T01:14:58Z</time>
   </trkpt>
   <trkpt lat="22.3692520" lon="114.0605220">
    <ele>25.6</ele>
    <time>2025-09-22T01:14:59Z</time>
   </trkpt>
   <trkpt lat="22.3692470" lon="114.0605100">
    <ele>25.5</ele>
    <time>2025-09-22T01:15:00Z</time>
   </trkpt>
   <trkpt lat="22.3692460" lon="114.0605050">
    <ele>25.5</ele>
    <time>2025-09-22T01:15:01Z</time>
   </trkpt>
   <trkpt lat="22.3692550" lon="114.0604860">
    <ele>25.3</ele>
    <time>2025-09-22T01:15:02Z</time>
   </trkpt>
   <trkpt lat="22.3692560" lon="114.0604780">
    <ele>25.3</ele>
    <time>2025-09-22T01:15:03Z</time>
   </trkpt>
   <trkpt lat="22.3692580" lon="114.0604700">
    <ele>25.2</ele>
    <time>2025-09-22T01:15:04Z</time>
   </trkpt>
   <trkpt lat="22.3692590" lon="114.0604620">
    <ele>25.2</ele>
    <time>2025-09-22T01:15:05Z</time>
   </trkpt>
   <trkpt lat="22.3692650" lon="114.0604510">
    <ele>25.1</ele>
    <time>2025-09-22T01:15:06Z</time>
   </trkpt>
   <trkpt lat="22.3692660" lon="114.0604400">
    <ele>25.0</ele>
    <time>2025-09-22T01:15:07Z</time>
   </trkpt>
   <trkpt lat="22.3692700" lon="114.0604270">
    <ele>24.9</ele>
    <time>2025-09-22T01:15:08Z</time>
   </trkpt>
   <trkpt lat="22.3692810" lon="114.0604130">
    <ele>24.8</ele>
    <time>2025-09-22T01:15:09Z</time>
   </trkpt>
   <trkpt lat="22.3692900" lon="114.0604020">
    <ele>24.7</ele>
    <time>2025-09-22T01:15:10Z</time>
   </trkpt>
   <trkpt lat="22.3693020" lon="114.0603820">
    <ele>24.6</ele>
    <time>2025-09-22T01:15:11Z</time>
   </trkpt>
   <trkpt lat="22.3693070" lon="114.0603750">
    <ele>24.5</ele>
    <time>2025-09-22T01:15:12Z</time>
   </trkpt>
   <trkpt lat="22.3693120" lon="114.0603670">
    <ele>24.5</ele>
    <time>2025-09-22T01:15:13Z</time>
   </trkpt>
   <trkpt lat="22.3693210" lon="114.0603540">
    <ele>24.4</ele>
    <time>2025-09-22T01:15:14Z</time>
   </trkpt>
   <trkpt lat="22.3693250" lon="114.0603460">
    <ele>24.3</ele>
    <time>2025-09-22T01:15:15Z</time>
   </trkpt>
   <trkpt lat="22.3693300" lon="114.0603370">
    <ele>24.2</ele>
    <time>2025-09-22T01:15:16Z</time>
   </trkpt>
   <trkpt lat="22.3693280" lon="114.0603300">
    <ele>24.2</ele>
    <time>2025-09-22T01:15:17Z</time>
   </trkpt>
   <trkpt lat="22.3693310" lon="114.0603180">
    <ele>24.1</ele>
    <time>2025-09-22T01:15:18Z</time>
   </trkpt>
   <trkpt lat="22.3693400" lon="114.0603080">
    <ele>23.9</ele>
    <time>2025-09-22T01:15:19Z</time>
   </trkpt>
   <trkpt lat="22.3693450" lon="114.0603050">
    <ele>23.9</ele>
    <time>2025-09-22T01:15:20Z</time>
   </trkpt>
   <trkpt lat="22.3693450" lon="114.0602980">
    <ele>23.8</ele>
    <time>2025-09-22T01:15:21Z</time>
   </trkpt>
   <trkpt lat="22.3693330" lon="114.0602990">
    <ele>23.7</ele>
    <time>2025-09-22T01:15:22Z</time>
   </trkpt>
   <trkpt lat="22.3693320" lon="114.0602900">
    <ele>23.6</ele>
    <time>2025-09-22T01:15:23Z</time>
   </trkpt>
   <trkpt lat="22.3693280" lon="114.0602890">
    <ele>23.5</ele>
    <time>2025-09-22T01:15:24Z</time>
   </trkpt>
   <trkpt lat="22.3693250" lon="114.0602760">
    <ele>23.4</ele>
    <time>2025-09-22T01:15:25Z</time>
   </trkpt>
   <trkpt lat="22.3693030" lon="114.0602620">
    <ele>23.1</ele>
    <time>2025-09-22T01:15:26Z</time>
   </trkpt>
   <trkpt lat="22.3692970" lon="114.0602600">
    <ele>23.0</ele>
    <time>2025-09-22T01:15:27Z</time>
   </trkpt>
   <trkpt lat="22.3692900" lon="114.0602580">
    <ele>22.8</ele>
    <time>2025-09-22T01:15:28Z</time>
   </trkpt>
   <trkpt lat="22.3692890" lon="114.0602560">
    <ele>22.8</ele>
    <time>2025-09-22T01:15:29Z</time>
   </trkpt>
   <trkpt lat="22.3692800" lon="114.0602580">
    <ele>22.6</ele>
    <time>2025-09-22T01:15:30Z</time>
   </trkpt>
   <trkpt lat="22.3692670" lon="114.0602540">
    <ele>22.4</ele>
    <time>2025-09-22T01:15:31Z</time>
   </trkpt>
   <trkpt lat="22.3692650" lon="114.0602450">
    <ele>22.3</ele>
    <time>2025-09-22T01:15:32Z</time>
   </trkpt>
   <trkpt lat="22.3692560" lon="114.0602390">
    <ele>22.1</ele>
    <time>2025-09-22T01:15:33Z</time>
   </trkpt>
   <trkpt lat="22.3692480" lon="114.0602390">
    <ele>21.9</ele>
    <time>2025-09-22T01:15:34Z</time>
   </trkpt>
   <trkpt lat="22.3692350" lon="114.0602330">
    <ele>21.6</ele>
    <time>2025-09-22T01:15:35Z</time>
   </trkpt>
   <trkpt lat="22.3692280" lon="114.0602280">
    <ele>21.4</ele>
    <time>2025-09-22T01:15:36Z</time>
   </trkpt>
   <trkpt lat="22.3692310" lon="114.0602290">
    <ele>21.4</ele>
    <time>2025-09-22T01:15:37Z</time>
   </trkpt>
   <trkpt lat="22.3692240" lon="114.0602300">
    <ele>21.2</ele>
    <time>2025-09-22T01:15:38Z</time>
   </trkpt>
   <trkpt lat="22.3692070" lon="114.0602350">
    <ele>20.8</ele>
    <time>2025-09-22T01:15:39Z</time>
   </trkpt>
   <trkpt lat="22.3691780" lon="114.0602380">
    <ele>20.1</ele>
    <time>2025-09-22T01:15:40Z</time>
   </trkpt>
   <trkpt lat="22.3691680" lon="114.0602400">
    <ele>19.9</ele>
    <time>2025-09-22T01:15:41Z</time>
   </trkpt>
   <trkpt lat="22.3691450" lon="114.0602340">
    <ele>19.3</ele>
    <time>2025-09-22T01:15:42Z</time>
   </trkpt>
   <trkpt lat="22.3691330" lon="114.0602340">
    <ele>19.0</ele>
    <time>2025-09-22T01:15:43Z</time>
   </trkpt>
   <trkpt lat="22.3691120" lon="114.0602340">
    <ele>18.5</ele>
    <time>2025-09-22T01:15:44Z</time>
   </trkpt>
   <trkpt lat="22.3691060" lon="114.0602240">
    <ele>18.2</ele>
    <time>2025-09-22T01:15:45Z</time>
   </trkpt>
   <trkpt lat="22.3690970" lon="114.0602210">
    <ele>18.0</ele>
    <time>2025-09-22T01:15:46Z</time>
   </trkpt>
   <trkpt lat="22.3690910" lon="114.0602200">
    <ele>17.8</ele>
    <time>2025-09-22T01:15:47Z</time>
   </trkpt>
   <trkpt lat="22.3690850" lon="114.0602210">
    <ele>17.7</ele>
    <time>2025-09-22T01:15:48Z</time>
   </trkpt>
   <trkpt lat="22.3690800" lon="114.0602090">
    <ele>17.4</ele>
    <time>2025-09-22T01:15:49Z</time>
   </trkpt>
   <trkpt lat="22.3690650" lon="114.0601930">
    <ele>16.8</ele>
    <time>2025-09-22T01:15:50Z</time>
   </trkpt>
   <trkpt lat="22.3690590" lon="114.0601870">
    <ele>16.6</ele>
    <time>2025-09-22T01:15:51Z</time>
   </trkpt>
   <trkpt lat="22.3690520" lon="114.0601820">
    <ele>16.4</ele>
    <time>2025-09-22T01:15:52Z</time>
   </trkpt>
   <trkpt lat="22.3690510" lon="114.0601720">
    <ele>16.2</ele>
    <time>2025-09-22T01:15:53Z</time>
   </trkpt>
   <trkpt lat="22.3690450" lon="114.0601680">
    <ele>16.0</ele>
    <time>2025-09-22T01:15:54Z</time>
   </trkpt>
   <trkpt lat="22.3690340" lon="114.0601630">
    <ele>15.7</ele>
    <time>2025-09-22T01:15:55Z</time>
   </trkpt>
   <trkpt lat="22.3690290" lon="114.0601550">
    <ele>15.5</ele>
    <time>2025-09-22T01:15:56Z</time>
   </trkpt>
   <trkpt lat="22.3690300" lon="114.0601510">
    <ele>15.4</ele>
    <time>2025-09-22T01:15:57Z</time>
   </trkpt>
   <trkpt lat="22.3690240" lon="114.0601450">
    <ele>15.2</ele>
    <time>2025-09-22T01:15:58Z</time>
   </trkpt>
   <trkpt lat="22.3690210" lon="114.0601440">
    <ele>15.1</ele>
    <time>2025-09-22T01:15:59Z</time>
   </trkpt>
   <trkpt lat="22.3690210" lon="114.0601320">
    <ele>14.8</ele>
    <time>2025-09-22T01:16:00Z</time>
   </trkpt>
   <trkpt lat="22.3690180" lon="114.0601290">
    <ele>14.7</ele>
    <time>2025-09-22T01:16:01Z</time>
   </trkpt>
   <trkpt lat="22.3690170" lon="114.0601230">
    <ele>14.5</ele>
    <time>2025-09-22T01:16:02Z</time>
   </trkpt>
   <trkpt lat="22.3690220" lon="114.0601090">
    <ele>14.2</ele>
    <time>2025-09-22T01:16:03Z</time>
   </trkpt>
   <trkpt lat="22.3690200" lon="114.0601050">
    <ele>14.1</ele>
    <time>2025-09-22T01:16:04Z</time>
   </trkpt>
   <trkpt lat="22.3690140" lon="114.0600970">
    <ele>13.8</ele>
    <time>2025-09-22T01:16:05Z</time>
   </trkpt>
   <trkpt lat="22.3690150" lon="114.0600880">
    <ele>13.6</ele>
    <time>2025-09-22T01:16:06Z</time>
   </trkpt>
   <trkpt lat="22.3690110" lon="114.0600830">
    <ele>13.4</ele>
    <time>2025-09-22T01:16:07Z</time>
   </trkpt>
   <trkpt lat="22.3690080" lon="114.0600830">
    <ele>13.3</ele>
    <time>2025-09-22T01:16:08Z</time>
   </trkpt>
   <trkpt lat="22.3690020" lon="114.0600760">
    <ele>13.1</ele>
    <time>2025-09-22T01:16:09Z</time>
   </trkpt>
   <trkpt lat="22.3690000" lon="114.0600700">
    <ele>12.9</ele>
    <time>2025-09-22T01:16:10Z</time>
   </trkpt>
   <trkpt lat="22.3690000" lon="114.0600660">
    <ele>12.8</ele>
    <time>2025-09-22T01:16:11Z</time>
   </trkpt>
   <trkpt lat="22.3690010" lon="114.0600670">
    <ele>12.8</ele>
    <time>2025-09-22T01:16:12Z</time>
   </trkpt>
   <trkpt lat="22.3690010" lon="114.0600650">
    <ele>12.8</ele>
    <time>2025-09-22T01:16:13Z</time>
   </trkpt>
   <trkpt lat="22.3689950" lon="114.0600590">
    <ele>12.5</ele>
    <time>2025-09-22T01:16:14Z</time>
   </trkpt>
   <trkpt lat="22.3689840" lon="114.0600560">
    <ele>12.2</ele>
    <time>2025-09-22T01:16:15Z</time>
   </trkpt>
   <trkpt lat="22.3689820" lon="114.0600380">
    <ele>11.8</ele>
    <time>2025-09-22T01:16:16Z</time>
   </trkpt>
   <trkpt lat="22.3689830" lon="114.0600360">
    <ele>11.7</ele>
    <time>2025-09-22T01:16:17Z</time>
   </trkpt>
   <trkpt lat="22.3689810" lon="114.0600390">
    <ele>11.6</ele>
    <time>2025-09-22T01:16:18Z</time>
   </trkpt>
   <trkpt lat="22.3689750" lon="114.0600370">
    <ele>11.5</ele>
    <time>2025-09-22T01:16:19Z</time>
   </trkpt>
   <trkpt lat="22.3689730" lon="114.0600330">
    <ele>11.4</ele>
    <time>2025-09-22T01:16:20Z</time>
   </trkpt>
   <trkpt lat="22.3689690" lon="114.0600280">
    <ele>11.2</ele>
    <time>2025-09-22T01:16:21Z</time>
   </trkpt>
   <trkpt lat="22.3689660" lon="114.0600290">
    <ele>11.1</ele>
    <time>2025-09-22T01:16:22Z</time>
   </trkpt>
   <trkpt lat="22.3689710" lon="114.0600230">
    <ele>10.9</ele>
    <time>2025-09-22T01:16:23Z</time>
   </trkpt>
   <trkpt lat="22.3689740" lon="114.0600160">
    <ele>10.7</ele>
    <time>2025-09-22T01:16:24Z</time>
   </trkpt>
   <trkpt lat="22.3689690" lon="114.0600100">
    <ele>10.6</ele>
    <time>2025-09-22T01:16:25Z</time>
   </trkpt>
   <trkpt lat="22.3689660" lon="114.0600010">
    <ele>10.3</ele>
    <time>2025-09-22T01:16:26Z</time>
   </trkpt>
   <trkpt lat="22.3689600" lon="114.0599990">
    <ele>10.2</ele>
    <time>2025-09-22T01:16:27Z</time>
   </trkpt>
   <trkpt lat="22.3689620" lon="114.0599920">
    <ele>10.0</ele>
    <time>2025-09-22T01:16:28Z</time>
   </trkpt>
   <trkpt lat="22.3689720" lon="114.0599770">
    <ele>9.6</ele>
    <time>2025-09-22T01:16:29Z</time>
   </trkpt>
   <trkpt lat="22.3689720" lon="114.0599750">
    <ele>9.6</ele>
    <time>2025-09-22T01:16:30Z</time>
   </trkpt>
   <trkpt lat="22.3689700" lon="114.0599740">
    <ele>9.5</ele>
    <time>2025-09-22T01:16:31Z</time>
   </trkpt>
   <trkpt lat="22.3689690" lon="114.0599690">
    <ele>9.5</ele>
    <time>2025-09-22T01:16:32Z</time>
   </trkpt>
   <trkpt lat="22.3689620" lon="114.0599690">
    <ele>9.3</ele>
    <time>2025-09-22T01:16:33Z</time>
   </trkpt>
   <trkpt lat="22.3689510" lon="114.0599690">
    <ele>9.1</ele>
    <time>2025-09-22T01:16:34Z</time>
   </trkpt>
   <trkpt lat="22.3689410" lon="114.0599730">
    <ele>8.9</ele>
    <time>2025-09-22T01:16:35Z</time>
   </trkpt>
   <trkpt lat="22.3689380" lon="114.0599620">
    <ele>8.7</ele>
    <time>2025-09-22T01:16:36Z</time>
   </trkpt>
   <trkpt lat="22.3689360" lon="114.0599530">
    <ele>8.6</ele>
    <time>2025-09-22T01:16:37Z</time>
   </trkpt>
   <trkpt lat="22.3689270" lon="114.0599500">
    <ele>8.4</ele>
    <time>2025-09-22T01:16:38Z</time>
   </trkpt>
   <trkpt lat="22.3689190" lon="114.0599570">
    <ele>8.3</ele>
    <time>2025-09-22T01:16:39Z</time>
   </trkpt>
   <trkpt lat="22.3689160" lon="114.0599650">
    <ele>8.2</ele>
    <time>2025-09-22T01:16:40Z</time>
   </trkpt>
   <trkpt lat="22.3689130" lon="114.0599520">
    <ele>8.1</ele>
    <time>2025-09-22T01:16:41Z</time>
   </trkpt>
   <trkpt lat="22.3688960" lon="114.0599490">
    <ele>7.8</ele>
    <time>2025-09-22T01:16:42Z</time>
   </trkpt>
   <trkpt lat="22.3688910" lon="114.0599390">
    <ele>7.8</ele>
    <time>2025-09-22T01:16:43Z</time>
   </trkpt>
   <trkpt lat="22.3688760" lon="114.0599320">
    <ele>7.6</ele>
    <time>2025-09-22T01:16:44Z</time>
   </trkpt>
   <trkpt lat="22.3688640" lon="114.0599290">
    <ele>7.5</ele>
    <time>2025-09-22T01:16:45Z</time>
   </trkpt>
   <trkpt lat="22.3688580" lon="114.0599180">
    <ele>7.4</ele>
    <time>2025-09-22T01:16:46Z</time>
   </trkpt>
   <trkpt lat="22.3688410" lon="114.0599150">
    <ele>7.3</ele>
    <time>2025-09-22T01:16:47Z</time>
   </trkpt>
   <trkpt lat="22.3688360" lon="114.0599130">
    <ele>7.3</ele>
    <time>2025-09-22T01:16:48Z</time>
   </trkpt>
   <trkpt lat="22.3688300" lon="114.0599060">
    <ele>7.3</ele>
    <time>2025-09-22T01:16:49Z</time>
   </trkpt>
   <trkpt lat="22.3688270" lon="114.0598990">
    <ele>7.2</ele>
    <time>2025-09-22T01:16:50Z</time>
   </trkpt>
   <trkpt lat="22.3688250" lon="114.0598940">
    <ele>7.2</ele>
    <time>2025-09-22T01:16:51Z</time>
   </trkpt>
   <trkpt lat="22.3688260" lon="114.0598840">
    <ele>7.2</ele>
    <time>2025-09-22T01:16:52Z</time>
   </trkpt>
   <trkpt lat="22.3688220" lon="114.0598550">
    <ele>7.1</ele>
    <time>2025-09-22T01:16:53Z</time>
   </trkpt>
   <trkpt lat="22.3688230" lon="114.0598420">
    <ele>7.0</ele>
    <time>2025-09-22T01:16:54Z</time>
   </trkpt>
   <trkpt lat="22.3688230" lon="114.0598070">
    <ele>7.0</ele>
    <time>2025-09-22T01:16:55Z</time>
   </trkpt>
   <trkpt lat="22.3688190" lon="114.0597970">
    <ele>7.0</ele>
    <time>2025-09-22T01:16:56Z</time>
   </trkpt>
   <trkpt lat="22.3688200" lon="114.0597870">
    <ele>6.9</ele>
    <time>2025-09-22T01:16:57Z</time>
   </trkpt>
   <trkpt lat="22.3688240" lon="114.0597660">
    <ele>6.9</ele>
    <time>2025-09-22T01:16:58Z</time>
   </trkpt>
   <trkpt lat="22.3688150" lon="114.0597580">
    <ele>6.9</ele>
    <time>2025-09-22T01:16:59Z</time>
   </trkpt>
   <trkpt lat="22.3687980" lon="114.0597540">
    <ele>6.9</ele>
    <time>2025-09-22T01:17:00Z</time>
   </trkpt>
   <trkpt lat="22.3687860" lon="114.0597450">
    <ele>6.9</ele>
    <time>2025-09-22T01:17:01Z</time>
   </trkpt>
   <trkpt lat="22.3687850" lon="114.0597350">
    <ele>6.9</ele>
    <time>2025-09-22T01:17:02Z</time>
   </trkpt>
   <trkpt lat="22.3687710" lon="114.0597300">
    <ele>6.9</ele>
    <time>2025-09-22T01:17:03Z</time>
   </trkpt>
   <trkpt lat="22.3687560" lon="114.0597270">
    <ele>6.9</ele>
    <time>2025-09-22T01:17:04Z</time>
   </trkpt>
   <trkpt lat="22.3687490" lon="114.0597260">
    <ele>6.9</ele>
    <time>2025-09-22T01:17:05Z</time>
   </trkpt>
   <trkpt lat="22.3687430" lon="114.0597250">
    <ele>7.0</ele>
    <time>2025-09-22T01:17:06Z</time>
   </trkpt>
   <trkpt lat="22.3687400" lon="114.0597250">
    <ele>7.0</ele>
    <time>2025-09-22T01:17:07Z</time>
   </trkpt>
   <trkpt lat="22.3687320" lon="114.0597220">
    <ele>7.0</ele>
    <time>2025-09-22T01:17:08Z</time>
   </trkpt>
   <trkpt lat="22.3687320" lon="114.0597280">
    <ele>7.0</ele>
    <time>2025-09-22T01:17:09Z</time>
   </trkpt>
   <trkpt lat="22.3687250" lon="114.0597360">
    <ele>7.0</ele>
    <time>2025-09-22T01:17:10Z</time>
   </trkpt>
   <trkpt lat="22.3687150" lon="114.0597430">
    <ele>7.1</ele>
    <time>2025-09-22T01:17:11Z</time>
   </trkpt>
   <trkpt lat="22.3687120" lon="114.0597590">
    <ele>7.1</ele>
    <time>2025-09-22T01:17:12Z</time>
   </trkpt>
   <trkpt lat="22.3687120" lon="114.0597600">
    <ele>7.1</ele>
    <time>2025-09-22T01:17:13Z</time>
   </trkpt>
   <trkpt lat="22.3687120" lon="114.0597650">
    <ele>7.1</ele>
    <time>2025-09-22T01:17:14Z</time>
   </trkpt>
   <trkpt lat="22.3687120" lon="114.0597650">
    <ele>7.1</ele>
    <time>2025-09-22T01:17:15Z</time>
   </trkpt>
   <trkpt lat="22.3687120" lon="114.0597650">
    <ele>7.1</ele>
    <time>2025-09-22T01:17:16Z</time>
   </trkpt>
   <trkpt lat="22.3687120" lon="114.0597650">
    <ele>7.1</ele>
    <time>2025-09-22T01:17:17Z</time>
   </trkpt>
   <trkpt lat="22.3687120" lon="114.0597650">
    <ele>7.1</ele>
    <time>2025-09-22T01:17:18Z</time>
   </trkpt>
   <trkpt lat="22.3687120" lon="114.0597650">
    <ele>7.1</ele>
    <time>2025-09-22T01:17:19Z</time>
   </trkpt>
   <trkpt lat="22.3687060" lon="114.0597750">
    <ele>7.2</ele>
    <time>2025-09-22T01:17:20Z</time>
   </trkpt>
   <trkpt lat="22.3687050" lon="114.0597760">
    <ele>7.2</ele>
    <time>2025-09-22T01:17:21Z</time>
   </trkpt>
   <trkpt lat="22.3686990" lon="114.0597770">
    <ele>7.2</ele>
    <time>2025-09-22T01:17:22Z</time>
   </trkpt>
   <trkpt lat="22.3686990" lon="114.0597810">
    <ele>7.2</ele>
    <time>2025-09-22T01:17:23Z</time>
   </trkpt>
   <trkpt lat="22.3686980" lon="114.0597800">
    <ele>7.2</ele>
    <time>2025-09-22T01:17:24Z</time>
   </trkpt>
   <trkpt lat="22.3686980" lon="114.0597780">
    <ele>7.2</ele>
    <time>2025-09-22T01:17:25Z</time>
   </trkpt>
   <trkpt lat="22.3686990" lon="114.0597800">
    <ele>7.2</ele>
    <time>2025-09-22T01:17:26Z</time>
   </trkpt>
   <trkpt lat="22.3686990" lon="114.0597800">
    <ele>7.2</ele>
    <time>2025-09-22T01:17:27Z</time>
   </trkpt>
   <trkpt lat="22.3686990" lon="114.0597800">
    <ele>7.2</ele>
    <time>2025-09-22T01:17:28Z</time>
   </trkpt>
   <trkpt lat="22.3686990" lon="114.0597800">
    <ele>7.2</ele>
    <time>2025-09-22T01:17:29Z</time>
   </trkpt>
   <trkpt lat="22.3686990" lon="114.0597800">
    <ele>7.2</ele>
    <time>2025-09-22T01:17:30Z</time>
   </trkpt>
   <trkpt lat="22.3686990" lon="114.0597800">
    <ele>7.2</ele>
    <time>2025-09-22T01:17:31Z</time>
   </trkpt>
   <trkpt lat="22.3686990" lon="114.0597800">
    <ele>7.2</ele>
    <time>2025-09-22T01:17:32Z</time>
   </trkpt>
   <trkpt lat="22.3686990" lon="114.0597800">
    <ele>7.2</ele>
    <time>2025-09-22T01:17:33Z</time>
   </trkpt>
   <trkpt lat="22.3686990" lon="114.0597800">
    <ele>7.2</ele>
    <time>2025-09-22T01:17:34Z</time>
   </trkpt>
   <trkpt lat="22.3686990" lon="114.0597800">
    <ele>7.2</ele>
    <time>2025-09-22T01:17:35Z</time>
   </trkpt>
   <trkpt lat="22.3686990" lon="114.0597800">
    <ele>7.2</ele>
    <time>2025-09-22T01:17:36Z</time>
   </trkpt>
   <trkpt lat="22.3686990" lon="114.0597800">
    <ele>7.2</ele>
    <time>2025-09-22T01:17:37Z</time>
   </trkpt>
   <trkpt lat="22.3686990" lon="114.0597800">
    <ele>7.2</ele>
    <time>2025-09-22T01:17:38Z</time>
   </trkpt>
   <trkpt lat="22.3686990" lon="114.0597800">
    <ele>7.2</ele>
    <time>2025-09-22T01:17:39Z</time>
   </trkpt>
   <trkpt lat="22.3686990" lon="114.0597800">
    <ele>7.2</ele>
    <time>2025-09-22T01:17:40Z</time>
   </trkpt>
   <trkpt lat="22.3686990" lon="114.0597800">
    <ele>7.2</ele>
    <time>2025-09-22T01:17:41Z</time>
   </trkpt>
   <trkpt lat="22.3686990" lon="114.0597800">
    <ele>7.2</ele>
    <time>2025-09-22T01:17:42Z</time>
   </trkpt>
   <trkpt lat="22.3686990" lon="114.0597800">
    <ele>7.2</ele>
    <time>2025-09-22T01:17:43Z</time>
   </trkpt>
   <trkpt lat="22.3686990" lon="114.0597800">
    <ele>7.2</ele>
    <time>2025-09-22T01:17:44Z</time>
   </trkpt>
   <trkpt lat="22.3686990" lon="114.0597800">
    <ele>7.2</ele>
    <time>2025-09-22T01:17:45Z</time>
   </trkpt>
   <trkpt lat="22.3686990" lon="114.0597800">
    <ele>7.2</ele>
    <time>2025-09-22T01:17:46Z</time>
   </trkpt>
   <trkpt lat="22.3686990" lon="114.0597800">
    <ele>7.2</ele>
    <time>2025-09-22T01:17:47Z</time>
   </trkpt>
   <trkpt lat="22.3686990" lon="114.0597800">
    <ele>7.2</ele>
    <time>2025-09-22T01:17:48Z</time>
   </trkpt>
   <trkpt lat="22.3686990" lon="114.0597800">
    <ele>7.2</ele>
    <time>2025-09-22T01:17:49Z</time>
   </trkpt>
   <trkpt lat="22.3686990" lon="114.0598040">
    <ele>7.3</ele>
    <time>2025-09-22T01:17:50Z</time>
   </trkpt>
   <trkpt lat="22.3686990" lon="114.0598050">
    <ele>7.3</ele>
    <time>2025-09-22T01:17:51Z</time>
   </trkpt>
   <trkpt lat="22.3686990" lon="114.0598050">
    <ele>7.3</ele>
    <time>2025-09-22T01:17:52Z</time>
   </trkpt>
   <trkpt lat="22.3686960" lon="114.0598020">
    <ele>7.3</ele>
    <time>2025-09-22T01:17:53Z</time>
   </trkpt>
   <trkpt lat="22.3686960" lon="114.0598020">
    <ele>7.3</ele>
    <time>2025-09-22T01:17:54Z</time>
   </trkpt>
   <trkpt lat="22.3686960" lon="114.0598020">
    <ele>7.3</ele>
    <time>2025-09-22T01:17:55Z</time>
   </trkpt>
   <trkpt lat="22.3686960" lon="114.0598020">
    <ele>7.3</ele>
    <time>2025-09-22T01:17:56Z</time>
   </trkpt>
   <trkpt lat="22.3686960" lon="114.0598020">
    <ele>7.3</ele>
    <time>2025-09-22T01:17:57Z</time>
   </trkpt>
   <trkpt lat="22.3686960" lon="114.0598020">
    <ele>7.3</ele>
    <time>2025-09-22T01:17:58Z</time>
   </trkpt>
   <trkpt lat="22.3686960" lon="114.0598020">
    <ele>7.3</ele>
    <time>2025-09-22T01:17:59Z</time>
   </trkpt>
   <trkpt lat="22.3686960" lon="114.0597920">
    <ele>7.3</ele>
    <time>2025-09-22T01:18:00Z</time>
   </trkpt>
   <trkpt lat="22.3686960" lon="114.0597910">
    <ele>7.3</ele>
    <time>2025-09-22T01:18:01Z</time>
   </trkpt>
   <trkpt lat="22.3686960" lon="114.0597910">
    <ele>7.3</ele>
    <time>2025-09-22T01:18:02Z</time>
   </trkpt>
   <trkpt lat="22.3686960" lon="114.0597910">
    <ele>7.3</ele>
    <time>2025-09-22T01:18:03Z</time>
   </trkpt>
   <trkpt lat="22.3686960" lon="114.0597920">
    <ele>7.4</ele>
    <time>2025-09-22T01:18:04Z</time>
   </trkpt>
   <trkpt lat="22.3686960" lon="114.0597920">
    <ele>7.4</ele>
    <time>2025-09-22T01:18:05Z</time>
   </trkpt>
   <trkpt lat="22.3686960" lon="114.0597920">
    <ele>7.4</ele>
    <time>2025-09-22T01:18:06Z</time>
   </trkpt>
   <trkpt lat="22.3686960" lon="114.0597920">
    <ele>7.4</ele>
    <time>2025-09-22T01:18:07Z</time>
   </trkpt>
   <trkpt lat="22.3686960" lon="114.0597920">
    <ele>7.4</ele>
    <time>2025-09-22T01:18:08Z</time>
   </trkpt>
   <trkpt lat="22.3686960" lon="114.0597920">
    <ele>7.4</ele>
    <time>2025-09-22T01:18:09Z</time>
   </trkpt>
   <trkpt lat="22.3686810" lon="114.0598010">
    <ele>7.4</ele>
    <time>2025-09-22T01:18:10Z</time>
   </trkpt>
   <trkpt lat="22.3686770" lon="114.0598030">
    <ele>7.4</ele>
    <time>2025-09-22T01:18:11Z</time>
   </trkpt>
   <trkpt lat="22.3686680" lon="114.0598030">
    <ele>7.5</ele>
    <time>2025-09-22T01:18:12Z</time>
   </trkpt>
   <trkpt lat="22.3686640" lon="114.0598030">
    <ele>7.5</ele>
    <time>2025-09-22T01:18:13Z</time>
   </trkpt>
   <trkpt lat="22.3686640" lon="114.0598090">
    <ele>7.5</ele>
    <time>2025-09-22T01:18:14Z</time>
   </trkpt>
   <trkpt lat="22.3686720" lon="114.0598100">
    <ele>7.5</ele>
    <time>2025-09-22T01:18:15Z</time>
   </trkpt>
   <trkpt lat="22.3686810" lon="114.0598050">
    <ele>7.5</ele>
    <time>2025-09-22T01:18:16Z</time>
   </trkpt>
   <trkpt lat="22.3686790" lon="114.0598010">
    <ele>7.6</ele>
    <time>2025-09-22T01:18:17Z</time>
   </trkpt>
   <trkpt lat="22.3686750" lon="114.0597990">
    <ele>7.6</ele>
    <time>2025-09-22T01:18:18Z</time>
   </trkpt>
   <trkpt lat="22.3686700" lon="114.0597930">
    <ele>7.6</ele>
    <time>2025-09-22T01:18:19Z</time>
   </trkpt>
   <trkpt lat="22.3686720" lon="114.0597920">
    <ele>7.6</ele>
    <time>2025-09-22T01:18:20Z</time>
   </trkpt>
   <trkpt lat="22.3686700" lon="114.0597930">
    <ele>7.6</ele>
    <time>2025-09-22T01:18:21Z</time>
   </trkpt>
   <trkpt lat="22.3686640" lon="114.0597910">
    <ele>7.6</ele>
    <time>2025-09-22T01:18:22Z</time>
   </trkpt>
   <trkpt lat="22.3686610" lon="114.0597940">
    <ele>7.6</ele>
    <time>2025-09-22T01:18:23Z</time>
   </trkpt>
   <trkpt lat="22.3686610" lon="114.0597940">
    <ele>7.6</ele>
    <time>2025-09-22T01:18:24Z</time>
   </trkpt>
   <trkpt lat="22.3686560" lon="114.0598000">
    <ele>7.7</ele>
    <time>2025-09-22T01:18:25Z</time>
   </trkpt>
   <trkpt lat="22.3686560" lon="114.0598000">
    <ele>7.7</ele>
    <time>2025-09-22T01:18:26Z</time>
   </trkpt>
   <trkpt lat="22.3686560" lon="114.0598000">
    <ele>7.7</ele>
    <time>2025-09-22T01:18:27Z</time>
   </trkpt>
   <trkpt lat="22.3686560" lon="114.0598000">
    <ele>7.7</ele>
    <time>2025-09-22T01:18:28Z</time>
   </trkpt>
   <trkpt lat="22.3686560" lon="114.0598000">
    <ele>7.7</ele>
    <time>2025-09-22T01:18:29Z</time>
   </trkpt>
   <trkpt lat="22.3686560" lon="114.0598000">
    <ele>7.7</ele>
    <time>2025-09-22T01:18:30Z</time>
   </trkpt>
   <trkpt lat="22.3686560" lon="114.0598000">
    <ele>7.7</ele>
    <time>2025-09-22T01:18:31Z</time>
   </trkpt>
   <trkpt lat="22.3686560" lon="114.0598000">
    <ele>7.7</ele>
    <time>2025-09-22T01:18:32Z</time>
   </trkpt>
   <trkpt lat="22.3686420" lon="114.0598040">
    <ele>7.7</ele>
    <time>2025-09-22T01:18:33Z</time>
   </trkpt>
   <trkpt lat="22.3686400" lon="114.0597970">
    <ele>7.7</ele>
    <time>2025-09-22T01:18:34Z</time>
   </trkpt>
   <trkpt lat="22.3686430" lon="114.0597940">
    <ele>7.8</ele>
    <time>2025-09-22T01:18:35Z</time>
   </trkpt>
   <trkpt lat="22.3686530" lon="114.0597930">
    <ele>7.8</ele>
    <time>2025-09-22T01:18:36Z</time>
   </trkpt>
   <trkpt lat="22.3686540" lon="114.0597900">
    <ele>7.8</ele>
    <time>2025-09-22T01:18:37Z</time>
   </trkpt>
   <trkpt lat="22.3686530" lon="114.0597920">
    <ele>7.8</ele>
    <time>2025-09-22T01:18:38Z</time>
   </trkpt>
   <trkpt lat="22.3686530" lon="114.0597920">
    <ele>7.8</ele>
    <time>2025-09-22T01:18:39Z</time>
   </trkpt>
   <trkpt lat="22.3686550" lon="114.0597890">
    <ele>7.8</ele>
    <time>2025-09-22T01:18:40Z</time>
   </trkpt>
   <trkpt lat="22.3686500" lon="114.0597950">
    <ele>7.8</ele>
    <time>2025-09-22T01:18:41Z</time>
   </trkpt>
   <trkpt lat="22.3686500" lon="114.0598030">
    <ele>7.9</ele>
    <time>2025-09-22T01:18:42Z</time>
   </trkpt>
   <trkpt lat="22.3686560" lon="114.0598010">
    <ele>7.9</ele>
    <time>2025-09-22T01:18:43Z</time>
   </trkpt>
   <trkpt lat="22.3686570" lon="114.0598050">
    <ele>7.9</ele>
    <time>2025-09-22T01:18:44Z</time>
   </trkpt>
   <trkpt lat="22.3686540" lon="114.0598040">
    <ele>7.9</ele>
    <time>2025-09-22T01:18:45Z</time>
   </trkpt>
   <trkpt lat="22.3686620" lon="114.0597980">
    <ele>7.9</ele>
    <time>2025-09-22T01:18:46Z</time>
   </trkpt>
   <trkpt lat="22.3686620" lon="114.0597960">
    <ele>7.9</ele>
    <time>2025-09-22T01:18:47Z</time>
   </trkpt>
   <trkpt lat="22.3686610" lon="114.0597970">
    <ele>8.0</ele>
    <time>2025-09-22T01:18:48Z</time>
   </trkpt>
   <trkpt lat="22.3686580" lon="114.0597970">
    <ele>8.0</ele>
    <time>2025-09-22T01:18:49Z</time>
   </trkpt>
   <trkpt lat="22.3686530" lon="114.0597930">
    <ele>8.0</ele>
    <time>2025-09-22T01:18:50Z</time>
   </trkpt>
   <trkpt lat="22.3686430" lon="114.0597920">
    <ele>8.0</ele>
    <time>2025-09-22T01:18:51Z</time>
   </trkpt>
   <trkpt lat="22.3686370" lon="114.0597860">
    <ele>8.0</ele>
    <time>2025-09-22T01:18:52Z</time>
   </trkpt>
   <trkpt lat="22.3686360" lon="114.0597770">
    <ele>8.1</ele>
    <time>2025-09-22T01:18:53Z</time>
   </trkpt>
   <trkpt lat="22.3686330" lon="114.0597710">
    <ele>8.1</ele>
    <time>2025-09-22T01:18:54Z</time>
   </trkpt>
   <trkpt lat="22.3686250" lon="114.0597650">
    <ele>8.1</ele>
    <time>2025-09-22T01:18:55Z</time>
   </trkpt>
   <trkpt lat="22.3686230" lon="114.0597640">
    <ele>8.1</ele>
    <time>2025-09-22T01:18:56Z</time>
   </trkpt>
   <trkpt lat="22.3686130" lon="114.0597580">
    <ele>8.2</ele>
    <time>2025-09-22T01:18:57Z</time>
   </trkpt>
   <trkpt lat="22.3686100" lon="114.0597580">
    <ele>8.2</ele>
    <time>2025-09-22T01:18:58Z</time>
   </trkpt>
   <trkpt lat="22.3686010" lon="114.0597580">
    <ele>8.2</ele>
    <time>2025-09-22T01:18:59Z</time>
   </trkpt>
   <trkpt lat="22.3685910" lon="114.0597560">
    <ele>8.2</ele>
    <time>2025-09-22T01:19:00Z</time>
   </trkpt>
   <trkpt lat="22.3685830" lon="114.0597590">
    <ele>8.3</ele>
    <time>2025-09-22T01:19:01Z</time>
   </trkpt>
   <trkpt lat="22.3685790" lon="114.0597600">
    <ele>8.3</ele>
    <time>2025-09-22T01:19:02Z</time>
   </trkpt>
   <trkpt lat="22.3685740" lon="114.0597620">
    <ele>8.3</ele>
    <time>2025-09-22T01:19:03Z</time>
   </trkpt>
   <trkpt lat="22.3685690" lon="114.0597640">
    <ele>8.3</ele>
    <time>2025-09-22T01:19:04Z</time>
   </trkpt>
   <trkpt lat="22.3685640" lon="114.0597660">
    <ele>8.3</ele>
    <time>2025-09-22T01:19:05Z</time>
   </trkpt>
   <trkpt lat="22.3685600" lon="114.0597670">
    <ele>8.3</ele>
    <time>2025-09-22T01:19:06Z</time>
   </trkpt>
   <trkpt lat="22.3685550" lon="114.0597690">
    <ele>8.4</ele>
    <time>2025-09-22T01:19:07Z</time>
   </trkpt>
   <trkpt lat="22.3685340" lon="114.0597700">
    <ele>8.4</ele>
    <time>2025-09-22T01:19:08Z</time>
   </trkpt>
   <trkpt lat="22.3685210" lon="114.0597680">
    <ele>8.5</ele>
    <time>2025-09-22T01:19:09Z</time>
   </trkpt>
   <trkpt lat="22.3685090" lon="114.0597670">
    <ele>8.5</ele>
    <time>2025-09-22T01:19:10Z</time>
   </trkpt>
   <trkpt lat="22.3684970" lon="114.0597690">
    <ele>8.5</ele>
    <time>2025-09-22T01:19:11Z</time>
   </trkpt>
   <trkpt lat="22.3684860" lon="114.0597760">
    <ele>8.6</ele>
    <time>2025-09-22T01:19:12Z</time>
   </trkpt>
   <trkpt lat="22.3684790" lon="114.0597760">
    <ele>8.6</ele>
    <time>2025-09-22T01:19:13Z</time>
   </trkpt>
   <trkpt lat="22.3684680" lon="114.0597790">
    <ele>8.6</ele>
    <time>2025-09-22T01:19:14Z</time>
   </trkpt>
   <trkpt lat="22.3684690" lon="114.0597890">
    <ele>8.6</ele>
    <time>2025-09-22T01:19:15Z</time>
   </trkpt>
   <trkpt lat="22.3684520" lon="114.0597990">
    <ele>8.7</ele>
    <time>2025-09-22T01:19:16Z</time>
   </trkpt>
   <trkpt lat="22.3684430" lon="114.0597970">
    <ele>8.7</ele>
    <time>2025-09-22T01:19:17Z</time>
   </trkpt>
   <trkpt lat="22.3684360" lon="114.0598000">
    <ele>8.7</ele>
    <time>2025-09-22T01:19:18Z</time>
   </trkpt>
   <trkpt lat="22.3684230" lon="114.0597980">
    <ele>8.7</ele>
    <time>2025-09-22T01:19:19Z</time>
   </trkpt>
   <trkpt lat="22.3684050" lon="114.0597890">
    <ele>8.8</ele>
    <time>2025-09-22T01:19:20Z</time>
   </trkpt>
   <trkpt lat="22.3683900" lon="114.0597810">
    <ele>8.8</ele>
    <time>2025-09-22T01:19:21Z</time>
   </trkpt>
   <trkpt lat="22.3683650" lon="114.0597810">
    <ele>8.8</ele>
    <time>2025-09-22T01:19:22Z</time>
   </trkpt>
   <trkpt lat="22.3683560" lon="114.0597780">
    <ele>8.9</ele>
    <time>2025-09-22T01:19:23Z</time>
   </trkpt>
   <trkpt lat="22.3683460" lon="114.0597760">
    <ele>8.9</ele>
    <time>2025-09-22T01:19:24Z</time>
   </trkpt>
   <trkpt lat="22.3683300" lon="114.0597830">
    <ele>8.9</ele>
    <time>2025-09-22T01:19:25Z</time>
   </trkpt>
   <trkpt lat="22.3683160" lon="114.0597880">
    <ele>8.9</ele>
    <time>2025-09-22T01:19:26Z</time>
   </trkpt>
   <trkpt lat="22.3683030" lon="114.0598060">
    <ele>9.0</ele>
    <time>2025-09-22T01:19:27Z</time>
   </trkpt>
   <trkpt lat="22.3682960" lon="114.0598150">
    <ele>9.0</ele>
    <time>2025-09-22T01:19:28Z</time>
   </trkpt>
   <trkpt lat="22.3682900" lon="114.0598250">
    <ele>9.0</ele>
    <time>2025-09-22T01:19:29Z</time>
   </trkpt>
   <trkpt lat="22.3682720" lon="114.0598330">
    <ele>9.0</ele>
    <time>2025-09-22T01:19:30Z</time>
   </trkpt>
   <trkpt lat="22.3682650" lon="114.0598370">
    <ele>9.0</ele>
    <time>2025-09-22T01:19:31Z</time>
   </trkpt>
   <trkpt lat="22.3682570" lon="114.0598410">
    <ele>9.0</ele>
    <time>2025-09-22T01:19:32Z</time>
   </trkpt>
   <trkpt lat="22.3682390" lon="114.0598350">
    <ele>9.1</ele>
    <time>2025-09-22T01:19:33Z</time>
   </trkpt>
   <trkpt lat="22.3682290" lon="114.0598410">
    <ele>9.1</ele>
    <time>2025-09-22T01:19:34Z</time>
   </trkpt>
   <trkpt lat="22.3682210" lon="114.0598500">
    <ele>9.1</ele>
    <time>2025-09-22T01:19:35Z</time>
   </trkpt>
   <trkpt lat="22.3682100" lon="114.0598540">
    <ele>9.1</ele>
    <time>2025-09-22T01:19:36Z</time>
   </trkpt>
   <trkpt lat="22.3682040" lon="114.0598540">
    <ele>9.1</ele>
    <time>2025-09-22T01:19:37Z</time>
   </trkpt>
   <trkpt lat="22.3681960" lon="114.0598670">
    <ele>9.1</ele>
    <time>2025-09-22T01:19:38Z</time>
   </trkpt>
   <trkpt lat="22.3681990" lon="114.0598780">
    <ele>9.1</ele>
    <time>2025-09-22T01:19:39Z</time>
   </trkpt>
   <trkpt lat="22.3681960" lon="114.0598840">
    <ele>9.2</ele>
    <time>2025-09-22T01:19:40Z</time>
   </trkpt>
   <trkpt lat="22.3681830" lon="114.0598950">
    <ele>9.2</ele>
    <time>2025-09-22T01:19:41Z</time>
   </trkpt>
   <trkpt lat="22.3681690" lon="114.0599020">
    <ele>9.2</ele>
    <time>2025-09-22T01:19:42Z</time>
   </trkpt>
   <trkpt lat="22.3681540" lon="114.0599070">
    <ele>9.2</ele>
    <time>2025-09-22T01:19:43Z</time>
   </trkpt>
   <trkpt lat="22.3681480" lon="114.0599130">
    <ele>9.2</ele>
    <time>2025-09-22T01:19:44Z</time>
   </trkpt>
   <trkpt lat="22.3681420" lon="114.0599180">
    <ele>9.2</ele>
    <time>2025-09-22T01:19:45Z</time>
   </trkpt>
   <trkpt lat="22.3681360" lon="114.0599240">
    <ele>9.2</ele>
    <time>2025-09-22T01:19:46Z</time>
   </trkpt>
   <trkpt lat="22.3681280" lon="114.0599300">
    <ele>9.3</ele>
    <time>2025-09-22T01:19:47Z</time>
   </trkpt>
   <trkpt lat="22.3681210" lon="114.0599360">
    <ele>9.3</ele>
    <time>2025-09-22T01:19:48Z</time>
   </trkpt>
   <trkpt lat="22.3681170" lon="114.0599380">
    <ele>9.3</ele>
    <time>2025-09-22T01:19:49Z</time>
   </trkpt>
   <trkpt lat="22.3681120" lon="114.0599450">
    <ele>9.3</ele>
    <time>2025-09-22T01:19:50Z</time>
   </trkpt>
   <trkpt lat="22.3681060" lon="114.0599540">
    <ele>9.3</ele>
    <time>2025-09-22T01:19:51Z</time>
   </trkpt>
   <trkpt lat="22.3681030" lon="114.0599600">
    <ele>9.3</ele>
    <time>2025-09-22T01:19:52Z</time>
   </trkpt>
   <trkpt lat="22.3680920" lon="114.0599620">
    <ele>9.3</ele>
    <time>2025-09-22T01:19:53Z</time>
   </trkpt>
   <trkpt lat="22.3680820" lon="114.0599640">
    <ele>9.3</ele>
    <time>2025-09-22T01:19:54Z</time>
   </trkpt>
   <trkpt lat="22.3680750" lon="114.0599660">
    <ele>9.3</ele>
    <time>2025-09-22T01:19:55Z</time>
   </trkpt>
   <trkpt lat="22.3680730" lon="114.0599700">
    <ele>9.4</ele>
    <time>2025-09-22T01:19:56Z</time>
   </trkpt>
   <trkpt lat="22.3680700" lon="114.0599820">
    <ele>9.4</ele>
    <time>2025-09-22T01:19:57Z</time>
   </trkpt>
   <trkpt lat="22.3680660" lon="114.0599910">
    <ele>9.4</ele>
    <time>2025-09-22T01:19:58Z</time>
   </trkpt>
   <trkpt lat="22.3680630" lon="114.0599960">
    <ele>9.4</ele>
    <time>2025-09-22T01:19:59Z</time>
   </trkpt>
   <trkpt lat="22.3680580" lon="114.0600040">
    <ele>9.4</ele>
    <time>2025-09-22T01:20:00Z</time>
   </trkpt>
   <trkpt lat="22.3680500" lon="114.0600160">
    <ele>9.4</ele>
    <time>2025-09-22T01:20:01Z</time>
   </trkpt>
   <trkpt lat="22.3680480" lon="114.0600350">
    <ele>9.4</ele>
    <time>2025-09-22T01:20:02Z</time>
   </trkpt>
   <trkpt lat="22.3680480" lon="114.0600460">
    <ele>9.5</ele>
    <time>2025-09-22T01:20:03Z</time>
   </trkpt>
   <trkpt lat="22.3680480" lon="114.0600570">
    <ele>9.5</ele>
    <time>2025-09-22T01:20:04Z</time>
   </trkpt>
   <trkpt lat="22.3680570" lon="114.0600670">
    <ele>9.5</ele>
    <time>2025-09-22T01:20:05Z</time>
   </trkpt>
   <trkpt lat="22.3680600" lon="114.0600740">
    <ele>9.5</ele>
    <time>2025-09-22T01:20:06Z</time>
   </trkpt>
   <trkpt lat="22.3680520" lon="114.0600840">
    <ele>9.5</ele>
    <time>2025-09-22T01:20:07Z</time>
   </trkpt>
   <trkpt lat="22.3680510" lon="114.0600880">
    <ele>9.5</ele>
    <time>2025-09-22T01:20:08Z</time>
   </trkpt>
   <trkpt lat="22.3680550" lon="114.0600910">
    <ele>9.5</ele>
    <time>2025-09-22T01:20:09Z</time>
   </trkpt>
   <trkpt lat="22.3680450" lon="114.0601030">
    <ele>9.6</ele>
    <time>2025-09-22T01:20:10Z</time>
   </trkpt>
   <trkpt lat="22.3680310" lon="114.0601160">
    <ele>9.6</ele>
    <time>2025-09-22T01:20:11Z</time>
   </trkpt>
   <trkpt lat="22.3680220" lon="114.0601260">
    <ele>9.6</ele>
    <time>2025-09-22T01:20:12Z</time>
   </trkpt>
   <trkpt lat="22.3680180" lon="114.0601270">
    <ele>9.6</ele>
    <time>2025-09-22T01:20:13Z</time>
   </trkpt>
   <trkpt lat="22.3680180" lon="114.0601460">
    <ele>9.6</ele>
    <time>2025-09-22T01:20:14Z</time>
   </trkpt>
   <trkpt lat="22.3680070" lon="114.0601600">
    <ele>9.7</ele>
    <time>2025-09-22T01:20:15Z</time>
   </trkpt>
   <trkpt lat="22.3680040" lon="114.0601620">
    <ele>9.7</ele>
    <time>2025-09-22T01:20:16Z</time>
   </trkpt>
   <trkpt lat="22.3679970" lon="114.0601670">
    <ele>9.7</ele>
    <time>2025-09-22T01:20:17Z</time>
   </trkpt>
   <trkpt lat="22.3679880" lon="114.0601700">
    <ele>9.7</ele>
    <time>2025-09-22T01:20:18Z</time>
   </trkpt>
   <trkpt lat="22.3679790" lon="114.0601770">
    <ele>9.7</ele>
    <time>2025-09-22T01:20:19Z</time>
   </trkpt>
   <trkpt lat="22.3679700" lon="114.0601840">
    <ele>9.8</ele>
    <time>2025-09-22T01:20:20Z</time>
   </trkpt>
   <trkpt lat="22.3679610" lon="114.0601910">
    <ele>9.8</ele>
    <time>2025-09-22T01:20:21Z</time>
   </trkpt>
   <trkpt lat="22.3679400" lon="114.0601950">
    <ele>9.8</ele>
    <time>2025-09-22T01:20:22Z</time>
   </trkpt>
   <trkpt lat="22.3679290" lon="114.0601920">
    <ele>9.8</ele>
    <time>2025-09-22T01:20:23Z</time>
   </trkpt>
   <trkpt lat="22.3679110" lon="114.0601990">
    <ele>9.9</ele>
    <time>2025-09-22T01:20:24Z</time>
   </trkpt>
   <trkpt lat="22.3678990" lon="114.0602020">
    <ele>9.9</ele>
    <time>2025-09-22T01:20:25Z</time>
   </trkpt>
   <trkpt lat="22.3678870" lon="114.0602050">
    <ele>9.9</ele>
    <time>2025-09-22T01:20:26Z</time>
   </trkpt>
   <trkpt lat="22.3678500" lon="114.0601960">
    <ele>10.1</ele>
    <time>2025-09-22T01:20:27Z</time>
   </trkpt>
   <trkpt lat="22.3678360" lon="114.0601900">
    <ele>10.1</ele>
    <time>2025-09-22T01:20:28Z</time>
   </trkpt>
   <trkpt lat="22.3677950" lon="114.0601830">
    <ele>10.3</ele>
    <time>2025-09-22T01:20:29Z</time>
   </trkpt>
   <trkpt lat="22.3677760" lon="114.0601760">
    <ele>10.0</ele>
    <time>2025-09-22T01:20:30Z</time>
   </trkpt>
   <trkpt lat="22.3677350" lon="114.0601690">
    <ele>9.6</ele>
    <time>2025-09-22T01:20:31Z</time>
   </trkpt>
   <trkpt lat="22.3677180" lon="114.0601700">
    <ele>9.4</ele>
    <time>2025-09-22T01:20:32Z</time>
   </trkpt>
   <trkpt lat="22.3676850" lon="114.0601650">
    <ele>9.1</ele>
    <time>2025-09-22T01:20:33Z</time>
   </trkpt>
   <trkpt lat="22.3676600" lon="114.0601530">
    <ele>8.9</ele>
    <time>2025-09-22T01:20:34Z</time>
   </trkpt>
   <trkpt lat="22.3676250" lon="114.0601470">
    <ele>8.8</ele>
    <time>2025-09-22T01:20:35Z</time>
   </trkpt>
   <trkpt lat="22.3675900" lon="114.0601320">
    <ele>8.7</ele>
    <time>2025-09-22T01:20:36Z</time>
   </trkpt>
   <trkpt lat="22.3675590" lon="114.0601210">
    <ele>8.7</ele>
    <time>2025-09-22T01:20:37Z</time>
   </trkpt>
   <trkpt lat="22.3675500" lon="114.0601150">
    <ele>8.7</ele>
    <time>2025-09-22T01:20:38Z</time>
   </trkpt>
   <trkpt lat="22.3675320" lon="114.0601030">
    <ele>8.7</ele>
    <time>2025-09-22T01:20:39Z</time>
   </trkpt>
   <trkpt lat="22.3675240" lon="114.0600900">
    <ele>8.7</ele>
    <time>2025-09-22T01:20:40Z</time>
   </trkpt>
   <trkpt lat="22.3675130" lon="114.0600760">
    <ele>8.6</ele>
    <time>2025-09-22T01:20:41Z</time>
   </trkpt>
   <trkpt lat="22.3674940" lon="114.0600770">
    <ele>8.6</ele>
    <time>2025-09-22T01:20:42Z</time>
   </trkpt>
   <trkpt lat="22.3674860" lon="114.0600650">
    <ele>8.6</ele>
    <time>2025-09-22T01:20:43Z</time>
   </trkpt>
   <trkpt lat="22.3674750" lon="114.0600530">
    <ele>8.6</ele>
    <time>2025-09-22T01:20:44Z</time>
   </trkpt>
   <trkpt lat="22.3674640" lon="114.0600400">
    <ele>8.6</ele>
    <time>2025-09-22T01:20:45Z</time>
   </trkpt>
   <trkpt lat="22.3674560" lon="114.0600190">
    <ele>8.6</ele>
    <time>2025-09-22T01:20:46Z</time>
   </trkpt>
   <trkpt lat="22.3674440" lon="114.0600000">
    <ele>8.5</ele>
    <time>2025-09-22T01:20:47Z</time>
   </trkpt>
   <trkpt lat="22.3674370" lon="114.0599860">
    <ele>8.5</ele>
    <time>2025-09-22T01:20:48Z</time>
   </trkpt>
   <trkpt lat="22.3674470" lon="114.0599530">
    <ele>8.5</ele>
    <time>2025-09-22T01:20:49Z</time>
   </trkpt>
   <trkpt lat="22.3674520" lon="114.0599410">
    <ele>8.5</ele>
    <time>2025-09-22T01:20:50Z</time>
   </trkpt>
   <trkpt lat="22.3674740" lon="114.0599100">
    <ele>8.5</ele>
    <time>2025-09-22T01:20:51Z</time>
   </trkpt>
   <trkpt lat="22.3674870" lon="114.0599000">
    <ele>8.5</ele>
    <time>2025-09-22T01:20:52Z</time>
   </trkpt>
   <trkpt lat="22.3675040" lon="114.0598710">
    <ele>8.4</ele>
    <time>2025-09-22T01:20:53Z</time>
   </trkpt>
   <trkpt lat="22.3675090" lon="114.0598610">
    <ele>8.4</ele>
    <time>2025-09-22T01:20:54Z</time>
   </trkpt>
   <trkpt lat="22.3675120" lon="114.0598460">
    <ele>8.4</ele>
    <time>2025-09-22T01:20:55Z</time>
   </trkpt>
   <trkpt lat="22.3675120" lon="114.0598290">
    <ele>8.4</ele>
    <time>2025-09-22T01:20:56Z</time>
   </trkpt>
   <trkpt lat="22.3675110" lon="114.0598190">
    <ele>8.4</ele>
    <time>2025-09-22T01:20:57Z</time>
   </trkpt>
   <trkpt lat="22.3675180" lon="114.0598090">
    <ele>8.4</ele>
    <time>2025-09-22T01:20:58Z</time>
   </trkpt>
   <trkpt lat="22.3675280" lon="114.0598030">
    <ele>8.4</ele>
    <time>2025-09-22T01:20:59Z</time>
   </trkpt>
   <trkpt lat="22.3675300" lon="114.0598020">
    <ele>8.4</ele>
    <time>2025-09-22T01:21:00Z</time>
   </trkpt>
   <trkpt lat="22.3675320" lon="114.0597940">
    <ele>8.4</ele>
    <time>2025-09-22T01:21:01Z</time>
   </trkpt>
   <trkpt lat="22.3675270" lon="114.0597910">
    <ele>8.4</ele>
    <time>2025-09-22T01:21:02Z</time>
   </trkpt>
   <trkpt lat="22.3675250" lon="114.0597800">
    <ele>8.4</ele>
    <time>2025-09-22T01:21:03Z</time>
   </trkpt>
   <trkpt lat="22.3675250" lon="114.0597710">
    <ele>8.4</ele>
    <time>2025-09-22T01:21:04Z</time>
   </trkpt>
   <trkpt lat="22.3675250" lon="114.0597500">
    <ele>8.4</ele>
    <time>2025-09-22T01:21:05Z</time>
   </trkpt>
   <trkpt lat="22.3675260" lon="114.0597410">
    <ele>8.4</ele>
    <time>2025-09-22T01:21:06Z</time>
   </trkpt>
   <trkpt lat="22.3675260" lon="114.0597310">
    <ele>8.4</ele>
    <time>2025-09-22T01:21:07Z</time>
   </trkpt>
   <trkpt lat="22.3675230" lon="114.0597170">
    <ele>8.4</ele>
    <time>2025-09-22T01:21:08Z</time>
   </trkpt>
   <trkpt lat="22.3675190" lon="114.0597050">
    <ele>8.4</ele>
    <time>2025-09-22T01:21:09Z</time>
   </trkpt>
   <trkpt lat="22.3675170" lon="114.0597000">
    <ele>8.4</ele>
    <time>2025-09-22T01:21:10Z</time>
   </trkpt>
   <trkpt lat="22.3675140" lon="114.0596950">
    <ele>8.4</ele>
    <time>2025-09-22T01:21:11Z</time>
   </trkpt>
   <trkpt lat="22.3675070" lon="114.0596910">
    <ele>8.4</ele>
    <time>2025-09-22T01:21:12Z</time>
   </trkpt>
   <trkpt lat="22.3675000" lon="114.0596870">
    <ele>8.4</ele>
    <time>2025-09-22T01:21:13Z</time>
   </trkpt>
   <trkpt lat="22.3674880" lon="114.0596790">
    <ele>8.5</ele>
    <time>2025-09-22T01:21:14Z</time>
   </trkpt>
   <trkpt lat="22.3674780" lon="114.0596760">
    <ele>8.5</ele>
    <time>2025-09-22T01:21:15Z</time>
   </trkpt>
   <trkpt lat="22.3674740" lon="114.0596700">
    <ele>8.5</ele>
    <time>2025-09-22T01:21:16Z</time>
   </trkpt>
   <trkpt lat="22.3674680" lon="114.0596620">
    <ele>8.5</ele>
    <time>2025-09-22T01:21:17Z</time>
   </trkpt>
   <trkpt lat="22.3674640" lon="114.0596550">
    <ele>8.5</ele>
    <time>2025-09-22T01:21:18Z</time>
   </trkpt>
   <trkpt lat="22.3674570" lon="114.0596480">
    <ele>8.5</ele>
    <time>2025-09-22T01:21:19Z</time>
   </trkpt>
   <trkpt lat="22.3674510" lon="114.0596430">
    <ele>8.5</ele>
    <time>2025-09-22T01:21:20Z</time>
   </trkpt>
   <trkpt lat="22.3674450" lon="114.0596410">
    <ele>8.5</ele>
    <time>2025-09-22T01:21:21Z</time>
   </trkpt>
   <trkpt lat="22.3674410" lon="114.0596410">
    <ele>8.5</ele>
    <time>2025-09-22T01:21:22Z</time>
   </trkpt>
   <trkpt lat="22.3674390" lon="114.0596380">
    <ele>8.5</ele>
    <time>2025-09-22T01:21:23Z</time>
   </trkpt>
   <trkpt lat="22.3674340" lon="114.0596230">
    <ele>8.5</ele>
    <time>2025-09-22T01:21:24Z</time>
   </trkpt>
   <trkpt lat="22.3674270" lon="114.0596150">
    <ele>8.5</ele>
    <time>2025-09-22T01:21:25Z</time>
   </trkpt>
   <trkpt lat="22.3674210" lon="114.0596130">
    <ele>8.5</ele>
    <time>2025-09-22T01:21:26Z</time>
   </trkpt>
   <trkpt lat="22.3674190" lon="114.0596100">
    <ele>8.5</ele>
    <time>2025-09-22T01:21:27Z</time>
   </trkpt>
   <trkpt lat="22.3674190" lon="114.0596010">
    <ele>8.5</ele>
    <time>2025-09-22T01:21:28Z</time>
   </trkpt>
   <trkpt lat="22.3674090" lon="114.0595860">
    <ele>8.5</ele>
    <time>2025-09-22T01:21:29Z</time>
   </trkpt>
   <trkpt lat="22.3674060" lon="114.0595780">
    <ele>8.5</ele>
    <time>2025-09-22T01:21:30Z</time>
   </trkpt>
   <trkpt lat="22.3673950" lon="114.0595660">
    <ele>8.5</ele>
    <time>2025-09-22T01:21:31Z</time>
   </trkpt>
   <trkpt lat="22.3673910" lon="114.0595680">
    <ele>8.5</ele>
    <time>2025-09-22T01:21:32Z</time>
   </trkpt>
   <trkpt lat="22.3673860" lon="114.0595680">
    <ele>8.5</ele>
    <time>2025-09-22T01:21:33Z</time>
   </trkpt>
   <trkpt lat="22.3673800" lon="114.0595650">
    <ele>8.5</ele>
    <time>2025-09-22T01:21:34Z</time>
   </trkpt>
   <trkpt lat="22.3673750" lon="114.0595660">
    <ele>8.5</ele>
    <time>2025-09-22T01:21:35Z</time>
   </trkpt>
   <trkpt lat="22.3673670" lon="114.0595680">
    <ele>8.5</ele>
    <time>2025-09-22T01:21:36Z</time>
   </trkpt>
   <trkpt lat="22.3673550" lon="114.0595660">
    <ele>8.5</ele>
    <time>2025-09-22T01:21:37Z</time>
   </trkpt>
   <trkpt lat="22.3673510" lon="114.0595640">
    <ele>8.5</ele>
    <time>2025-09-22T01:21:38Z</time>
   </trkpt>
   <trkpt lat="22.3673420" lon="114.0595600">
    <ele>8.5</ele>
    <time>2025-09-22T01:21:39Z</time>
   </trkpt>
   <trkpt lat="22.3673290" lon="114.0595540">
    <ele>8.5</ele>
    <time>2025-09-22T01:21:40Z</time>
   </trkpt>
   <trkpt lat="22.3673160" lon="114.0595470">
    <ele>8.5</ele>
    <time>2025-09-22T01:21:41Z</time>
   </trkpt>
   <trkpt lat="22.3673010" lon="114.0595400">
    <ele>8.4</ele>
    <time>2025-09-22T01:21:42Z</time>
   </trkpt>
   <trkpt lat="22.3673010" lon="114.0595330">
    <ele>8.4</ele>
    <time>2025-09-22T01:21:43Z</time>
   </trkpt>
   <trkpt lat="22.3672950" lon="114.0595270">
    <ele>8.4</ele>
    <time>2025-09-22T01:21:44Z</time>
   </trkpt>
   <trkpt lat="22.3672850" lon="114.0595290">
    <ele>8.4</ele>
    <time>2025-09-22T01:21:45Z</time>
   </trkpt>
   <trkpt lat="22.3672670" lon="114.0595410">
    <ele>8.4</ele>
    <time>2025-09-22T01:21:46Z</time>
   </trkpt>
   <trkpt lat="22.3672420" lon="114.0595440">
    <ele>8.4</ele>
    <time>2025-09-22T01:21:47Z</time>
   </trkpt>
   <trkpt lat="22.3672380" lon="114.0595450">
    <ele>8.4</ele>
    <time>2025-09-22T01:21:48Z</time>
   </trkpt>
   <trkpt lat="22.3672340" lon="114.0595450">
    <ele>8.4</ele>
    <time>2025-09-22T01:21:49Z</time>
   </trkpt>
   <trkpt lat="22.3672300" lon="114.0595450">
    <ele>8.4</ele>
    <time>2025-09-22T01:21:50Z</time>
   </trkpt>
   <trkpt lat="22.3672020" lon="114.0595440">
    <ele>8.4</ele>
    <time>2025-09-22T01:21:51Z</time>
   </trkpt>
   <trkpt lat="22.3671960" lon="114.0595450">
    <ele>8.4</ele>
    <time>2025-09-22T01:21:52Z</time>
   </trkpt>
   <trkpt lat="22.3671890" lon="114.0595410">
    <ele>8.4</ele>
    <time>2025-09-22T01:21:53Z</time>
   </trkpt>
   <trkpt lat="22.3671670" lon="114.0595410">
    <ele>8.4</ele>
    <time>2025-09-22T01:21:54Z</time>
   </trkpt>
   <trkpt lat="22.3671610" lon="114.0595280">
    <ele>8.4</ele>
    <time>2025-09-22T01:21:55Z</time>
   </trkpt>
   <trkpt lat="22.3671550" lon="114.0595040">
    <ele>8.3</ele>
    <time>2025-09-22T01:21:56Z</time>
   </trkpt>
   <trkpt lat="22.3671260" lon="114.0595050">
    <ele>8.3</ele>
    <time>2025-09-22T01:21:57Z</time>
   </trkpt>
   <trkpt lat="22.3671150" lon="114.0595050">
    <ele>8.3</ele>
    <time>2025-09-22T01:21:58Z</time>
   </trkpt>
   <trkpt lat="22.3671090" lon="114.0594740">
    <ele>8.3</ele>
    <time>2025-09-22T01:21:59Z</time>
   </trkpt>
   <trkpt lat="22.3670950" lon="114.0594570">
    <ele>8.3</ele>
    <time>2025-09-22T01:22:00Z</time>
   </trkpt>
   <trkpt lat="22.3670860" lon="114.0594490">
    <ele>8.3</ele>
    <time>2025-09-22T01:22:01Z</time>
   </trkpt>
   <trkpt lat="22.3670760" lon="114.0594420">
    <ele>8.3</ele>
    <time>2025-09-22T01:22:02Z</time>
   </trkpt>
   <trkpt lat="22.3670630" lon="114.0594330">
    <ele>8.3</ele>
    <time>2025-09-22T01:22:03Z</time>
   </trkpt>
   <trkpt lat="22.3670550" lon="114.0594220">
    <ele>8.3</ele>
    <time>2025-09-22T01:22:04Z</time>
   </trkpt>
   <trkpt lat="22.3670480" lon="114.0594200">
    <ele>8.3</ele>
    <time>2025-09-22T01:22:05Z</time>
   </trkpt>
   <trkpt lat="22.3670300" lon="114.0594270">
    <ele>8.3</ele>
    <time>2025-09-22T01:22:06Z</time>
   </trkpt>
   <trkpt lat="22.3670190" lon="114.0594230">
    <ele>8.0</ele>
    <time>2025-09-22T01:22:07Z</time>
   </trkpt>
   <trkpt lat="22.3669990" lon="114.0594210">
    <ele>8.0</ele>
    <time>2025-09-22T01:22:08Z</time>
   </trkpt>
   <trkpt lat="22.3669840" lon="114.0594260">
    <ele>8.0</ele>
    <time>2025-09-22T01:22:09Z</time>
   </trkpt>
   <trkpt lat="22.3669670" lon="114.0594300">
    <ele>7.8</ele>
    <time>2025-09-22T01:22:10Z</time>
   </trkpt>
   <trkpt lat="22.3669540" lon="114.0594270">
    <ele>7.8</ele>
    <time>2025-09-22T01:22:11Z</time>
   </trkpt>
   <trkpt lat="22.3669470" lon="114.0594160">
    <ele>7.8</ele>
    <time>2025-09-22T01:22:12Z</time>
   </trkpt>
   <trkpt lat="22.3669370" lon="114.0594100">
    <ele>7.8</ele>
    <time>2025-09-22T01:22:13Z</time>
   </trkpt>
   <trkpt lat="22.3669290" lon="114.0594110">
    <ele>7.8</ele>
    <time>2025-09-22T01:22:14Z</time>
   </trkpt>
   <trkpt lat="22.3669000" lon="114.0594080">
    <ele>7.5</ele>
    <time>2025-09-22T01:22:15Z</time>
   </trkpt>
   <trkpt lat="22.3668900" lon="114.0593980">
    <ele>7.5</ele>
    <time>2025-09-22T01:22:16Z</time>
   </trkpt>
   <trkpt lat="22.3668820" lon="114.0593840">
    <ele>7.5</ele>
    <time>2025-09-22T01:22:17Z</time>
   </trkpt>
   <trkpt lat="22.3668890" lon="114.0593710">
    <ele>7.5</ele>
    <time>2025-09-22T01:22:18Z</time>
   </trkpt>
   <trkpt lat="22.3668980" lon="114.0593570">
    <ele>7.5</ele>
    <time>2025-09-22T01:22:19Z</time>
   </trkpt>
   <trkpt lat="22.3668790" lon="114.0593310">
    <ele>7.5</ele>
    <time>2025-09-22T01:22:20Z</time>
   </trkpt>
   <trkpt lat="22.3668730" lon="114.0593260">
    <ele>7.4</ele>
    <time>2025-09-22T01:22:21Z</time>
   </trkpt>
   <trkpt lat="22.3668570" lon="114.0593210">
    <ele>6.9</ele>
    <time>2025-09-22T01:22:22Z</time>
   </trkpt>
   <trkpt lat="22.3668400" lon="114.0593190">
    <ele>6.9</ele>
    <time>2025-09-22T01:22:23Z</time>
   </trkpt>
   <trkpt lat="22.3668230" lon="114.0593180">
    <ele>6.3</ele>
    <time>2025-09-22T01:22:24Z</time>
   </trkpt>
   <trkpt lat="22.3668110" lon="114.0593200">
    <ele>6.3</ele>
    <time>2025-09-22T01:22:25Z</time>
   </trkpt>
   <trkpt lat="22.3668000" lon="114.0593230">
    <ele>6.3</ele>
    <time>2025-09-22T01:22:26Z</time>
   </trkpt>
   <trkpt lat="22.3667610" lon="114.0593320">
    <ele>6.0</ele>
    <time>2025-09-22T01:22:27Z</time>
   </trkpt>
   <trkpt lat="22.3667450" lon="114.0593370">
    <ele>5.5</ele>
    <time>2025-09-22T01:22:28Z</time>
   </trkpt>
   <trkpt lat="22.3667180" lon="114.0593310">
    <ele>5.5</ele>
    <time>2025-09-22T01:22:29Z</time>
   </trkpt>
   <trkpt lat="22.3666840" lon="114.0593360">
    <ele>4.9</ele>
    <time>2025-09-22T01:22:30Z</time>
   </trkpt>
   <trkpt lat="22.3666730" lon="114.0593370">
    <ele>4.9</ele>
    <time>2025-09-22T01:22:31Z</time>
   </trkpt>
   <trkpt lat="22.3666600" lon="114.0593290">
    <ele>3.3</ele>
    <time>2025-09-22T01:22:32Z</time>
   </trkpt>
   <trkpt lat="22.3666520" lon="114.0593330">
    <ele>4.0</ele>
    <time>2025-09-22T01:22:33Z</time>
   </trkpt>
   <trkpt lat="22.3666470" lon="114.0593210">
    <ele>3.3</ele>
    <time>2025-09-22T01:22:34Z</time>
   </trkpt>
   <trkpt lat="22.3666340" lon="114.0593120">
    <ele>3.3</ele>
    <time>2025-09-22T01:22:35Z</time>
   </trkpt>
   <trkpt lat="22.3666240" lon="114.0593040">
    <ele>2.3</ele>
    <time>2025-09-22T01:22:36Z</time>
   </trkpt>
   <trkpt lat="22.3666180" lon="114.0592960">
    <ele>2.3</ele>
    <time>2025-09-22T01:22:37Z</time>
   </trkpt>
   <trkpt lat="22.3665950" lon="114.0592960">
    <ele>2.3</ele>
    <time>2025-09-22T01:22:38Z</time>
   </trkpt>
   <trkpt lat="22.3665680" lon="114.0593100">
    <ele>1.3</ele>
    <time>2025-09-22T01:22:39Z</time>
   </trkpt>
   <trkpt lat="22.3665600" lon="114.0593070">
    <ele>1.3</ele>
    <time>2025-09-22T01:22:40Z</time>
   </trkpt>
   <trkpt lat="22.3665620" lon="114.0592940">
    <ele>1.3</ele>
    <time>2025-09-22T01:22:41Z</time>
   </trkpt>
   <trkpt lat="22.3665590" lon="114.0592930">
    <ele>1.3</ele>
    <time>2025-09-22T01:22:42Z</time>
   </trkpt>
   <trkpt lat="22.3665460" lon="114.0592950">
    <ele>0.3</ele>
    <time>2025-09-22T01:22:43Z</time>
   </trkpt>
   <trkpt lat="22.3665410" lon="114.0592970">
    <ele>0.3</ele>
    <time>2025-09-22T01:22:44Z</time>
   </trkpt>
   <trkpt lat="22.3665210" lon="114.0592890">
    <ele>0.3</ele>
    <time>2025-09-22T01:22:45Z</time>
   </trkpt>
   <trkpt lat="22.3665100" lon="114.0592850">
    <ele>-0.4</ele>
    <time>2025-09-22T01:22:46Z</time>
   </trkpt>
   <trkpt lat="22.3664990" lon="114.0592820">
    <ele>-1.5</ele>
    <time>2025-09-22T01:22:47Z</time>
   </trkpt>
   <trkpt lat="22.3664860" lon="114.0592700">
    <ele>-1.5</ele>
    <time>2025-09-22T01:22:48Z</time>
   </trkpt>
   <trkpt lat="22.3664880" lon="114.0592610">
    <ele>-1.5</ele>
    <time>2025-09-22T01:22:49Z</time>
   </trkpt>
   <trkpt lat="22.3664790" lon="114.0592540">
    <ele>-1.5</ele>
    <time>2025-09-22T01:22:50Z</time>
   </trkpt>
   <trkpt lat="22.3664470" lon="114.0592570">
    <ele>-2.7</ele>
    <time>2025-09-22T01:22:51Z</time>
   </trkpt>
   <trkpt lat="22.3664340" lon="114.0592580">
    <ele>-2.7</ele>
    <time>2025-09-22T01:22:52Z</time>
   </trkpt>
   <trkpt lat="22.3664210" lon="114.0592490">
    <ele>-3.9</ele>
    <time>2025-09-22T01:22:53Z</time>
   </trkpt>
   <trkpt lat="22.3664070" lon="114.0592370">
    <ele>-4.5</ele>
    <time>2025-09-22T01:22:54Z</time>
   </trkpt>
   <trkpt lat="22.3663960" lon="114.0592240">
    <ele>-4.5</ele>
    <time>2025-09-22T01:22:55Z</time>
   </trkpt>
   <trkpt lat="22.3663900" lon="114.0592110">
    <ele>-4.5</ele>
    <time>2025-09-22T01:22:56Z</time>
   </trkpt>
   <trkpt lat="22.3663900" lon="114.0591940">
    <ele>-5.1</ele>
    <time>2025-09-22T01:22:57Z</time>
   </trkpt>
   <trkpt lat="22.3663920" lon="114.0591790">
    <ele>-5.1</ele>
    <time>2025-09-22T01:22:58Z</time>
   </trkpt>
   <trkpt lat="22.3663870" lon="114.0591740">
    <ele>-6.2</ele>
    <time>2025-09-22T01:22:59Z</time>
   </trkpt>
   <trkpt lat="22.3663830" lon="114.0591660">
    <ele>-6.2</ele>
    <time>2025-09-22T01:23:00Z</time>
   </trkpt>
   <trkpt lat="22.3663830" lon="114.0591460">
    <ele>-6.7</ele>
    <time>2025-09-22T01:23:01Z</time>
   </trkpt>
   <trkpt lat="22.3663860" lon="114.0591310">
    <ele>-6.7</ele>
    <time>2025-09-22T01:23:02Z</time>
   </trkpt>
   <trkpt lat="22.3663860" lon="114.0591230">
    <ele>-6.7</ele>
    <time>2025-09-22T01:23:03Z</time>
   </trkpt>
   <trkpt lat="22.3663830" lon="114.0591160">
    <ele>-6.7</ele>
    <time>2025-09-22T01:23:04Z</time>
   </trkpt>
   <trkpt lat="22.3663840" lon="114.0591100">
    <ele>-6.8</ele>
    <time>2025-09-22T01:23:05Z</time>
   </trkpt>
   <trkpt lat="22.3663800" lon="114.0591030">
    <ele>-6.8</ele>
    <time>2025-09-22T01:23:06Z</time>
   </trkpt>
   <trkpt lat="22.3663790" lon="114.0590910">
    <ele>-6.8</ele>
    <time>2025-09-22T01:23:07Z</time>
   </trkpt>
   <trkpt lat="22.3663710" lon="114.0590810">
    <ele>-6.8</ele>
    <time>2025-09-22T01:23:08Z</time>
   </trkpt>
   <trkpt lat="22.3663550" lon="114.0590720">
    <ele>-6.8</ele>
    <time>2025-09-22T01:23:09Z</time>
   </trkpt>
   <trkpt lat="22.3663410" lon="114.0590620">
    <ele>-7.4</ele>
    <time>2025-09-22T01:23:10Z</time>
   </trkpt>
   <trkpt lat="22.3663340" lon="114.0590490">
    <ele>-7.4</ele>
    <time>2025-09-22T01:23:11Z</time>
   </trkpt>
   <trkpt lat="22.3663410" lon="114.0590240">
    <ele>-7.2</ele>
    <time>2025-09-22T01:23:12Z</time>
   </trkpt>
   <trkpt lat="22.3663490" lon="114.0589910">
    <ele>-6.8</ele>
    <time>2025-09-22T01:23:13Z</time>
   </trkpt>
   <trkpt lat="22.3663520" lon="114.0589800">
    <ele>-6.8</ele>
    <time>2025-09-22T01:23:14Z</time>
   </trkpt>
   <trkpt lat="22.3663590" lon="114.0589530">
    <ele>-6.8</ele>
    <time>2025-09-22T01:23:15Z</time>
   </trkpt>
   <trkpt lat="22.3663600" lon="114.0589470">
    <ele>-6.8</ele>
    <time>2025-09-22T01:23:16Z</time>
   </trkpt>
   <trkpt lat="22.3663600" lon="114.0589400">
    <ele>-5.8</ele>
    <time>2025-09-22T01:23:17Z</time>
   </trkpt>
   <trkpt lat="22.3663620" lon="114.0589270">
    <ele>-5.8</ele>
    <time>2025-09-22T01:23:18Z</time>
   </trkpt>
   <trkpt lat="22.3663560" lon="114.0589160">
    <ele>-5.8</ele>
    <time>2025-09-22T01:23:19Z</time>
   </trkpt>
   <trkpt lat="22.3663550" lon="114.0589040">
    <ele>-5.8</ele>
    <time>2025-09-22T01:23:20Z</time>
   </trkpt>
   <trkpt lat="22.3663540" lon="114.0588970">
    <ele>-4.3</ele>
    <time>2025-09-22T01:23:21Z</time>
   </trkpt>
   <trkpt lat="22.3663490" lon="114.0588870">
    <ele>-4.3</ele>
    <time>2025-09-22T01:23:22Z</time>
   </trkpt>
   <trkpt lat="22.3663420" lon="114.0588780">
    <ele>-4.3</ele>
    <time>2025-09-22T01:23:23Z</time>
   </trkpt>
   <trkpt lat="22.3663360" lon="114.0588560">
    <ele>-2.8</ele>
    <time>2025-09-22T01:23:24Z</time>
   </trkpt>
   <trkpt lat="22.3663330" lon="114.0588470">
    <ele>-2.8</ele>
    <time>2025-09-22T01:23:25Z</time>
   </trkpt>
   <trkpt lat="22.3663310" lon="114.0588390">
    <ele>-2.8</ele>
    <time>2025-09-22T01:23:26Z</time>
   </trkpt>
   <trkpt lat="22.3663250" lon="114.0588220">
    <ele>-2.8</ele>
    <time>2025-09-22T01:23:27Z</time>
   </trkpt>
   <trkpt lat="22.3663260" lon="114.0588070">
    <ele>-1.2</ele>
    <time>2025-09-22T01:23:28Z</time>
   </trkpt>
   <trkpt lat="22.3663270" lon="114.0587920">
    <ele>-1.2</ele>
    <time>2025-09-22T01:23:29Z</time>
   </trkpt>
   <trkpt lat="22.3663300" lon="114.0587780">
    <ele>-1.2</ele>
    <time>2025-09-22T01:23:30Z</time>
   </trkpt>
   <trkpt lat="22.3663300" lon="114.0587570">
    <ele>0.6</ele>
    <time>2025-09-22T01:23:31Z</time>
   </trkpt>
   <trkpt lat="22.3663240" lon="114.0587460">
    <ele>0.6</ele>
    <time>2025-09-22T01:23:32Z</time>
   </trkpt>
   <trkpt lat="22.3663170" lon="114.0587350">
    <ele>0.6</ele>
    <time>2025-09-22T01:23:33Z</time>
   </trkpt>
   <trkpt lat="22.3663070" lon="114.0587390">
    <ele>1.2</ele>
    <time>2025-09-22T01:23:34Z</time>
   </trkpt>
   <trkpt lat="22.3662970" lon="114.0587340">
    <ele>1.2</ele>
    <time>2025-09-22T01:23:35Z</time>
   </trkpt>
   <trkpt lat="22.3662890" lon="114.0587210">
    <ele>2.9</ele>
    <time>2025-09-22T01:23:36Z</time>
   </trkpt>
   <trkpt lat="22.3662830" lon="114.0587180">
    <ele>2.9</ele>
    <time>2025-09-22T01:23:37Z</time>
   </trkpt>
   <trkpt lat="22.3662790" lon="114.0587120">
    <ele>2.9</ele>
    <time>2025-09-22T01:23:38Z</time>
   </trkpt>
   <trkpt lat="22.3662750" lon="114.0586980">
    <ele>2.9</ele>
    <time>2025-09-22T01:23:39Z</time>
   </trkpt>
   <trkpt lat="22.3662680" lon="114.0586900">
    <ele>3.3</ele>
    <time>2025-09-22T01:23:40Z</time>
   </trkpt>
   <trkpt lat="22.3662580" lon="114.0586870">
    <ele>3.3</ele>
    <time>2025-09-22T01:23:41Z</time>
   </trkpt>
   <trkpt lat="22.3662520" lon="114.0586670">
    <ele>4.8</ele>
    <time>2025-09-22T01:23:42Z</time>
   </trkpt>
   <trkpt lat="22.3662520" lon="114.0586580">
    <ele>4.8</ele>
    <time>2025-09-22T01:23:43Z</time>
   </trkpt>
   <trkpt lat="22.3662510" lon="114.0586480">
    <ele>4.9</ele>
    <time>2025-09-22T01:23:44Z</time>
   </trkpt>
   <trkpt lat="22.3662490" lon="114.0586370">
    <ele>6.4</ele>
    <time>2025-09-22T01:23:45Z</time>
   </trkpt>
   <trkpt lat="22.3662480" lon="114.0586240">
    <ele>6.4</ele>
    <time>2025-09-22T01:23:46Z</time>
   </trkpt>
   <trkpt lat="22.3662440" lon="114.0586130">
    <ele>6.4</ele>
    <time>2025-09-22T01:23:47Z</time>
   </trkpt>
   <trkpt lat="22.3662420" lon="114.0585970">
    <ele>7.4</ele>
    <time>2025-09-22T01:23:48Z</time>
   </trkpt>
   <trkpt lat="22.3662400" lon="114.0585870">
    <ele>7.4</ele>
    <time>2025-09-22T01:23:49Z</time>
   </trkpt>
   <trkpt lat="22.3662440" lon="114.0585800">
    <ele>7.4</ele>
    <time>2025-09-22T01:23:50Z</time>
   </trkpt>
   <trkpt lat="22.3662420" lon="114.0585490">
    <ele>8.2</ele>
    <time>2025-09-22T01:23:51Z</time>
   </trkpt>
   <trkpt lat="22.3662440" lon="114.0585360">
    <ele>8.2</ele>
    <time>2025-09-22T01:23:52Z</time>
   </trkpt>
   <trkpt lat="22.3662500" lon="114.0585000">
    <ele>9.1</ele>
    <time>2025-09-22T01:23:53Z</time>
   </trkpt>
   <trkpt lat="22.3662520" lon="114.0584880">
    <ele>9.1</ele>
    <time>2025-09-22T01:23:54Z</time>
   </trkpt>
   <trkpt lat="22.3662570" lon="114.0584610">
    <ele>9.9</ele>
    <time>2025-09-22T01:23:55Z</time>
   </trkpt>
   <trkpt lat="22.3662600" lon="114.0584500">
    <ele>9.9</ele>
    <time>2025-09-22T01:23:56Z</time>
   </trkpt>
   <trkpt lat="22.3662670" lon="114.0584300">
    <ele>9.9</ele>
    <time>2025-09-22T01:23:57Z</time>
   </trkpt>
   <trkpt lat="22.3662670" lon="114.0584150">
    <ele>10.4</ele>
    <time>2025-09-22T01:23:58Z</time>
   </trkpt>
   <trkpt lat="22.3662660" lon="114.0583990">
    <ele>10.4</ele>
    <time>2025-09-22T01:23:59Z</time>
   </trkpt>
   <trkpt lat="22.3662600" lon="114.0583950">
    <ele>10.4</ele>
    <time>2025-09-22T01:24:00Z</time>
   </trkpt>
   <trkpt lat="22.3662530" lon="114.0583830">
    <ele>10.8</ele>
    <time>2025-09-22T01:24:01Z</time>
   </trkpt>
   <trkpt lat="22.3662500" lon="114.0583720">
    <ele>10.8</ele>
    <time>2025-09-22T01:24:02Z</time>
   </trkpt>
   <trkpt lat="22.3662470" lon="114.0583650">
    <ele>10.8</ele>
    <time>2025-09-22T01:24:03Z</time>
   </trkpt>
   <trkpt lat="22.3662500" lon="114.0583600">
    <ele>10.8</ele>
    <time>2025-09-22T01:24:04Z</time>
   </trkpt>
   <trkpt lat="22.3662500" lon="114.0583470">
    <ele>10.8</ele>
    <time>2025-09-22T01:24:05Z</time>
   </trkpt>
   <trkpt lat="22.3662470" lon="114.0583310">
    <ele>11.1</ele>
    <time>2025-09-22T01:24:06Z</time>
   </trkpt>
   <trkpt lat="22.3662450" lon="114.0583240">
    <ele>11.1</ele>
    <time>2025-09-22T01:24:07Z</time>
   </trkpt>
   <trkpt lat="22.3662440" lon="114.0583160">
    <ele>11.1</ele>
    <time>2025-09-22T01:24:08Z</time>
   </trkpt>
   <trkpt lat="22.3662420" lon="114.0583090">
    <ele>11.1</ele>
    <time>2025-09-22T01:24:09Z</time>
   </trkpt>
   <trkpt lat="22.3662370" lon="114.0582980">
    <ele>11.1</ele>
    <time>2025-09-22T01:24:10Z</time>
   </trkpt>
   <trkpt lat="22.3662320" lon="114.0582910">
    <ele>11.1</ele>
    <time>2025-09-22T01:24:11Z</time>
   </trkpt>
   <trkpt lat="22.3662290" lon="114.0582860">
    <ele>11.2</ele>
    <time>2025-09-22T01:24:12Z</time>
   </trkpt>
   <trkpt lat="22.3662260" lon="114.0582810">
    <ele>11.2</ele>
    <time>2025-09-22T01:24:13Z</time>
   </trkpt>
   <trkpt lat="22.3662190" lon="114.0582740">
    <ele>11.2</ele>
    <time>2025-09-22T01:24:14Z</time>
   </trkpt>
   <trkpt lat="22.3662120" lon="114.0582650">
    <ele>11.2</ele>
    <time>2025-09-22T01:24:15Z</time>
   </trkpt>
   <trkpt lat="22.3662050" lon="114.0582590">
    <ele>11.2</ele>
    <time>2025-09-22T01:24:16Z</time>
   </trkpt>
   <trkpt lat="22.3662010" lon="114.0582430">
    <ele>11.2</ele>
    <time>2025-09-22T01:24:17Z</time>
   </trkpt>
   <trkpt lat="22.3661960" lon="114.0582350">
    <ele>11.2</ele>
    <time>2025-09-22T01:24:18Z</time>
   </trkpt>
   <trkpt lat="22.3661920" lon="114.0582270">
    <ele>11.3</ele>
    <time>2025-09-22T01:24:19Z</time>
   </trkpt>
   <trkpt lat="22.3661900" lon="114.0582210">
    <ele>11.3</ele>
    <time>2025-09-22T01:24:20Z</time>
   </trkpt>
   <trkpt lat="22.3661910" lon="114.0582120">
    <ele>11.3</ele>
    <time>2025-09-22T01:24:21Z</time>
   </trkpt>
   <trkpt lat="22.3661890" lon="114.0582050">
    <ele>11.3</ele>
    <time>2025-09-22T01:24:22Z</time>
   </trkpt>
   <trkpt lat="22.3661770" lon="114.0581980">
    <ele>11.3</ele>
    <time>2025-09-22T01:24:23Z</time>
   </trkpt>
   <trkpt lat="22.3661670" lon="114.0581900">
    <ele>11.3</ele>
    <time>2025-09-22T01:24:24Z</time>
   </trkpt>
   <trkpt lat="22.3661630" lon="114.0581820">
    <ele>11.4</ele>
    <time>2025-09-22T01:24:25Z</time>
   </trkpt>
   <trkpt lat="22.3661560" lon="114.0581740">
    <ele>11.4</ele>
    <time>2025-09-22T01:24:26Z</time>
   </trkpt>
   <trkpt lat="22.3661510" lon="114.0581660">
    <ele>11.4</ele>
    <time>2025-09-22T01:24:27Z</time>
   </trkpt>
   <trkpt lat="22.3661410" lon="114.0581530">
    <ele>11.4</ele>
    <time>2025-09-22T01:24:28Z</time>
   </trkpt>
   <trkpt lat="22.3661370" lon="114.0581420">
    <ele>11.4</ele>
    <time>2025-09-22T01:24:29Z</time>
   </trkpt>
   <trkpt lat="22.3661290" lon="114.0581290">
    <ele>11.5</ele>
    <time>2025-09-22T01:24:30Z</time>
   </trkpt>
   <trkpt lat="22.3661210" lon="114.0581200">
    <ele>11.5</ele>
    <time>2025-09-22T01:24:31Z</time>
   </trkpt>
   <trkpt lat="22.3661110" lon="114.0581190">
    <ele>11.5</ele>
    <time>2025-09-22T01:24:32Z</time>
   </trkpt>
   <trkpt lat="22.3661050" lon="114.0581140">
    <ele>11.5</ele>
    <time>2025-09-22T01:24:33Z</time>
   </trkpt>
   <trkpt lat="22.3660960" lon="114.0581090">
    <ele>11.5</ele>
    <time>2025-09-22T01:24:34Z</time>
   </trkpt>
   <trkpt lat="22.3660880" lon="114.0580990">
    <ele>11.5</ele>
    <time>2025-09-22T01:24:35Z</time>
   </trkpt>
   <trkpt lat="22.3660790" lon="114.0580930">
    <ele>11.6</ele>
    <time>2025-09-22T01:24:36Z</time>
   </trkpt>
   <trkpt lat="22.3660710" lon="114.0580800">
    <ele>11.6</ele>
    <time>2025-09-22T01:24:37Z</time>
   </trkpt>
   <trkpt lat="22.3660690" lon="114.0580700">
    <ele>11.6</ele>
    <time>2025-09-22T01:24:38Z</time>
   </trkpt>
   <trkpt lat="22.3660620" lon="114.0580670">
    <ele>11.6</ele>
    <time>2025-09-22T01:24:39Z</time>
   </trkpt>
   <trkpt lat="22.3660470" lon="114.0580670">
    <ele>11.6</ele>
    <time>2025-09-22T01:24:40Z</time>
   </trkpt>
   <trkpt lat="22.3660330" lon="114.0580630">
    <ele>11.7</ele>
    <time>2025-09-22T01:24:41Z</time>
   </trkpt>
   <trkpt lat="22.3660280" lon="114.0580600">
    <ele>11.7</ele>
    <time>2025-09-22T01:24:42Z</time>
   </trkpt>
   <trkpt lat="22.3660230" lon="114.0580550">
    <ele>11.7</ele>
    <time>2025-09-22T01:24:43Z</time>
   </trkpt>
   <trkpt lat="22.3660080" lon="114.0580510">
    <ele>11.7</ele>
    <time>2025-09-22T01:24:44Z</time>
   </trkpt>
   <trkpt lat="22.3659990" lon="114.0580360">
    <ele>11.7</ele>
    <time>2025-09-22T01:24:45Z</time>
   </trkpt>
   <trkpt lat="22.3659870" lon="114.0580310">
    <ele>11.8</ele>
    <time>2025-09-22T01:24:46Z</time>
   </trkpt>
   <trkpt lat="22.3659700" lon="114.0580220">
    <ele>11.8</ele>
    <time>2025-09-22T01:24:47Z</time>
   </trkpt>
   <trkpt lat="22.3659590" lon="114.0580120">
    <ele>11.8</ele>
    <time>2025-09-22T01:24:48Z</time>
   </trkpt>
   <trkpt lat="22.3659480" lon="114.0579920">
    <ele>11.8</ele>
    <time>2025-09-22T01:24:49Z</time>
   </trkpt>
   <trkpt lat="22.3659430" lon="114.0579840">
    <ele>11.9</ele>
    <time>2025-09-22T01:24:50Z</time>
   </trkpt>
   <trkpt lat="22.3659380" lon="114.0579760">
    <ele>11.9</ele>
    <time>2025-09-22T01:24:51Z</time>
   </trkpt>
   <trkpt lat="22.3659260" lon="114.0579650">
    <ele>11.9</ele>
    <time>2025-09-22T01:24:52Z</time>
   </trkpt>
   <trkpt lat="22.3659190" lon="114.0579540">
    <ele>11.9</ele>
    <time>2025-09-22T01:24:53Z</time>
   </trkpt>
   <trkpt lat="22.3659130" lon="114.0579450">
    <ele>11.9</ele>
    <time>2025-09-22T01:24:54Z</time>
   </trkpt>
   <trkpt lat="22.3659080" lon="114.0579360">
    <ele>11.9</ele>
    <time>2025-09-22T01:24:55Z</time>
   </trkpt>
   <trkpt lat="22.3659030" lon="114.0579270">
    <ele>12.0</ele>
    <time>2025-09-22T01:24:56Z</time>
   </trkpt>
   <trkpt lat="22.3658890" lon="114.0579190">
    <ele>12.0</ele>
    <time>2025-09-22T01:24:57Z</time>
   </trkpt>
   <trkpt lat="22.3658790" lon="114.0579070">
    <ele>12.0</ele>
    <time>2025-09-22T01:24:58Z</time>
   </trkpt>
   <trkpt lat="22.3658780" lon="114.0578890">
    <ele>12.0</ele>
    <time>2025-09-22T01:24:59Z</time>
   </trkpt>
   <trkpt lat="22.3658800" lon="114.0578750">
    <ele>12.0</ele>
    <time>2025-09-22T01:25:00Z</time>
   </trkpt>
   <trkpt lat="22.3658790" lon="114.0578580">
    <ele>12.1</ele>
    <time>2025-09-22T01:25:01Z</time>
   </trkpt>
   <trkpt lat="22.3658720" lon="114.0578490">
    <ele>12.1</ele>
    <time>2025-09-22T01:25:02Z</time>
   </trkpt>
   <trkpt lat="22.3658670" lon="114.0578400">
    <ele>12.1</ele>
    <time>2025-09-22T01:25:03Z</time>
   </trkpt>
   <trkpt lat="22.3658650" lon="114.0578250">
    <ele>12.1</ele>
    <time>2025-09-22T01:25:04Z</time>
   </trkpt>
   <trkpt lat="22.3658670" lon="114.0578170">
    <ele>12.1</ele>
    <time>2025-09-22T01:25:05Z</time>
   </trkpt>
   <trkpt lat="22.3658560" lon="114.0578060">
    <ele>12.1</ele>
    <time>2025-09-22T01:25:06Z</time>
   </trkpt>
   <trkpt lat="22.3658460" lon="114.0577980">
    <ele>12.1</ele>
    <time>2025-09-22T01:25:07Z</time>
   </trkpt>
   <trkpt lat="22.3658470" lon="114.0577900">
    <ele>12.1</ele>
    <time>2025-09-22T01:25:08Z</time>
   </trkpt>
   <trkpt lat="22.3658410" lon="114.0577850">
    <ele>12.1</ele>
    <time>2025-09-22T01:25:09Z</time>
   </trkpt>
   <trkpt lat="22.3658380" lon="114.0577800">
    <ele>12.1</ele>
    <time>2025-09-22T01:25:10Z</time>
   </trkpt>
   <trkpt lat="22.3658240" lon="114.0577850">
    <ele>12.2</ele>
    <time>2025-09-22T01:25:11Z</time>
   </trkpt>
   <trkpt lat="22.3658150" lon="114.0577720">
    <ele>12.2</ele>
    <time>2025-09-22T01:25:12Z</time>
   </trkpt>
   <trkpt lat="22.3658130" lon="114.0577590">
    <ele>12.2</ele>
    <time>2025-09-22T01:25:13Z</time>
   </trkpt>
   <trkpt lat="22.3658030" lon="114.0577380">
    <ele>12.2</ele>
    <time>2025-09-22T01:25:14Z</time>
   </trkpt>
   <trkpt lat="22.3658000" lon="114.0577280">
    <ele>12.2</ele>
    <time>2025-09-22T01:25:15Z</time>
   </trkpt>
   <trkpt lat="22.3657960" lon="114.0577190">
    <ele>12.2</ele>
    <time>2025-09-22T01:25:16Z</time>
   </trkpt>
   <trkpt lat="22.3657890" lon="114.0577090">
    <ele>12.2</ele>
    <time>2025-09-22T01:25:17Z</time>
   </trkpt>
   <trkpt lat="22.3657850" lon="114.0577030">
    <ele>12.2</ele>
    <time>2025-09-22T01:25:18Z</time>
   </trkpt>
   <trkpt lat="22.3657820" lon="114.0576880">
    <ele>12.2</ele>
    <time>2025-09-22T01:25:19Z</time>
   </trkpt>
   <trkpt lat="22.3657700" lon="114.0576830">
    <ele>12.2</ele>
    <time>2025-09-22T01:25:20Z</time>
   </trkpt>
   <trkpt lat="22.3657680" lon="114.0576680">
    <ele>12.2</ele>
    <time>2025-09-22T01:25:21Z</time>
   </trkpt>
   <trkpt lat="22.3657760" lon="114.0576520">
    <ele>12.2</ele>
    <time>2025-09-22T01:25:22Z</time>
   </trkpt>
   <trkpt lat="22.3657700" lon="114.0576290">
    <ele>12.2</ele>
    <time>2025-09-22T01:25:23Z</time>
   </trkpt>
   <trkpt lat="22.3657670" lon="114.0576210">
    <ele>12.2</ele>
    <time>2025-09-22T01:25:24Z</time>
   </trkpt>
   <trkpt lat="22.3657630" lon="114.0576120">
    <ele>12.2</ele>
    <time>2025-09-22T01:25:25Z</time>
   </trkpt>
   <trkpt lat="22.3657530" lon="114.0576030">
    <ele>12.2</ele>
    <time>2025-09-22T01:25:26Z</time>
   </trkpt>
   <trkpt lat="22.3657390" lon="114.0575930">
    <ele>12.2</ele>
    <time>2025-09-22T01:25:27Z</time>
   </trkpt>
   <trkpt lat="22.3657320" lon="114.0575680">
    <ele>12.2</ele>
    <time>2025-09-22T01:25:28Z</time>
   </trkpt>
   <trkpt lat="22.3657300" lon="114.0575560">
    <ele>12.2</ele>
    <time>2025-09-22T01:25:29Z</time>
   </trkpt>
   <trkpt lat="22.3657280" lon="114.0575440">
    <ele>12.2</ele>
    <time>2025-09-22T01:25:30Z</time>
   </trkpt>
   <trkpt lat="22.3657150" lon="114.0575260">
    <ele>12.2</ele>
    <time>2025-09-22T01:25:31Z</time>
   </trkpt>
   <trkpt lat="22.3657080" lon="114.0575220">
    <ele>12.2</ele>
    <time>2025-09-22T01:25:32Z</time>
   </trkpt>
   <trkpt lat="22.3657000" lon="114.0575180">
    <ele>12.2</ele>
    <time>2025-09-22T01:25:33Z</time>
   </trkpt>
   <trkpt lat="22.3656910" lon="114.0575170">
    <ele>12.2</ele>
    <time>2025-09-22T01:25:34Z</time>
   </trkpt>
   <trkpt lat="22.3656840" lon="114.0575010">
    <ele>12.2</ele>
    <time>2025-09-22T01:25:35Z</time>
   </trkpt>
   <trkpt lat="22.3656800" lon="114.0574860">
    <ele>12.2</ele>
    <time>2025-09-22T01:25:36Z</time>
   </trkpt>
   <trkpt lat="22.3656730" lon="114.0574700">
    <ele>12.2</ele>
    <time>2025-09-22T01:25:37Z</time>
   </trkpt>
   <trkpt lat="22.3656700" lon="114.0574620">
    <ele>12.2</ele>
    <time>2025-09-22T01:25:38Z</time>
   </trkpt>
   <trkpt lat="22.3656720" lon="114.0574540">
    <ele>12.2</ele>
    <time>2025-09-22T01:25:39Z</time>
   </trkpt>
   <trkpt lat="22.3656730" lon="114.0574230">
    <ele>12.2</ele>
    <time>2025-09-22T01:25:40Z</time>
   </trkpt>
   <trkpt lat="22.3656750" lon="114.0574130">
    <ele>12.2</ele>
    <time>2025-09-22T01:25:41Z</time>
   </trkpt>
   <trkpt lat="22.3656700" lon="114.0573970">
    <ele>12.2</ele>
    <time>2025-09-22T01:25:42Z</time>
   </trkpt>
   <trkpt lat="22.3656670" lon="114.0573810">
    <ele>12.2</ele>
    <time>2025-09-22T01:25:43Z</time>
   </trkpt>
   <trkpt lat="22.3656550" lon="114.0573740">
    <ele>12.2</ele>
    <time>2025-09-22T01:25:44Z</time>
   </trkpt>
   <trkpt lat="22.3656520" lon="114.0573620">
    <ele>12.2</ele>
    <time>2025-09-22T01:25:45Z</time>
   </trkpt>
   <trkpt lat="22.3656490" lon="114.0573500">
    <ele>12.2</ele>
    <time>2025-09-22T01:25:46Z</time>
   </trkpt>
   <trkpt lat="22.3656460" lon="114.0573380">
    <ele>12.2</ele>
    <time>2025-09-22T01:25:47Z</time>
   </trkpt>
   <trkpt lat="22.3656340" lon="114.0573350">
    <ele>12.1</ele>
    <time>2025-09-22T01:25:48Z</time>
   </trkpt>
   <trkpt lat="22.3656280" lon="114.0573280">
    <ele>12.1</ele>
    <time>2025-09-22T01:25:49Z</time>
   </trkpt>
   <trkpt lat="22.3656090" lon="114.0573150">
    <ele>12.1</ele>
    <time>2025-09-22T01:25:50Z</time>
   </trkpt>
   <trkpt lat="22.3656020" lon="114.0573090">
    <ele>12.1</ele>
    <time>2025-09-22T01:25:51Z</time>
   </trkpt>
   <trkpt lat="22.3655940" lon="114.0573020">
    <ele>12.1</ele>
    <time>2025-09-22T01:25:52Z</time>
   </trkpt>
   <trkpt lat="22.3655880" lon="114.0572860">
    <ele>12.1</ele>
    <time>2025-09-22T01:25:53Z</time>
   </trkpt>
   <trkpt lat="22.3655850" lon="114.0572740">
    <ele>12.1</ele>
    <time>2025-09-22T01:25:54Z</time>
   </trkpt>
   <trkpt lat="22.3655880" lon="114.0572500">
    <ele>12.1</ele>
    <time>2025-09-22T01:25:55Z</time>
   </trkpt>
   <trkpt lat="22.3655870" lon="114.0572420">
    <ele>12.1</ele>
    <time>2025-09-22T01:25:56Z</time>
   </trkpt>
   <trkpt lat="22.3655870" lon="114.0572340">
    <ele>12.1</ele>
    <time>2025-09-22T01:25:57Z</time>
   </trkpt>
   <trkpt lat="22.3655920" lon="114.0572250">
    <ele>12.1</ele>
    <time>2025-09-22T01:25:58Z</time>
   </trkpt>
   <trkpt lat="22.3655940" lon="114.0572140">
    <ele>12.1</ele>
    <time>2025-09-22T01:25:59Z</time>
   </trkpt>
   <trkpt lat="22.3655900" lon="114.0572100">
    <ele>12.1</ele>
    <time>2025-09-22T01:26:00Z</time>
   </trkpt>
   <trkpt lat="22.3655860" lon="114.0572000">
    <ele>12.1</ele>
    <time>2025-09-22T01:26:01Z</time>
   </trkpt>
   <trkpt lat="22.3655810" lon="114.0571800">
    <ele>12.1</ele>
    <time>2025-09-22T01:26:02Z</time>
   </trkpt>
   <trkpt lat="22.3655770" lon="114.0571720">
    <ele>12.1</ele>
    <time>2025-09-22T01:26:03Z</time>
   </trkpt>
   <trkpt lat="22.3655720" lon="114.0571630">
    <ele>12.1</ele>
    <time>2025-09-22T01:26:04Z</time>
   </trkpt>
   <trkpt lat="22.3655740" lon="114.0571470">
    <ele>12.0</ele>
    <time>2025-09-22T01:26:05Z</time>
   </trkpt>
   <trkpt lat="22.3655810" lon="114.0571340">
    <ele>12.0</ele>
    <time>2025-09-22T01:26:06Z</time>
   </trkpt>
   <trkpt lat="22.3655770" lon="114.0571110">
    <ele>12.0</ele>
    <time>2025-09-22T01:26:07Z</time>
   </trkpt>
   <trkpt lat="22.3655770" lon="114.0571030">
    <ele>12.0</ele>
    <time>2025-09-22T01:26:08Z</time>
   </trkpt>
   <trkpt lat="22.3655760" lon="114.0570950">
    <ele>12.0</ele>
    <time>2025-09-22T01:26:09Z</time>
   </trkpt>
   <trkpt lat="22.3655710" lon="114.0570780">
    <ele>12.0</ele>
    <time>2025-09-22T01:26:10Z</time>
   </trkpt>
   <trkpt lat="22.3655750" lon="114.0570690">
    <ele>12.0</ele>
    <time>2025-09-22T01:26:11Z</time>
   </trkpt>
   <trkpt lat="22.3655720" lon="114.0570610">
    <ele>12.0</ele>
    <time>2025-09-22T01:26:12Z</time>
   </trkpt>
   <trkpt lat="22.3655770" lon="114.0570450">
    <ele>12.0</ele>
    <time>2025-09-22T01:26:13Z</time>
   </trkpt>
   <trkpt lat="22.3655900" lon="114.0570330">
    <ele>12.0</ele>
    <time>2025-09-22T01:26:14Z</time>
   </trkpt>
   <trkpt lat="22.3655960" lon="114.0570230">
    <ele>12.0</ele>
    <time>2025-09-22T01:26:15Z</time>
   </trkpt>
   <trkpt lat="22.3655950" lon="114.0570110">
    <ele>12.0</ele>
    <time>2025-09-22T01:26:16Z</time>
   </trkpt>
   <trkpt lat="22.3655930" lon="114.0569980">
    <ele>12.0</ele>
    <time>2025-09-22T01:26:17Z</time>
   </trkpt>
   <trkpt lat="22.3656000" lon="114.0569940">
    <ele>14.3</ele>
    <time>2025-09-22T01:26:18Z</time>
   </trkpt>
   <trkpt lat="22.3656210" lon="114.0569950">
    <ele>20.3</ele>
    <time>2025-09-22T01:26:19Z</time>
   </trkpt>
   <trkpt lat="22.3656300" lon="114.0569960">
    <ele>22.9</ele>
    <time>2025-09-22T01:26:20Z</time>
   </trkpt>
   <trkpt lat="22.3656280" lon="114.0570000">
    <ele>24.1</ele>
    <time>2025-09-22T01:26:21Z</time>
   </trkpt>
   <trkpt lat="22.3656320" lon="114.0569990">
    <ele>25.3</ele>
    <time>2025-09-22T01:26:22Z</time>
   </trkpt>
   <trkpt lat="22.3656330" lon="114.0569990">
    <ele>25.6</ele>
    <time>2025-09-22T01:26:23Z</time>
   </trkpt>
   <trkpt lat="22.3656420" lon="114.0570040">
    <ele>28.5</ele>
    <time>2025-09-22T01:26:24Z</time>
   </trkpt>
   <trkpt lat="22.3656380" lon="114.0570100">
    <ele>30.0</ele>
    <time>2025-09-22T01:26:25Z</time>
   </trkpt>
   <trkpt lat="22.3656440" lon="114.0570100">
    <ele>29.9</ele>
    <time>2025-09-22T01:26:26Z</time>
   </trkpt>
   <trkpt lat="22.3656610" lon="114.0570160">
    <ele>29.7</ele>
    <time>2025-09-22T01:26:27Z</time>
   </trkpt>
   <trkpt lat="22.3656660" lon="114.0570190">
    <ele>29.6</ele>
    <time>2025-09-22T01:26:28Z</time>
   </trkpt>
   <trkpt lat="22.3656710" lon="114.0570210">
    <ele>29.5</ele>
    <time>2025-09-22T01:26:29Z</time>
   </trkpt>
   <trkpt lat="22.3656760" lon="114.0570240">
    <ele>29.4</ele>
    <time>2025-09-22T01:26:30Z</time>
   </trkpt>
   <trkpt lat="22.3656810" lon="114.0570260">
    <ele>29.3</ele>
    <time>2025-09-22T01:26:31Z</time>
   </trkpt>
   <trkpt lat="22.3656850" lon="114.0570270">
    <ele>29.3</ele>
    <time>2025-09-22T01:26:32Z</time>
   </trkpt>
   <trkpt lat="22.3656960" lon="114.0570240">
    <ele>29.1</ele>
    <time>2025-09-22T01:26:33Z</time>
   </trkpt>
   <trkpt lat="22.3657070" lon="114.0570260">
    <ele>28.9</ele>
    <time>2025-09-22T01:26:34Z</time>
   </trkpt>
   <trkpt lat="22.3657090" lon="114.0570230">
    <ele>28.9</ele>
    <time>2025-09-22T01:26:35Z</time>
   </trkpt>
   <trkpt lat="22.3657200" lon="114.0570260">
    <ele>28.7</ele>
    <time>2025-09-22T01:26:36Z</time>
   </trkpt>
   <trkpt lat="22.3657250" lon="114.0570270">
    <ele>28.6</ele>
    <time>2025-09-22T01:26:37Z</time>
   </trkpt>
   <trkpt lat="22.3657250" lon="114.0570220">
    <ele>28.5</ele>
    <time>2025-09-22T01:26:38Z</time>
   </trkpt>
   <trkpt lat="22.3657310" lon="114.0570230">
    <ele>28.4</ele>
    <time>2025-09-22T01:26:39Z</time>
   </trkpt>
   <trkpt lat="22.3657400" lon="114.0570220">
    <ele>28.3</ele>
    <time>2025-09-22T01:26:40Z</time>
   </trkpt>
   <trkpt lat="22.3657510" lon="114.0570240">
    <ele>28.1</ele>
    <time>2025-09-22T01:26:41Z</time>
   </trkpt>
   <trkpt lat="22.3657570" lon="114.0570210">
    <ele>28.0</ele>
    <time>2025-09-22T01:26:42Z</time>
   </trkpt>
   <trkpt lat="22.3657640" lon="114.0570100">
    <ele>27.8</ele>
    <time>2025-09-22T01:26:43Z</time>
   </trkpt>
   <trkpt lat="22.3657700" lon="114.0570030">
    <ele>27.6</ele>
    <time>2025-09-22T01:26:44Z</time>
   </trkpt>
   <trkpt lat="22.3657680" lon="114.0569980">
    <ele>27.6</ele>
    <time>2025-09-22T01:26:45Z</time>
   </trkpt>
   <trkpt lat="22.3657750" lon="114.0569970">
    <ele>27.4</ele>
    <time>2025-09-22T01:26:46Z</time>
   </trkpt>
   <trkpt lat="22.3657900" lon="114.0569940">
    <ele>27.2</ele>
    <time>2025-09-22T01:26:47Z</time>
   </trkpt>
   <trkpt lat="22.3658010" lon="114.0569930">
    <ele>27.0</ele>
    <time>2025-09-22T01:26:48Z</time>
   </trkpt>
   <trkpt lat="22.3658080" lon="114.0569910">
    <ele>26.9</ele>
    <time>2025-09-22T01:26:49Z</time>
   </trkpt>
   <trkpt lat="22.3658080" lon="114.0569800">
    <ele>26.8</ele>
    <time>2025-09-22T01:26:50Z</time>
   </trkpt>
   <trkpt lat="22.3658080" lon="114.0569610">
    <ele>26.5</ele>
    <time>2025-09-22T01:26:51Z</time>
   </trkpt>
   <trkpt lat="22.3658080" lon="114.0569310">
    <ele>26.2</ele>
    <time>2025-09-22T01:26:52Z</time>
   </trkpt>
   <trkpt lat="22.3658060" lon="114.0569240">
    <ele>26.1</ele>
    <time>2025-09-22T01:26:53Z</time>
   </trkpt>
   <trkpt lat="22.3658050" lon="114.0569170">
    <ele>26.0</ele>
    <time>2025-09-22T01:26:54Z</time>
   </trkpt>
   <trkpt lat="22.3658010" lon="114.0569010">
    <ele>25.9</ele>
    <time>2025-09-22T01:26:55Z</time>
   </trkpt>
   <trkpt lat="22.3658040" lon="114.0568830">
    <ele>25.7</ele>
    <time>2025-09-22T01:26:56Z</time>
   </trkpt>
   <trkpt lat="22.3657980" lon="114.0568810">
    <ele>25.7</ele>
    <time>2025-09-22T01:26:57Z</time>
   </trkpt>
   <trkpt lat="22.3658060" lon="114.0568730">
    <ele>25.6</ele>
    <time>2025-09-22T01:26:58Z</time>
   </trkpt>
   <trkpt lat="22.3658060" lon="114.0568640">
    <ele>25.5</ele>
    <time>2025-09-22T01:26:59Z</time>
   </trkpt>
   <trkpt lat="22.3658060" lon="114.0568560">
    <ele>25.4</ele>
    <time>2025-09-22T01:27:00Z</time>
   </trkpt>
   <trkpt lat="22.3658060" lon="114.0568490">
    <ele>25.4</ele>
    <time>2025-09-22T01:27:01Z</time>
   </trkpt>
   <trkpt lat="22.3657990" lon="114.0568410">
    <ele>25.3</ele>
    <time>2025-09-22T01:27:02Z</time>
   </trkpt>
   <trkpt lat="22.3657970" lon="114.0568300">
    <ele>25.2</ele>
    <time>2025-09-22T01:27:03Z</time>
   </trkpt>
   <trkpt lat="22.3657940" lon="114.0568190">
    <ele>25.2</ele>
    <time>2025-09-22T01:27:04Z</time>
   </trkpt>
   <trkpt lat="22.3657920" lon="114.0568080">
    <ele>25.1</ele>
    <time>2025-09-22T01:27:05Z</time>
   </trkpt>
   <trkpt lat="22.3657890" lon="114.0567830">
    <ele>25.0</ele>
    <time>2025-09-22T01:27:06Z</time>
   </trkpt>
   <trkpt lat="22.3657840" lon="114.0567700">
    <ele>24.9</ele>
    <time>2025-09-22T01:27:07Z</time>
   </trkpt>
   <trkpt lat="22.3657800" lon="114.0567580">
    <ele>24.8</ele>
    <time>2025-09-22T01:27:08Z</time>
   </trkpt>
   <trkpt lat="22.3657850" lon="114.0567540">
    <ele>24.8</ele>
    <time>2025-09-22T01:27:09Z</time>
   </trkpt>
   <trkpt lat="22.3657890" lon="114.0567460">
    <ele>24.8</ele>
    <time>2025-09-22T01:27:10Z</time>
   </trkpt>
   <trkpt lat="22.3657930" lon="114.0567380">
    <ele>24.7</ele>
    <time>2025-09-22T01:27:11Z</time>
   </trkpt>
   <trkpt lat="22.3657970" lon="114.0567280">
    <ele>24.7</ele>
    <time>2025-09-22T01:27:12Z</time>
   </trkpt>
   <trkpt lat="22.3658050" lon="114.0567240">
    <ele>24.6</ele>
    <time>2025-09-22T01:27:13Z</time>
   </trkpt>
   <trkpt lat="22.3658230" lon="114.0567110">
    <ele>24.5</ele>
    <time>2025-09-22T01:27:14Z</time>
   </trkpt>
   <trkpt lat="22.3658310" lon="114.0566900">
    <ele>24.4</ele>
    <time>2025-09-22T01:27:15Z</time>
   </trkpt>
   <trkpt lat="22.3658310" lon="114.0566800">
    <ele>24.3</ele>
    <time>2025-09-22T01:27:16Z</time>
   </trkpt>
   <trkpt lat="22.3658340" lon="114.0566760">
    <ele>24.3</ele>
    <time>2025-09-22T01:27:17Z</time>
   </trkpt>
   <trkpt lat="22.3658470" lon="114.0566490">
    <ele>24.1</ele>
    <time>2025-09-22T01:27:18Z</time>
   </trkpt>
   <trkpt lat="22.3658560" lon="114.0566340">
    <ele>24.1</ele>
    <time>2025-09-22T01:27:19Z</time>
   </trkpt>
   <trkpt lat="22.3658650" lon="114.0566250">
    <ele>24.0</ele>
    <time>2025-09-22T01:27:20Z</time>
   </trkpt>
   <trkpt lat="22.3658720" lon="114.0566200">
    <ele>25.6</ele>
    <time>2025-09-22T01:27:21Z</time>
   </trkpt>
   <trkpt lat="22.3658770" lon="114.0566170">
    <ele>26.6</ele>
    <time>2025-09-22T01:27:22Z</time>
   </trkpt>
   <trkpt lat="22.3658860" lon="114.0566100">
    <ele>28.7</ele>
    <time>2025-09-22T01:27:23Z</time>
   </trkpt>
   <trkpt lat="22.3658900" lon="114.0566060">
    <ele>29.7</ele>
    <time>2025-09-22T01:27:24Z</time>
   </trkpt>
   <trkpt lat="22.3658920" lon="114.0566050">
    <ele>30.1</ele>
    <time>2025-09-22T01:27:25Z</time>
   </trkpt>
   <trkpt lat="22.3658950" lon="114.0566040">
    <ele>30.7</ele>
    <time>2025-09-22T01:27:26Z</time>
   </trkpt>
   <trkpt lat="22.3658990" lon="114.0566060">
    <ele>31.5</ele>
    <time>2025-09-22T01:27:27Z</time>
   </trkpt>
   <trkpt lat="22.3659020" lon="114.0566060">
    <ele>32.1</ele>
    <time>2025-09-22T01:27:28Z</time>
   </trkpt>
   <trkpt lat="22.3659050" lon="114.0566070">
    <ele>32.7</ele>
    <time>2025-09-22T01:27:29Z</time>
   </trkpt>
   <trkpt lat="22.3659120" lon="114.0566070">
    <ele>34.0</ele>
    <time>2025-09-22T01:27:30Z</time>
   </trkpt>
   <trkpt lat="22.3659190" lon="114.0566060">
    <ele>35.3</ele>
    <time>2025-09-22T01:27:31Z</time>
   </trkpt>
   <trkpt lat="22.3659370" lon="114.0565890">
    <ele>39.8</ele>
    <time>2025-09-22T01:27:32Z</time>
   </trkpt>
   <trkpt lat="22.3659490" lon="114.0565830">
    <ele>42.2</ele>
    <time>2025-09-22T01:27:33Z</time>
   </trkpt>
   <trkpt lat="22.3659610" lon="114.0565770">
    <ele>44.7</ele>
    <time>2025-09-22T01:27:34Z</time>
   </trkpt>
   <trkpt lat="22.3660080" lon="114.0565490">
    <ele>54.8</ele>
    <time>2025-09-22T01:27:35Z</time>
   </trkpt>
   <trkpt lat="22.3660420" lon="114.0565260">
    <ele>62.4</ele>
    <time>2025-09-22T01:27:36Z</time>
   </trkpt>
   <trkpt lat="22.3660490" lon="114.0565070">
    <ele>66.0</ele>
    <time>2025-09-22T01:27:37Z</time>
   </trkpt>
   <trkpt lat="22.3660640" lon="114.0564910">
    <ele>70.0</ele>
    <time>2025-09-22T01:27:38Z</time>
   </trkpt>
   <trkpt lat="22.3660660" lon="114.0564790">
    <ele>71.1</ele>
    <time>2025-09-22T01:27:39Z</time>
   </trkpt>
   <trkpt lat="22.3660690" lon="114.0564850">
    <ele>71.2</ele>
    <time>2025-09-22T01:27:40Z</time>
   </trkpt>
   <trkpt lat="22.3660760" lon="114.0564880">
    <ele>71.4</ele>
    <time>2025-09-22T01:27:41Z</time>
   </trkpt>
   <trkpt lat="22.3660820" lon="114.0564900">
    <ele>71.5</ele>
    <time>2025-09-22T01:27:42Z</time>
   </trkpt>
   <trkpt lat="22.3660890" lon="114.0564930">
    <ele>71.7</ele>
    <time>2025-09-22T01:27:43Z</time>
   </trkpt>
   <trkpt lat="22.3660950" lon="114.0564950">
    <ele>71.8</ele>
    <time>2025-09-22T01:27:44Z</time>
   </trkpt>
   <trkpt lat="22.3661020" lon="114.0564980">
    <ele>71.9</ele>
    <time>2025-09-22T01:27:45Z</time>
   </trkpt>
   <trkpt lat="22.3661080" lon="114.0565000">
    <ele>72.1</ele>
    <time>2025-09-22T01:27:46Z</time>
   </trkpt>
   <trkpt lat="22.3661210" lon="114.0565370">
    <ele>72.8</ele>
    <time>2025-09-22T01:27:47Z</time>
   </trkpt>
   <trkpt lat="22.3661340" lon="114.0565600">
    <ele>73.4</ele>
    <time>2025-09-22T01:27:48Z</time>
   </trkpt>
   <trkpt lat="22.3661470" lon="114.0565820">
    <ele>73.9</ele>
    <time>2025-09-22T01:27:49Z</time>
   </trkpt>
   <trkpt lat="22.3661610" lon="114.0566050">
    <ele>74.4</ele>
    <time>2025-09-22T01:27:50Z</time>
   </trkpt>
   <trkpt lat="22.3661740" lon="114.0566270">
    <ele>74.9</ele>
    <time>2025-09-22T01:27:51Z</time>
   </trkpt>
   <trkpt lat="22.3661870" lon="114.0566500">
    <ele>74.4</ele>
    <time>2025-09-22T01:27:52Z</time>
   </trkpt>
   <trkpt lat="22.3662000" lon="114.0566720">
    <ele>73.9</ele>
    <time>2025-09-22T01:27:53Z</time>
   </trkpt>
   <trkpt lat="22.3662160" lon="114.0566980">
    <ele>73.2</ele>
    <time>2025-09-22T01:27:54Z</time>
   </trkpt>
   <trkpt lat="22.3662280" lon="114.0567190">
    <ele>72.7</ele>
    <time>2025-09-22T01:27:55Z</time>
   </trkpt>
   <trkpt lat="22.3662280" lon="114.0567190">
    <ele>72.7</ele>
    <time>2025-09-22T01:27:56Z</time>
   </trkpt>
  </trkseg>
 </trk>
</gpx>
